district_id,district_name,crop_id,crop_name,agricultural_year,season,area_sown_ha,area_harvested_ha,production_tonnes,yield_tonnes_per_ha,data_status,source_basis,season_id,yield_calculation_status
DST01,Angul,CRP001,Groundnut,2015-16,Annual,7852.68,7663.86,13515.79,1.7635747521483953,synthetic_prototype,2024_25_project_crop_structure,SEA03,CALCULATED_FROM_PRODUCTION_AND_HARVESTED_AREA
DST01,Angul,CRP001,Groundnut,2016-17,Annual,8106.05,7918.74,14570.45,1.8399960094661525,synthetic_prototype,2024_25_project_crop_structure,SEA03,CALCULATED_FROM_PRODUCTION_AND_HARVESTED_AREA
DST01,Angul,CRP001,Groundnut,2017-18,Annual,7142.13,6843.09,12163.77,1.7775259422278533,synthetic_prototype,2024_25_project_crop_structure,SEA03,CALCULATED_FROM_PRODUCTION_AND_HARVESTED_AREA
DST01,Angul,CRP001,Groundnut,2018-19,Annual,7818.02,7571.65,13222.46,1.7463115701333263,synthetic_prototype,2024_25_project_crop_structure,SEA03,CALCULATED_FROM_PRODUCTION_AND_HARVESTED_AREA
DST01,Angul,CRP001,Groundnut,2019-20,Annual,7070.2,6883.4,11340.57,1.6475244791817998,synthetic_prototype,2024_25_project_crop_structure,SEA03,CALCULATED_FROM_PRODUCTION_AND_HARVESTED_AREA
DST01,Angul,CRP001,Groundnut,2020-21,Annual,7580.69,7305.67,12608.91,1.7259074116405477,synthetic_prototype,2024_25_project_crop_structure,SEA03,CALCULATED_FROM_PRODUCTION_AND_HARVESTED_AREA
DST01,Angul,CRP001,Groundnut,2021-22,Annual,7391.07,7187.14,12551.54,1.7463886886856246,synthetic_prototype,2024_25_project_crop_structure,SEA03,CALCULATED_FROM_PRODUCTION_AND_HARVESTED_AREA
DST01,Angul,CRP001,Groundnut,2022-23,Annual,8027.55,7767.77,13622.54,1.753725972833902,synthetic_prototype,2024_25_project_crop_structure,SEA03,CALCULATED_FROM_PRODUCTION_AND_HARVESTED_AREA
DST01,Angul,CRP001,Groundnut,2023-24,Annual,8073.83,7748.76,13789.96,1.7796344189263829,synthetic_prototype,2024_25_project_crop_structure,SEA03,CALCULATED_FROM_PRODUCTION_AND_HARVESTED_AREA
DST01,Angul,CRP001,Groundnut,2024-25,Annual,7951.41,7752.7,14341.5,1.8498716576160563,synthetic_prototype,2024_25_project_crop_structure,SEA03,CALCULATED_FROM_PRODUCTION_AND_HARVESTED_AREA
DST01,Angul,CRP004,Maize,2015-16,Annual,11337.49,10992.66,26555.87,2.4157819854339166,synthetic_prototype,2024_25_project_crop_structure,SEA03,CALCULATED_FROM_PRODUCTION_AND_HARVESTED_AREA
DST01,Angul,CRP004,Maize,2016-17,Annual,10836.09,10412.75,24068.03,2.3113999663873614,synthetic_prototype,2024_25_project_crop_structure,SEA03,CALCULATED_FROM_PRODUCTION_AND_HARVESTED_AREA
DST01,Angul,CRP004,Maize,2017-18,Annual,10472.62,10137.0,22655.76,2.234957087895827,synthetic_prototype,2024_25_project_crop_structure,SEA03,CALCULATED_FROM_PRODUCTION_AND_HARVESTED_AREA
DST01,Angul,CRP004,Maize,2018-19,Annual,9967.12,9649.62,20736.24,2.1489177812183278,synthetic_prototype,2024_25_project_crop_structure,SEA03,CALCULATED_FROM_PRODUCTION_AND_HARVESTED_AREA
DST01,Angul,CRP004,Maize,2019-20,Annual,9767.47,9487.36,21504.41,2.2666379266729626,synthetic_prototype,2024_25_project_crop_structure,SEA03,CALCULATED_FROM_PRODUCTION_AND_HARVESTED_AREA
DST01,Angul,CRP004,Maize,2020-21,Annual,10283.27,10067.34,23264.73,2.3109113231499085,synthetic_prototype,2024_25_project_crop_structure,SEA03,CALCULATED_FROM_PRODUCTION_AND_HARVESTED_AREA
DST01,Angul,CRP004,Maize,2021-22,Annual,10947.46,10616.07,26164.58,2.464620146626765,synthetic_prototype,2024_25_project_crop_structure,SEA03,CALCULATED_FROM_PRODUCTION_AND_HARVESTED_AREA
DST01,Angul,CRP004,Maize,2022-23,Annual,11238.1,10978.61,25933.13,2.3621505819042667,synthetic_prototype,2024_25_project_crop_structure,SEA03,CALCULATED_FROM_PRODUCTION_AND_HARVESTED_AREA
DST01,Angul,CRP004,Maize,2023-24,Annual,11243.38,10839.82,27168.42,2.506353426532913,synthetic_prototype,2024_25_project_crop_structure,SEA03,CALCULATED_FROM_PRODUCTION_AND_HARVESTED_AREA
DST01,Angul,CRP004,Maize,2024-25,Annual,10680.36,10435.42,23601.6,2.2616818489337276,synthetic_prototype,2024_25_project_crop_structure,SEA03,CALCULATED_FROM_PRODUCTION_AND_HARVESTED_AREA
DST01,Angul,CRP005,Moong(Green Gram),2015-16,Annual,5670.06,5551.07,6216.63,1.1198976053265408,synthetic_prototype,2024_25_project_crop_structure,SEA03,CALCULATED_FROM_PRODUCTION_AND_HARVESTED_AREA
DST01,Angul,CRP005,Moong(Green Gram),2016-17,Annual,5727.9,5602.5,6623.44,1.1822293618920123,synthetic_prototype,2024_25_project_crop_structure,SEA03,CALCULATED_FROM_PRODUCTION_AND_HARVESTED_AREA
DST01,Angul,CRP005,Moong(Green Gram),2017-18,Annual,5905.81,5734.9,6632.12,1.1564491098362657,synthetic_prototype,2024_25_project_crop_structure,SEA03,CALCULATED_FROM_PRODUCTION_AND_HARVESTED_AREA
DST01,Angul,CRP005,Moong(Green Gram),2018-19,Annual,5511.28,5271.86,5999.94,1.1381068541273858,synthetic_prototype,2024_25_project_crop_structure,SEA03,CALCULATED_FROM_PRODUCTION_AND_HARVESTED_AREA
DST01,Angul,CRP005,Moong(Green Gram),2019-20,Annual,5357.93,5210.5,5152.77,0.9889204490931773,synthetic_prototype,2024_25_project_crop_structure,SEA03,CALCULATED_FROM_PRODUCTION_AND_HARVESTED_AREA
DST01,Angul,CRP005,Moong(Green Gram),2020-21,Annual,5587.55,5419.57,5683.68,1.0487326485311566,synthetic_prototype,2024_25_project_crop_structure,SEA03,CALCULATED_FROM_PRODUCTION_AND_HARVESTED_AREA
DST01,Angul,CRP005,Moong(Green Gram),2021-22,Annual,5627.93,5467.92,5401.35,0.9878253522363166,synthetic_prototype,2024_25_project_crop_structure,SEA03,CALCULATED_FROM_PRODUCTION_AND_HARVESTED_AREA
DST01,Angul,CRP005,Moong(Green Gram),2022-23,Annual,5527.71,5370.23,5243.81,0.9764591088277412,synthetic_prototype,2024_25_project_crop_structure,SEA03,CALCULATED_FROM_PRODUCTION_AND_HARVESTED_AREA
DST01,Angul,CRP005,Moong(Green Gram),2023-24,Annual,5706.04,5556.2,6186.94,1.1135200316763254,synthetic_prototype,2024_25_project_crop_structure,SEA03,CALCULATED_FROM_PRODUCTION_AND_HARVESTED_AREA
DST01,Angul,CRP005,Moong(Green Gram),2024-25,Annual,5553.75,5390.75,6033.35,1.1192041923665539,synthetic_prototype,2024_25_project_crop_structure,SEA03,CALCULATED_FROM_PRODUCTION_AND_HARVESTED_AREA
DST01,Angul,CRP007,Ragi,2015-16,Annual,1082.4,1060.07,1708.48,1.6116671540558642,synthetic_prototype,2024_25_project_crop_structure,SEA03,CALCULATED_FROM_PRODUCTION_AND_HARVESTED_AREA
DST01,Angul,CRP007,Ragi,2016-17,Annual,998.07,971.83,1566.51,1.6119177222353702,synthetic_prototype,2024_25_project_crop_structure,SEA03,CALCULATED_FROM_PRODUCTION_AND_HARVESTED_AREA
DST01,Angul,CRP007,Ragi,2017-18,Annual,1054.87,1016.43,1584.24,1.5586316814733923,synthetic_prototype,2024_25_project_crop_structure,SEA03,CALCULATED_FROM_PRODUCTION_AND_HARVESTED_AREA
DST01,Angul,CRP007,Ragi,2018-19,Annual,1023.63,980.29,1546.79,1.577890216160524,synthetic_prototype,2024_25_project_crop_structure,SEA03,CALCULATED_FROM_PRODUCTION_AND_HARVESTED_AREA
DST01,Angul,CRP007,Ragi,2019-20,Annual,944.33,910.46,1437.37,1.5787294334731892,synthetic_prototype,2024_25_project_crop_structure,SEA03,CALCULATED_FROM_PRODUCTION_AND_HARVESTED_AREA
DST01,Angul,CRP007,Ragi,2020-21,Annual,1001.93,967.58,1519.13,1.5700303850844375,synthetic_prototype,2024_25_project_crop_structure,SEA03,CALCULATED_FROM_PRODUCTION_AND_HARVESTED_AREA
DST01,Angul,CRP007,Ragi,2021-22,Annual,1015.22,981.27,1679.95,1.7120160608191426,synthetic_prototype,2024_25_project_crop_structure,SEA03,CALCULATED_FROM_PRODUCTION_AND_HARVESTED_AREA
DST01,Angul,CRP007,Ragi,2022-23,Annual,1080.7,1036.71,1743.34,1.6816081642889524,synthetic_prototype,2024_25_project_crop_structure,SEA03,CALCULATED_FROM_PRODUCTION_AND_HARVESTED_AREA
DST01,Angul,CRP007,Ragi,2023-24,Annual,996.71,958.92,1633.95,1.7039481917156802,synthetic_prototype,2024_25_project_crop_structure,SEA03,CALCULATED_FROM_PRODUCTION_AND_HARVESTED_AREA
DST01,Angul,CRP007,Ragi,2024-25,Annual,1023.57,990.82,1604.35,1.619214388082598,synthetic_prototype,2024_25_project_crop_structure,SEA03,CALCULATED_FROM_PRODUCTION_AND_HARVESTED_AREA
DST01,Angul,CRP009,Rice,2015-16,Annual,78868.97,75580.42,268732.17,3.5555792095360146,synthetic_prototype,2024_25_project_crop_structure,SEA03,CALCULATED_FROM_PRODUCTION_AND_HARVESTED_AREA
DST01,Angul,CRP009,Rice,2016-17,Annual,76876.02,73531.91,256027.48,3.481855428479962,synthetic_prototype,2024_25_project_crop_structure,SEA03,CALCULATED_FROM_PRODUCTION_AND_HARVESTED_AREA
DST01,Angul,CRP009,Rice,2017-18,Annual,78874.64,76992.35,261910.99,3.4017793975635238,synthetic_prototype,2024_25_project_crop_structure,SEA03,CALCULATED_FROM_PRODUCTION_AND_HARVESTED_AREA
DST01,Angul,CRP009,Rice,2018-19,Annual,73724.22,71124.71,239212.16,3.363277825667057,synthetic_prototype,2024_25_project_crop_structure,SEA03,CALCULATED_FROM_PRODUCTION_AND_HARVESTED_AREA
DST01,Angul,CRP009,Rice,2019-20,Annual,79721.45,77636.49,292313.39,3.7651546328279393,synthetic_prototype,2024_25_project_crop_structure,SEA03,CALCULATED_FROM_PRODUCTION_AND_HARVESTED_AREA
DST01,Angul,CRP009,Rice,2020-21,Annual,75172.18,72579.03,301054.48,4.147954030248131,synthetic_prototype,2024_25_project_crop_structure,SEA03,CALCULATED_FROM_PRODUCTION_AND_HARVESTED_AREA
DST01,Angul,CRP009,Rice,2021-22,Annual,82473.31,79538.65,303683.77,3.8180654310828768,synthetic_prototype,2024_25_project_crop_structure,SEA03,CALCULATED_FROM_PRODUCTION_AND_HARVESTED_AREA
DST01,Angul,CRP009,Rice,2022-23,Annual,82310.9,80041.67,312194.46,3.900399129603368,synthetic_prototype,2024_25_project_crop_structure,SEA03,CALCULATED_FROM_PRODUCTION_AND_HARVESTED_AREA
DST01,Angul,CRP009,Rice,2023-24,Annual,82037.59,78447.84,285342.21,3.637349479603263,synthetic_prototype,2024_25_project_crop_structure,SEA03,CALCULATED_FROM_PRODUCTION_AND_HARVESTED_AREA
DST01,Angul,CRP009,Rice,2024-25,Annual,80095.3,77945.11,274292.18,3.519042823853863,synthetic_prototype,2024_25_project_crop_structure,SEA03,CALCULATED_FROM_PRODUCTION_AND_HARVESTED_AREA
DST01,Angul,CRP010,Sesamum,2015-16,Annual,397.2,382.53,175.9,0.45983321569550106,synthetic_prototype,2024_25_project_crop_structure,SEA03,CALCULATED_FROM_PRODUCTION_AND_HARVESTED_AREA
DST01,Angul,CRP010,Sesamum,2016-17,Annual,401.42,387.66,168.39,0.4343754836712583,synthetic_prototype,2024_25_project_crop_structure,SEA03,CALCULATED_FROM_PRODUCTION_AND_HARVESTED_AREA
DST01,Angul,CRP010,Sesamum,2017-18,Annual,420.26,403.07,180.52,0.44786265412955567,synthetic_prototype,2024_25_project_crop_structure,SEA03,CALCULATED_FROM_PRODUCTION_AND_HARVESTED_AREA
DST01,Angul,CRP010,Sesamum,2018-19,Annual,385.26,372.96,186.93,0.5012065637065638,synthetic_prototype,2024_25_project_crop_structure,SEA03,CALCULATED_FROM_PRODUCTION_AND_HARVESTED_AREA
DST01,Angul,CRP010,Sesamum,2019-20,Annual,377.47,363.35,174.55,0.48039080776111187,synthetic_prototype,2024_25_project_crop_structure,SEA03,CALCULATED_FROM_PRODUCTION_AND_HARVESTED_AREA
DST01,Angul,CRP010,Sesamum,2020-21,Annual,397.85,389.77,197.85,0.5076070503117223,synthetic_prototype,2024_25_project_crop_structure,SEA03,CALCULATED_FROM_PRODUCTION_AND_HARVESTED_AREA
DST01,Angul,CRP010,Sesamum,2021-22,Annual,399.28,381.93,200.14,0.5240227266776634,synthetic_prototype,2024_25_project_crop_structure,SEA03,CALCULATED_FROM_PRODUCTION_AND_HARVESTED_AREA
DST01,Angul,CRP010,Sesamum,2022-23,Annual,414.86,401.68,200.55,0.4992780322644892,synthetic_prototype,2024_25_project_crop_structure,SEA03,CALCULATED_FROM_PRODUCTION_AND_HARVESTED_AREA
DST01,Angul,CRP010,Sesamum,2023-24,Annual,440.42,428.25,210.93,0.49253940455341505,synthetic_prototype,2024_25_project_crop_structure,SEA03,CALCULATED_FROM_PRODUCTION_AND_HARVESTED_AREA
DST01,Angul,CRP010,Sesamum,2024-25,Annual,406.96,391.2,166.17,0.4247699386503067,synthetic_prototype,2024_25_project_crop_structure,SEA03,CALCULATED_FROM_PRODUCTION_AND_HARVESTED_AREA
DST01,Angul,CRP012,Urad,2015-16,Annual,2680.03,2578.44,2005.06,0.7776252307596841,synthetic_prototype,2024_25_project_crop_structure,SEA03,CALCULATED_FROM_PRODUCTION_AND_HARVESTED_AREA
DST01,Angul,CRP012,Urad,2016-17,Annual,2768.71,2685.19,2110.96,0.786149211042794,synthetic_prototype,2024_25_project_crop_structure,SEA03,CALCULATED_FROM_PRODUCTION_AND_HARVESTED_AREA
DST01,Angul,CRP012,Urad,2017-18,Annual,2820.12,2699.41,2217.65,0.8215313716701058,synthetic_prototype,2024_25_project_crop_structure,SEA03,CALCULATED_FROM_PRODUCTION_AND_HARVESTED_AREA
DST01,Angul,CRP012,Urad,2018-19,Annual,2701.93,2625.91,2391.09,0.9105757623071622,synthetic_prototype,2024_25_project_crop_structure,SEA03,CALCULATED_FROM_PRODUCTION_AND_HARVESTED_AREA
DST01,Angul,CRP012,Urad,2019-20,Annual,2550.92,2492.82,2147.73,0.8615664187546633,synthetic_prototype,2024_25_project_crop_structure,SEA03,CALCULATED_FROM_PRODUCTION_AND_HARVESTED_AREA
DST01,Angul,CRP012,Urad,2020-21,Annual,2668.16,2603.46,2210.13,0.848920283007997,synthetic_prototype,2024_25_project_crop_structure,SEA03,CALCULATED_FROM_PRODUCTION_AND_HARVESTED_AREA
DST01,Angul,CRP012,Urad,2021-22,Annual,2647.43,2547.05,2120.1,0.8323747079955242,synthetic_prototype,2024_25_project_crop_structure,SEA03,CALCULATED_FROM_PRODUCTION_AND_HARVESTED_AREA
DST01,Angul,CRP012,Urad,2022-23,Annual,2739.48,2672.06,2066.85,0.7735043374774518,synthetic_prototype,2024_25_project_crop_structure,SEA03,CALCULATED_FROM_PRODUCTION_AND_HARVESTED_AREA
DST01,Angul,CRP012,Urad,2023-24,Annual,2727.89,2605.44,1997.47,0.7666536170474085,synthetic_prototype,2024_25_project_crop_structure,SEA03,CALCULATED_FROM_PRODUCTION_AND_HARVESTED_AREA
DST01,Angul,CRP012,Urad,2024-25,Annual,2764.03,2700.89,2130.12,0.7886733632247148,synthetic_prototype,2024_25_project_crop_structure,SEA03,CALCULATED_FROM_PRODUCTION_AND_HARVESTED_AREA
DST01,Angul,CRP002,Horse Gram,2015-16,Annual,2124.01,2029.68,1281.43,0.6313458279137598,synthetic_prototype,2024_25_project_crop_structure,SEA03,CALCULATED_FROM_PRODUCTION_AND_HARVESTED_AREA
DST01,Angul,CRP002,Horse Gram,2016-17,Annual,2034.88,1955.29,1222.99,0.6254775506446614,synthetic_prototype,2024_25_project_crop_structure,SEA03,CALCULATED_FROM_PRODUCTION_AND_HARVESTED_AREA
DST01,Angul,CRP002,Horse Gram,2017-18,Annual,2084.35,2015.58,1209.01,0.5998323063336608,synthetic_prototype,2024_25_project_crop_structure,SEA03,CALCULATED_FROM_PRODUCTION_AND_HARVESTED_AREA
DST01,Angul,CRP002,Horse Gram,2018-19,Annual,1983.81,1894.82,1112.65,0.5872061726179796,synthetic_prototype,2024_25_project_crop_structure,SEA03,CALCULATED_FROM_PRODUCTION_AND_HARVESTED_AREA
DST01,Angul,CRP002,Horse Gram,2019-20,Annual,1928.32,1877.21,1082.47,0.5766376697332743,synthetic_prototype,2024_25_project_crop_structure,SEA03,CALCULATED_FROM_PRODUCTION_AND_HARVESTED_AREA
DST01,Angul,CRP002,Horse Gram,2020-21,Annual,1818.72,1780.76,1015.43,0.5702228262090343,synthetic_prototype,2024_25_project_crop_structure,SEA03,CALCULATED_FROM_PRODUCTION_AND_HARVESTED_AREA
DST01,Angul,CRP002,Horse Gram,2021-22,Annual,2158.12,2076.44,1234.37,0.594464564350523,synthetic_prototype,2024_25_project_crop_structure,SEA03,CALCULATED_FROM_PRODUCTION_AND_HARVESTED_AREA
DST01,Angul,CRP002,Horse Gram,2022-23,Annual,2052.54,2002.62,1271.86,0.6350980215917148,synthetic_prototype,2024_25_project_crop_structure,SEA03,CALCULATED_FROM_PRODUCTION_AND_HARVESTED_AREA
DST01,Angul,CRP002,Horse Gram,2023-24,Annual,2136.62,2092.31,1342.2,0.6414919395309491,synthetic_prototype,2024_25_project_crop_structure,SEA03,CALCULATED_FROM_PRODUCTION_AND_HARVESTED_AREA
DST01,Angul,CRP002,Horse Gram,2024-25,Annual,2077.71,2025.36,1264.08,0.6241260812892523,synthetic_prototype,2024_25_project_crop_structure,SEA03,CALCULATED_FROM_PRODUCTION_AND_HARVESTED_AREA
DST01,Angul,CRP006,Potato,2015-16,Annual,5981.22,5798.48,93544.67,16.13261923814517,synthetic_prototype,2024_25_project_crop_structure,SEA03,CALCULATED_FROM_PRODUCTION_AND_HARVESTED_AREA
DST01,Angul,CRP006,Potato,2016-17,Annual,6153.44,5905.0,91433.17,15.484025402201524,synthetic_prototype,2024_25_project_crop_structure,SEA03,CALCULATED_FROM_PRODUCTION_AND_HARVESTED_AREA
DST01,Angul,CRP006,Potato,2017-18,Annual,5977.02,5751.27,86462.24,15.033590841674968,synthetic_prototype,2024_25_project_crop_structure,SEA03,CALCULATED_FROM_PRODUCTION_AND_HARVESTED_AREA
DST01,Angul,CRP006,Potato,2018-19,Annual,5636.5,5451.95,80069.79,14.68644980236429,synthetic_prototype,2024_25_project_crop_structure,SEA03,CALCULATED_FROM_PRODUCTION_AND_HARVESTED_AREA
DST01,Angul,CRP006,Potato,2019-20,Annual,5467.77,5230.55,80564.65,15.402710995975564,synthetic_prototype,2024_25_project_crop_structure,SEA03,CALCULATED_FROM_PRODUCTION_AND_HARVESTED_AREA
DST01,Angul,CRP006,Potato,2020-21,Annual,5669.12,5459.24,86495.19,15.843815256336049,synthetic_prototype,2024_25_project_crop_structure,SEA03,CALCULATED_FROM_PRODUCTION_AND_HARVESTED_AREA
DST01,Angul,CRP006,Potato,2021-22,Annual,5888.19,5657.0,91484.41,16.171894997348417,synthetic_prototype,2024_25_project_crop_structure,SEA03,CALCULATED_FROM_PRODUCTION_AND_HARVESTED_AREA
DST01,Angul,CRP006,Potato,2022-23,Annual,6228.35,6077.89,108631.91,17.87329319879103,synthetic_prototype,2024_25_project_crop_structure,SEA03,CALCULATED_FROM_PRODUCTION_AND_HARVESTED_AREA
DST01,Angul,CRP006,Potato,2023-24,Annual,6057.79,5814.11,94079.43,16.18122636138635,synthetic_prototype,2024_25_project_crop_structure,SEA03,CALCULATED_FROM_PRODUCTION_AND_HARVESTED_AREA
DST01,Angul,CRP006,Potato,2024-25,Annual,5705.39,5555.64,87291.78,15.712281573320084,synthetic_prototype,2024_25_project_crop_structure,SEA03,CALCULATED_FROM_PRODUCTION_AND_HARVESTED_AREA
DST01,Angul,CRP008,Rapeseed &Mustard,2015-16,Annual,1978.84,1904.44,2507.55,1.3166862699796267,synthetic_prototype,2024_25_project_crop_structure,SEA03,CALCULATED_FROM_PRODUCTION_AND_HARVESTED_AREA
DST01,Angul,CRP008,Rapeseed &Mustard,2016-17,Annual,1990.36,1903.03,2120.22,1.1141285213580447,synthetic_prototype,2024_25_project_crop_structure,SEA03,CALCULATED_FROM_PRODUCTION_AND_HARVESTED_AREA
DST01,Angul,CRP008,Rapeseed &Mustard,2017-18,Annual,1905.05,1833.7,2129.17,1.1611332278998745,synthetic_prototype,2024_25_project_crop_structure,SEA03,CALCULATED_FROM_PRODUCTION_AND_HARVESTED_AREA
DST01,Angul,CRP008,Rapeseed &Mustard,2018-19,Annual,1666.23,1630.77,1927.89,1.1821961404735186,synthetic_prototype,2024_25_project_crop_structure,SEA03,CALCULATED_FROM_PRODUCTION_AND_HARVESTED_AREA
DST01,Angul,CRP008,Rapeseed &Mustard,2019-20,Annual,1669.67,1615.49,2065.73,1.2787018180242526,synthetic_prototype,2024_25_project_crop_structure,SEA03,CALCULATED_FROM_PRODUCTION_AND_HARVESTED_AREA
DST01,Angul,CRP008,Rapeseed &Mustard,2020-21,Annual,1788.8,1719.64,2312.97,1.3450315182247445,synthetic_prototype,2024_25_project_crop_structure,SEA03,CALCULATED_FROM_PRODUCTION_AND_HARVESTED_AREA
DST01,Angul,CRP008,Rapeseed &Mustard,2021-22,Annual,1928.16,1853.95,2498.94,1.3479004288141536,synthetic_prototype,2024_25_project_crop_structure,SEA03,CALCULATED_FROM_PRODUCTION_AND_HARVESTED_AREA
DST01,Angul,CRP008,Rapeseed &Mustard,2022-23,Annual,1879.24,1828.38,2546.59,1.3928122162788916,synthetic_prototype,2024_25_project_crop_structure,SEA03,CALCULATED_FROM_PRODUCTION_AND_HARVESTED_AREA
DST01,Angul,CRP008,Rapeseed &Mustard,2023-24,Annual,1895.68,1833.84,2297.23,1.2526883479474764,synthetic_prototype,2024_25_project_crop_structure,SEA03,CALCULATED_FROM_PRODUCTION_AND_HARVESTED_AREA
DST01,Angul,CRP008,Rapeseed &Mustard,2024-25,Annual,1844.95,1796.08,2088.61,1.1628713643044855,synthetic_prototype,2024_25_project_crop_structure,SEA03,CALCULATED_FROM_PRODUCTION_AND_HARVESTED_AREA
DST01,Angul,CRP011,Sugarcane,2015-16,Annual,7459.14,7199.01,422382.98,58.672370228684215,synthetic_prototype,2024_25_project_crop_structure,SEA03,CALCULATED_FROM_PRODUCTION_AND_HARVESTED_AREA
DST01,Angul,CRP011,Sugarcane,2016-17,Annual,7419.59,7238.73,438850.73,60.6253762745675,synthetic_prototype,2024_25_project_crop_structure,SEA03,CALCULATED_FROM_PRODUCTION_AND_HARVESTED_AREA
DST01,Angul,CRP011,Sugarcane,2017-18,Annual,7230.08,6960.56,419045.25,60.20280695806084,synthetic_prototype,2024_25_project_crop_structure,SEA03,CALCULATED_FROM_PRODUCTION_AND_HARVESTED_AREA
DST01,Angul,CRP011,Sugarcane,2018-19,Annual,7057.45,6912.62,463190.08,67.0064432877838,synthetic_prototype,2024_25_project_crop_structure,SEA03,CALCULATED_FROM_PRODUCTION_AND_HARVESTED_AREA
DST01,Angul,CRP011,Sugarcane,2019-20,Annual,6766.29,6512.4,451324.23,69.30228947853325,synthetic_prototype,2024_25_project_crop_structure,SEA03,CALCULATED_FROM_PRODUCTION_AND_HARVESTED_AREA
DST01,Angul,CRP011,Sugarcane,2020-21,Annual,6979.02,6680.55,446771.75,66.87649220498312,synthetic_prototype,2024_25_project_crop_structure,SEA03,CALCULATED_FROM_PRODUCTION_AND_HARVESTED_AREA
DST01,Angul,CRP011,Sugarcane,2021-22,Annual,6935.34,6636.13,419545.4,63.221395602557514,synthetic_prototype,2024_25_project_crop_structure,SEA03,CALCULATED_FROM_PRODUCTION_AND_HARVESTED_AREA
DST01,Angul,CRP011,Sugarcane,2022-23,Annual,7549.94,7323.3,509490.0,69.57109499815657,synthetic_prototype,2024_25_project_crop_structure,SEA03,CALCULATED_FROM_PRODUCTION_AND_HARVESTED_AREA
DST01,Angul,CRP011,Sugarcane,2023-24,Annual,7464.5,7293.97,447604.94,61.366435562526306,synthetic_prototype,2024_25_project_crop_structure,SEA03,CALCULATED_FROM_PRODUCTION_AND_HARVESTED_AREA
DST01,Angul,CRP011,Sugarcane,2024-25,Annual,7291.5,6974.83,433309.55,62.12474712645326,synthetic_prototype,2024_25_project_crop_structure,SEA03,CALCULATED_FROM_PRODUCTION_AND_HARVESTED_AREA
DST01,Angul,CRP003,Jute,2015-16,Annual,3115.58,2977.19,5064.35,1.7010503192607795,synthetic_prototype,2024_25_project_crop_structure,SEA03,CALCULATED_FROM_PRODUCTION_AND_HARVESTED_AREA
DST01,Angul,CRP003,Jute,2016-17,Annual,2964.78,2832.41,4738.78,1.6730558075984763,synthetic_prototype,2024_25_project_crop_structure,SEA03,CALCULATED_FROM_PRODUCTION_AND_HARVESTED_AREA
DST01,Angul,CRP003,Jute,2017-18,Annual,2940.78,2826.46,4530.05,1.6027292089751846,synthetic_prototype,2024_25_project_crop_structure,SEA03,CALCULATED_FROM_PRODUCTION_AND_HARVESTED_AREA
DST01,Angul,CRP003,Jute,2018-19,Annual,2792.84,2689.13,4228.63,1.5724899874680658,synthetic_prototype,2024_25_project_crop_structure,SEA03,CALCULATED_FROM_PRODUCTION_AND_HARVESTED_AREA
DST01,Angul,CRP003,Jute,2019-20,Annual,2688.91,2604.88,4193.47,1.6098515094745247,synthetic_prototype,2024_25_project_crop_structure,SEA03,CALCULATED_FROM_PRODUCTION_AND_HARVESTED_AREA
DST01,Angul,CRP003,Jute,2020-21,Annual,2753.43,2633.24,4293.05,1.6303299357445582,synthetic_prototype,2024_25_project_crop_structure,SEA03,CALCULATED_FROM_PRODUCTION_AND_HARVESTED_AREA
DST01,Angul,CRP003,Jute,2021-22,Annual,2843.38,2761.14,4636.27,1.6791144237525082,synthetic_prototype,2024_25_project_crop_structure,SEA03,CALCULATED_FROM_PRODUCTION_AND_HARVESTED_AREA
DST01,Angul,CRP003,Jute,2022-23,Annual,2957.58,2851.75,4704.62,1.649730867011484,synthetic_prototype,2024_25_project_crop_structure,SEA03,CALCULATED_FROM_PRODUCTION_AND_HARVESTED_AREA
DST01,Angul,CRP003,Jute,2023-24,Annual,2897.41,2794.23,5014.43,1.7945659448220084,synthetic_prototype,2024_25_project_crop_structure,SEA03,CALCULATED_FROM_PRODUCTION_AND_HARVESTED_AREA
DST01,Angul,CRP003,Jute,2024-25,Annual,2958.22,2886.63,5220.7,1.80857955470566,synthetic_prototype,2024_25_project_crop_structure,SEA03,CALCULATED_FROM_PRODUCTION_AND_HARVESTED_AREA
DST01,Angul,CRP013,Wheat,2015-16,Annual,2893.66,2793.58,7466.95,2.6728964268071795,synthetic_prototype,2024_25_project_crop_structure,SEA03,CALCULATED_FROM_PRODUCTION_AND_HARVESTED_AREA
DST01,Angul,CRP013,Wheat,2016-17,Annual,2969.66,2862.59,7667.33,2.678459017882407,synthetic_prototype,2024_25_project_crop_structure,SEA03,CALCULATED_FROM_PRODUCTION_AND_HARVESTED_AREA
DST01,Angul,CRP013,Wheat,2017-18,Annual,2995.45,2906.35,8639.32,2.9725669654377485,synthetic_prototype,2024_25_project_crop_structure,SEA03,CALCULATED_FROM_PRODUCTION_AND_HARVESTED_AREA
DST01,Angul,CRP013,Wheat,2018-19,Annual,2799.24,2696.11,8253.48,3.0612549191242193,synthetic_prototype,2024_25_project_crop_structure,SEA03,CALCULATED_FROM_PRODUCTION_AND_HARVESTED_AREA
DST01,Angul,CRP013,Wheat,2019-20,Annual,2747.38,2624.65,8375.42,3.1910616653649058,synthetic_prototype,2024_25_project_crop_structure,SEA03,CALCULATED_FROM_PRODUCTION_AND_HARVESTED_AREA
DST01,Angul,CRP013,Wheat,2020-21,Annual,2768.86,2646.1,7682.32,2.9032614035750726,synthetic_prototype,2024_25_project_crop_structure,SEA03,CALCULATED_FROM_PRODUCTION_AND_HARVESTED_AREA
DST01,Angul,CRP013,Wheat,2021-22,Annual,2835.98,2744.52,7842.94,2.8576727442321426,synthetic_prototype,2024_25_project_crop_structure,SEA03,CALCULATED_FROM_PRODUCTION_AND_HARVESTED_AREA
DST01,Angul,CRP013,Wheat,2022-23,Annual,2995.4,2914.93,8191.91,2.8103282068523088,synthetic_prototype,2024_25_project_crop_structure,SEA03,CALCULATED_FROM_PRODUCTION_AND_HARVESTED_AREA
DST01,Angul,CRP013,Wheat,2023-24,Annual,2944.26,2851.68,7490.91,2.626841020030298,synthetic_prototype,2024_25_project_crop_structure,SEA03,CALCULATED_FROM_PRODUCTION_AND_HARVESTED_AREA
DST01,Angul,CRP013,Wheat,2024-25,Annual,3054.97,2989.48,8267.25,2.765447502575699,synthetic_prototype,2024_25_project_crop_structure,SEA03,CALCULATED_FROM_PRODUCTION_AND_HARVESTED_AREA
DST02,Balangir,CRP001,Groundnut,2015-16,Annual,723.49,694.32,1134.88,1.6345201060029957,synthetic_prototype,2024_25_project_crop_structure,SEA03,CALCULATED_FROM_PRODUCTION_AND_HARVESTED_AREA
DST02,Balangir,CRP001,Groundnut,2016-17,Annual,724.13,699.1,1196.03,1.7108139035903303,synthetic_prototype,2024_25_project_crop_structure,SEA03,CALCULATED_FROM_PRODUCTION_AND_HARVESTED_AREA
DST02,Balangir,CRP001,Groundnut,2017-18,Annual,686.97,660.07,1073.98,1.6270698562273698,synthetic_prototype,2024_25_project_crop_structure,SEA03,CALCULATED_FROM_PRODUCTION_AND_HARVESTED_AREA
DST02,Balangir,CRP001,Groundnut,2018-19,Annual,714.98,683.79,1105.42,1.6166074379560977,synthetic_prototype,2024_25_project_crop_structure,SEA03,CALCULATED_FROM_PRODUCTION_AND_HARVESTED_AREA
DST02,Balangir,CRP001,Groundnut,2019-20,Annual,659.26,644.87,964.58,1.4957743421154652,synthetic_prototype,2024_25_project_crop_structure,SEA03,CALCULATED_FROM_PRODUCTION_AND_HARVESTED_AREA
DST02,Balangir,CRP001,Groundnut,2020-21,Annual,663.68,638.41,966.7,1.5142306668128633,synthetic_prototype,2024_25_project_crop_structure,SEA03,CALCULATED_FROM_PRODUCTION_AND_HARVESTED_AREA
DST02,Balangir,CRP001,Groundnut,2021-22,Annual,696.52,674.6,1012.97,1.501586125111177,synthetic_prototype,2024_25_project_crop_structure,SEA03,CALCULATED_FROM_PRODUCTION_AND_HARVESTED_AREA
DST02,Balangir,CRP001,Groundnut,2022-23,Annual,672.02,651.15,1029.44,1.580956768793673,synthetic_prototype,2024_25_project_crop_structure,SEA03,CALCULATED_FROM_PRODUCTION_AND_HARVESTED_AREA
DST02,Balangir,CRP001,Groundnut,2023-24,Annual,767.7,751.65,1209.33,1.6089004190780283,synthetic_prototype,2024_25_project_crop_structure,SEA03,CALCULATED_FROM_PRODUCTION_AND_HARVESTED_AREA
DST02,Balangir,CRP001,Groundnut,2024-25,Annual,695.18,665.81,1107.23,1.6629819317823404,synthetic_prototype,2024_25_project_crop_structure,SEA03,CALCULATED_FROM_PRODUCTION_AND_HARVESTED_AREA
DST02,Balangir,CRP004,Maize,2015-16,Annual,4013.88,3866.43,8848.48,2.2885400744355904,synthetic_prototype,2024_25_project_crop_structure,SEA03,CALCULATED_FROM_PRODUCTION_AND_HARVESTED_AREA
DST02,Balangir,CRP004,Maize,2016-17,Annual,4011.71,3843.35,8147.05,2.1197783183941095,synthetic_prototype,2024_25_project_crop_structure,SEA03,CALCULATED_FROM_PRODUCTION_AND_HARVESTED_AREA
DST02,Balangir,CRP004,Maize,2017-18,Annual,4053.37,3873.74,8452.24,2.1819327058604863,synthetic_prototype,2024_25_project_crop_structure,SEA03,CALCULATED_FROM_PRODUCTION_AND_HARVESTED_AREA
DST02,Balangir,CRP004,Maize,2018-19,Annual,4117.0,3946.21,8453.47,2.1421743901110175,synthetic_prototype,2024_25_project_crop_structure,SEA03,CALCULATED_FROM_PRODUCTION_AND_HARVESTED_AREA
DST02,Balangir,CRP004,Maize,2019-20,Annual,3931.39,3790.49,7762.22,2.047814398666136,synthetic_prototype,2024_25_project_crop_structure,SEA03,CALCULATED_FROM_PRODUCTION_AND_HARVESTED_AREA
DST02,Balangir,CRP004,Maize,2020-21,Annual,4008.32,3896.21,8372.98,2.1490063420606176,synthetic_prototype,2024_25_project_crop_structure,SEA03,CALCULATED_FROM_PRODUCTION_AND_HARVESTED_AREA
DST02,Balangir,CRP004,Maize,2021-22,Annual,4124.99,4001.11,8707.65,2.176308574370612,synthetic_prototype,2024_25_project_crop_structure,SEA03,CALCULATED_FROM_PRODUCTION_AND_HARVESTED_AREA
DST02,Balangir,CRP004,Maize,2022-23,Annual,4142.11,3979.35,9383.56,2.358063502833377,synthetic_prototype,2024_25_project_crop_structure,SEA03,CALCULATED_FROM_PRODUCTION_AND_HARVESTED_AREA
DST02,Balangir,CRP004,Maize,2023-24,Annual,3924.85,3763.97,8391.51,2.229430627768022,synthetic_prototype,2024_25_project_crop_structure,SEA03,CALCULATED_FROM_PRODUCTION_AND_HARVESTED_AREA
DST02,Balangir,CRP004,Maize,2024-25,Annual,4021.34,3859.95,8787.49,2.2765813028666173,synthetic_prototype,2024_25_project_crop_structure,SEA03,CALCULATED_FROM_PRODUCTION_AND_HARVESTED_AREA
DST02,Balangir,CRP005,Moong(Green Gram),2015-16,Annual,4448.23,4256.46,4766.88,1.119916550372845,synthetic_prototype,2024_25_project_crop_structure,SEA03,CALCULATED_FROM_PRODUCTION_AND_HARVESTED_AREA
DST02,Balangir,CRP005,Moong(Green Gram),2016-17,Annual,4563.06,4442.2,4664.59,1.0500630318310749,synthetic_prototype,2024_25_project_crop_structure,SEA03,CALCULATED_FROM_PRODUCTION_AND_HARVESTED_AREA
DST02,Balangir,CRP005,Moong(Green Gram),2017-18,Annual,4487.77,4382.05,4738.39,1.0813181045401126,synthetic_prototype,2024_25_project_crop_structure,SEA03,CALCULATED_FROM_PRODUCTION_AND_HARVESTED_AREA
DST02,Balangir,CRP005,Moong(Green Gram),2018-19,Annual,4205.19,4035.06,4291.05,1.0634414358150808,synthetic_prototype,2024_25_project_crop_structure,SEA03,CALCULATED_FROM_PRODUCTION_AND_HARVESTED_AREA
DST02,Balangir,CRP005,Moong(Green Gram),2019-20,Annual,4148.16,4033.14,3889.65,0.964422261562951,synthetic_prototype,2024_25_project_crop_structure,SEA03,CALCULATED_FROM_PRODUCTION_AND_HARVESTED_AREA
DST02,Balangir,CRP005,Moong(Green Gram),2020-21,Annual,4368.46,4245.99,4215.64,0.992852079255957,synthetic_prototype,2024_25_project_crop_structure,SEA03,CALCULATED_FROM_PRODUCTION_AND_HARVESTED_AREA
DST02,Balangir,CRP005,Moong(Green Gram),2021-22,Annual,4230.53,4104.69,4011.6,0.97732106444092,synthetic_prototype,2024_25_project_crop_structure,SEA03,CALCULATED_FROM_PRODUCTION_AND_HARVESTED_AREA
DST02,Balangir,CRP005,Moong(Green Gram),2022-23,Annual,4896.13,4691.87,4985.46,1.0625741974948155,synthetic_prototype,2024_25_project_crop_structure,SEA03,CALCULATED_FROM_PRODUCTION_AND_HARVESTED_AREA
DST02,Balangir,CRP005,Moong(Green Gram),2023-24,Annual,4492.81,4386.58,4494.39,1.0245772332888037,synthetic_prototype,2024_25_project_crop_structure,SEA03,CALCULATED_FROM_PRODUCTION_AND_HARVESTED_AREA
DST02,Balangir,CRP005,Moong(Green Gram),2024-25,Annual,4428.55,4231.4,4948.3,1.1694238313560525,synthetic_prototype,2024_25_project_crop_structure,SEA03,CALCULATED_FROM_PRODUCTION_AND_HARVESTED_AREA
DST02,Balangir,CRP007,Ragi,2015-16,Annual,2048.51,2003.21,1740.62,0.8689153907977695,synthetic_prototype,2024_25_project_crop_structure,SEA03,CALCULATED_FROM_PRODUCTION_AND_HARVESTED_AREA
DST02,Balangir,CRP007,Ragi,2016-17,Annual,2123.64,2039.4,1587.66,0.7784936746101795,synthetic_prototype,2024_25_project_crop_structure,SEA03,CALCULATED_FROM_PRODUCTION_AND_HARVESTED_AREA
DST02,Balangir,CRP007,Ragi,2017-18,Annual,2016.12,1936.76,1569.05,0.8101416799190401,synthetic_prototype,2024_25_project_crop_structure,SEA03,CALCULATED_FROM_PRODUCTION_AND_HARVESTED_AREA
DST02,Balangir,CRP007,Ragi,2018-19,Annual,1864.88,1813.57,1450.25,0.7996658524347007,synthetic_prototype,2024_25_project_crop_structure,SEA03,CALCULATED_FROM_PRODUCTION_AND_HARVESTED_AREA
DST02,Balangir,CRP007,Ragi,2019-20,Annual,1922.61,1878.41,1604.72,0.8542969852162201,synthetic_prototype,2024_25_project_crop_structure,SEA03,CALCULATED_FROM_PRODUCTION_AND_HARVESTED_AREA
DST02,Balangir,CRP007,Ragi,2020-21,Annual,1937.29,1864.42,1670.5,0.8959891011681916,synthetic_prototype,2024_25_project_crop_structure,SEA03,CALCULATED_FROM_PRODUCTION_AND_HARVESTED_AREA
DST02,Balangir,CRP007,Ragi,2021-22,Annual,1967.2,1883.52,1593.65,0.8461019792728509,synthetic_prototype,2024_25_project_crop_structure,SEA03,CALCULATED_FROM_PRODUCTION_AND_HARVESTED_AREA
DST02,Balangir,CRP007,Ragi,2022-23,Annual,2046.08,1988.53,1750.54,0.8803186273277245,synthetic_prototype,2024_25_project_crop_structure,SEA03,CALCULATED_FROM_PRODUCTION_AND_HARVESTED_AREA
DST02,Balangir,CRP007,Ragi,2023-24,Annual,2050.6,1962.94,1569.22,0.7994233140085789,synthetic_prototype,2024_25_project_crop_structure,SEA03,CALCULATED_FROM_PRODUCTION_AND_HARVESTED_AREA
DST02,Balangir,CRP007,Ragi,2024-25,Annual,2085.55,2013.09,1672.13,0.8306285362303722,synthetic_prototype,2024_25_project_crop_structure,SEA03,CALCULATED_FROM_PRODUCTION_AND_HARVESTED_AREA
DST02,Balangir,CRP009,Rice,2015-16,Annual,18881.49,18045.8,53466.89,2.962843985858205,synthetic_prototype,2024_25_project_crop_structure,SEA03,CALCULATED_FROM_PRODUCTION_AND_HARVESTED_AREA
DST02,Balangir,CRP009,Rice,2016-17,Annual,21653.78,21123.5,62532.1,2.960309607782801,synthetic_prototype,2024_25_project_crop_structure,SEA03,CALCULATED_FROM_PRODUCTION_AND_HARVESTED_AREA
DST02,Balangir,CRP009,Rice,2017-18,Annual,19638.41,18776.19,53296.78,2.8385300745252366,synthetic_prototype,2024_25_project_crop_structure,SEA03,CALCULATED_FROM_PRODUCTION_AND_HARVESTED_AREA
DST02,Balangir,CRP009,Rice,2018-19,Annual,19662.28,19215.53,56586.29,2.9448206736946627,synthetic_prototype,2024_25_project_crop_structure,SEA03,CALCULATED_FROM_PRODUCTION_AND_HARVESTED_AREA
DST02,Balangir,CRP009,Rice,2019-20,Annual,20967.62,20241.21,60995.84,3.0134483066970796,synthetic_prototype,2024_25_project_crop_structure,SEA03,CALCULATED_FROM_PRODUCTION_AND_HARVESTED_AREA
DST02,Balangir,CRP009,Rice,2020-21,Annual,19778.45,18999.16,58089.03,3.057452540007032,synthetic_prototype,2024_25_project_crop_structure,SEA03,CALCULATED_FROM_PRODUCTION_AND_HARVESTED_AREA
DST02,Balangir,CRP009,Rice,2021-22,Annual,20667.93,19937.64,61892.4,3.1042992049209435,synthetic_prototype,2024_25_project_crop_structure,SEA03,CALCULATED_FROM_PRODUCTION_AND_HARVESTED_AREA
DST02,Balangir,CRP009,Rice,2022-23,Annual,21580.03,20781.64,63456.29,3.0534784550208744,synthetic_prototype,2024_25_project_crop_structure,SEA03,CALCULATED_FROM_PRODUCTION_AND_HARVESTED_AREA
DST02,Balangir,CRP009,Rice,2023-24,Annual,21537.08,20630.08,62619.21,3.035335296809319,synthetic_prototype,2024_25_project_crop_structure,SEA03,CALCULATED_FROM_PRODUCTION_AND_HARVESTED_AREA
DST02,Balangir,CRP009,Rice,2024-25,Annual,20147.58,19378.33,53651.68,2.768643118369849,synthetic_prototype,2024_25_project_crop_structure,SEA03,CALCULATED_FROM_PRODUCTION_AND_HARVESTED_AREA
DST02,Balangir,CRP010,Sesamum,2015-16,Annual,1982.4,1895.44,989.37,0.5219737897269235,synthetic_prototype,2024_25_project_crop_structure,SEA03,CALCULATED_FROM_PRODUCTION_AND_HARVESTED_AREA
DST02,Balangir,CRP010,Sesamum,2016-17,Annual,1978.74,1906.99,979.31,0.5135370400474045,synthetic_prototype,2024_25_project_crop_structure,SEA03,CALCULATED_FROM_PRODUCTION_AND_HARVESTED_AREA
DST02,Balangir,CRP010,Sesamum,2017-18,Annual,1965.86,1880.82,962.22,0.5115960059973842,synthetic_prototype,2024_25_project_crop_structure,SEA03,CALCULATED_FROM_PRODUCTION_AND_HARVESTED_AREA
DST02,Balangir,CRP010,Sesamum,2018-19,Annual,1877.02,1817.69,985.99,0.5424412303528104,synthetic_prototype,2024_25_project_crop_structure,SEA03,CALCULATED_FROM_PRODUCTION_AND_HARVESTED_AREA
DST02,Balangir,CRP010,Sesamum,2019-20,Annual,1966.04,1893.34,1049.89,0.5545174136710787,synthetic_prototype,2024_25_project_crop_structure,SEA03,CALCULATED_FROM_PRODUCTION_AND_HARVESTED_AREA
DST02,Balangir,CRP010,Sesamum,2020-21,Annual,1926.99,1854.35,1016.35,0.5480896270930515,synthetic_prototype,2024_25_project_crop_structure,SEA03,CALCULATED_FROM_PRODUCTION_AND_HARVESTED_AREA
DST02,Balangir,CRP010,Sesamum,2021-22,Annual,1904.97,1824.62,1029.0,0.5639530422772961,synthetic_prototype,2024_25_project_crop_structure,SEA03,CALCULATED_FROM_PRODUCTION_AND_HARVESTED_AREA
DST02,Balangir,CRP010,Sesamum,2022-23,Annual,1959.69,1887.56,1009.19,0.5346532030769883,synthetic_prototype,2024_25_project_crop_structure,SEA03,CALCULATED_FROM_PRODUCTION_AND_HARVESTED_AREA
DST02,Balangir,CRP010,Sesamum,2023-24,Annual,2117.3,2040.61,1046.0,0.5125918230333087,synthetic_prototype,2024_25_project_crop_structure,SEA03,CALCULATED_FROM_PRODUCTION_AND_HARVESTED_AREA
DST02,Balangir,CRP010,Sesamum,2024-25,Annual,1915.6,1851.77,854.09,0.4612289863211954,synthetic_prototype,2024_25_project_crop_structure,SEA03,CALCULATED_FROM_PRODUCTION_AND_HARVESTED_AREA
DST02,Balangir,CRP012,Urad,2015-16,Annual,772.1,740.13,826.04,1.1160742031805222,synthetic_prototype,2024_25_project_crop_structure,SEA03,CALCULATED_FROM_PRODUCTION_AND_HARVESTED_AREA
DST02,Balangir,CRP012,Urad,2016-17,Annual,751.11,734.07,832.71,1.1343741060116883,synthetic_prototype,2024_25_project_crop_structure,SEA03,CALCULATED_FROM_PRODUCTION_AND_HARVESTED_AREA
DST02,Balangir,CRP012,Urad,2017-18,Annual,802.29,773.46,917.26,1.1859178238047217,synthetic_prototype,2024_25_project_crop_structure,SEA03,CALCULATED_FROM_PRODUCTION_AND_HARVESTED_AREA
DST02,Balangir,CRP012,Urad,2018-19,Annual,761.81,745.08,946.52,1.270360229773984,synthetic_prototype,2024_25_project_crop_structure,SEA03,CALCULATED_FROM_PRODUCTION_AND_HARVESTED_AREA
DST02,Balangir,CRP012,Urad,2019-20,Annual,785.23,762.3,892.46,1.17074642529188,synthetic_prototype,2024_25_project_crop_structure,SEA03,CALCULATED_FROM_PRODUCTION_AND_HARVESTED_AREA
DST02,Balangir,CRP012,Urad,2020-21,Annual,746.4,722.46,875.55,1.211901004899925,synthetic_prototype,2024_25_project_crop_structure,SEA03,CALCULATED_FROM_PRODUCTION_AND_HARVESTED_AREA
DST02,Balangir,CRP012,Urad,2021-22,Annual,783.71,757.81,875.24,1.1549596864649452,synthetic_prototype,2024_25_project_crop_structure,SEA03,CALCULATED_FROM_PRODUCTION_AND_HARVESTED_AREA
DST02,Balangir,CRP012,Urad,2022-23,Annual,819.8,802.18,899.06,1.1207708992994092,synthetic_prototype,2024_25_project_crop_structure,SEA03,CALCULATED_FROM_PRODUCTION_AND_HARVESTED_AREA
DST02,Balangir,CRP012,Urad,2023-24,Annual,790.47,774.01,845.25,1.0920401545199674,synthetic_prototype,2024_25_project_crop_structure,SEA03,CALCULATED_FROM_PRODUCTION_AND_HARVESTED_AREA
DST02,Balangir,CRP012,Urad,2024-25,Annual,841.38,811.87,888.24,1.094066784091049,synthetic_prototype,2024_25_project_crop_structure,SEA03,CALCULATED_FROM_PRODUCTION_AND_HARVESTED_AREA
DST02,Balangir,CRP002,Horse Gram,2015-16,Annual,4291.44,4135.03,4101.21,0.9918210992423272,synthetic_prototype,2024_25_project_crop_structure,SEA03,CALCULATED_FROM_PRODUCTION_AND_HARVESTED_AREA
DST02,Balangir,CRP002,Horse Gram,2016-17,Annual,4320.1,4170.82,3931.63,0.9426515649200877,synthetic_prototype,2024_25_project_crop_structure,SEA03,CALCULATED_FROM_PRODUCTION_AND_HARVESTED_AREA
DST02,Balangir,CRP002,Horse Gram,2017-18,Annual,4458.59,4281.87,4001.68,0.9345636369156467,synthetic_prototype,2024_25_project_crop_structure,SEA03,CALCULATED_FROM_PRODUCTION_AND_HARVESTED_AREA
DST02,Balangir,CRP002,Horse Gram,2018-19,Annual,4256.89,4129.76,3337.41,0.8081365503080081,synthetic_prototype,2024_25_project_crop_structure,SEA03,CALCULATED_FROM_PRODUCTION_AND_HARVESTED_AREA
DST02,Balangir,CRP002,Horse Gram,2019-20,Annual,4139.8,3989.3,3444.95,0.8635474895345047,synthetic_prototype,2024_25_project_crop_structure,SEA03,CALCULATED_FROM_PRODUCTION_AND_HARVESTED_AREA
DST02,Balangir,CRP002,Horse Gram,2020-21,Annual,4392.76,4266.53,3442.36,0.806828968740405,synthetic_prototype,2024_25_project_crop_structure,SEA03,CALCULATED_FROM_PRODUCTION_AND_HARVESTED_AREA
DST02,Balangir,CRP002,Horse Gram,2021-22,Annual,4262.04,4098.74,3521.18,0.8590884027774389,synthetic_prototype,2024_25_project_crop_structure,SEA03,CALCULATED_FROM_PRODUCTION_AND_HARVESTED_AREA
DST02,Balangir,CRP002,Horse Gram,2022-23,Annual,4303.67,4169.34,3697.27,0.886775844618093,synthetic_prototype,2024_25_project_crop_structure,SEA03,CALCULATED_FROM_PRODUCTION_AND_HARVESTED_AREA
DST02,Balangir,CRP002,Horse Gram,2023-24,Annual,4344.12,4239.53,3922.33,0.9251803855616071,synthetic_prototype,2024_25_project_crop_structure,SEA03,CALCULATED_FROM_PRODUCTION_AND_HARVESTED_AREA
DST02,Balangir,CRP002,Horse Gram,2024-25,Annual,4304.6,4136.87,3662.38,0.8853021728988342,synthetic_prototype,2024_25_project_crop_structure,SEA03,CALCULATED_FROM_PRODUCTION_AND_HARVESTED_AREA
DST02,Balangir,CRP006,Potato,2015-16,Annual,883.07,864.75,18114.59,20.947776814108124,synthetic_prototype,2024_25_project_crop_structure,SEA03,CALCULATED_FROM_PRODUCTION_AND_HARVESTED_AREA
DST02,Balangir,CRP006,Potato,2016-17,Annual,849.27,831.62,17895.28,21.518578196772562,synthetic_prototype,2024_25_project_crop_structure,SEA03,CALCULATED_FROM_PRODUCTION_AND_HARVESTED_AREA
DST02,Balangir,CRP006,Potato,2017-18,Annual,828.65,796.42,15908.21,19.974649054518974,synthetic_prototype,2024_25_project_crop_structure,SEA03,CALCULATED_FROM_PRODUCTION_AND_HARVESTED_AREA
DST02,Balangir,CRP006,Potato,2018-19,Annual,808.57,780.38,14801.72,18.967323611573846,synthetic_prototype,2024_25_project_crop_structure,SEA03,CALCULATED_FROM_PRODUCTION_AND_HARVESTED_AREA
DST02,Balangir,CRP006,Potato,2019-20,Annual,874.96,854.54,18021.7,21.089358017178835,synthetic_prototype,2024_25_project_crop_structure,SEA03,CALCULATED_FROM_PRODUCTION_AND_HARVESTED_AREA
DST02,Balangir,CRP006,Potato,2020-21,Annual,842.2,807.52,17772.57,22.008829502674857,synthetic_prototype,2024_25_project_crop_structure,SEA03,CALCULATED_FROM_PRODUCTION_AND_HARVESTED_AREA
DST02,Balangir,CRP006,Potato,2021-22,Annual,809.7,774.24,16954.41,21.898132362058277,synthetic_prototype,2024_25_project_crop_structure,SEA03,CALCULATED_FROM_PRODUCTION_AND_HARVESTED_AREA
DST02,Balangir,CRP006,Potato,2022-23,Annual,897.91,871.38,18946.0,21.742523353760703,synthetic_prototype,2024_25_project_crop_structure,SEA03,CALCULATED_FROM_PRODUCTION_AND_HARVESTED_AREA
DST02,Balangir,CRP006,Potato,2023-24,Annual,845.57,820.42,17646.42,21.509007581482653,synthetic_prototype,2024_25_project_crop_structure,SEA03,CALCULATED_FROM_PRODUCTION_AND_HARVESTED_AREA
DST02,Balangir,CRP006,Potato,2024-25,Annual,811.07,782.5,16299.3,20.829776357827477,synthetic_prototype,2024_25_project_crop_structure,SEA03,CALCULATED_FROM_PRODUCTION_AND_HARVESTED_AREA
DST02,Balangir,CRP008,Rapeseed &Mustard,2015-16,Annual,3240.85,3113.77,2819.05,0.9053494638332311,synthetic_prototype,2024_25_project_crop_structure,SEA03,CALCULATED_FROM_PRODUCTION_AND_HARVESTED_AREA
DST02,Balangir,CRP008,Rapeseed &Mustard,2016-17,Annual,3209.73,3108.22,2705.03,0.8702826698238865,synthetic_prototype,2024_25_project_crop_structure,SEA03,CALCULATED_FROM_PRODUCTION_AND_HARVESTED_AREA
DST02,Balangir,CRP008,Rapeseed &Mustard,2017-18,Annual,3232.47,3127.6,2611.35,0.8349373321396598,synthetic_prototype,2024_25_project_crop_structure,SEA03,CALCULATED_FROM_PRODUCTION_AND_HARVESTED_AREA
DST02,Balangir,CRP008,Rapeseed &Mustard,2018-19,Annual,3077.28,2990.98,2472.75,0.8267357187276411,synthetic_prototype,2024_25_project_crop_structure,SEA03,CALCULATED_FROM_PRODUCTION_AND_HARVESTED_AREA
DST02,Balangir,CRP008,Rapeseed &Mustard,2019-20,Annual,3076.84,2966.75,2782.75,0.9379792702452179,synthetic_prototype,2024_25_project_crop_structure,SEA03,CALCULATED_FROM_PRODUCTION_AND_HARVESTED_AREA
DST02,Balangir,CRP008,Rapeseed &Mustard,2020-21,Annual,3225.3,3092.04,2841.13,0.918852925576642,synthetic_prototype,2024_25_project_crop_structure,SEA03,CALCULATED_FROM_PRODUCTION_AND_HARVESTED_AREA
DST02,Balangir,CRP008,Rapeseed &Mustard,2021-22,Annual,3170.23,3087.4,2874.73,0.9311167973051758,synthetic_prototype,2024_25_project_crop_structure,SEA03,CALCULATED_FROM_PRODUCTION_AND_HARVESTED_AREA
DST02,Balangir,CRP008,Rapeseed &Mustard,2022-23,Annual,3445.07,3372.31,3238.29,0.9602586950784477,synthetic_prototype,2024_25_project_crop_structure,SEA03,CALCULATED_FROM_PRODUCTION_AND_HARVESTED_AREA
DST02,Balangir,CRP008,Rapeseed &Mustard,2023-24,Annual,3409.39,3316.62,2923.11,0.8813520994265247,synthetic_prototype,2024_25_project_crop_structure,SEA03,CALCULATED_FROM_PRODUCTION_AND_HARVESTED_AREA
DST02,Balangir,CRP008,Rapeseed &Mustard,2024-25,Annual,3303.44,3201.95,2637.09,0.8235887506051001,synthetic_prototype,2024_25_project_crop_structure,SEA03,CALCULATED_FROM_PRODUCTION_AND_HARVESTED_AREA
DST02,Balangir,CRP011,Sugarcane,2015-16,Annual,6090.04,5850.05,337486.37,57.68948470525893,synthetic_prototype,2024_25_project_crop_structure,SEA03,CALCULATED_FROM_PRODUCTION_AND_HARVESTED_AREA
DST02,Balangir,CRP011,Sugarcane,2016-17,Annual,6146.5,5923.03,345916.45,58.401941236157846,synthetic_prototype,2024_25_project_crop_structure,SEA03,CALCULATED_FROM_PRODUCTION_AND_HARVESTED_AREA
DST02,Balangir,CRP011,Sugarcane,2017-18,Annual,5818.16,5564.36,357239.55,64.20137266460114,synthetic_prototype,2024_25_project_crop_structure,SEA03,CALCULATED_FROM_PRODUCTION_AND_HARVESTED_AREA
DST02,Balangir,CRP011,Sugarcane,2018-19,Annual,5841.73,5604.86,378253.74,67.48674186331148,synthetic_prototype,2024_25_project_crop_structure,SEA03,CALCULATED_FROM_PRODUCTION_AND_HARVESTED_AREA
DST02,Balangir,CRP011,Sugarcane,2019-20,Annual,5971.72,5736.4,382199.2,66.62701345791787,synthetic_prototype,2024_25_project_crop_structure,SEA03,CALCULATED_FROM_PRODUCTION_AND_HARVESTED_AREA
DST02,Balangir,CRP011,Sugarcane,2020-21,Annual,5942.59,5765.72,381100.18,66.09758711834775,synthetic_prototype,2024_25_project_crop_structure,SEA03,CALCULATED_FROM_PRODUCTION_AND_HARVESTED_AREA
DST02,Balangir,CRP011,Sugarcane,2021-22,Annual,6045.19,5904.6,387233.51,65.58166683602614,synthetic_prototype,2024_25_project_crop_structure,SEA03,CALCULATED_FROM_PRODUCTION_AND_HARVESTED_AREA
DST02,Balangir,CRP011,Sugarcane,2022-23,Annual,5940.66,5697.47,347711.89,61.02917435282678,synthetic_prototype,2024_25_project_crop_structure,SEA03,CALCULATED_FROM_PRODUCTION_AND_HARVESTED_AREA
DST02,Balangir,CRP011,Sugarcane,2023-24,Annual,6243.23,6057.95,358910.78,59.24624336615523,synthetic_prototype,2024_25_project_crop_structure,SEA03,CALCULATED_FROM_PRODUCTION_AND_HARVESTED_AREA
DST02,Balangir,CRP011,Sugarcane,2024-25,Annual,6195.86,5990.44,353201.66,58.96088768103846,synthetic_prototype,2024_25_project_crop_structure,SEA03,CALCULATED_FROM_PRODUCTION_AND_HARVESTED_AREA
DST02,Balangir,CRP003,Jute,2015-16,Annual,1784.03,1706.74,2839.5,1.6636980442246623,synthetic_prototype,2024_25_project_crop_structure,SEA03,CALCULATED_FROM_PRODUCTION_AND_HARVESTED_AREA
DST02,Balangir,CRP003,Jute,2016-17,Annual,1802.35,1737.3,2867.93,1.6507972140678062,synthetic_prototype,2024_25_project_crop_structure,SEA03,CALCULATED_FROM_PRODUCTION_AND_HARVESTED_AREA
DST02,Balangir,CRP003,Jute,2017-18,Annual,1810.58,1757.83,2636.74,1.4999971555838731,synthetic_prototype,2024_25_project_crop_structure,SEA03,CALCULATED_FROM_PRODUCTION_AND_HARVESTED_AREA
DST02,Balangir,CRP003,Jute,2018-19,Annual,1641.97,1596.98,2297.7,1.4387781938408746,synthetic_prototype,2024_25_project_crop_structure,SEA03,CALCULATED_FROM_PRODUCTION_AND_HARVESTED_AREA
DST02,Balangir,CRP003,Jute,2019-20,Annual,1682.9,1622.63,2306.81,1.4216488047182658,synthetic_prototype,2024_25_project_crop_structure,SEA03,CALCULATED_FROM_PRODUCTION_AND_HARVESTED_AREA
DST02,Balangir,CRP003,Jute,2020-21,Annual,1772.25,1722.69,2706.53,1.57110681550366,synthetic_prototype,2024_25_project_crop_structure,SEA03,CALCULATED_FROM_PRODUCTION_AND_HARVESTED_AREA
DST02,Balangir,CRP003,Jute,2021-22,Annual,1754.57,1675.75,2469.93,1.4739251081605251,synthetic_prototype,2024_25_project_crop_structure,SEA03,CALCULATED_FROM_PRODUCTION_AND_HARVESTED_AREA
DST02,Balangir,CRP003,Jute,2022-23,Annual,1734.07,1682.75,2872.92,1.7072767790818602,synthetic_prototype,2024_25_project_crop_structure,SEA03,CALCULATED_FROM_PRODUCTION_AND_HARVESTED_AREA
DST02,Balangir,CRP003,Jute,2023-24,Annual,1760.87,1689.36,2719.28,1.60965099209168,synthetic_prototype,2024_25_project_crop_structure,SEA03,CALCULATED_FROM_PRODUCTION_AND_HARVESTED_AREA
DST02,Balangir,CRP003,Jute,2024-25,Annual,1681.75,1615.56,2702.39,1.6727264849340167,synthetic_prototype,2024_25_project_crop_structure,SEA03,CALCULATED_FROM_PRODUCTION_AND_HARVESTED_AREA
DST02,Balangir,CRP013,Wheat,2015-16,Annual,583.6,560.61,1408.91,2.5131731506751573,synthetic_prototype,2024_25_project_crop_structure,SEA03,CALCULATED_FROM_PRODUCTION_AND_HARVESTED_AREA
DST02,Balangir,CRP013,Wheat,2016-17,Annual,568.7,549.6,1445.9,2.630822416302766,synthetic_prototype,2024_25_project_crop_structure,SEA03,CALCULATED_FROM_PRODUCTION_AND_HARVESTED_AREA
DST02,Balangir,CRP013,Wheat,2017-18,Annual,572.13,548.98,1428.62,2.60231702429961,synthetic_prototype,2024_25_project_crop_structure,SEA03,CALCULATED_FROM_PRODUCTION_AND_HARVESTED_AREA
DST02,Balangir,CRP013,Wheat,2018-19,Annual,536.45,524.67,1541.41,2.937865706062859,synthetic_prototype,2024_25_project_crop_structure,SEA03,CALCULATED_FROM_PRODUCTION_AND_HARVESTED_AREA
DST02,Balangir,CRP013,Wheat,2019-20,Annual,519.74,507.07,1372.48,2.7066874396039995,synthetic_prototype,2024_25_project_crop_structure,SEA03,CALCULATED_FROM_PRODUCTION_AND_HARVESTED_AREA
DST02,Balangir,CRP013,Wheat,2020-21,Annual,593.56,581.29,1519.76,2.6144609403223864,synthetic_prototype,2024_25_project_crop_structure,SEA03,CALCULATED_FROM_PRODUCTION_AND_HARVESTED_AREA
DST02,Balangir,CRP013,Wheat,2021-22,Annual,574.78,561.89,1577.34,2.8072042570609903,synthetic_prototype,2024_25_project_crop_structure,SEA03,CALCULATED_FROM_PRODUCTION_AND_HARVESTED_AREA
DST02,Balangir,CRP013,Wheat,2022-23,Annual,585.43,562.54,1522.22,2.705976463895901,synthetic_prototype,2024_25_project_crop_structure,SEA03,CALCULATED_FROM_PRODUCTION_AND_HARVESTED_AREA
DST02,Balangir,CRP013,Wheat,2023-24,Annual,617.69,590.27,1397.05,2.366798244870991,synthetic_prototype,2024_25_project_crop_structure,SEA03,CALCULATED_FROM_PRODUCTION_AND_HARVESTED_AREA
DST02,Balangir,CRP013,Wheat,2024-25,Annual,604.18,586.47,1499.94,2.557573277405494,synthetic_prototype,2024_25_project_crop_structure,SEA03,CALCULATED_FROM_PRODUCTION_AND_HARVESTED_AREA
DST03,Balasore,CRP001,Groundnut,2015-16,Annual,5281.85,5172.67,6746.55,1.3042683952388225,synthetic_prototype,2024_25_project_crop_structure,SEA03,CALCULATED_FROM_PRODUCTION_AND_HARVESTED_AREA
DST03,Balasore,CRP001,Groundnut,2016-17,Annual,4868.72,4689.61,6273.78,1.3378042097317262,synthetic_prototype,2024_25_project_crop_structure,SEA03,CALCULATED_FROM_PRODUCTION_AND_HARVESTED_AREA
DST03,Balasore,CRP001,Groundnut,2017-18,Annual,5170.84,4976.28,6200.0,1.2459105998858586,synthetic_prototype,2024_25_project_crop_structure,SEA03,CALCULATED_FROM_PRODUCTION_AND_HARVESTED_AREA
DST03,Balasore,CRP001,Groundnut,2018-19,Annual,5007.58,4883.57,5659.55,1.158896053501844,synthetic_prototype,2024_25_project_crop_structure,SEA03,CALCULATED_FROM_PRODUCTION_AND_HARVESTED_AREA
DST03,Balasore,CRP001,Groundnut,2019-20,Annual,5123.33,4987.63,5866.21,1.1761517995520918,synthetic_prototype,2024_25_project_crop_structure,SEA03,CALCULATED_FROM_PRODUCTION_AND_HARVESTED_AREA
DST03,Balasore,CRP001,Groundnut,2020-21,Annual,4906.48,4701.8,5651.13,1.2019077799991493,synthetic_prototype,2024_25_project_crop_structure,SEA03,CALCULATED_FROM_PRODUCTION_AND_HARVESTED_AREA
DST03,Balasore,CRP001,Groundnut,2021-22,Annual,5111.04,4967.01,6033.45,1.2147046210899515,synthetic_prototype,2024_25_project_crop_structure,SEA03,CALCULATED_FROM_PRODUCTION_AND_HARVESTED_AREA
DST03,Balasore,CRP001,Groundnut,2022-23,Annual,5229.29,5090.01,6691.71,1.3146752167481006,synthetic_prototype,2024_25_project_crop_structure,SEA03,CALCULATED_FROM_PRODUCTION_AND_HARVESTED_AREA
DST03,Balasore,CRP001,Groundnut,2023-24,Annual,5188.6,5042.83,6606.57,1.3100917540349366,synthetic_prototype,2024_25_project_crop_structure,SEA03,CALCULATED_FROM_PRODUCTION_AND_HARVESTED_AREA
DST03,Balasore,CRP001,Groundnut,2024-25,Annual,5097.42,4949.07,6929.54,1.400170132974478,synthetic_prototype,2024_25_project_crop_structure,SEA03,CALCULATED_FROM_PRODUCTION_AND_HARVESTED_AREA
DST03,Balasore,CRP004,Maize,2015-16,Annual,2121.03,2059.22,6933.85,3.3672215693320777,synthetic_prototype,2024_25_project_crop_structure,SEA03,CALCULATED_FROM_PRODUCTION_AND_HARVESTED_AREA
DST03,Balasore,CRP004,Maize,2016-17,Annual,1929.52,1887.0,6149.43,3.258839427662957,synthetic_prototype,2024_25_project_crop_structure,SEA03,CALCULATED_FROM_PRODUCTION_AND_HARVESTED_AREA
DST03,Balasore,CRP004,Maize,2017-18,Annual,2084.42,2025.63,6163.6,3.0428064355287,synthetic_prototype,2024_25_project_crop_structure,SEA03,CALCULATED_FROM_PRODUCTION_AND_HARVESTED_AREA
DST03,Balasore,CRP004,Maize,2018-19,Annual,1992.73,1927.52,5644.51,2.9283794720677347,synthetic_prototype,2024_25_project_crop_structure,SEA03,CALCULATED_FROM_PRODUCTION_AND_HARVESTED_AREA
DST03,Balasore,CRP004,Maize,2019-20,Annual,1841.36,1780.3,5673.38,3.186755041285177,synthetic_prototype,2024_25_project_crop_structure,SEA03,CALCULATED_FROM_PRODUCTION_AND_HARVESTED_AREA
DST03,Balasore,CRP004,Maize,2020-21,Annual,1984.67,1931.28,6096.22,3.156569736133549,synthetic_prototype,2024_25_project_crop_structure,SEA03,CALCULATED_FROM_PRODUCTION_AND_HARVESTED_AREA
DST03,Balasore,CRP004,Maize,2021-22,Annual,2091.75,2037.58,6008.3,2.9487431168346765,synthetic_prototype,2024_25_project_crop_structure,SEA03,CALCULATED_FROM_PRODUCTION_AND_HARVESTED_AREA
DST03,Balasore,CRP004,Maize,2022-23,Annual,2082.92,2019.2,6701.86,3.3190669572107763,synthetic_prototype,2024_25_project_crop_structure,SEA03,CALCULATED_FROM_PRODUCTION_AND_HARVESTED_AREA
DST03,Balasore,CRP004,Maize,2023-24,Annual,1951.76,1868.52,6523.27,3.491142722582579,synthetic_prototype,2024_25_project_crop_structure,SEA03,CALCULATED_FROM_PRODUCTION_AND_HARVESTED_AREA
DST03,Balasore,CRP004,Maize,2024-25,Annual,2014.61,1926.38,6047.56,3.1393390712112876,synthetic_prototype,2024_25_project_crop_structure,SEA03,CALCULATED_FROM_PRODUCTION_AND_HARVESTED_AREA
DST03,Balasore,CRP005,Moong(Green Gram),2015-16,Annual,3605.16,3530.93,2878.53,0.8152328140178368,synthetic_prototype,2024_25_project_crop_structure,SEA03,CALCULATED_FROM_PRODUCTION_AND_HARVESTED_AREA
DST03,Balasore,CRP005,Moong(Green Gram),2016-17,Annual,3730.04,3615.78,2922.84,0.8083567031179995,synthetic_prototype,2024_25_project_crop_structure,SEA03,CALCULATED_FROM_PRODUCTION_AND_HARVESTED_AREA
DST03,Balasore,CRP005,Moong(Green Gram),2017-18,Annual,3589.26,3513.88,2620.22,0.7456771432149076,synthetic_prototype,2024_25_project_crop_structure,SEA03,CALCULATED_FROM_PRODUCTION_AND_HARVESTED_AREA
DST03,Balasore,CRP005,Moong(Green Gram),2018-19,Annual,3684.19,3593.29,2597.15,0.7227777329411208,synthetic_prototype,2024_25_project_crop_structure,SEA03,CALCULATED_FROM_PRODUCTION_AND_HARVESTED_AREA
DST03,Balasore,CRP005,Moong(Green Gram),2019-20,Annual,3507.07,3387.18,2358.83,0.6963993646632302,synthetic_prototype,2024_25_project_crop_structure,SEA03,CALCULATED_FROM_PRODUCTION_AND_HARVESTED_AREA
DST03,Balasore,CRP005,Moong(Green Gram),2020-21,Annual,3492.83,3383.82,2288.42,0.6762830174181842,synthetic_prototype,2024_25_project_crop_structure,SEA03,CALCULATED_FROM_PRODUCTION_AND_HARVESTED_AREA
DST03,Balasore,CRP005,Moong(Green Gram),2021-22,Annual,3705.11,3624.21,2752.92,0.7595917455114356,synthetic_prototype,2024_25_project_crop_structure,SEA03,CALCULATED_FROM_PRODUCTION_AND_HARVESTED_AREA
DST03,Balasore,CRP005,Moong(Green Gram),2022-23,Annual,3667.7,3542.07,2653.46,0.7491269229574796,synthetic_prototype,2024_25_project_crop_structure,SEA03,CALCULATED_FROM_PRODUCTION_AND_HARVESTED_AREA
DST03,Balasore,CRP005,Moong(Green Gram),2023-24,Annual,3585.67,3498.65,2720.63,0.7776227973646979,synthetic_prototype,2024_25_project_crop_structure,SEA03,CALCULATED_FROM_PRODUCTION_AND_HARVESTED_AREA
DST03,Balasore,CRP005,Moong(Green Gram),2024-25,Annual,3464.53,3392.37,2950.23,0.8696663394617923,synthetic_prototype,2024_25_project_crop_structure,SEA03,CALCULATED_FROM_PRODUCTION_AND_HARVESTED_AREA
DST03,Balasore,CRP007,Ragi,2015-16,Annual,663.99,645.03,1111.9,1.7237957924437626,synthetic_prototype,2024_25_project_crop_structure,SEA03,CALCULATED_FROM_PRODUCTION_AND_HARVESTED_AREA
DST03,Balasore,CRP007,Ragi,2016-17,Annual,695.2,674.44,1089.82,1.6158887373228157,synthetic_prototype,2024_25_project_crop_structure,SEA03,CALCULATED_FROM_PRODUCTION_AND_HARVESTED_AREA
DST03,Balasore,CRP007,Ragi,2017-18,Annual,617.64,591.12,879.42,1.4877182298010556,synthetic_prototype,2024_25_project_crop_structure,SEA03,CALCULATED_FROM_PRODUCTION_AND_HARVESTED_AREA
DST03,Balasore,CRP007,Ragi,2018-19,Annual,605.85,578.79,934.61,1.614765286200522,synthetic_prototype,2024_25_project_crop_structure,SEA03,CALCULATED_FROM_PRODUCTION_AND_HARVESTED_AREA
DST03,Balasore,CRP007,Ragi,2019-20,Annual,613.79,594.02,959.85,1.6158546850274402,synthetic_prototype,2024_25_project_crop_structure,SEA03,CALCULATED_FROM_PRODUCTION_AND_HARVESTED_AREA
DST03,Balasore,CRP007,Ragi,2020-21,Annual,626.66,599.66,1035.64,1.7270453256845548,synthetic_prototype,2024_25_project_crop_structure,SEA03,CALCULATED_FROM_PRODUCTION_AND_HARVESTED_AREA
DST03,Balasore,CRP007,Ragi,2021-22,Annual,631.84,616.35,1128.65,1.8311835807576864,synthetic_prototype,2024_25_project_crop_structure,SEA03,CALCULATED_FROM_PRODUCTION_AND_HARVESTED_AREA
DST03,Balasore,CRP007,Ragi,2022-23,Annual,688.61,664.13,1242.9,1.871470946953157,synthetic_prototype,2024_25_project_crop_structure,SEA03,CALCULATED_FROM_PRODUCTION_AND_HARVESTED_AREA
DST03,Balasore,CRP007,Ragi,2023-24,Annual,682.76,665.48,1153.08,1.73270421350003,synthetic_prototype,2024_25_project_crop_structure,SEA03,CALCULATED_FROM_PRODUCTION_AND_HARVESTED_AREA
DST03,Balasore,CRP007,Ragi,2024-25,Annual,625.1,606.15,1022.33,1.6865957271302485,synthetic_prototype,2024_25_project_crop_structure,SEA03,CALCULATED_FROM_PRODUCTION_AND_HARVESTED_AREA
DST03,Balasore,CRP009,Rice,2015-16,Annual,16826.94,16362.8,45583.41,2.785795218422275,synthetic_prototype,2024_25_project_crop_structure,SEA03,CALCULATED_FROM_PRODUCTION_AND_HARVESTED_AREA
DST03,Balasore,CRP009,Rice,2016-17,Annual,17992.54,17391.14,52423.65,3.0143883609700115,synthetic_prototype,2024_25_project_crop_structure,SEA03,CALCULATED_FROM_PRODUCTION_AND_HARVESTED_AREA
DST03,Balasore,CRP009,Rice,2017-18,Annual,16551.47,16061.74,48080.19,2.9934608579145223,synthetic_prototype,2024_25_project_crop_structure,SEA03,CALCULATED_FROM_PRODUCTION_AND_HARVESTED_AREA
DST03,Balasore,CRP009,Rice,2018-19,Annual,16021.03,15306.57,46661.14,3.0484386769864185,synthetic_prototype,2024_25_project_crop_structure,SEA03,CALCULATED_FROM_PRODUCTION_AND_HARVESTED_AREA
DST03,Balasore,CRP009,Rice,2019-20,Annual,15975.43,15354.08,47248.95,3.0772895543073893,synthetic_prototype,2024_25_project_crop_structure,SEA03,CALCULATED_FROM_PRODUCTION_AND_HARVESTED_AREA
DST03,Balasore,CRP009,Rice,2020-21,Annual,16581.22,15953.07,52028.43,3.2613428011034866,synthetic_prototype,2024_25_project_crop_structure,SEA03,CALCULATED_FROM_PRODUCTION_AND_HARVESTED_AREA
DST03,Balasore,CRP009,Rice,2021-22,Annual,17380.24,16814.85,55971.49,3.3286939818077474,synthetic_prototype,2024_25_project_crop_structure,SEA03,CALCULATED_FROM_PRODUCTION_AND_HARVESTED_AREA
DST03,Balasore,CRP009,Rice,2022-23,Annual,18202.73,17497.38,54335.45,3.105347772066446,synthetic_prototype,2024_25_project_crop_structure,SEA03,CALCULATED_FROM_PRODUCTION_AND_HARVESTED_AREA
DST03,Balasore,CRP009,Rice,2023-24,Annual,16580.36,16013.36,50839.73,3.1748321401629642,synthetic_prototype,2024_25_project_crop_structure,SEA03,CALCULATED_FROM_PRODUCTION_AND_HARVESTED_AREA
DST03,Balasore,CRP009,Rice,2024-25,Annual,16112.96,15460.16,47727.66,3.087138813569847,synthetic_prototype,2024_25_project_crop_structure,SEA03,CALCULATED_FROM_PRODUCTION_AND_HARVESTED_AREA
DST03,Balasore,CRP010,Sesamum,2015-16,Annual,4536.51,4354.67,1888.4,0.4336493924912795,synthetic_prototype,2024_25_project_crop_structure,SEA03,CALCULATED_FROM_PRODUCTION_AND_HARVESTED_AREA
DST03,Balasore,CRP010,Sesamum,2016-17,Annual,4585.37,4435.07,1967.04,0.44351949349164727,synthetic_prototype,2024_25_project_crop_structure,SEA03,CALCULATED_FROM_PRODUCTION_AND_HARVESTED_AREA
DST03,Balasore,CRP010,Sesamum,2017-18,Annual,4264.4,4138.92,1842.94,0.44527074695814367,synthetic_prototype,2024_25_project_crop_structure,SEA03,CALCULATED_FROM_PRODUCTION_AND_HARVESTED_AREA
DST03,Balasore,CRP010,Sesamum,2018-19,Annual,4171.49,4068.7,1962.34,0.4823014722147123,synthetic_prototype,2024_25_project_crop_structure,SEA03,CALCULATED_FROM_PRODUCTION_AND_HARVESTED_AREA
DST03,Balasore,CRP010,Sesamum,2019-20,Annual,4162.41,4046.56,1976.57,0.48845686212486655,synthetic_prototype,2024_25_project_crop_structure,SEA03,CALCULATED_FROM_PRODUCTION_AND_HARVESTED_AREA
DST03,Balasore,CRP010,Sesamum,2020-21,Annual,4599.82,4396.79,2308.66,0.5250785231953311,synthetic_prototype,2024_25_project_crop_structure,SEA03,CALCULATED_FROM_PRODUCTION_AND_HARVESTED_AREA
DST03,Balasore,CRP010,Sesamum,2021-22,Annual,4539.0,4409.36,2090.02,0.4739962262096994,synthetic_prototype,2024_25_project_crop_structure,SEA03,CALCULATED_FROM_PRODUCTION_AND_HARVESTED_AREA
DST03,Balasore,CRP010,Sesamum,2022-23,Annual,4468.03,4342.8,2044.82,0.4708529059592889,synthetic_prototype,2024_25_project_crop_structure,SEA03,CALCULATED_FROM_PRODUCTION_AND_HARVESTED_AREA
DST03,Balasore,CRP010,Sesamum,2023-24,Annual,4674.43,4556.92,2021.21,0.443547396048208,synthetic_prototype,2024_25_project_crop_structure,SEA03,CALCULATED_FROM_PRODUCTION_AND_HARVESTED_AREA
DST03,Balasore,CRP010,Sesamum,2024-25,Annual,4125.61,4041.75,1797.36,0.4446984598255706,synthetic_prototype,2024_25_project_crop_structure,SEA03,CALCULATED_FROM_PRODUCTION_AND_HARVESTED_AREA
DST03,Balasore,CRP012,Urad,2015-16,Annual,2908.08,2797.07,2055.44,0.734854687226276,synthetic_prototype,2024_25_project_crop_structure,SEA03,CALCULATED_FROM_PRODUCTION_AND_HARVESTED_AREA
DST03,Balasore,CRP012,Urad,2016-17,Annual,2757.49,2658.54,2275.95,0.8560901848382947,synthetic_prototype,2024_25_project_crop_structure,SEA03,CALCULATED_FROM_PRODUCTION_AND_HARVESTED_AREA
DST03,Balasore,CRP012,Urad,2017-18,Annual,2719.18,2611.65,2119.58,0.8115865449045622,synthetic_prototype,2024_25_project_crop_structure,SEA03,CALCULATED_FROM_PRODUCTION_AND_HARVESTED_AREA
DST03,Balasore,CRP012,Urad,2018-19,Annual,2652.6,2541.97,2163.07,0.8509423793357122,synthetic_prototype,2024_25_project_crop_structure,SEA03,CALCULATED_FROM_PRODUCTION_AND_HARVESTED_AREA
DST03,Balasore,CRP012,Urad,2019-20,Annual,2685.67,2629.33,2404.94,0.9146588674681383,synthetic_prototype,2024_25_project_crop_structure,SEA03,CALCULATED_FROM_PRODUCTION_AND_HARVESTED_AREA
DST03,Balasore,CRP012,Urad,2020-21,Annual,2672.52,2603.81,2139.24,0.8215806836904381,synthetic_prototype,2024_25_project_crop_structure,SEA03,CALCULATED_FROM_PRODUCTION_AND_HARVESTED_AREA
DST03,Balasore,CRP012,Urad,2021-22,Annual,2767.03,2685.6,2250.48,0.8379803395889187,synthetic_prototype,2024_25_project_crop_structure,SEA03,CALCULATED_FROM_PRODUCTION_AND_HARVESTED_AREA
DST03,Balasore,CRP012,Urad,2022-23,Annual,2776.03,2685.13,2178.62,0.8113648128768439,synthetic_prototype,2024_25_project_crop_structure,SEA03,CALCULATED_FROM_PRODUCTION_AND_HARVESTED_AREA
DST03,Balasore,CRP012,Urad,2023-24,Annual,2821.39,2760.88,2108.49,0.7637021529367447,synthetic_prototype,2024_25_project_crop_structure,SEA03,CALCULATED_FROM_PRODUCTION_AND_HARVESTED_AREA
DST03,Balasore,CRP012,Urad,2024-25,Annual,2663.73,2562.87,2115.7,0.825519827381022,synthetic_prototype,2024_25_project_crop_structure,SEA03,CALCULATED_FROM_PRODUCTION_AND_HARVESTED_AREA
DST03,Balasore,CRP002,Horse Gram,2015-16,Annual,4487.56,4294.01,3049.89,0.7102661614667873,synthetic_prototype,2024_25_project_crop_structure,SEA03,CALCULATED_FROM_PRODUCTION_AND_HARVESTED_AREA
DST03,Balasore,CRP002,Horse Gram,2016-17,Annual,4719.0,4508.57,3013.62,0.6684203638847794,synthetic_prototype,2024_25_project_crop_structure,SEA03,CALCULATED_FROM_PRODUCTION_AND_HARVESTED_AREA
DST03,Balasore,CRP002,Horse Gram,2017-18,Annual,4252.7,4128.86,2628.81,0.6366914838478418,synthetic_prototype,2024_25_project_crop_structure,SEA03,CALCULATED_FROM_PRODUCTION_AND_HARVESTED_AREA
DST03,Balasore,CRP002,Horse Gram,2018-19,Annual,4562.55,4374.42,2612.86,0.5973043283452435,synthetic_prototype,2024_25_project_crop_structure,SEA03,CALCULATED_FROM_PRODUCTION_AND_HARVESTED_AREA
DST03,Balasore,CRP002,Horse Gram,2019-20,Annual,4214.8,4059.27,2469.01,0.6082399052046304,synthetic_prototype,2024_25_project_crop_structure,SEA03,CALCULATED_FROM_PRODUCTION_AND_HARVESTED_AREA
DST03,Balasore,CRP002,Horse Gram,2020-21,Annual,4283.63,4112.51,2582.44,0.6279474092464212,synthetic_prototype,2024_25_project_crop_structure,SEA03,CALCULATED_FROM_PRODUCTION_AND_HARVESTED_AREA
DST03,Balasore,CRP002,Horse Gram,2021-22,Annual,4353.78,4203.05,2743.89,0.6528330617051902,synthetic_prototype,2024_25_project_crop_structure,SEA03,CALCULATED_FROM_PRODUCTION_AND_HARVESTED_AREA
DST03,Balasore,CRP002,Horse Gram,2022-23,Annual,4558.32,4423.59,3136.64,0.7090711390522177,synthetic_prototype,2024_25_project_crop_structure,SEA03,CALCULATED_FROM_PRODUCTION_AND_HARVESTED_AREA
DST03,Balasore,CRP002,Horse Gram,2023-24,Annual,4212.25,4077.68,2908.49,0.7132707814247317,synthetic_prototype,2024_25_project_crop_structure,SEA03,CALCULATED_FROM_PRODUCTION_AND_HARVESTED_AREA
DST03,Balasore,CRP002,Horse Gram,2024-25,Annual,4391.41,4288.44,2858.04,0.6664521364412235,synthetic_prototype,2024_25_project_crop_structure,SEA03,CALCULATED_FROM_PRODUCTION_AND_HARVESTED_AREA
DST03,Balasore,CRP006,Potato,2015-16,Annual,1720.84,1680.76,21326.7,12.688724148599444,synthetic_prototype,2024_25_project_crop_structure,SEA03,CALCULATED_FROM_PRODUCTION_AND_HARVESTED_AREA
DST03,Balasore,CRP006,Potato,2016-17,Annual,1758.26,1683.09,19723.07,11.718369190001724,synthetic_prototype,2024_25_project_crop_structure,SEA03,CALCULATED_FROM_PRODUCTION_AND_HARVESTED_AREA
DST03,Balasore,CRP006,Potato,2017-18,Annual,1658.12,1605.91,18750.11,11.675691663916409,synthetic_prototype,2024_25_project_crop_structure,SEA03,CALCULATED_FROM_PRODUCTION_AND_HARVESTED_AREA
DST03,Balasore,CRP006,Potato,2018-19,Annual,1707.74,1659.07,19252.14,11.60417583344886,synthetic_prototype,2024_25_project_crop_structure,SEA03,CALCULATED_FROM_PRODUCTION_AND_HARVESTED_AREA
DST03,Balasore,CRP006,Potato,2019-20,Annual,1582.55,1541.04,18393.43,11.935725224523699,synthetic_prototype,2024_25_project_crop_structure,SEA03,CALCULATED_FROM_PRODUCTION_AND_HARVESTED_AREA
DST03,Balasore,CRP006,Potato,2020-21,Annual,1713.52,1659.12,21326.09,12.85385626115049,synthetic_prototype,2024_25_project_crop_structure,SEA03,CALCULATED_FROM_PRODUCTION_AND_HARVESTED_AREA
DST03,Balasore,CRP006,Potato,2021-22,Annual,1674.1,1615.63,22164.87,13.719026014619683,synthetic_prototype,2024_25_project_crop_structure,SEA03,CALCULATED_FROM_PRODUCTION_AND_HARVESTED_AREA
DST03,Balasore,CRP006,Potato,2022-23,Annual,1844.78,1783.87,23587.81,13.222830138967527,synthetic_prototype,2024_25_project_crop_structure,SEA03,CALCULATED_FROM_PRODUCTION_AND_HARVESTED_AREA
DST03,Balasore,CRP006,Potato,2023-24,Annual,1706.42,1655.59,22103.41,13.350775252326965,synthetic_prototype,2024_25_project_crop_structure,SEA03,CALCULATED_FROM_PRODUCTION_AND_HARVESTED_AREA
DST03,Balasore,CRP006,Potato,2024-25,Annual,1645.31,1595.38,19999.75,12.53604157003347,synthetic_prototype,2024_25_project_crop_structure,SEA03,CALCULATED_FROM_PRODUCTION_AND_HARVESTED_AREA
DST03,Balasore,CRP008,Rapeseed &Mustard,2015-16,Annual,5743.8,5515.3,7888.7,1.4303301724294235,synthetic_prototype,2024_25_project_crop_structure,SEA03,CALCULATED_FROM_PRODUCTION_AND_HARVESTED_AREA
DST03,Balasore,CRP008,Rapeseed &Mustard,2016-17,Annual,5813.76,5658.25,7490.16,1.323759112799894,synthetic_prototype,2024_25_project_crop_structure,SEA03,CALCULATED_FROM_PRODUCTION_AND_HARVESTED_AREA
DST03,Balasore,CRP008,Rapeseed &Mustard,2017-18,Annual,5196.05,4996.4,6876.02,1.3761948602994158,synthetic_prototype,2024_25_project_crop_structure,SEA03,CALCULATED_FROM_PRODUCTION_AND_HARVESTED_AREA
DST03,Balasore,CRP008,Rapeseed &Mustard,2018-19,Annual,5350.82,5196.49,7185.26,1.3827141012491124,synthetic_prototype,2024_25_project_crop_structure,SEA03,CALCULATED_FROM_PRODUCTION_AND_HARVESTED_AREA
DST03,Balasore,CRP008,Rapeseed &Mustard,2019-20,Annual,5395.01,5205.74,7382.85,1.4182133567946154,synthetic_prototype,2024_25_project_crop_structure,SEA03,CALCULATED_FROM_PRODUCTION_AND_HARVESTED_AREA
DST03,Balasore,CRP008,Rapeseed &Mustard,2020-21,Annual,5324.08,5133.48,7741.54,1.5080491206744744,synthetic_prototype,2024_25_project_crop_structure,SEA03,CALCULATED_FROM_PRODUCTION_AND_HARVESTED_AREA
DST03,Balasore,CRP008,Rapeseed &Mustard,2021-22,Annual,5294.56,5139.1,7754.12,1.5088478527368605,synthetic_prototype,2024_25_project_crop_structure,SEA03,CALCULATED_FROM_PRODUCTION_AND_HARVESTED_AREA
DST03,Balasore,CRP008,Rapeseed &Mustard,2022-23,Annual,5556.42,5392.6,8453.86,1.5676779290138338,synthetic_prototype,2024_25_project_crop_structure,SEA03,CALCULATED_FROM_PRODUCTION_AND_HARVESTED_AREA
DST03,Balasore,CRP008,Rapeseed &Mustard,2023-24,Annual,5781.18,5563.09,8037.67,1.4448211335786407,synthetic_prototype,2024_25_project_crop_structure,SEA03,CALCULATED_FROM_PRODUCTION_AND_HARVESTED_AREA
DST03,Balasore,CRP008,Rapeseed &Mustard,2024-25,Annual,5434.13,5273.38,7299.47,1.384210885617953,synthetic_prototype,2024_25_project_crop_structure,SEA03,CALCULATED_FROM_PRODUCTION_AND_HARVESTED_AREA
DST03,Balasore,CRP011,Sugarcane,2015-16,Annual,8715.05,8516.93,520659.81,61.13233406873134,synthetic_prototype,2024_25_project_crop_structure,SEA03,CALCULATED_FROM_PRODUCTION_AND_HARVESTED_AREA
DST03,Balasore,CRP011,Sugarcane,2016-17,Annual,8667.74,8329.0,509307.56,61.148704526353704,synthetic_prototype,2024_25_project_crop_structure,SEA03,CALCULATED_FROM_PRODUCTION_AND_HARVESTED_AREA
DST03,Balasore,CRP011,Sugarcane,2017-18,Annual,8672.64,8285.8,524312.09,63.27839074078544,synthetic_prototype,2024_25_project_crop_structure,SEA03,CALCULATED_FROM_PRODUCTION_AND_HARVESTED_AREA
DST03,Balasore,CRP011,Sugarcane,2018-19,Annual,8384.87,8084.81,523689.88,64.77454386683175,synthetic_prototype,2024_25_project_crop_structure,SEA03,CALCULATED_FROM_PRODUCTION_AND_HARVESTED_AREA
DST03,Balasore,CRP011,Sugarcane,2019-20,Annual,8292.37,8098.84,535814.43,66.159404309753,synthetic_prototype,2024_25_project_crop_structure,SEA03,CALCULATED_FROM_PRODUCTION_AND_HARVESTED_AREA
DST03,Balasore,CRP011,Sugarcane,2020-21,Annual,8523.75,8340.11,565596.16,67.81639091091125,synthetic_prototype,2024_25_project_crop_structure,SEA03,CALCULATED_FROM_PRODUCTION_AND_HARVESTED_AREA
DST03,Balasore,CRP011,Sugarcane,2021-22,Annual,8899.71,8669.76,588876.84,67.92308437603809,synthetic_prototype,2024_25_project_crop_structure,SEA03,CALCULATED_FROM_PRODUCTION_AND_HARVESTED_AREA
DST03,Balasore,CRP011,Sugarcane,2022-23,Annual,8517.25,8266.55,547824.11,66.2699808263423,synthetic_prototype,2024_25_project_crop_structure,SEA03,CALCULATED_FROM_PRODUCTION_AND_HARVESTED_AREA
DST03,Balasore,CRP011,Sugarcane,2023-24,Annual,9082.62,8891.71,582069.61,65.46205510526097,synthetic_prototype,2024_25_project_crop_structure,SEA03,CALCULATED_FROM_PRODUCTION_AND_HARVESTED_AREA
DST03,Balasore,CRP011,Sugarcane,2024-25,Annual,8649.91,8335.98,489646.36,58.73890772290721,synthetic_prototype,2024_25_project_crop_structure,SEA03,CALCULATED_FROM_PRODUCTION_AND_HARVESTED_AREA
DST03,Balasore,CRP003,Jute,2015-16,Annual,1646.74,1608.63,4409.64,2.7412394397717312,synthetic_prototype,2024_25_project_crop_structure,SEA03,CALCULATED_FROM_PRODUCTION_AND_HARVESTED_AREA
DST03,Balasore,CRP003,Jute,2016-17,Annual,1671.39,1596.22,4257.55,2.667270175790305,synthetic_prototype,2024_25_project_crop_structure,SEA03,CALCULATED_FROM_PRODUCTION_AND_HARVESTED_AREA
DST03,Balasore,CRP003,Jute,2017-18,Annual,1641.97,1574.45,4098.96,2.6034234177014195,synthetic_prototype,2024_25_project_crop_structure,SEA03,CALCULATED_FROM_PRODUCTION_AND_HARVESTED_AREA
DST03,Balasore,CRP003,Jute,2018-19,Annual,1714.5,1675.9,4374.83,2.610436183543171,synthetic_prototype,2024_25_project_crop_structure,SEA03,CALCULATED_FROM_PRODUCTION_AND_HARVESTED_AREA
DST03,Balasore,CRP003,Jute,2019-20,Annual,1535.59,1504.48,3640.66,2.4198792938423908,synthetic_prototype,2024_25_project_crop_structure,SEA03,CALCULATED_FROM_PRODUCTION_AND_HARVESTED_AREA
DST03,Balasore,CRP003,Jute,2020-21,Annual,1609.33,1561.23,4036.9,2.5857176713232515,synthetic_prototype,2024_25_project_crop_structure,SEA03,CALCULATED_FROM_PRODUCTION_AND_HARVESTED_AREA
DST03,Balasore,CRP003,Jute,2021-22,Annual,1629.67,1567.45,4281.04,2.7312131168458325,synthetic_prototype,2024_25_project_crop_structure,SEA03,CALCULATED_FROM_PRODUCTION_AND_HARVESTED_AREA
DST03,Balasore,CRP003,Jute,2022-23,Annual,1705.84,1632.12,4448.04,2.7253143151238883,synthetic_prototype,2024_25_project_crop_structure,SEA03,CALCULATED_FROM_PRODUCTION_AND_HARVESTED_AREA
DST03,Balasore,CRP003,Jute,2023-24,Annual,1702.22,1645.67,4539.96,2.758730486671082,synthetic_prototype,2024_25_project_crop_structure,SEA03,CALCULATED_FROM_PRODUCTION_AND_HARVESTED_AREA
DST03,Balasore,CRP003,Jute,2024-25,Annual,1642.44,1572.74,4496.76,2.8591884227526485,synthetic_prototype,2024_25_project_crop_structure,SEA03,CALCULATED_FROM_PRODUCTION_AND_HARVESTED_AREA
DST03,Balasore,CRP013,Wheat,2015-16,Annual,1139.96,1089.08,2095.34,1.9239541631468766,synthetic_prototype,2024_25_project_crop_structure,SEA03,CALCULATED_FROM_PRODUCTION_AND_HARVESTED_AREA
DST03,Balasore,CRP013,Wheat,2016-17,Annual,1133.88,1110.25,2222.55,2.001846430984013,synthetic_prototype,2024_25_project_crop_structure,SEA03,CALCULATED_FROM_PRODUCTION_AND_HARVESTED_AREA
DST03,Balasore,CRP013,Wheat,2017-18,Annual,1081.23,1034.55,2245.72,2.170721569764632,synthetic_prototype,2024_25_project_crop_structure,SEA03,CALCULATED_FROM_PRODUCTION_AND_HARVESTED_AREA
DST03,Balasore,CRP013,Wheat,2018-19,Annual,1076.1,1047.43,2262.65,2.1601920892088255,synthetic_prototype,2024_25_project_crop_structure,SEA03,CALCULATED_FROM_PRODUCTION_AND_HARVESTED_AREA
DST03,Balasore,CRP013,Wheat,2019-20,Annual,1082.28,1034.05,2175.13,2.1035056331898847,synthetic_prototype,2024_25_project_crop_structure,SEA03,CALCULATED_FROM_PRODUCTION_AND_HARVESTED_AREA
DST03,Balasore,CRP013,Wheat,2020-21,Annual,1049.28,1014.89,2203.25,2.1709249278246903,synthetic_prototype,2024_25_project_crop_structure,SEA03,CALCULATED_FROM_PRODUCTION_AND_HARVESTED_AREA
DST03,Balasore,CRP013,Wheat,2021-22,Annual,1065.85,1030.59,2020.48,1.9605080584907677,synthetic_prototype,2024_25_project_crop_structure,SEA03,CALCULATED_FROM_PRODUCTION_AND_HARVESTED_AREA
DST03,Balasore,CRP013,Wheat,2022-23,Annual,1109.63,1080.43,2060.56,1.9071665910794775,synthetic_prototype,2024_25_project_crop_structure,SEA03,CALCULATED_FROM_PRODUCTION_AND_HARVESTED_AREA
DST03,Balasore,CRP013,Wheat,2023-24,Annual,1138.49,1093.42,2249.74,2.057525927822794,synthetic_prototype,2024_25_project_crop_structure,SEA03,CALCULATED_FROM_PRODUCTION_AND_HARVESTED_AREA
DST03,Balasore,CRP013,Wheat,2024-25,Annual,1125.93,1084.4,2158.04,1.9900774621910733,synthetic_prototype,2024_25_project_crop_structure,SEA03,CALCULATED_FROM_PRODUCTION_AND_HARVESTED_AREA
DST04,Bargarh,CRP001,Groundnut,2015-16,Annual,6675.73,6422.59,13408.79,2.0877543171835664,synthetic_prototype,2024_25_project_crop_structure,SEA03,CALCULATED_FROM_PRODUCTION_AND_HARVESTED_AREA
DST04,Bargarh,CRP001,Groundnut,2016-17,Annual,6931.73,6637.29,14286.86,2.152514053175317,synthetic_prototype,2024_25_project_crop_structure,SEA03,CALCULATED_FROM_PRODUCTION_AND_HARVESTED_AREA
DST04,Bargarh,CRP001,Groundnut,2017-18,Annual,6185.17,5977.47,11999.49,2.007452985962288,synthetic_prototype,2024_25_project_crop_structure,SEA03,CALCULATED_FROM_PRODUCTION_AND_HARVESTED_AREA
DST04,Bargarh,CRP001,Groundnut,2018-19,Annual,6373.79,6122.86,12148.25,1.9840809686976348,synthetic_prototype,2024_25_project_crop_structure,SEA03,CALCULATED_FROM_PRODUCTION_AND_HARVESTED_AREA
DST04,Bargarh,CRP001,Groundnut,2019-20,Annual,5897.13,5673.77,10219.46,1.8011762901915302,synthetic_prototype,2024_25_project_crop_structure,SEA03,CALCULATED_FROM_PRODUCTION_AND_HARVESTED_AREA
DST04,Bargarh,CRP001,Groundnut,2020-21,Annual,6269.15,6102.36,11464.81,1.878750188451681,synthetic_prototype,2024_25_project_crop_structure,SEA03,CALCULATED_FROM_PRODUCTION_AND_HARVESTED_AREA
DST04,Bargarh,CRP001,Groundnut,2021-22,Annual,6519.17,6304.69,12385.93,1.9645581305345705,synthetic_prototype,2024_25_project_crop_structure,SEA03,CALCULATED_FROM_PRODUCTION_AND_HARVESTED_AREA
DST04,Bargarh,CRP001,Groundnut,2022-23,Annual,6359.87,6143.39,12073.13,1.965222784163141,synthetic_prototype,2024_25_project_crop_structure,SEA03,CALCULATED_FROM_PRODUCTION_AND_HARVESTED_AREA
DST04,Bargarh,CRP001,Groundnut,2023-24,Annual,6608.21,6409.75,13628.18,2.12616404695971,synthetic_prototype,2024_25_project_crop_structure,SEA03,CALCULATED_FROM_PRODUCTION_AND_HARVESTED_AREA
DST04,Bargarh,CRP001,Groundnut,2024-25,Annual,6485.08,6298.77,12574.46,1.9963357925436234,synthetic_prototype,2024_25_project_crop_structure,SEA03,CALCULATED_FROM_PRODUCTION_AND_HARVESTED_AREA
DST04,Bargarh,CRP004,Maize,2015-16,Annual,2696.2,2631.56,6254.89,2.3768753135022576,synthetic_prototype,2024_25_project_crop_structure,SEA03,CALCULATED_FROM_PRODUCTION_AND_HARVESTED_AREA
DST04,Bargarh,CRP004,Maize,2016-17,Annual,2638.7,2567.7,5880.03,2.28999883163921,synthetic_prototype,2024_25_project_crop_structure,SEA03,CALCULATED_FROM_PRODUCTION_AND_HARVESTED_AREA
DST04,Bargarh,CRP004,Maize,2017-18,Annual,2534.85,2443.71,5504.75,2.25261999173388,synthetic_prototype,2024_25_project_crop_structure,SEA03,CALCULATED_FROM_PRODUCTION_AND_HARVESTED_AREA
DST04,Bargarh,CRP004,Maize,2018-19,Annual,2476.33,2399.9,5197.57,2.165744406016917,synthetic_prototype,2024_25_project_crop_structure,SEA03,CALCULATED_FROM_PRODUCTION_AND_HARVESTED_AREA
DST04,Bargarh,CRP004,Maize,2019-20,Annual,2506.15,2401.99,5242.13,2.1824112506713185,synthetic_prototype,2024_25_project_crop_structure,SEA03,CALCULATED_FROM_PRODUCTION_AND_HARVESTED_AREA
DST04,Bargarh,CRP004,Maize,2020-21,Annual,2505.92,2449.46,5728.11,2.3385195104227052,synthetic_prototype,2024_25_project_crop_structure,SEA03,CALCULATED_FROM_PRODUCTION_AND_HARVESTED_AREA
DST04,Bargarh,CRP004,Maize,2021-22,Annual,2555.68,2459.74,5644.73,2.294848235992422,synthetic_prototype,2024_25_project_crop_structure,SEA03,CALCULATED_FROM_PRODUCTION_AND_HARVESTED_AREA
DST04,Bargarh,CRP004,Maize,2022-23,Annual,2650.44,2589.84,6593.33,2.545844530936274,synthetic_prototype,2024_25_project_crop_structure,SEA03,CALCULATED_FROM_PRODUCTION_AND_HARVESTED_AREA
DST04,Bargarh,CRP004,Maize,2023-24,Annual,2659.39,2564.94,6641.58,2.5893705115909142,synthetic_prototype,2024_25_project_crop_structure,SEA03,CALCULATED_FROM_PRODUCTION_AND_HARVESTED_AREA
DST04,Bargarh,CRP004,Maize,2024-25,Annual,2548.94,2448.73,6043.68,2.4680875392550425,synthetic_prototype,2024_25_project_crop_structure,SEA03,CALCULATED_FROM_PRODUCTION_AND_HARVESTED_AREA
DST04,Bargarh,CRP005,Moong(Green Gram),2015-16,Annual,5028.14,4886.31,4856.05,0.9938071878370386,synthetic_prototype,2024_25_project_crop_structure,SEA03,CALCULATED_FROM_PRODUCTION_AND_HARVESTED_AREA
DST04,Bargarh,CRP005,Moong(Green Gram),2016-17,Annual,5418.24,5297.41,4990.55,0.9420735793529291,synthetic_prototype,2024_25_project_crop_structure,SEA03,CALCULATED_FROM_PRODUCTION_AND_HARVESTED_AREA
DST04,Bargarh,CRP005,Moong(Green Gram),2017-18,Annual,4917.62,4731.39,4543.81,0.9603541453991322,synthetic_prototype,2024_25_project_crop_structure,SEA03,CALCULATED_FROM_PRODUCTION_AND_HARVESTED_AREA
DST04,Bargarh,CRP005,Moong(Green Gram),2018-19,Annual,4592.24,4430.51,4105.93,0.926739810992414,synthetic_prototype,2024_25_project_crop_structure,SEA03,CALCULATED_FROM_PRODUCTION_AND_HARVESTED_AREA
DST04,Bargarh,CRP005,Moong(Green Gram),2019-20,Annual,4883.83,4699.97,4384.42,0.9328612735825973,synthetic_prototype,2024_25_project_crop_structure,SEA03,CALCULATED_FROM_PRODUCTION_AND_HARVESTED_AREA
DST04,Bargarh,CRP005,Moong(Green Gram),2020-21,Annual,4975.39,4839.43,4313.55,0.8913343100323798,synthetic_prototype,2024_25_project_crop_structure,SEA03,CALCULATED_FROM_PRODUCTION_AND_HARVESTED_AREA
DST04,Bargarh,CRP005,Moong(Green Gram),2021-22,Annual,5030.95,4882.8,4308.82,0.8824485950684032,synthetic_prototype,2024_25_project_crop_structure,SEA03,CALCULATED_FROM_PRODUCTION_AND_HARVESTED_AREA
DST04,Bargarh,CRP005,Moong(Green Gram),2022-23,Annual,5190.32,4997.86,4665.56,0.9335115429403786,synthetic_prototype,2024_25_project_crop_structure,SEA03,CALCULATED_FROM_PRODUCTION_AND_HARVESTED_AREA
DST04,Bargarh,CRP005,Moong(Green Gram),2023-24,Annual,5113.55,4941.28,4764.14,0.9641509892173689,synthetic_prototype,2024_25_project_crop_structure,SEA03,CALCULATED_FROM_PRODUCTION_AND_HARVESTED_AREA
DST04,Bargarh,CRP005,Moong(Green Gram),2024-25,Annual,4976.81,4869.02,4782.53,0.982236671855938,synthetic_prototype,2024_25_project_crop_structure,SEA03,CALCULATED_FROM_PRODUCTION_AND_HARVESTED_AREA
DST04,Bargarh,CRP007,Ragi,2015-16,Annual,7092.0,6805.46,6238.3,0.9166610339345173,synthetic_prototype,2024_25_project_crop_structure,SEA03,CALCULATED_FROM_PRODUCTION_AND_HARVESTED_AREA
DST04,Bargarh,CRP007,Ragi,2016-17,Annual,6897.88,6634.99,5930.11,0.8937632159204459,synthetic_prototype,2024_25_project_crop_structure,SEA03,CALCULATED_FROM_PRODUCTION_AND_HARVESTED_AREA
DST04,Bargarh,CRP007,Ragi,2017-18,Annual,6353.54,6101.34,5066.93,0.8304618329743958,synthetic_prototype,2024_25_project_crop_structure,SEA03,CALCULATED_FROM_PRODUCTION_AND_HARVESTED_AREA
DST04,Bargarh,CRP007,Ragi,2018-19,Annual,6624.37,6450.81,5888.36,0.9128093991297216,synthetic_prototype,2024_25_project_crop_structure,SEA03,CALCULATED_FROM_PRODUCTION_AND_HARVESTED_AREA
DST04,Bargarh,CRP007,Ragi,2019-20,Annual,6412.49,6264.21,5500.13,0.8780245234434989,synthetic_prototype,2024_25_project_crop_structure,SEA03,CALCULATED_FROM_PRODUCTION_AND_HARVESTED_AREA
DST04,Bargarh,CRP007,Ragi,2020-21,Annual,6745.71,6509.55,6556.91,1.0072754645098354,synthetic_prototype,2024_25_project_crop_structure,SEA03,CALCULATED_FROM_PRODUCTION_AND_HARVESTED_AREA
DST04,Bargarh,CRP007,Ragi,2021-22,Annual,6712.5,6552.88,6612.91,1.0091608575160844,synthetic_prototype,2024_25_project_crop_structure,SEA03,CALCULATED_FROM_PRODUCTION_AND_HARVESTED_AREA
DST04,Bargarh,CRP007,Ragi,2022-23,Annual,7047.12,6893.26,6902.93,1.0014028195657787,synthetic_prototype,2024_25_project_crop_structure,SEA03,CALCULATED_FROM_PRODUCTION_AND_HARVESTED_AREA
DST04,Bargarh,CRP007,Ragi,2023-24,Annual,6672.13,6406.94,6005.78,0.9373866463553584,synthetic_prototype,2024_25_project_crop_structure,SEA03,CALCULATED_FROM_PRODUCTION_AND_HARVESTED_AREA
DST04,Bargarh,CRP007,Ragi,2024-25,Annual,6869.83,6696.66,5904.96,0.8817768857908271,synthetic_prototype,2024_25_project_crop_structure,SEA03,CALCULATED_FROM_PRODUCTION_AND_HARVESTED_AREA
DST04,Bargarh,CRP009,Rice,2015-16,Annual,30074.98,29262.61,83845.1,2.8652638981963676,synthetic_prototype,2024_25_project_crop_structure,SEA03,CALCULATED_FROM_PRODUCTION_AND_HARVESTED_AREA
DST04,Bargarh,CRP009,Rice,2016-17,Annual,29094.74,28459.67,77235.42,2.7138550798375385,synthetic_prototype,2024_25_project_crop_structure,SEA03,CALCULATED_FROM_PRODUCTION_AND_HARVESTED_AREA
DST04,Bargarh,CRP009,Rice,2017-18,Annual,29722.79,28690.85,79099.12,2.756945855560222,synthetic_prototype,2024_25_project_crop_structure,SEA03,CALCULATED_FROM_PRODUCTION_AND_HARVESTED_AREA
DST04,Bargarh,CRP009,Rice,2018-19,Annual,29426.12,28708.57,80793.99,2.814281240758422,synthetic_prototype,2024_25_project_crop_structure,SEA03,CALCULATED_FROM_PRODUCTION_AND_HARVESTED_AREA
DST04,Bargarh,CRP009,Rice,2019-20,Annual,28353.26,27205.02,77452.86,2.8470061775363518,synthetic_prototype,2024_25_project_crop_structure,SEA03,CALCULATED_FROM_PRODUCTION_AND_HARVESTED_AREA
DST04,Bargarh,CRP009,Rice,2020-21,Annual,28660.22,27834.71,87873.17,3.156963733410551,synthetic_prototype,2024_25_project_crop_structure,SEA03,CALCULATED_FROM_PRODUCTION_AND_HARVESTED_AREA
DST04,Bargarh,CRP009,Rice,2021-22,Annual,29854.34,28882.48,84779.31,2.935319612443253,synthetic_prototype,2024_25_project_crop_structure,SEA03,CALCULATED_FROM_PRODUCTION_AND_HARVESTED_AREA
DST04,Bargarh,CRP009,Rice,2022-23,Annual,31476.32,30388.37,85643.85,2.8183100969219477,synthetic_prototype,2024_25_project_crop_structure,SEA03,CALCULATED_FROM_PRODUCTION_AND_HARVESTED_AREA
DST04,Bargarh,CRP009,Rice,2023-24,Annual,30625.11,29492.87,87666.91,2.9724780938579394,synthetic_prototype,2024_25_project_crop_structure,SEA03,CALCULATED_FROM_PRODUCTION_AND_HARVESTED_AREA
DST04,Bargarh,CRP009,Rice,2024-25,Annual,30699.06,29838.61,84894.03,2.8451067258159815,synthetic_prototype,2024_25_project_crop_structure,SEA03,CALCULATED_FROM_PRODUCTION_AND_HARVESTED_AREA
DST04,Bargarh,CRP010,Sesamum,2015-16,Annual,4375.04,4245.92,1583.28,0.3728944492595244,synthetic_prototype,2024_25_project_crop_structure,SEA03,CALCULATED_FROM_PRODUCTION_AND_HARVESTED_AREA
DST04,Bargarh,CRP010,Sesamum,2016-17,Annual,4350.48,4257.68,1645.71,0.38652740459593016,synthetic_prototype,2024_25_project_crop_structure,SEA03,CALCULATED_FROM_PRODUCTION_AND_HARVESTED_AREA
DST04,Bargarh,CRP010,Sesamum,2017-18,Annual,3971.83,3823.83,1477.48,0.38638747015426944,synthetic_prototype,2024_25_project_crop_structure,SEA03,CALCULATED_FROM_PRODUCTION_AND_HARVESTED_AREA
DST04,Bargarh,CRP010,Sesamum,2018-19,Annual,3847.06,3683.4,1409.15,0.3825677363305642,synthetic_prototype,2024_25_project_crop_structure,SEA03,CALCULATED_FROM_PRODUCTION_AND_HARVESTED_AREA
DST04,Bargarh,CRP010,Sesamum,2019-20,Annual,4036.43,3862.85,1701.84,0.44056590341328294,synthetic_prototype,2024_25_project_crop_structure,SEA03,CALCULATED_FROM_PRODUCTION_AND_HARVESTED_AREA
DST04,Bargarh,CRP010,Sesamum,2020-21,Annual,4099.24,3976.06,1754.29,0.44121316076719164,synthetic_prototype,2024_25_project_crop_structure,SEA03,CALCULATED_FROM_PRODUCTION_AND_HARVESTED_AREA
DST04,Bargarh,CRP010,Sesamum,2021-22,Annual,4321.94,4139.67,1794.1,0.4333920336645191,synthetic_prototype,2024_25_project_crop_structure,SEA03,CALCULATED_FROM_PRODUCTION_AND_HARVESTED_AREA
DST04,Bargarh,CRP010,Sesamum,2022-23,Annual,4343.69,4198.15,1782.63,0.4246227504972429,synthetic_prototype,2024_25_project_crop_structure,SEA03,CALCULATED_FROM_PRODUCTION_AND_HARVESTED_AREA
DST04,Bargarh,CRP010,Sesamum,2023-24,Annual,4349.31,4212.11,1630.29,0.3870482964594942,synthetic_prototype,2024_25_project_crop_structure,SEA03,CALCULATED_FROM_PRODUCTION_AND_HARVESTED_AREA
DST04,Bargarh,CRP010,Sesamum,2024-25,Annual,3987.77,3842.71,1438.61,0.3743738143133361,synthetic_prototype,2024_25_project_crop_structure,SEA03,CALCULATED_FROM_PRODUCTION_AND_HARVESTED_AREA
DST04,Bargarh,CRP012,Urad,2015-16,Annual,930.18,905.64,743.5,0.8209663884104059,synthetic_prototype,2024_25_project_crop_structure,SEA03,CALCULATED_FROM_PRODUCTION_AND_HARVESTED_AREA
DST04,Bargarh,CRP012,Urad,2016-17,Annual,927.06,890.52,700.04,0.786102501908997,synthetic_prototype,2024_25_project_crop_structure,SEA03,CALCULATED_FROM_PRODUCTION_AND_HARVESTED_AREA
DST04,Bargarh,CRP012,Urad,2017-18,Annual,864.24,842.61,745.27,0.8844779910041418,synthetic_prototype,2024_25_project_crop_structure,SEA03,CALCULATED_FROM_PRODUCTION_AND_HARVESTED_AREA
DST04,Bargarh,CRP012,Urad,2018-19,Annual,858.15,837.78,756.75,0.9032800974002722,synthetic_prototype,2024_25_project_crop_structure,SEA03,CALCULATED_FROM_PRODUCTION_AND_HARVESTED_AREA
DST04,Bargarh,CRP012,Urad,2019-20,Annual,853.8,835.57,756.12,0.9049152075828476,synthetic_prototype,2024_25_project_crop_structure,SEA03,CALCULATED_FROM_PRODUCTION_AND_HARVESTED_AREA
DST04,Bargarh,CRP012,Urad,2020-21,Annual,849.6,816.73,720.73,0.8824580950865035,synthetic_prototype,2024_25_project_crop_structure,SEA03,CALCULATED_FROM_PRODUCTION_AND_HARVESTED_AREA
DST04,Bargarh,CRP012,Urad,2021-22,Annual,897.18,859.41,753.89,0.8772180914813651,synthetic_prototype,2024_25_project_crop_structure,SEA03,CALCULATED_FROM_PRODUCTION_AND_HARVESTED_AREA
DST04,Bargarh,CRP012,Urad,2022-23,Annual,940.52,900.6,727.24,0.8075061070397512,synthetic_prototype,2024_25_project_crop_structure,SEA03,CALCULATED_FROM_PRODUCTION_AND_HARVESTED_AREA
DST04,Bargarh,CRP012,Urad,2023-24,Annual,880.5,842.07,673.88,0.8002660111392164,synthetic_prototype,2024_25_project_crop_structure,SEA03,CALCULATED_FROM_PRODUCTION_AND_HARVESTED_AREA
DST04,Bargarh,CRP012,Urad,2024-25,Annual,897.52,862.25,736.5,0.8541606262684837,synthetic_prototype,2024_25_project_crop_structure,SEA03,CALCULATED_FROM_PRODUCTION_AND_HARVESTED_AREA
DST04,Bargarh,CRP002,Horse Gram,2015-16,Annual,5357.48,5243.61,4045.52,0.7715142811917745,synthetic_prototype,2024_25_project_crop_structure,SEA03,CALCULATED_FROM_PRODUCTION_AND_HARVESTED_AREA
DST04,Bargarh,CRP002,Horse Gram,2016-17,Annual,5002.06,4900.35,3975.6,0.8112889895619699,synthetic_prototype,2024_25_project_crop_structure,SEA03,CALCULATED_FROM_PRODUCTION_AND_HARVESTED_AREA
DST04,Bargarh,CRP002,Horse Gram,2017-18,Annual,4714.19,4513.86,3262.66,0.7228093029026155,synthetic_prototype,2024_25_project_crop_structure,SEA03,CALCULATED_FROM_PRODUCTION_AND_HARVESTED_AREA
DST04,Bargarh,CRP002,Horse Gram,2018-19,Annual,4558.35,4458.68,3371.39,0.7561408309185678,synthetic_prototype,2024_25_project_crop_structure,SEA03,CALCULATED_FROM_PRODUCTION_AND_HARVESTED_AREA
DST04,Bargarh,CRP002,Horse Gram,2019-20,Annual,4940.2,4786.1,3318.85,0.6934351559725036,synthetic_prototype,2024_25_project_crop_structure,SEA03,CALCULATED_FROM_PRODUCTION_AND_HARVESTED_AREA
DST04,Bargarh,CRP002,Horse Gram,2020-21,Annual,4961.6,4752.75,3617.44,0.7611256640892116,synthetic_prototype,2024_25_project_crop_structure,SEA03,CALCULATED_FROM_PRODUCTION_AND_HARVESTED_AREA
DST04,Bargarh,CRP002,Horse Gram,2021-22,Annual,4893.25,4783.41,3738.04,0.7814592518726181,synthetic_prototype,2024_25_project_crop_structure,SEA03,CALCULATED_FROM_PRODUCTION_AND_HARVESTED_AREA
DST04,Bargarh,CRP002,Horse Gram,2022-23,Annual,4944.07,4733.18,3444.01,0.7276313176342333,synthetic_prototype,2024_25_project_crop_structure,SEA03,CALCULATED_FROM_PRODUCTION_AND_HARVESTED_AREA
DST04,Bargarh,CRP002,Horse Gram,2023-24,Annual,4972.91,4805.0,3871.45,0.8057127991675338,synthetic_prototype,2024_25_project_crop_structure,SEA03,CALCULATED_FROM_PRODUCTION_AND_HARVESTED_AREA
DST04,Bargarh,CRP002,Horse Gram,2024-25,Annual,4939.13,4772.22,3708.25,0.7770492559018654,synthetic_prototype,2024_25_project_crop_structure,SEA03,CALCULATED_FROM_PRODUCTION_AND_HARVESTED_AREA
DST04,Bargarh,CRP006,Potato,2015-16,Annual,4885.79,4733.53,93910.55,19.839432727795113,synthetic_prototype,2024_25_project_crop_structure,SEA03,CALCULATED_FROM_PRODUCTION_AND_HARVESTED_AREA
DST04,Bargarh,CRP006,Potato,2016-17,Annual,4754.93,4544.1,92818.49,20.42615479412865,synthetic_prototype,2024_25_project_crop_structure,SEA03,CALCULATED_FROM_PRODUCTION_AND_HARVESTED_AREA
DST04,Bargarh,CRP006,Potato,2017-18,Annual,4564.77,4470.59,88095.71,19.705611563574383,synthetic_prototype,2024_25_project_crop_structure,SEA03,CALCULATED_FROM_PRODUCTION_AND_HARVESTED_AREA
DST04,Bargarh,CRP006,Potato,2018-19,Annual,4383.93,4268.13,80169.09,18.783188422095858,synthetic_prototype,2024_25_project_crop_structure,SEA03,CALCULATED_FROM_PRODUCTION_AND_HARVESTED_AREA
DST04,Bargarh,CRP006,Potato,2019-20,Annual,4650.86,4484.52,94869.57,21.154899521018972,synthetic_prototype,2024_25_project_crop_structure,SEA03,CALCULATED_FROM_PRODUCTION_AND_HARVESTED_AREA
DST04,Bargarh,CRP006,Potato,2020-21,Annual,4619.34,4499.73,90674.61,20.151122400677377,synthetic_prototype,2024_25_project_crop_structure,SEA03,CALCULATED_FROM_PRODUCTION_AND_HARVESTED_AREA
DST04,Bargarh,CRP006,Potato,2021-22,Annual,4684.32,4474.83,96659.44,21.60069544541357,synthetic_prototype,2024_25_project_crop_structure,SEA03,CALCULATED_FROM_PRODUCTION_AND_HARVESTED_AREA
DST04,Bargarh,CRP006,Potato,2022-23,Annual,4969.2,4792.87,97871.26,20.42017830652615,synthetic_prototype,2024_25_project_crop_structure,SEA03,CALCULATED_FROM_PRODUCTION_AND_HARVESTED_AREA
DST04,Bargarh,CRP006,Potato,2023-24,Annual,4838.09,4705.67,92573.37,19.672728856889666,synthetic_prototype,2024_25_project_crop_structure,SEA03,CALCULATED_FROM_PRODUCTION_AND_HARVESTED_AREA
DST04,Bargarh,CRP006,Potato,2024-25,Annual,4725.36,4574.08,92436.0,20.2086539806912,synthetic_prototype,2024_25_project_crop_structure,SEA03,CALCULATED_FROM_PRODUCTION_AND_HARVESTED_AREA
DST04,Bargarh,CRP008,Rapeseed &Mustard,2015-16,Annual,5334.07,5156.01,6285.32,1.2190278917224753,synthetic_prototype,2024_25_project_crop_structure,SEA03,CALCULATED_FROM_PRODUCTION_AND_HARVESTED_AREA
DST04,Bargarh,CRP008,Rapeseed &Mustard,2016-17,Annual,5536.07,5298.68,6005.47,1.1333898253904746,synthetic_prototype,2024_25_project_crop_structure,SEA03,CALCULATED_FROM_PRODUCTION_AND_HARVESTED_AREA
DST04,Bargarh,CRP008,Rapeseed &Mustard,2017-18,Annual,5779.83,5576.36,6652.21,1.1929305138118773,synthetic_prototype,2024_25_project_crop_structure,SEA03,CALCULATED_FROM_PRODUCTION_AND_HARVESTED_AREA
DST04,Bargarh,CRP008,Rapeseed &Mustard,2018-19,Annual,5429.92,5211.79,6144.34,1.1789308471753468,synthetic_prototype,2024_25_project_crop_structure,SEA03,CALCULATED_FROM_PRODUCTION_AND_HARVESTED_AREA
DST04,Bargarh,CRP008,Rapeseed &Mustard,2019-20,Annual,5508.53,5361.21,6608.13,1.232581823879311,synthetic_prototype,2024_25_project_crop_structure,SEA03,CALCULATED_FROM_PRODUCTION_AND_HARVESTED_AREA
DST04,Bargarh,CRP008,Rapeseed &Mustard,2020-21,Annual,5482.19,5344.16,7068.42,1.322643783120266,synthetic_prototype,2024_25_project_crop_structure,SEA03,CALCULATED_FROM_PRODUCTION_AND_HARVESTED_AREA
DST04,Bargarh,CRP008,Rapeseed &Mustard,2021-22,Annual,5325.57,5127.81,6739.74,1.314350570711473,synthetic_prototype,2024_25_project_crop_structure,SEA03,CALCULATED_FROM_PRODUCTION_AND_HARVESTED_AREA
DST04,Bargarh,CRP008,Rapeseed &Mustard,2022-23,Annual,5660.16,5432.89,6627.31,1.2198498405084586,synthetic_prototype,2024_25_project_crop_structure,SEA03,CALCULATED_FROM_PRODUCTION_AND_HARVESTED_AREA
DST04,Bargarh,CRP008,Rapeseed &Mustard,2023-24,Annual,5854.64,5691.68,6535.17,1.1481970174008376,synthetic_prototype,2024_25_project_crop_structure,SEA03,CALCULATED_FROM_PRODUCTION_AND_HARVESTED_AREA
DST04,Bargarh,CRP008,Rapeseed &Mustard,2024-25,Annual,5569.59,5441.76,6716.88,1.234321249007674,synthetic_prototype,2024_25_project_crop_structure,SEA03,CALCULATED_FROM_PRODUCTION_AND_HARVESTED_AREA
DST04,Bargarh,CRP011,Sugarcane,2015-16,Annual,8015.61,7847.85,523659.56,66.72649961454411,synthetic_prototype,2024_25_project_crop_structure,SEA03,CALCULATED_FROM_PRODUCTION_AND_HARVESTED_AREA
DST04,Bargarh,CRP011,Sugarcane,2016-17,Annual,8594.09,8210.38,568784.77,69.27630268026572,synthetic_prototype,2024_25_project_crop_structure,SEA03,CALCULATED_FROM_PRODUCTION_AND_HARVESTED_AREA
DST04,Bargarh,CRP011,Sugarcane,2017-18,Annual,8131.36,7805.09,522938.96,66.99973478845216,synthetic_prototype,2024_25_project_crop_structure,SEA03,CALCULATED_FROM_PRODUCTION_AND_HARVESTED_AREA
DST04,Bargarh,CRP011,Sugarcane,2018-19,Annual,7277.29,6970.52,496371.66,71.21013353379661,synthetic_prototype,2024_25_project_crop_structure,SEA03,CALCULATED_FROM_PRODUCTION_AND_HARVESTED_AREA
DST04,Bargarh,CRP011,Sugarcane,2019-20,Annual,7267.41,7084.39,504684.2,71.23890694893986,synthetic_prototype,2024_25_project_crop_structure,SEA03,CALCULATED_FROM_PRODUCTION_AND_HARVESTED_AREA
DST04,Bargarh,CRP011,Sugarcane,2020-21,Annual,7707.07,7533.72,557471.64,73.9968621079626,synthetic_prototype,2024_25_project_crop_structure,SEA03,CALCULATED_FROM_PRODUCTION_AND_HARVESTED_AREA
DST04,Bargarh,CRP011,Sugarcane,2021-22,Annual,8138.46,7892.53,571105.6,72.36026977407751,synthetic_prototype,2024_25_project_crop_structure,SEA03,CALCULATED_FROM_PRODUCTION_AND_HARVESTED_AREA
DST04,Bargarh,CRP011,Sugarcane,2022-23,Annual,7907.41,7708.52,542810.34,70.41693347101648,synthetic_prototype,2024_25_project_crop_structure,SEA03,CALCULATED_FROM_PRODUCTION_AND_HARVESTED_AREA
DST04,Bargarh,CRP011,Sugarcane,2023-24,Annual,7549.71,7346.79,480327.8,65.37927448586389,synthetic_prototype,2024_25_project_crop_structure,SEA03,CALCULATED_FROM_PRODUCTION_AND_HARVESTED_AREA
DST04,Bargarh,CRP011,Sugarcane,2024-25,Annual,7594.77,7351.6,539655.1,73.40648294248871,synthetic_prototype,2024_25_project_crop_structure,SEA03,CALCULATED_FROM_PRODUCTION_AND_HARVESTED_AREA
DST04,Bargarh,CRP003,Jute,2015-16,Annual,3438.75,3331.45,9199.58,2.761434210328836,synthetic_prototype,2024_25_project_crop_structure,SEA03,CALCULATED_FROM_PRODUCTION_AND_HARVESTED_AREA
DST04,Bargarh,CRP003,Jute,2016-17,Annual,3367.14,3217.33,7870.71,2.4463483696108264,synthetic_prototype,2024_25_project_crop_structure,SEA03,CALCULATED_FROM_PRODUCTION_AND_HARVESTED_AREA
DST04,Bargarh,CRP003,Jute,2017-18,Annual,3270.72,3157.79,7616.21,2.411879827347607,synthetic_prototype,2024_25_project_crop_structure,SEA03,CALCULATED_FROM_PRODUCTION_AND_HARVESTED_AREA
DST04,Bargarh,CRP003,Jute,2018-19,Annual,3209.02,3117.03,7033.4,2.2564428317982177,synthetic_prototype,2024_25_project_crop_structure,SEA03,CALCULATED_FROM_PRODUCTION_AND_HARVESTED_AREA
DST04,Bargarh,CRP003,Jute,2019-20,Annual,3052.97,2985.44,7189.1,2.4080537542204836,synthetic_prototype,2024_25_project_crop_structure,SEA03,CALCULATED_FROM_PRODUCTION_AND_HARVESTED_AREA
DST04,Bargarh,CRP003,Jute,2020-21,Annual,3129.94,3042.18,7450.66,2.4491187240728687,synthetic_prototype,2024_25_project_crop_structure,SEA03,CALCULATED_FROM_PRODUCTION_AND_HARVESTED_AREA
DST04,Bargarh,CRP003,Jute,2021-22,Annual,3391.78,3299.88,8637.07,2.6173891171800183,synthetic_prototype,2024_25_project_crop_structure,SEA03,CALCULATED_FROM_PRODUCTION_AND_HARVESTED_AREA
DST04,Bargarh,CRP003,Jute,2022-23,Annual,3308.07,3230.03,8923.69,2.7627266619814677,synthetic_prototype,2024_25_project_crop_structure,SEA03,CALCULATED_FROM_PRODUCTION_AND_HARVESTED_AREA
DST04,Bargarh,CRP003,Jute,2023-24,Annual,3425.77,3326.4,8935.0,2.686087061087061,synthetic_prototype,2024_25_project_crop_structure,SEA03,CALCULATED_FROM_PRODUCTION_AND_HARVESTED_AREA
DST04,Bargarh,CRP003,Jute,2024-25,Annual,3333.65,3235.64,8172.97,2.5259206833887577,synthetic_prototype,2024_25_project_crop_structure,SEA03,CALCULATED_FROM_PRODUCTION_AND_HARVESTED_AREA
DST04,Bargarh,CRP013,Wheat,2015-16,Annual,940.77,907.71,2367.68,2.6084101750559094,synthetic_prototype,2024_25_project_crop_structure,SEA03,CALCULATED_FROM_PRODUCTION_AND_HARVESTED_AREA
DST04,Bargarh,CRP013,Wheat,2016-17,Annual,1054.28,1007.76,2816.84,2.7951496388028896,synthetic_prototype,2024_25_project_crop_structure,SEA03,CALCULATED_FROM_PRODUCTION_AND_HARVESTED_AREA
DST04,Bargarh,CRP013,Wheat,2017-18,Annual,925.41,899.56,2647.61,2.943227800257904,synthetic_prototype,2024_25_project_crop_structure,SEA03,CALCULATED_FROM_PRODUCTION_AND_HARVESTED_AREA
DST04,Bargarh,CRP013,Wheat,2018-19,Annual,880.18,855.17,2832.23,3.311891202918718,synthetic_prototype,2024_25_project_crop_structure,SEA03,CALCULATED_FROM_PRODUCTION_AND_HARVESTED_AREA
DST04,Bargarh,CRP013,Wheat,2019-20,Annual,893.34,871.43,2586.23,2.967800052786799,synthetic_prototype,2024_25_project_crop_structure,SEA03,CALCULATED_FROM_PRODUCTION_AND_HARVESTED_AREA
DST04,Bargarh,CRP013,Wheat,2020-21,Annual,950.62,914.52,2822.51,3.0863294405808515,synthetic_prototype,2024_25_project_crop_structure,SEA03,CALCULATED_FROM_PRODUCTION_AND_HARVESTED_AREA
DST04,Bargarh,CRP013,Wheat,2021-22,Annual,998.92,967.31,2692.24,2.783223578790667,synthetic_prototype,2024_25_project_crop_structure,SEA03,CALCULATED_FROM_PRODUCTION_AND_HARVESTED_AREA
DST04,Bargarh,CRP013,Wheat,2022-23,Annual,1030.09,992.88,2685.64,2.7048988800257834,synthetic_prototype,2024_25_project_crop_structure,SEA03,CALCULATED_FROM_PRODUCTION_AND_HARVESTED_AREA
DST04,Bargarh,CRP013,Wheat,2023-24,Annual,933.16,898.09,2484.37,2.7662817757685754,synthetic_prototype,2024_25_project_crop_structure,SEA03,CALCULATED_FROM_PRODUCTION_AND_HARVESTED_AREA
DST04,Bargarh,CRP013,Wheat,2024-25,Annual,958.13,920.6,2620.66,2.846686943297849,synthetic_prototype,2024_25_project_crop_structure,SEA03,CALCULATED_FROM_PRODUCTION_AND_HARVESTED_AREA
DST06,Boudh,CRP001,Groundnut,2015-16,Annual,2708.98,2649.57,3807.21,1.4369161788516627,synthetic_prototype,2024_25_project_crop_structure,SEA03,CALCULATED_FROM_PRODUCTION_AND_HARVESTED_AREA
DST06,Boudh,CRP001,Groundnut,2016-17,Annual,2523.68,2433.77,3388.68,1.3923583576097986,synthetic_prototype,2024_25_project_crop_structure,SEA03,CALCULATED_FROM_PRODUCTION_AND_HARVESTED_AREA
DST06,Boudh,CRP001,Groundnut,2017-18,Annual,2339.24,2264.74,2998.26,1.3238870687142896,synthetic_prototype,2024_25_project_crop_structure,SEA03,CALCULATED_FROM_PRODUCTION_AND_HARVESTED_AREA
DST06,Boudh,CRP001,Groundnut,2018-19,Annual,2396.63,2337.55,2836.9,1.2136210990139247,synthetic_prototype,2024_25_project_crop_structure,SEA03,CALCULATED_FROM_PRODUCTION_AND_HARVESTED_AREA
DST06,Boudh,CRP001,Groundnut,2019-20,Annual,2346.98,2261.24,2521.85,1.1152509242716386,synthetic_prototype,2024_25_project_crop_structure,SEA03,CALCULATED_FROM_PRODUCTION_AND_HARVESTED_AREA
DST06,Boudh,CRP001,Groundnut,2020-21,Annual,2515.93,2443.58,3154.17,1.2907987461020307,synthetic_prototype,2024_25_project_crop_structure,SEA03,CALCULATED_FROM_PRODUCTION_AND_HARVESTED_AREA
DST06,Boudh,CRP001,Groundnut,2021-22,Annual,2452.52,2384.53,3078.15,1.2908833187252833,synthetic_prototype,2024_25_project_crop_structure,SEA03,CALCULATED_FROM_PRODUCTION_AND_HARVESTED_AREA
DST06,Boudh,CRP001,Groundnut,2022-23,Annual,2485.03,2402.25,2958.36,1.2314954729940681,synthetic_prototype,2024_25_project_crop_structure,SEA03,CALCULATED_FROM_PRODUCTION_AND_HARVESTED_AREA
DST06,Boudh,CRP001,Groundnut,2023-24,Annual,2453.14,2367.69,3173.44,1.3403105980935004,synthetic_prototype,2024_25_project_crop_structure,SEA03,CALCULATED_FROM_PRODUCTION_AND_HARVESTED_AREA
DST06,Boudh,CRP001,Groundnut,2024-25,Annual,2365.35,2304.68,3070.67,1.3323628442994258,synthetic_prototype,2024_25_project_crop_structure,SEA03,CALCULATED_FROM_PRODUCTION_AND_HARVESTED_AREA
DST06,Boudh,CRP004,Maize,2015-16,Annual,2365.97,2263.24,5406.19,2.3886949682755696,synthetic_prototype,2024_25_project_crop_structure,SEA03,CALCULATED_FROM_PRODUCTION_AND_HARVESTED_AREA
DST06,Boudh,CRP004,Maize,2016-17,Annual,2210.31,2140.33,4326.27,2.0213097980218007,synthetic_prototype,2024_25_project_crop_structure,SEA03,CALCULATED_FROM_PRODUCTION_AND_HARVESTED_AREA
DST06,Boudh,CRP004,Maize,2017-18,Annual,2073.54,2013.06,4218.97,2.095799429723903,synthetic_prototype,2024_25_project_crop_structure,SEA03,CALCULATED_FROM_PRODUCTION_AND_HARVESTED_AREA
DST06,Boudh,CRP004,Maize,2018-19,Annual,1965.98,1912.69,3783.06,1.9778740935541044,synthetic_prototype,2024_25_project_crop_structure,SEA03,CALCULATED_FROM_PRODUCTION_AND_HARVESTED_AREA
DST06,Boudh,CRP004,Maize,2019-20,Annual,2087.52,2003.35,4308.83,2.1508123892480095,synthetic_prototype,2024_25_project_crop_structure,SEA03,CALCULATED_FROM_PRODUCTION_AND_HARVESTED_AREA
DST06,Boudh,CRP004,Maize,2020-21,Annual,2085.74,2007.78,4431.35,2.207089422147845,synthetic_prototype,2024_25_project_crop_structure,SEA03,CALCULATED_FROM_PRODUCTION_AND_HARVESTED_AREA
DST06,Boudh,CRP004,Maize,2021-22,Annual,2150.46,2094.73,4636.14,2.2132398924921115,synthetic_prototype,2024_25_project_crop_structure,SEA03,CALCULATED_FROM_PRODUCTION_AND_HARVESTED_AREA
DST06,Boudh,CRP004,Maize,2022-23,Annual,2158.66,2088.5,4932.82,2.361896097677759,synthetic_prototype,2024_25_project_crop_structure,SEA03,CALCULATED_FROM_PRODUCTION_AND_HARVESTED_AREA
DST06,Boudh,CRP004,Maize,2023-24,Annual,2186.58,2117.82,4658.99,2.199898952696641,synthetic_prototype,2024_25_project_crop_structure,SEA03,CALCULATED_FROM_PRODUCTION_AND_HARVESTED_AREA
DST06,Boudh,CRP004,Maize,2024-25,Annual,2014.04,1931.62,3948.28,2.044025222352223,synthetic_prototype,2024_25_project_crop_structure,SEA03,CALCULATED_FROM_PRODUCTION_AND_HARVESTED_AREA
DST06,Boudh,CRP005,Moong(Green Gram),2015-16,Annual,2465.22,2400.33,2289.3,0.95374386021922,synthetic_prototype,2024_25_project_crop_structure,SEA03,CALCULATED_FROM_PRODUCTION_AND_HARVESTED_AREA
DST06,Boudh,CRP005,Moong(Green Gram),2016-17,Annual,2354.17,2254.75,2011.18,0.8919747200354807,synthetic_prototype,2024_25_project_crop_structure,SEA03,CALCULATED_FROM_PRODUCTION_AND_HARVESTED_AREA
DST06,Boudh,CRP005,Moong(Green Gram),2017-18,Annual,2207.19,2119.0,1950.06,0.9202737140160453,synthetic_prototype,2024_25_project_crop_structure,SEA03,CALCULATED_FROM_PRODUCTION_AND_HARVESTED_AREA
DST06,Boudh,CRP005,Moong(Green Gram),2018-19,Annual,2134.03,2074.82,1876.97,0.9046423304190242,synthetic_prototype,2024_25_project_crop_structure,SEA03,CALCULATED_FROM_PRODUCTION_AND_HARVESTED_AREA
DST06,Boudh,CRP005,Moong(Green Gram),2019-20,Annual,2167.24,2113.49,1802.39,0.8528027102091802,synthetic_prototype,2024_25_project_crop_structure,SEA03,CALCULATED_FROM_PRODUCTION_AND_HARVESTED_AREA
DST06,Boudh,CRP005,Moong(Green Gram),2020-21,Annual,2334.26,2254.65,1832.54,0.8127824717805424,synthetic_prototype,2024_25_project_crop_structure,SEA03,CALCULATED_FROM_PRODUCTION_AND_HARVESTED_AREA
DST06,Boudh,CRP005,Moong(Green Gram),2021-22,Annual,2413.89,2306.46,2013.95,0.8731779436885964,synthetic_prototype,2024_25_project_crop_structure,SEA03,CALCULATED_FROM_PRODUCTION_AND_HARVESTED_AREA
DST06,Boudh,CRP005,Moong(Green Gram),2022-23,Annual,2444.55,2380.06,2184.74,0.9179348419787736,synthetic_prototype,2024_25_project_crop_structure,SEA03,CALCULATED_FROM_PRODUCTION_AND_HARVESTED_AREA
DST06,Boudh,CRP005,Moong(Green Gram),2023-24,Annual,2457.48,2356.47,2213.67,0.9394008835249336,synthetic_prototype,2024_25_project_crop_structure,SEA03,CALCULATED_FROM_PRODUCTION_AND_HARVESTED_AREA
DST06,Boudh,CRP005,Moong(Green Gram),2024-25,Annual,2261.76,2187.61,2213.61,1.011885116634135,synthetic_prototype,2024_25_project_crop_structure,SEA03,CALCULATED_FROM_PRODUCTION_AND_HARVESTED_AREA
DST06,Boudh,CRP007,Ragi,2015-16,Annual,1469.18,1420.64,1468.63,1.0337805496114427,synthetic_prototype,2024_25_project_crop_structure,SEA03,CALCULATED_FROM_PRODUCTION_AND_HARVESTED_AREA
DST06,Boudh,CRP007,Ragi,2016-17,Annual,1482.59,1452.29,1487.48,1.024230697725661,synthetic_prototype,2024_25_project_crop_structure,SEA03,CALCULATED_FROM_PRODUCTION_AND_HARVESTED_AREA
DST06,Boudh,CRP007,Ragi,2017-18,Annual,1457.05,1425.44,1363.67,0.9566660118980806,synthetic_prototype,2024_25_project_crop_structure,SEA03,CALCULATED_FROM_PRODUCTION_AND_HARVESTED_AREA
DST06,Boudh,CRP007,Ragi,2018-19,Annual,1424.64,1368.19,1306.92,0.9552182079974273,synthetic_prototype,2024_25_project_crop_structure,SEA03,CALCULATED_FROM_PRODUCTION_AND_HARVESTED_AREA
DST06,Boudh,CRP007,Ragi,2019-20,Annual,1409.37,1362.85,1451.88,1.0653263381883555,synthetic_prototype,2024_25_project_crop_structure,SEA03,CALCULATED_FROM_PRODUCTION_AND_HARVESTED_AREA
DST06,Boudh,CRP007,Ragi,2020-21,Annual,1453.09,1401.65,1515.24,1.0810402026183425,synthetic_prototype,2024_25_project_crop_structure,SEA03,CALCULATED_FROM_PRODUCTION_AND_HARVESTED_AREA
DST06,Boudh,CRP007,Ragi,2021-22,Annual,1511.76,1457.87,1588.35,1.0895004355669573,synthetic_prototype,2024_25_project_crop_structure,SEA03,CALCULATED_FROM_PRODUCTION_AND_HARVESTED_AREA
DST06,Boudh,CRP007,Ragi,2022-23,Annual,1493.8,1456.08,1574.95,1.0816369979671447,synthetic_prototype,2024_25_project_crop_structure,SEA03,CALCULATED_FROM_PRODUCTION_AND_HARVESTED_AREA
DST06,Boudh,CRP007,Ragi,2023-24,Annual,1424.91,1384.55,1428.86,1.0320031779278465,synthetic_prototype,2024_25_project_crop_structure,SEA03,CALCULATED_FROM_PRODUCTION_AND_HARVESTED_AREA
DST06,Boudh,CRP007,Ragi,2024-25,Annual,1467.28,1437.37,1412.04,0.9823775367511497,synthetic_prototype,2024_25_project_crop_structure,SEA03,CALCULATED_FROM_PRODUCTION_AND_HARVESTED_AREA
DST06,Boudh,CRP009,Rice,2015-16,Annual,11540.84,11039.85,26825.39,2.4298690652499806,synthetic_prototype,2024_25_project_crop_structure,SEA03,CALCULATED_FROM_PRODUCTION_AND_HARVESTED_AREA
DST06,Boudh,CRP009,Rice,2016-17,Annual,11907.63,11549.41,28343.76,2.4541305573185124,synthetic_prototype,2024_25_project_crop_structure,SEA03,CALCULATED_FROM_PRODUCTION_AND_HARVESTED_AREA
DST06,Boudh,CRP009,Rice,2017-18,Annual,11145.66,10842.63,25922.89,2.3908304534969838,synthetic_prototype,2024_25_project_crop_structure,SEA03,CALCULATED_FROM_PRODUCTION_AND_HARVESTED_AREA
DST06,Boudh,CRP009,Rice,2018-19,Annual,10468.09,10037.16,27763.63,2.766084230997613,synthetic_prototype,2024_25_project_crop_structure,SEA03,CALCULATED_FROM_PRODUCTION_AND_HARVESTED_AREA
DST06,Boudh,CRP009,Rice,2019-20,Annual,10292.5,10045.32,29393.56,2.926094937742153,synthetic_prototype,2024_25_project_crop_structure,SEA03,CALCULATED_FROM_PRODUCTION_AND_HARVESTED_AREA
DST06,Boudh,CRP009,Rice,2020-21,Annual,11474.96,10978.6,29965.66,2.7294609513052666,synthetic_prototype,2024_25_project_crop_structure,SEA03,CALCULATED_FROM_PRODUCTION_AND_HARVESTED_AREA
DST06,Boudh,CRP009,Rice,2021-22,Annual,10829.82,10572.05,28711.0,2.7157457635936266,synthetic_prototype,2024_25_project_crop_structure,SEA03,CALCULATED_FROM_PRODUCTION_AND_HARVESTED_AREA
DST06,Boudh,CRP009,Rice,2022-23,Annual,12742.46,12405.09,31734.72,2.5582015124436825,synthetic_prototype,2024_25_project_crop_structure,SEA03,CALCULATED_FROM_PRODUCTION_AND_HARVESTED_AREA
DST06,Boudh,CRP009,Rice,2023-24,Annual,11766.69,11413.24,30601.82,2.6812561551321097,synthetic_prototype,2024_25_project_crop_structure,SEA03,CALCULATED_FROM_PRODUCTION_AND_HARVESTED_AREA
DST06,Boudh,CRP009,Rice,2024-25,Annual,11250.77,10990.91,27501.39,2.502194085840026,synthetic_prototype,2024_25_project_crop_structure,SEA03,CALCULATED_FROM_PRODUCTION_AND_HARVESTED_AREA
DST06,Boudh,CRP010,Sesamum,2015-16,Annual,522.97,508.7,392.91,0.7723805779437783,synthetic_prototype,2024_25_project_crop_structure,SEA03,CALCULATED_FROM_PRODUCTION_AND_HARVESTED_AREA
DST06,Boudh,CRP010,Sesamum,2016-17,Annual,538.17,518.38,416.65,0.8037540028550484,synthetic_prototype,2024_25_project_crop_structure,SEA03,CALCULATED_FROM_PRODUCTION_AND_HARVESTED_AREA
DST06,Boudh,CRP010,Sesamum,2017-18,Annual,511.76,492.93,402.79,0.8171342787008298,synthetic_prototype,2024_25_project_crop_structure,SEA03,CALCULATED_FROM_PRODUCTION_AND_HARVESTED_AREA
DST06,Boudh,CRP010,Sesamum,2018-19,Annual,495.79,479.26,407.69,0.8506656094812837,synthetic_prototype,2024_25_project_crop_structure,SEA03,CALCULATED_FROM_PRODUCTION_AND_HARVESTED_AREA
DST06,Boudh,CRP010,Sesamum,2019-20,Annual,491.05,474.54,410.04,0.8640788974585915,synthetic_prototype,2024_25_project_crop_structure,SEA03,CALCULATED_FROM_PRODUCTION_AND_HARVESTED_AREA
DST06,Boudh,CRP010,Sesamum,2020-21,Annual,517.89,499.86,457.22,0.9146961149121754,synthetic_prototype,2024_25_project_crop_structure,SEA03,CALCULATED_FROM_PRODUCTION_AND_HARVESTED_AREA
DST06,Boudh,CRP010,Sesamum,2021-22,Annual,530.91,511.47,453.52,0.8866991221381507,synthetic_prototype,2024_25_project_crop_structure,SEA03,CALCULATED_FROM_PRODUCTION_AND_HARVESTED_AREA
DST06,Boudh,CRP010,Sesamum,2022-23,Annual,520.94,504.71,429.41,0.850805413009451,synthetic_prototype,2024_25_project_crop_structure,SEA03,CALCULATED_FROM_PRODUCTION_AND_HARVESTED_AREA
DST06,Boudh,CRP010,Sesamum,2023-24,Annual,538.77,523.07,394.51,0.7542202764448352,synthetic_prototype,2024_25_project_crop_structure,SEA03,CALCULATED_FROM_PRODUCTION_AND_HARVESTED_AREA
DST06,Boudh,CRP010,Sesamum,2024-25,Annual,526.57,503.08,402.72,0.8005088653892026,synthetic_prototype,2024_25_project_crop_structure,SEA03,CALCULATED_FROM_PRODUCTION_AND_HARVESTED_AREA
DST06,Boudh,CRP012,Urad,2015-16,Annual,7149.79,7005.12,7275.62,1.0386146133114065,synthetic_prototype,2024_25_project_crop_structure,SEA03,CALCULATED_FROM_PRODUCTION_AND_HARVESTED_AREA
DST06,Boudh,CRP012,Urad,2016-17,Annual,7107.53,6806.4,7383.62,1.0848054771979314,synthetic_prototype,2024_25_project_crop_structure,SEA03,CALCULATED_FROM_PRODUCTION_AND_HARVESTED_AREA
DST06,Boudh,CRP012,Urad,2017-18,Annual,6888.26,6636.6,7619.05,1.14803513847452,synthetic_prototype,2024_25_project_crop_structure,SEA03,CALCULATED_FROM_PRODUCTION_AND_HARVESTED_AREA
DST06,Boudh,CRP012,Urad,2018-19,Annual,6668.1,6517.36,7491.62,1.1494869088097022,synthetic_prototype,2024_25_project_crop_structure,SEA03,CALCULATED_FROM_PRODUCTION_AND_HARVESTED_AREA
DST06,Boudh,CRP012,Urad,2019-20,Annual,7053.62,6911.37,8053.02,1.1651843266964437,synthetic_prototype,2024_25_project_crop_structure,SEA03,CALCULATED_FROM_PRODUCTION_AND_HARVESTED_AREA
DST06,Boudh,CRP012,Urad,2020-21,Annual,6921.14,6650.81,7573.27,1.1386988953225246,synthetic_prototype,2024_25_project_crop_structure,SEA03,CALCULATED_FROM_PRODUCTION_AND_HARVESTED_AREA
DST06,Boudh,CRP012,Urad,2021-22,Annual,7443.14,7293.19,8653.59,1.1865301740390695,synthetic_prototype,2024_25_project_crop_structure,SEA03,CALCULATED_FROM_PRODUCTION_AND_HARVESTED_AREA
DST06,Boudh,CRP012,Urad,2022-23,Annual,7037.93,6747.13,6837.97,1.0134635022594793,synthetic_prototype,2024_25_project_crop_structure,SEA03,CALCULATED_FROM_PRODUCTION_AND_HARVESTED_AREA
DST06,Boudh,CRP012,Urad,2023-24,Annual,7227.88,7030.55,7111.93,1.0115751968195945,synthetic_prototype,2024_25_project_crop_structure,SEA03,CALCULATED_FROM_PRODUCTION_AND_HARVESTED_AREA
DST06,Boudh,CRP012,Urad,2024-25,Annual,7224.07,6926.86,7132.77,1.029726311777631,synthetic_prototype,2024_25_project_crop_structure,SEA03,CALCULATED_FROM_PRODUCTION_AND_HARVESTED_AREA
DST06,Boudh,CRP002,Horse Gram,2015-16,Annual,1011.75,986.33,784.87,0.7957478734297851,synthetic_prototype,2024_25_project_crop_structure,SEA03,CALCULATED_FROM_PRODUCTION_AND_HARVESTED_AREA
DST06,Boudh,CRP002,Horse Gram,2016-17,Annual,964.89,938.48,682.08,0.7267922598243969,synthetic_prototype,2024_25_project_crop_structure,SEA03,CALCULATED_FROM_PRODUCTION_AND_HARVESTED_AREA
DST06,Boudh,CRP002,Horse Gram,2017-18,Annual,949.03,909.11,688.66,0.7575100922880619,synthetic_prototype,2024_25_project_crop_structure,SEA03,CALCULATED_FROM_PRODUCTION_AND_HARVESTED_AREA
DST06,Boudh,CRP002,Horse Gram,2018-19,Annual,929.62,888.69,660.58,0.7433188175854347,synthetic_prototype,2024_25_project_crop_structure,SEA03,CALCULATED_FROM_PRODUCTION_AND_HARVESTED_AREA
DST06,Boudh,CRP002,Horse Gram,2019-20,Annual,952.68,918.71,655.27,0.7132501006846557,synthetic_prototype,2024_25_project_crop_structure,SEA03,CALCULATED_FROM_PRODUCTION_AND_HARVESTED_AREA
DST06,Boudh,CRP002,Horse Gram,2020-21,Annual,978.79,950.27,698.44,0.7349911077904175,synthetic_prototype,2024_25_project_crop_structure,SEA03,CALCULATED_FROM_PRODUCTION_AND_HARVESTED_AREA
DST06,Boudh,CRP002,Horse Gram,2021-22,Annual,999.78,968.1,758.82,0.7838239851255036,synthetic_prototype,2024_25_project_crop_structure,SEA03,CALCULATED_FROM_PRODUCTION_AND_HARVESTED_AREA
DST06,Boudh,CRP002,Horse Gram,2022-23,Annual,964.04,921.83,713.08,0.7735482681188506,synthetic_prototype,2024_25_project_crop_structure,SEA03,CALCULATED_FROM_PRODUCTION_AND_HARVESTED_AREA
DST06,Boudh,CRP002,Horse Gram,2023-24,Annual,942.9,904.81,768.89,0.8497806169251003,synthetic_prototype,2024_25_project_crop_structure,SEA03,CALCULATED_FROM_PRODUCTION_AND_HARVESTED_AREA
DST06,Boudh,CRP002,Horse Gram,2024-25,Annual,950.75,930.52,744.11,0.7996711516141513,synthetic_prototype,2024_25_project_crop_structure,SEA03,CALCULATED_FROM_PRODUCTION_AND_HARVESTED_AREA
DST06,Boudh,CRP006,Potato,2015-16,Annual,3016.05,2940.5,54147.44,18.414364903927904,synthetic_prototype,2024_25_project_crop_structure,SEA03,CALCULATED_FROM_PRODUCTION_AND_HARVESTED_AREA
DST06,Boudh,CRP006,Potato,2016-17,Annual,2819.68,2732.84,46918.06,17.168242560852445,synthetic_prototype,2024_25_project_crop_structure,SEA03,CALCULATED_FROM_PRODUCTION_AND_HARVESTED_AREA
DST06,Boudh,CRP006,Potato,2017-18,Annual,2835.16,2757.84,47747.03,17.31319801003684,synthetic_prototype,2024_25_project_crop_structure,SEA03,CALCULATED_FROM_PRODUCTION_AND_HARVESTED_AREA
DST06,Boudh,CRP006,Potato,2018-19,Annual,2768.41,2656.13,44676.63,16.820197053608066,synthetic_prototype,2024_25_project_crop_structure,SEA03,CALCULATED_FROM_PRODUCTION_AND_HARVESTED_AREA
DST06,Boudh,CRP006,Potato,2019-20,Annual,2719.08,2634.08,47783.19,18.14037159084007,synthetic_prototype,2024_25_project_crop_structure,SEA03,CALCULATED_FROM_PRODUCTION_AND_HARVESTED_AREA
DST06,Boudh,CRP006,Potato,2020-21,Annual,2817.0,2755.63,52494.19,19.049796235343642,synthetic_prototype,2024_25_project_crop_structure,SEA03,CALCULATED_FROM_PRODUCTION_AND_HARVESTED_AREA
DST06,Boudh,CRP006,Potato,2021-22,Annual,2928.06,2846.14,57070.35,20.051842144096916,synthetic_prototype,2024_25_project_crop_structure,SEA03,CALCULATED_FROM_PRODUCTION_AND_HARVESTED_AREA
DST06,Boudh,CRP006,Potato,2022-23,Annual,2876.15,2799.77,54396.36,19.42886737124835,synthetic_prototype,2024_25_project_crop_structure,SEA03,CALCULATED_FROM_PRODUCTION_AND_HARVESTED_AREA
DST06,Boudh,CRP006,Potato,2023-24,Annual,2804.92,2711.84,48503.47,17.885815534839814,synthetic_prototype,2024_25_project_crop_structure,SEA03,CALCULATED_FROM_PRODUCTION_AND_HARVESTED_AREA
DST06,Boudh,CRP006,Potato,2024-25,Annual,2873.21,2752.0,52749.94,19.167856104651165,synthetic_prototype,2024_25_project_crop_structure,SEA03,CALCULATED_FROM_PRODUCTION_AND_HARVESTED_AREA
DST06,Boudh,CRP008,Rapeseed &Mustard,2015-16,Annual,2820.39,2757.98,2501.05,0.9068412388777294,synthetic_prototype,2024_25_project_crop_structure,SEA03,CALCULATED_FROM_PRODUCTION_AND_HARVESTED_AREA
DST06,Boudh,CRP008,Rapeseed &Mustard,2016-17,Annual,2693.1,2585.57,2343.52,0.9063842789017508,synthetic_prototype,2024_25_project_crop_structure,SEA03,CALCULATED_FROM_PRODUCTION_AND_HARVESTED_AREA
DST06,Boudh,CRP008,Rapeseed &Mustard,2017-18,Annual,2744.0,2671.7,2438.04,0.9125425758880115,synthetic_prototype,2024_25_project_crop_structure,SEA03,CALCULATED_FROM_PRODUCTION_AND_HARVESTED_AREA
DST06,Boudh,CRP008,Rapeseed &Mustard,2018-19,Annual,2485.75,2427.41,2293.85,0.944978392607759,synthetic_prototype,2024_25_project_crop_structure,SEA03,CALCULATED_FROM_PRODUCTION_AND_HARVESTED_AREA
DST06,Boudh,CRP008,Rapeseed &Mustard,2019-20,Annual,2548.84,2445.02,2240.7,0.916434221396962,synthetic_prototype,2024_25_project_crop_structure,SEA03,CALCULATED_FROM_PRODUCTION_AND_HARVESTED_AREA
DST06,Boudh,CRP008,Rapeseed &Mustard,2020-21,Annual,2789.43,2669.76,2603.47,0.9751700527388228,synthetic_prototype,2024_25_project_crop_structure,SEA03,CALCULATED_FROM_PRODUCTION_AND_HARVESTED_AREA
DST06,Boudh,CRP008,Rapeseed &Mustard,2021-22,Annual,2740.66,2659.48,2621.13,0.9855798877976146,synthetic_prototype,2024_25_project_crop_structure,SEA03,CALCULATED_FROM_PRODUCTION_AND_HARVESTED_AREA
DST06,Boudh,CRP008,Rapeseed &Mustard,2022-23,Annual,2804.1,2741.23,2421.46,0.8833479861230178,synthetic_prototype,2024_25_project_crop_structure,SEA03,CALCULATED_FROM_PRODUCTION_AND_HARVESTED_AREA
DST06,Boudh,CRP008,Rapeseed &Mustard,2023-24,Annual,2708.62,2620.42,2331.72,0.8898268216545439,synthetic_prototype,2024_25_project_crop_structure,SEA03,CALCULATED_FROM_PRODUCTION_AND_HARVESTED_AREA
DST06,Boudh,CRP008,Rapeseed &Mustard,2024-25,Annual,2652.68,2562.47,2320.71,0.9056535296022978,synthetic_prototype,2024_25_project_crop_structure,SEA03,CALCULATED_FROM_PRODUCTION_AND_HARVESTED_AREA
DST06,Boudh,CRP011,Sugarcane,2015-16,Annual,4518.54,4332.43,256956.97,59.31012618784377,synthetic_prototype,2024_25_project_crop_structure,SEA03,CALCULATED_FROM_PRODUCTION_AND_HARVESTED_AREA
DST06,Boudh,CRP011,Sugarcane,2016-17,Annual,4439.56,4289.19,271524.32,63.30433485110243,synthetic_prototype,2024_25_project_crop_structure,SEA03,CALCULATED_FROM_PRODUCTION_AND_HARVESTED_AREA
DST06,Boudh,CRP011,Sugarcane,2017-18,Annual,4353.71,4219.86,266205.58,63.08398382884741,synthetic_prototype,2024_25_project_crop_structure,SEA03,CALCULATED_FROM_PRODUCTION_AND_HARVESTED_AREA
DST06,Boudh,CRP011,Sugarcane,2018-19,Annual,4363.95,4175.19,278212.5,66.63469207389365,synthetic_prototype,2024_25_project_crop_structure,SEA03,CALCULATED_FROM_PRODUCTION_AND_HARVESTED_AREA
DST06,Boudh,CRP011,Sugarcane,2019-20,Annual,4294.93,4133.3,298209.12,72.14794958023855,synthetic_prototype,2024_25_project_crop_structure,SEA03,CALCULATED_FROM_PRODUCTION_AND_HARVESTED_AREA
DST06,Boudh,CRP011,Sugarcane,2020-21,Annual,4672.06,4469.46,310932.79,69.56831250307643,synthetic_prototype,2024_25_project_crop_structure,SEA03,CALCULATED_FROM_PRODUCTION_AND_HARVESTED_AREA
DST06,Boudh,CRP011,Sugarcane,2021-22,Annual,4604.39,4429.65,290652.75,65.61528563204769,synthetic_prototype,2024_25_project_crop_structure,SEA03,CALCULATED_FROM_PRODUCTION_AND_HARVESTED_AREA
DST06,Boudh,CRP011,Sugarcane,2022-23,Annual,4706.55,4600.34,290413.38,63.12867744558011,synthetic_prototype,2024_25_project_crop_structure,SEA03,CALCULATED_FROM_PRODUCTION_AND_HARVESTED_AREA
DST06,Boudh,CRP011,Sugarcane,2023-24,Annual,4431.36,4330.41,260162.98,60.078140407028435,synthetic_prototype,2024_25_project_crop_structure,SEA03,CALCULATED_FROM_PRODUCTION_AND_HARVESTED_AREA
DST06,Boudh,CRP011,Sugarcane,2024-25,Annual,4308.93,4166.67,275281.08,66.06740634607493,synthetic_prototype,2024_25_project_crop_structure,SEA03,CALCULATED_FROM_PRODUCTION_AND_HARVESTED_AREA
DST06,Boudh,CRP003,Jute,2015-16,Annual,3143.65,3030.41,6127.65,2.0220531215248103,synthetic_prototype,2024_25_project_crop_structure,SEA03,CALCULATED_FROM_PRODUCTION_AND_HARVESTED_AREA
DST06,Boudh,CRP003,Jute,2016-17,Annual,3165.53,3047.15,6241.81,2.0484091692237008,synthetic_prototype,2024_25_project_crop_structure,SEA03,CALCULATED_FROM_PRODUCTION_AND_HARVESTED_AREA
DST06,Boudh,CRP003,Jute,2017-18,Annual,2996.69,2924.64,4891.82,1.6726229553039007,synthetic_prototype,2024_25_project_crop_structure,SEA03,CALCULATED_FROM_PRODUCTION_AND_HARVESTED_AREA
DST06,Boudh,CRP003,Jute,2018-19,Annual,2929.16,2852.71,5487.11,1.9234727679995511,synthetic_prototype,2024_25_project_crop_structure,SEA03,CALCULATED_FROM_PRODUCTION_AND_HARVESTED_AREA
DST06,Boudh,CRP003,Jute,2019-20,Annual,3014.12,2882.83,5362.94,1.8603039374503525,synthetic_prototype,2024_25_project_crop_structure,SEA03,CALCULATED_FROM_PRODUCTION_AND_HARVESTED_AREA
DST06,Boudh,CRP003,Jute,2020-21,Annual,3029.99,2926.86,5954.91,2.0345728869846864,synthetic_prototype,2024_25_project_crop_structure,SEA03,CALCULATED_FROM_PRODUCTION_AND_HARVESTED_AREA
DST06,Boudh,CRP003,Jute,2021-22,Annual,3018.64,2926.66,5667.19,1.93640190524352,synthetic_prototype,2024_25_project_crop_structure,SEA03,CALCULATED_FROM_PRODUCTION_AND_HARVESTED_AREA
DST06,Boudh,CRP003,Jute,2022-23,Annual,3086.91,2970.47,6428.73,2.164213070658852,synthetic_prototype,2024_25_project_crop_structure,SEA03,CALCULATED_FROM_PRODUCTION_AND_HARVESTED_AREA
DST06,Boudh,CRP003,Jute,2023-24,Annual,3095.05,2992.09,6158.74,2.058340491094853,synthetic_prototype,2024_25_project_crop_structure,SEA03,CALCULATED_FROM_PRODUCTION_AND_HARVESTED_AREA
DST06,Boudh,CRP003,Jute,2024-25,Annual,2984.09,2916.97,6011.5,2.0608713836618135,synthetic_prototype,2024_25_project_crop_structure,SEA03,CALCULATED_FROM_PRODUCTION_AND_HARVESTED_AREA
DST06,Boudh,CRP013,Wheat,2015-16,Annual,4222.72,4110.97,10275.8,2.499604716161879,synthetic_prototype,2024_25_project_crop_structure,SEA03,CALCULATED_FROM_PRODUCTION_AND_HARVESTED_AREA
DST06,Boudh,CRP013,Wheat,2016-17,Annual,4510.98,4381.09,11223.07,2.5617072463701955,synthetic_prototype,2024_25_project_crop_structure,SEA03,CALCULATED_FROM_PRODUCTION_AND_HARVESTED_AREA
DST06,Boudh,CRP013,Wheat,2017-18,Annual,4072.66,3954.49,10710.45,2.7084276354220145,synthetic_prototype,2024_25_project_crop_structure,SEA03,CALCULATED_FROM_PRODUCTION_AND_HARVESTED_AREA
DST06,Boudh,CRP013,Wheat,2018-19,Annual,4501.62,4379.52,11995.82,2.739071861756539,synthetic_prototype,2024_25_project_crop_structure,SEA03,CALCULATED_FROM_PRODUCTION_AND_HARVESTED_AREA
DST06,Boudh,CRP013,Wheat,2019-20,Annual,4372.85,4178.61,11561.74,2.766886596260479,synthetic_prototype,2024_25_project_crop_structure,SEA03,CALCULATED_FROM_PRODUCTION_AND_HARVESTED_AREA
DST06,Boudh,CRP013,Wheat,2020-21,Annual,4456.24,4280.49,11439.82,2.672549170772505,synthetic_prototype,2024_25_project_crop_structure,SEA03,CALCULATED_FROM_PRODUCTION_AND_HARVESTED_AREA
DST06,Boudh,CRP013,Wheat,2021-22,Annual,4443.56,4324.53,10912.09,2.523300798005795,synthetic_prototype,2024_25_project_crop_structure,SEA03,CALCULATED_FROM_PRODUCTION_AND_HARVESTED_AREA
DST06,Boudh,CRP013,Wheat,2022-23,Annual,4468.98,4359.04,10763.32,2.469195052121568,synthetic_prototype,2024_25_project_crop_structure,SEA03,CALCULATED_FROM_PRODUCTION_AND_HARVESTED_AREA
DST06,Boudh,CRP013,Wheat,2023-24,Annual,4581.43,4488.17,11119.5,2.4775131066782228,synthetic_prototype,2024_25_project_crop_structure,SEA03,CALCULATED_FROM_PRODUCTION_AND_HARVESTED_AREA
DST06,Boudh,CRP013,Wheat,2024-25,Annual,4144.05,3993.36,10213.77,2.5576882625157764,synthetic_prototype,2024_25_project_crop_structure,SEA03,CALCULATED_FROM_PRODUCTION_AND_HARVESTED_AREA
DST05,Bhadrak,CRP001,Groundnut,2015-16,Annual,5344.23,5136.93,9774.67,1.902823281609833,synthetic_prototype,2024_25_project_crop_structure,SEA03,CALCULATED_FROM_PRODUCTION_AND_HARVESTED_AREA
DST05,Bhadrak,CRP001,Groundnut,2016-17,Annual,5705.37,5483.48,10133.79,1.8480581674411143,synthetic_prototype,2024_25_project_crop_structure,SEA03,CALCULATED_FROM_PRODUCTION_AND_HARVESTED_AREA
DST05,Bhadrak,CRP001,Groundnut,2017-18,Annual,5298.74,5061.03,9079.37,1.7939767201538028,synthetic_prototype,2024_25_project_crop_structure,SEA03,CALCULATED_FROM_PRODUCTION_AND_HARVESTED_AREA
DST05,Bhadrak,CRP001,Groundnut,2018-19,Annual,5303.34,5085.54,9073.37,1.7841507489863417,synthetic_prototype,2024_25_project_crop_structure,SEA03,CALCULATED_FROM_PRODUCTION_AND_HARVESTED_AREA
DST05,Bhadrak,CRP001,Groundnut,2019-20,Annual,5074.16,4849.1,8148.92,1.6805015363675733,synthetic_prototype,2024_25_project_crop_structure,SEA03,CALCULATED_FROM_PRODUCTION_AND_HARVESTED_AREA
DST05,Bhadrak,CRP001,Groundnut,2020-21,Annual,5349.02,5221.11,9673.35,1.8527382108402237,synthetic_prototype,2024_25_project_crop_structure,SEA03,CALCULATED_FROM_PRODUCTION_AND_HARVESTED_AREA
DST05,Bhadrak,CRP001,Groundnut,2021-22,Annual,5679.25,5457.77,10281.9,1.8839013003479441,synthetic_prototype,2024_25_project_crop_structure,SEA03,CALCULATED_FROM_PRODUCTION_AND_HARVESTED_AREA
DST05,Bhadrak,CRP001,Groundnut,2022-23,Annual,5752.66,5602.75,10482.4,1.8709383784748561,synthetic_prototype,2024_25_project_crop_structure,SEA03,CALCULATED_FROM_PRODUCTION_AND_HARVESTED_AREA
DST05,Bhadrak,CRP001,Groundnut,2023-24,Annual,5421.23,5215.5,9863.78,1.891243409069121,synthetic_prototype,2024_25_project_crop_structure,SEA03,CALCULATED_FROM_PRODUCTION_AND_HARVESTED_AREA
DST05,Bhadrak,CRP001,Groundnut,2024-25,Annual,5387.45,5188.6,10184.8,1.9629187063947884,synthetic_prototype,2024_25_project_crop_structure,SEA03,CALCULATED_FROM_PRODUCTION_AND_HARVESTED_AREA
DST05,Bhadrak,CRP004,Maize,2015-16,Annual,7389.66,7077.74,17441.23,2.4642371717525653,synthetic_prototype,2024_25_project_crop_structure,SEA03,CALCULATED_FROM_PRODUCTION_AND_HARVESTED_AREA
DST05,Bhadrak,CRP004,Maize,2016-17,Annual,6933.51,6660.04,15350.63,2.304885556242905,synthetic_prototype,2024_25_project_crop_structure,SEA03,CALCULATED_FROM_PRODUCTION_AND_HARVESTED_AREA
DST05,Bhadrak,CRP004,Maize,2017-18,Annual,6660.55,6415.06,13691.46,2.1342684246133317,synthetic_prototype,2024_25_project_crop_structure,SEA03,CALCULATED_FROM_PRODUCTION_AND_HARVESTED_AREA
DST05,Bhadrak,CRP004,Maize,2018-19,Annual,7339.11,7051.2,15503.21,2.198662638983435,synthetic_prototype,2024_25_project_crop_structure,SEA03,CALCULATED_FROM_PRODUCTION_AND_HARVESTED_AREA
DST05,Bhadrak,CRP004,Maize,2019-20,Annual,6921.86,6616.55,14618.19,2.2093371923434417,synthetic_prototype,2024_25_project_crop_structure,SEA03,CALCULATED_FROM_PRODUCTION_AND_HARVESTED_AREA
DST05,Bhadrak,CRP004,Maize,2020-21,Annual,7319.16,7070.01,15774.61,2.2312005216399977,synthetic_prototype,2024_25_project_crop_structure,SEA03,CALCULATED_FROM_PRODUCTION_AND_HARVESTED_AREA
DST05,Bhadrak,CRP004,Maize,2021-22,Annual,7307.03,7125.97,16731.07,2.3479007068511373,synthetic_prototype,2024_25_project_crop_structure,SEA03,CALCULATED_FROM_PRODUCTION_AND_HARVESTED_AREA
DST05,Bhadrak,CRP004,Maize,2022-23,Annual,7371.75,7114.94,18397.7,2.585784279277127,synthetic_prototype,2024_25_project_crop_structure,SEA03,CALCULATED_FROM_PRODUCTION_AND_HARVESTED_AREA
DST05,Bhadrak,CRP004,Maize,2023-24,Annual,7507.69,7317.49,18342.11,2.5066122399893955,synthetic_prototype,2024_25_project_crop_structure,SEA03,CALCULATED_FROM_PRODUCTION_AND_HARVESTED_AREA
DST05,Bhadrak,CRP004,Maize,2024-25,Annual,6913.29,6759.2,14920.24,2.207397325127234,synthetic_prototype,2024_25_project_crop_structure,SEA03,CALCULATED_FROM_PRODUCTION_AND_HARVESTED_AREA
DST05,Bhadrak,CRP005,Moong(Green Gram),2015-16,Annual,7096.52,6928.24,7671.39,1.10726389386049,synthetic_prototype,2024_25_project_crop_structure,SEA03,CALCULATED_FROM_PRODUCTION_AND_HARVESTED_AREA
DST05,Bhadrak,CRP005,Moong(Green Gram),2016-17,Annual,7249.9,6980.09,7164.07,1.026357826331752,synthetic_prototype,2024_25_project_crop_structure,SEA03,CALCULATED_FROM_PRODUCTION_AND_HARVESTED_AREA
DST05,Bhadrak,CRP005,Moong(Green Gram),2017-18,Annual,6647.71,6384.66,6412.58,1.0043729814900089,synthetic_prototype,2024_25_project_crop_structure,SEA03,CALCULATED_FROM_PRODUCTION_AND_HARVESTED_AREA
DST05,Bhadrak,CRP005,Moong(Green Gram),2018-19,Annual,6853.6,6597.29,6773.29,1.026677620659392,synthetic_prototype,2024_25_project_crop_structure,SEA03,CALCULATED_FROM_PRODUCTION_AND_HARVESTED_AREA
DST05,Bhadrak,CRP005,Moong(Green Gram),2019-20,Annual,6612.25,6447.88,6389.13,0.9908884780734133,synthetic_prototype,2024_25_project_crop_structure,SEA03,CALCULATED_FROM_PRODUCTION_AND_HARVESTED_AREA
DST05,Bhadrak,CRP005,Moong(Green Gram),2020-21,Annual,7072.22,6859.84,6278.69,0.915282280636283,synthetic_prototype,2024_25_project_crop_structure,SEA03,CALCULATED_FROM_PRODUCTION_AND_HARVESTED_AREA
DST05,Bhadrak,CRP005,Moong(Green Gram),2021-22,Annual,7576.27,7350.43,6815.33,0.927201537869213,synthetic_prototype,2024_25_project_crop_structure,SEA03,CALCULATED_FROM_PRODUCTION_AND_HARVESTED_AREA
DST05,Bhadrak,CRP005,Moong(Green Gram),2022-23,Annual,7385.32,7059.24,7117.65,1.0082742618185527,synthetic_prototype,2024_25_project_crop_structure,SEA03,CALCULATED_FROM_PRODUCTION_AND_HARVESTED_AREA
DST05,Bhadrak,CRP005,Moong(Green Gram),2023-24,Annual,7348.99,7086.16,7078.04,0.9988541043385981,synthetic_prototype,2024_25_project_crop_structure,SEA03,CALCULATED_FROM_PRODUCTION_AND_HARVESTED_AREA
DST05,Bhadrak,CRP005,Moong(Green Gram),2024-25,Annual,6872.24,6643.96,6678.08,1.0051354914839945,synthetic_prototype,2024_25_project_crop_structure,SEA03,CALCULATED_FROM_PRODUCTION_AND_HARVESTED_AREA
DST05,Bhadrak,CRP007,Ragi,2015-16,Annual,3025.12,2935.87,3761.25,1.2811364263404035,synthetic_prototype,2024_25_project_crop_structure,SEA03,CALCULATED_FROM_PRODUCTION_AND_HARVESTED_AREA
DST05,Bhadrak,CRP007,Ragi,2016-17,Annual,2820.89,2706.82,3507.82,1.2959191966957537,synthetic_prototype,2024_25_project_crop_structure,SEA03,CALCULATED_FROM_PRODUCTION_AND_HARVESTED_AREA
DST05,Bhadrak,CRP007,Ragi,2017-18,Annual,2848.09,2733.74,3246.37,1.1875196617088677,synthetic_prototype,2024_25_project_crop_structure,SEA03,CALCULATED_FROM_PRODUCTION_AND_HARVESTED_AREA
DST05,Bhadrak,CRP007,Ragi,2018-19,Annual,2863.8,2803.18,3756.84,1.3402064797836744,synthetic_prototype,2024_25_project_crop_structure,SEA03,CALCULATED_FROM_PRODUCTION_AND_HARVESTED_AREA
DST05,Bhadrak,CRP007,Ragi,2019-20,Annual,2894.01,2787.34,3853.65,1.3825546937223303,synthetic_prototype,2024_25_project_crop_structure,SEA03,CALCULATED_FROM_PRODUCTION_AND_HARVESTED_AREA
DST05,Bhadrak,CRP007,Ragi,2020-21,Annual,2877.69,2766.48,4042.02,1.4610696625314479,synthetic_prototype,2024_25_project_crop_structure,SEA03,CALCULATED_FROM_PRODUCTION_AND_HARVESTED_AREA
DST05,Bhadrak,CRP007,Ragi,2021-22,Annual,3100.96,2967.15,4098.27,1.3812142965471919,synthetic_prototype,2024_25_project_crop_structure,SEA03,CALCULATED_FROM_PRODUCTION_AND_HARVESTED_AREA
DST05,Bhadrak,CRP007,Ragi,2022-23,Annual,3137.37,3001.1,4484.03,1.4941288194328746,synthetic_prototype,2024_25_project_crop_structure,SEA03,CALCULATED_FROM_PRODUCTION_AND_HARVESTED_AREA
DST05,Bhadrak,CRP007,Ragi,2023-24,Annual,2999.78,2869.44,3722.23,1.297197362551578,synthetic_prototype,2024_25_project_crop_structure,SEA03,CALCULATED_FROM_PRODUCTION_AND_HARVESTED_AREA
DST05,Bhadrak,CRP007,Ragi,2024-25,Annual,3137.25,3015.39,3837.08,1.2724987480889702,synthetic_prototype,2024_25_project_crop_structure,SEA03,CALCULATED_FROM_PRODUCTION_AND_HARVESTED_AREA
DST05,Bhadrak,CRP009,Rice,2015-16,Annual,44450.97,43453.82,130005.28,2.9918032522802367,synthetic_prototype,2024_25_project_crop_structure,SEA03,CALCULATED_FROM_PRODUCTION_AND_HARVESTED_AREA
DST05,Bhadrak,CRP009,Rice,2016-17,Annual,43322.91,41973.1,117422.07,2.79755533901475,synthetic_prototype,2024_25_project_crop_structure,SEA03,CALCULATED_FROM_PRODUCTION_AND_HARVESTED_AREA
DST05,Bhadrak,CRP009,Rice,2017-18,Annual,40035.17,38393.79,120801.71,3.1463866943065533,synthetic_prototype,2024_25_project_crop_structure,SEA03,CALCULATED_FROM_PRODUCTION_AND_HARVESTED_AREA
DST05,Bhadrak,CRP009,Rice,2018-19,Annual,40619.08,39031.43,116193.25,2.9769150143871235,synthetic_prototype,2024_25_project_crop_structure,SEA03,CALCULATED_FROM_PRODUCTION_AND_HARVESTED_AREA
DST05,Bhadrak,CRP009,Rice,2019-20,Annual,40494.42,39487.46,121091.26,3.0665750595252264,synthetic_prototype,2024_25_project_crop_structure,SEA03,CALCULATED_FROM_PRODUCTION_AND_HARVESTED_AREA
DST05,Bhadrak,CRP009,Rice,2020-21,Annual,45891.05,44330.94,149788.54,3.3788712804194994,synthetic_prototype,2024_25_project_crop_structure,SEA03,CALCULATED_FROM_PRODUCTION_AND_HARVESTED_AREA
DST05,Bhadrak,CRP009,Rice,2021-22,Annual,42698.3,41563.04,127027.1,3.056251419530429,synthetic_prototype,2024_25_project_crop_structure,SEA03,CALCULATED_FROM_PRODUCTION_AND_HARVESTED_AREA
DST05,Bhadrak,CRP009,Rice,2022-23,Annual,43571.1,42005.04,122424.24,2.914513115568989,synthetic_prototype,2024_25_project_crop_structure,SEA03,CALCULATED_FROM_PRODUCTION_AND_HARVESTED_AREA
DST05,Bhadrak,CRP009,Rice,2023-24,Annual,43473.94,42393.0,128489.33,3.030909112353455,synthetic_prototype,2024_25_project_crop_structure,SEA03,CALCULATED_FROM_PRODUCTION_AND_HARVESTED_AREA
DST05,Bhadrak,CRP009,Rice,2024-25,Annual,42141.97,40302.48,112964.07,2.802906173515873,synthetic_prototype,2024_25_project_crop_structure,SEA03,CALCULATED_FROM_PRODUCTION_AND_HARVESTED_AREA
DST05,Bhadrak,CRP010,Sesamum,2015-16,Annual,4964.3,4773.91,2846.67,0.5962973746886724,synthetic_prototype,2024_25_project_crop_structure,SEA03,CALCULATED_FROM_PRODUCTION_AND_HARVESTED_AREA
DST05,Bhadrak,CRP010,Sesamum,2016-17,Annual,4778.45,4565.26,2772.08,0.6072118564988631,synthetic_prototype,2024_25_project_crop_structure,SEA03,CALCULATED_FROM_PRODUCTION_AND_HARVESTED_AREA
DST05,Bhadrak,CRP010,Sesamum,2017-18,Annual,4573.67,4478.66,2795.32,0.6241420424859222,synthetic_prototype,2024_25_project_crop_structure,SEA03,CALCULATED_FROM_PRODUCTION_AND_HARVESTED_AREA
DST05,Bhadrak,CRP010,Sesamum,2018-19,Annual,4369.88,4226.34,2716.29,0.6427050355626854,synthetic_prototype,2024_25_project_crop_structure,SEA03,CALCULATED_FROM_PRODUCTION_AND_HARVESTED_AREA
DST05,Bhadrak,CRP010,Sesamum,2019-20,Annual,4579.54,4429.21,2984.27,0.6737702660293822,synthetic_prototype,2024_25_project_crop_structure,SEA03,CALCULATED_FROM_PRODUCTION_AND_HARVESTED_AREA
DST05,Bhadrak,CRP010,Sesamum,2020-21,Annual,4434.59,4338.5,3127.18,0.7207975106603665,synthetic_prototype,2024_25_project_crop_structure,SEA03,CALCULATED_FROM_PRODUCTION_AND_HARVESTED_AREA
DST05,Bhadrak,CRP010,Sesamum,2021-22,Annual,4885.45,4777.35,3214.25,0.6728102399866034,synthetic_prototype,2024_25_project_crop_structure,SEA03,CALCULATED_FROM_PRODUCTION_AND_HARVESTED_AREA
DST05,Bhadrak,CRP010,Sesamum,2022-23,Annual,4579.1,4450.76,2762.11,0.6205928875068527,synthetic_prototype,2024_25_project_crop_structure,SEA03,CALCULATED_FROM_PRODUCTION_AND_HARVESTED_AREA
DST05,Bhadrak,CRP010,Sesamum,2023-24,Annual,4716.92,4563.8,2934.0,0.642885314869188,synthetic_prototype,2024_25_project_crop_structure,SEA03,CALCULATED_FROM_PRODUCTION_AND_HARVESTED_AREA
DST05,Bhadrak,CRP010,Sesamum,2024-25,Annual,4534.95,4382.74,2818.6,0.6431136686182617,synthetic_prototype,2024_25_project_crop_structure,SEA03,CALCULATED_FROM_PRODUCTION_AND_HARVESTED_AREA
DST05,Bhadrak,CRP012,Urad,2015-16,Annual,796.81,763.29,479.69,0.6284505233921577,synthetic_prototype,2024_25_project_crop_structure,SEA03,CALCULATED_FROM_PRODUCTION_AND_HARVESTED_AREA
DST05,Bhadrak,CRP012,Urad,2016-17,Annual,798.14,764.78,485.13,0.6343392871152489,synthetic_prototype,2024_25_project_crop_structure,SEA03,CALCULATED_FROM_PRODUCTION_AND_HARVESTED_AREA
DST05,Bhadrak,CRP012,Urad,2017-18,Annual,793.26,773.07,537.2,0.6948917950509009,synthetic_prototype,2024_25_project_crop_structure,SEA03,CALCULATED_FROM_PRODUCTION_AND_HARVESTED_AREA
DST05,Bhadrak,CRP012,Urad,2018-19,Annual,740.45,715.92,492.67,0.6881634819532909,synthetic_prototype,2024_25_project_crop_structure,SEA03,CALCULATED_FROM_PRODUCTION_AND_HARVESTED_AREA
DST05,Bhadrak,CRP012,Urad,2019-20,Annual,720.49,705.36,510.01,0.7230492230917546,synthetic_prototype,2024_25_project_crop_structure,SEA03,CALCULATED_FROM_PRODUCTION_AND_HARVESTED_AREA
DST05,Bhadrak,CRP012,Urad,2020-21,Annual,799.47,768.05,513.14,0.6681075450817004,synthetic_prototype,2024_25_project_crop_structure,SEA03,CALCULATED_FROM_PRODUCTION_AND_HARVESTED_AREA
DST05,Bhadrak,CRP012,Urad,2021-22,Annual,812.46,790.15,547.06,0.6923495538821742,synthetic_prototype,2024_25_project_crop_structure,SEA03,CALCULATED_FROM_PRODUCTION_AND_HARVESTED_AREA
DST05,Bhadrak,CRP012,Urad,2022-23,Annual,830.74,804.34,531.23,0.6604545341522242,synthetic_prototype,2024_25_project_crop_structure,SEA03,CALCULATED_FROM_PRODUCTION_AND_HARVESTED_AREA
DST05,Bhadrak,CRP012,Urad,2023-24,Annual,787.99,768.89,499.7,0.6498979047718139,synthetic_prototype,2024_25_project_crop_structure,SEA03,CALCULATED_FROM_PRODUCTION_AND_HARVESTED_AREA
DST05,Bhadrak,CRP012,Urad,2024-25,Annual,771.36,747.43,452.04,0.6047924220328326,synthetic_prototype,2024_25_project_crop_structure,SEA03,CALCULATED_FROM_PRODUCTION_AND_HARVESTED_AREA
DST05,Bhadrak,CRP002,Horse Gram,2015-16,Annual,3848.68,3737.62,2873.71,0.7688609328931245,synthetic_prototype,2024_25_project_crop_structure,SEA03,CALCULATED_FROM_PRODUCTION_AND_HARVESTED_AREA
DST05,Bhadrak,CRP002,Horse Gram,2016-17,Annual,3933.08,3838.07,2568.4,0.6691905046025737,synthetic_prototype,2024_25_project_crop_structure,SEA03,CALCULATED_FROM_PRODUCTION_AND_HARVESTED_AREA
DST05,Bhadrak,CRP002,Horse Gram,2017-18,Annual,3847.23,3706.99,2648.79,0.7145392892886142,synthetic_prototype,2024_25_project_crop_structure,SEA03,CALCULATED_FROM_PRODUCTION_AND_HARVESTED_AREA
DST05,Bhadrak,CRP002,Horse Gram,2018-19,Annual,3805.44,3703.26,2196.97,0.5932529717060103,synthetic_prototype,2024_25_project_crop_structure,SEA03,CALCULATED_FROM_PRODUCTION_AND_HARVESTED_AREA
DST05,Bhadrak,CRP002,Horse Gram,2019-20,Annual,3731.96,3653.64,2484.19,0.6799219408589791,synthetic_prototype,2024_25_project_crop_structure,SEA03,CALCULATED_FROM_PRODUCTION_AND_HARVESTED_AREA
DST05,Bhadrak,CRP002,Horse Gram,2020-21,Annual,3930.46,3755.01,2510.96,0.6686959555367362,synthetic_prototype,2024_25_project_crop_structure,SEA03,CALCULATED_FROM_PRODUCTION_AND_HARVESTED_AREA
DST05,Bhadrak,CRP002,Horse Gram,2021-22,Annual,4248.53,4104.36,2795.38,0.681075734097399,synthetic_prototype,2024_25_project_crop_structure,SEA03,CALCULATED_FROM_PRODUCTION_AND_HARVESTED_AREA
DST05,Bhadrak,CRP002,Horse Gram,2022-23,Annual,4099.83,3928.33,2853.49,0.726387548907551,synthetic_prototype,2024_25_project_crop_structure,SEA03,CALCULATED_FROM_PRODUCTION_AND_HARVESTED_AREA
DST05,Bhadrak,CRP002,Horse Gram,2023-24,Annual,3996.71,3835.68,2680.02,0.6987079214115881,synthetic_prototype,2024_25_project_crop_structure,SEA03,CALCULATED_FROM_PRODUCTION_AND_HARVESTED_AREA
DST05,Bhadrak,CRP002,Horse Gram,2024-25,Annual,3899.03,3740.41,2687.46,0.7184934271911368,synthetic_prototype,2024_25_project_crop_structure,SEA03,CALCULATED_FROM_PRODUCTION_AND_HARVESTED_AREA
DST05,Bhadrak,CRP006,Potato,2015-16,Annual,2458.8,2382.74,33555.01,14.0825310356984,synthetic_prototype,2024_25_project_crop_structure,SEA03,CALCULATED_FROM_PRODUCTION_AND_HARVESTED_AREA
DST05,Bhadrak,CRP006,Potato,2016-17,Annual,2539.56,2474.25,36691.94,14.829520056582803,synthetic_prototype,2024_25_project_crop_structure,SEA03,CALCULATED_FROM_PRODUCTION_AND_HARVESTED_AREA
DST05,Bhadrak,CRP006,Potato,2017-18,Annual,2348.68,2276.3,30134.5,13.238369283486358,synthetic_prototype,2024_25_project_crop_structure,SEA03,CALCULATED_FROM_PRODUCTION_AND_HARVESTED_AREA
DST05,Bhadrak,CRP006,Potato,2018-19,Annual,2337.98,2259.02,28899.32,12.792857079618596,synthetic_prototype,2024_25_project_crop_structure,SEA03,CALCULATED_FROM_PRODUCTION_AND_HARVESTED_AREA
DST05,Bhadrak,CRP006,Potato,2019-20,Annual,2423.56,2337.03,34186.93,14.628365917425107,synthetic_prototype,2024_25_project_crop_structure,SEA03,CALCULATED_FROM_PRODUCTION_AND_HARVESTED_AREA
DST05,Bhadrak,CRP006,Potato,2020-21,Annual,2325.51,2264.76,31501.01,13.909204507320862,synthetic_prototype,2024_25_project_crop_structure,SEA03,CALCULATED_FROM_PRODUCTION_AND_HARVESTED_AREA
DST05,Bhadrak,CRP006,Potato,2021-22,Annual,2548.77,2440.38,36895.68,15.118825756644457,synthetic_prototype,2024_25_project_crop_structure,SEA03,CALCULATED_FROM_PRODUCTION_AND_HARVESTED_AREA
DST05,Bhadrak,CRP006,Potato,2022-23,Annual,2592.07,2490.76,38234.15,15.350395060142285,synthetic_prototype,2024_25_project_crop_structure,SEA03,CALCULATED_FROM_PRODUCTION_AND_HARVESTED_AREA
DST05,Bhadrak,CRP006,Potato,2023-24,Annual,2360.64,2259.34,34641.85,15.332729912275264,synthetic_prototype,2024_25_project_crop_structure,SEA03,CALCULATED_FROM_PRODUCTION_AND_HARVESTED_AREA
DST05,Bhadrak,CRP006,Potato,2024-25,Annual,2591.8,2494.36,35767.92,14.33951795250084,synthetic_prototype,2024_25_project_crop_structure,SEA03,CALCULATED_FROM_PRODUCTION_AND_HARVESTED_AREA
DST05,Bhadrak,CRP008,Rapeseed &Mustard,2015-16,Annual,3587.75,3473.87,3631.92,1.0454968090343046,synthetic_prototype,2024_25_project_crop_structure,SEA03,CALCULATED_FROM_PRODUCTION_AND_HARVESTED_AREA
DST05,Bhadrak,CRP008,Rapeseed &Mustard,2016-17,Annual,3424.08,3322.67,3518.25,1.0588623004992972,synthetic_prototype,2024_25_project_crop_structure,SEA03,CALCULATED_FROM_PRODUCTION_AND_HARVESTED_AREA
DST05,Bhadrak,CRP008,Rapeseed &Mustard,2017-18,Annual,3355.05,3269.44,3434.11,1.0503664236077126,synthetic_prototype,2024_25_project_crop_structure,SEA03,CALCULATED_FROM_PRODUCTION_AND_HARVESTED_AREA
DST05,Bhadrak,CRP008,Rapeseed &Mustard,2018-19,Annual,3382.05,3243.85,3385.21,1.0435778473110655,synthetic_prototype,2024_25_project_crop_structure,SEA03,CALCULATED_FROM_PRODUCTION_AND_HARVESTED_AREA
DST05,Bhadrak,CRP008,Rapeseed &Mustard,2019-20,Annual,3442.94,3363.15,3747.91,1.1144046504021528,synthetic_prototype,2024_25_project_crop_structure,SEA03,CALCULATED_FROM_PRODUCTION_AND_HARVESTED_AREA
DST05,Bhadrak,CRP008,Rapeseed &Mustard,2020-21,Annual,3406.38,3337.59,3849.04,1.1532393133967922,synthetic_prototype,2024_25_project_crop_structure,SEA03,CALCULATED_FROM_PRODUCTION_AND_HARVESTED_AREA
DST05,Bhadrak,CRP008,Rapeseed &Mustard,2021-22,Annual,3484.18,3368.31,3759.08,1.1160136685756359,synthetic_prototype,2024_25_project_crop_structure,SEA03,CALCULATED_FROM_PRODUCTION_AND_HARVESTED_AREA
DST05,Bhadrak,CRP008,Rapeseed &Mustard,2022-23,Annual,3545.06,3395.3,3926.7,1.1565104703560805,synthetic_prototype,2024_25_project_crop_structure,SEA03,CALCULATED_FROM_PRODUCTION_AND_HARVESTED_AREA
DST05,Bhadrak,CRP008,Rapeseed &Mustard,2023-24,Annual,3533.81,3383.42,3512.41,1.0381241465735853,synthetic_prototype,2024_25_project_crop_structure,SEA03,CALCULATED_FROM_PRODUCTION_AND_HARVESTED_AREA
DST05,Bhadrak,CRP008,Rapeseed &Mustard,2024-25,Annual,3261.98,3139.64,3319.89,1.0574110407562651,synthetic_prototype,2024_25_project_crop_structure,SEA03,CALCULATED_FROM_PRODUCTION_AND_HARVESTED_AREA
DST05,Bhadrak,CRP011,Sugarcane,2015-16,Annual,11349.7,10870.11,567541.78,52.2112269333061,synthetic_prototype,2024_25_project_crop_structure,SEA03,CALCULATED_FROM_PRODUCTION_AND_HARVESTED_AREA
DST05,Bhadrak,CRP011,Sugarcane,2016-17,Annual,12485.91,11942.9,683315.02,57.21516717045274,synthetic_prototype,2024_25_project_crop_structure,SEA03,CALCULATED_FROM_PRODUCTION_AND_HARVESTED_AREA
DST05,Bhadrak,CRP011,Sugarcane,2017-18,Annual,10912.76,10455.81,621309.7,59.422435947095444,synthetic_prototype,2024_25_project_crop_structure,SEA03,CALCULATED_FROM_PRODUCTION_AND_HARVESTED_AREA
DST05,Bhadrak,CRP011,Sugarcane,2018-19,Annual,11639.12,11280.68,708824.6,62.83527234173826,synthetic_prototype,2024_25_project_crop_structure,SEA03,CALCULATED_FROM_PRODUCTION_AND_HARVESTED_AREA
DST05,Bhadrak,CRP011,Sugarcane,2019-20,Annual,11244.1,10903.66,706013.75,64.75016187225206,synthetic_prototype,2024_25_project_crop_structure,SEA03,CALCULATED_FROM_PRODUCTION_AND_HARVESTED_AREA
DST05,Bhadrak,CRP011,Sugarcane,2020-21,Annual,11355.1,11037.13,678819.49,61.503261264477274,synthetic_prototype,2024_25_project_crop_structure,SEA03,CALCULATED_FROM_PRODUCTION_AND_HARVESTED_AREA
DST05,Bhadrak,CRP011,Sugarcane,2021-22,Annual,11397.33,11093.67,660229.81,59.51410218620168,synthetic_prototype,2024_25_project_crop_structure,SEA03,CALCULATED_FROM_PRODUCTION_AND_HARVESTED_AREA
DST05,Bhadrak,CRP011,Sugarcane,2022-23,Annual,12407.53,11921.32,679458.29,56.99522284445012,synthetic_prototype,2024_25_project_crop_structure,SEA03,CALCULATED_FROM_PRODUCTION_AND_HARVESTED_AREA
DST05,Bhadrak,CRP011,Sugarcane,2023-24,Annual,11414.46,11053.49,620260.81,56.11447696609849,synthetic_prototype,2024_25_project_crop_structure,SEA03,CALCULATED_FROM_PRODUCTION_AND_HARVESTED_AREA
DST05,Bhadrak,CRP011,Sugarcane,2024-25,Annual,11942.32,11426.23,645434.09,56.48705566052845,synthetic_prototype,2024_25_project_crop_structure,SEA03,CALCULATED_FROM_PRODUCTION_AND_HARVESTED_AREA
DST05,Bhadrak,CRP003,Jute,2015-16,Annual,5280.07,5108.89,9234.93,1.807619659064885,synthetic_prototype,2024_25_project_crop_structure,SEA03,CALCULATED_FROM_PRODUCTION_AND_HARVESTED_AREA
DST05,Bhadrak,CRP003,Jute,2016-17,Annual,5328.19,5178.3,8467.82,1.6352509510843325,synthetic_prototype,2024_25_project_crop_structure,SEA03,CALCULATED_FROM_PRODUCTION_AND_HARVESTED_AREA
DST05,Bhadrak,CRP003,Jute,2017-18,Annual,5626.18,5442.49,9442.2,1.7349044279364778,synthetic_prototype,2024_25_project_crop_structure,SEA03,CALCULATED_FROM_PRODUCTION_AND_HARVESTED_AREA
DST05,Bhadrak,CRP003,Jute,2018-19,Annual,5228.5,5031.87,7556.64,1.5017558084767693,synthetic_prototype,2024_25_project_crop_structure,SEA03,CALCULATED_FROM_PRODUCTION_AND_HARVESTED_AREA
DST05,Bhadrak,CRP003,Jute,2019-20,Annual,4999.76,4846.18,8130.9,1.6777957071342788,synthetic_prototype,2024_25_project_crop_structure,SEA03,CALCULATED_FROM_PRODUCTION_AND_HARVESTED_AREA
DST05,Bhadrak,CRP003,Jute,2020-21,Annual,5534.82,5327.2,9132.51,1.7143170896531013,synthetic_prototype,2024_25_project_crop_structure,SEA03,CALCULATED_FROM_PRODUCTION_AND_HARVESTED_AREA
DST05,Bhadrak,CRP003,Jute,2021-22,Annual,5446.18,5222.75,9489.14,1.81688574027093,synthetic_prototype,2024_25_project_crop_structure,SEA03,CALCULATED_FROM_PRODUCTION_AND_HARVESTED_AREA
DST05,Bhadrak,CRP003,Jute,2022-23,Annual,5277.75,5167.12,9072.18,1.755751753394541,synthetic_prototype,2024_25_project_crop_structure,SEA03,CALCULATED_FROM_PRODUCTION_AND_HARVESTED_AREA
DST05,Bhadrak,CRP003,Jute,2023-24,Annual,5463.17,5259.56,9162.33,1.7420335541376084,synthetic_prototype,2024_25_project_crop_structure,SEA03,CALCULATED_FROM_PRODUCTION_AND_HARVESTED_AREA
DST05,Bhadrak,CRP003,Jute,2024-25,Annual,5318.52,5112.65,8650.18,1.6919171075665262,synthetic_prototype,2024_25_project_crop_structure,SEA03,CALCULATED_FROM_PRODUCTION_AND_HARVESTED_AREA
DST05,Bhadrak,CRP013,Wheat,2015-16,Annual,2488.7,2392.63,5965.63,2.4933357853073814,synthetic_prototype,2024_25_project_crop_structure,SEA03,CALCULATED_FROM_PRODUCTION_AND_HARVESTED_AREA
DST05,Bhadrak,CRP013,Wheat,2016-17,Annual,2473.14,2370.96,6267.1,2.64327529776968,synthetic_prototype,2024_25_project_crop_structure,SEA03,CALCULATED_FROM_PRODUCTION_AND_HARVESTED_AREA
DST05,Bhadrak,CRP013,Wheat,2017-18,Annual,2358.63,2309.48,6479.28,2.805514661309039,synthetic_prototype,2024_25_project_crop_structure,SEA03,CALCULATED_FROM_PRODUCTION_AND_HARVESTED_AREA
DST05,Bhadrak,CRP013,Wheat,2018-19,Annual,2376.3,2270.0,6514.2,2.869691629955947,synthetic_prototype,2024_25_project_crop_structure,SEA03,CALCULATED_FROM_PRODUCTION_AND_HARVESTED_AREA
DST05,Bhadrak,CRP013,Wheat,2019-20,Annual,2387.37,2281.84,6315.25,2.767612978999404,synthetic_prototype,2024_25_project_crop_structure,SEA03,CALCULATED_FROM_PRODUCTION_AND_HARVESTED_AREA
DST05,Bhadrak,CRP013,Wheat,2020-21,Annual,2485.1,2413.27,6506.25,2.6960306969381795,synthetic_prototype,2024_25_project_crop_structure,SEA03,CALCULATED_FROM_PRODUCTION_AND_HARVESTED_AREA
DST05,Bhadrak,CRP013,Wheat,2021-22,Annual,2514.25,2447.57,6496.84,2.654404164130137,synthetic_prototype,2024_25_project_crop_structure,SEA03,CALCULATED_FROM_PRODUCTION_AND_HARVESTED_AREA
DST05,Bhadrak,CRP013,Wheat,2022-23,Annual,2645.2,2531.89,6404.13,2.5293871376718577,synthetic_prototype,2024_25_project_crop_structure,SEA03,CALCULATED_FROM_PRODUCTION_AND_HARVESTED_AREA
DST05,Bhadrak,CRP013,Wheat,2023-24,Annual,2479.35,2412.66,6273.82,2.6003746901759883,synthetic_prototype,2024_25_project_crop_structure,SEA03,CALCULATED_FROM_PRODUCTION_AND_HARVESTED_AREA
DST05,Bhadrak,CRP013,Wheat,2024-25,Annual,2453.53,2387.17,6040.66,2.5304691329063282,synthetic_prototype,2024_25_project_crop_structure,SEA03,CALCULATED_FROM_PRODUCTION_AND_HARVESTED_AREA
DST07,Cuttack,CRP001,Groundnut,2015-16,Annual,3907.33,3800.0,6043.13,1.5902973684210526,synthetic_prototype,2024_25_project_crop_structure,SEA03,CALCULATED_FROM_PRODUCTION_AND_HARVESTED_AREA
DST07,Cuttack,CRP001,Groundnut,2016-17,Annual,4043.74,3936.47,5864.54,1.489796696024611,synthetic_prototype,2024_25_project_crop_structure,SEA03,CALCULATED_FROM_PRODUCTION_AND_HARVESTED_AREA
DST07,Cuttack,CRP001,Groundnut,2017-18,Annual,4024.82,3917.58,5912.42,1.5092021094655375,synthetic_prototype,2024_25_project_crop_structure,SEA03,CALCULATED_FROM_PRODUCTION_AND_HARVESTED_AREA
DST07,Cuttack,CRP001,Groundnut,2018-19,Annual,3773.04,3631.23,5252.8,1.4465621841634928,synthetic_prototype,2024_25_project_crop_structure,SEA03,CALCULATED_FROM_PRODUCTION_AND_HARVESTED_AREA
DST07,Cuttack,CRP001,Groundnut,2019-20,Annual,3749.58,3670.72,5299.86,1.4438202859384535,synthetic_prototype,2024_25_project_crop_structure,SEA03,CALCULATED_FROM_PRODUCTION_AND_HARVESTED_AREA
DST07,Cuttack,CRP001,Groundnut,2020-21,Annual,3859.32,3712.6,5718.13,1.5401955502882079,synthetic_prototype,2024_25_project_crop_structure,SEA03,CALCULATED_FROM_PRODUCTION_AND_HARVESTED_AREA
DST07,Cuttack,CRP001,Groundnut,2021-22,Annual,3942.4,3791.74,5738.8,1.5135003982340562,synthetic_prototype,2024_25_project_crop_structure,SEA03,CALCULATED_FROM_PRODUCTION_AND_HARVESTED_AREA
DST07,Cuttack,CRP001,Groundnut,2022-23,Annual,4051.92,3909.1,6468.69,1.6547773144713616,synthetic_prototype,2024_25_project_crop_structure,SEA03,CALCULATED_FROM_PRODUCTION_AND_HARVESTED_AREA
DST07,Cuttack,CRP001,Groundnut,2023-24,Annual,4030.53,3927.89,6242.84,1.5893622275572892,synthetic_prototype,2024_25_project_crop_structure,SEA03,CALCULATED_FROM_PRODUCTION_AND_HARVESTED_AREA
DST07,Cuttack,CRP001,Groundnut,2024-25,Annual,4069.53,3970.65,6167.01,1.553148728797552,synthetic_prototype,2024_25_project_crop_structure,SEA03,CALCULATED_FROM_PRODUCTION_AND_HARVESTED_AREA
DST07,Cuttack,CRP004,Maize,2015-16,Annual,2362.09,2286.35,10764.15,4.708006210772629,synthetic_prototype,2024_25_project_crop_structure,SEA03,CALCULATED_FROM_PRODUCTION_AND_HARVESTED_AREA
DST07,Cuttack,CRP004,Maize,2016-17,Annual,2330.06,2264.47,10289.35,4.543822616329649,synthetic_prototype,2024_25_project_crop_structure,SEA03,CALCULATED_FROM_PRODUCTION_AND_HARVESTED_AREA
DST07,Cuttack,CRP004,Maize,2017-18,Annual,2230.5,2165.53,9441.86,4.360068897683246,synthetic_prototype,2024_25_project_crop_structure,SEA03,CALCULATED_FROM_PRODUCTION_AND_HARVESTED_AREA
DST07,Cuttack,CRP004,Maize,2018-19,Annual,2092.34,2012.42,8466.7,4.207223144274058,synthetic_prototype,2024_25_project_crop_structure,SEA03,CALCULATED_FROM_PRODUCTION_AND_HARVESTED_AREA
DST07,Cuttack,CRP004,Maize,2019-20,Annual,2314.38,2228.67,10345.61,4.64205557574697,synthetic_prototype,2024_25_project_crop_structure,SEA03,CALCULATED_FROM_PRODUCTION_AND_HARVESTED_AREA
DST07,Cuttack,CRP004,Maize,2020-21,Annual,2434.78,2365.5,11373.22,4.807956034664976,synthetic_prototype,2024_25_project_crop_structure,SEA03,CALCULATED_FROM_PRODUCTION_AND_HARVESTED_AREA
DST07,Cuttack,CRP004,Maize,2021-22,Annual,2293.69,2205.95,9970.38,4.51976699381219,synthetic_prototype,2024_25_project_crop_structure,SEA03,CALCULATED_FROM_PRODUCTION_AND_HARVESTED_AREA
DST07,Cuttack,CRP004,Maize,2022-23,Annual,2444.62,2347.01,11020.71,4.6956382801948005,synthetic_prototype,2024_25_project_crop_structure,SEA03,CALCULATED_FROM_PRODUCTION_AND_HARVESTED_AREA
DST07,Cuttack,CRP004,Maize,2023-24,Annual,2411.22,2309.76,10403.23,4.504030721806594,synthetic_prototype,2024_25_project_crop_structure,SEA03,CALCULATED_FROM_PRODUCTION_AND_HARVESTED_AREA
DST07,Cuttack,CRP004,Maize,2024-25,Annual,2218.37,2135.71,10141.86,4.748706519143517,synthetic_prototype,2024_25_project_crop_structure,SEA03,CALCULATED_FROM_PRODUCTION_AND_HARVESTED_AREA
DST07,Cuttack,CRP005,Moong(Green Gram),2015-16,Annual,1273.92,1226.02,1582.3,1.2905988483059003,synthetic_prototype,2024_25_project_crop_structure,SEA03,CALCULATED_FROM_PRODUCTION_AND_HARVESTED_AREA
DST07,Cuttack,CRP005,Moong(Green Gram),2016-17,Annual,1216.25,1174.95,1410.24,1.200255330014043,synthetic_prototype,2024_25_project_crop_structure,SEA03,CALCULATED_FROM_PRODUCTION_AND_HARVESTED_AREA
DST07,Cuttack,CRP005,Moong(Green Gram),2017-18,Annual,1158.45,1119.21,1354.6,1.2103179921551808,synthetic_prototype,2024_25_project_crop_structure,SEA03,CALCULATED_FROM_PRODUCTION_AND_HARVESTED_AREA
DST07,Cuttack,CRP005,Moong(Green Gram),2018-19,Annual,1182.68,1157.48,1406.84,1.215433528009123,synthetic_prototype,2024_25_project_crop_structure,SEA03,CALCULATED_FROM_PRODUCTION_AND_HARVESTED_AREA
DST07,Cuttack,CRP005,Moong(Green Gram),2019-20,Annual,1211.13,1182.87,1456.16,1.2310397592296705,synthetic_prototype,2024_25_project_crop_structure,SEA03,CALCULATED_FROM_PRODUCTION_AND_HARVESTED_AREA
DST07,Cuttack,CRP005,Moong(Green Gram),2020-21,Annual,1229.42,1183.27,1292.82,1.0925824199041638,synthetic_prototype,2024_25_project_crop_structure,SEA03,CALCULATED_FROM_PRODUCTION_AND_HARVESTED_AREA
DST07,Cuttack,CRP005,Moong(Green Gram),2021-22,Annual,1182.74,1154.77,1449.14,1.2549165634715138,synthetic_prototype,2024_25_project_crop_structure,SEA03,CALCULATED_FROM_PRODUCTION_AND_HARVESTED_AREA
DST07,Cuttack,CRP005,Moong(Green Gram),2022-23,Annual,1176.92,1136.29,1354.58,1.1921076485756277,synthetic_prototype,2024_25_project_crop_structure,SEA03,CALCULATED_FROM_PRODUCTION_AND_HARVESTED_AREA
DST07,Cuttack,CRP005,Moong(Green Gram),2023-24,Annual,1247.0,1193.39,1517.7,1.2717552518455826,synthetic_prototype,2024_25_project_crop_structure,SEA03,CALCULATED_FROM_PRODUCTION_AND_HARVESTED_AREA
DST07,Cuttack,CRP005,Moong(Green Gram),2024-25,Annual,1208.92,1183.75,1552.93,1.3118732840549103,synthetic_prototype,2024_25_project_crop_structure,SEA03,CALCULATED_FROM_PRODUCTION_AND_HARVESTED_AREA
DST07,Cuttack,CRP007,Ragi,2015-16,Annual,6080.5,5955.35,4828.46,0.8107768644999873,synthetic_prototype,2024_25_project_crop_structure,SEA03,CALCULATED_FROM_PRODUCTION_AND_HARVESTED_AREA
DST07,Cuttack,CRP007,Ragi,2016-17,Annual,5800.17,5547.88,4384.22,0.790251411349921,synthetic_prototype,2024_25_project_crop_structure,SEA03,CALCULATED_FROM_PRODUCTION_AND_HARVESTED_AREA
DST07,Cuttack,CRP007,Ragi,2017-18,Annual,5432.73,5312.63,4403.88,0.8289453622781937,synthetic_prototype,2024_25_project_crop_structure,SEA03,CALCULATED_FROM_PRODUCTION_AND_HARVESTED_AREA
DST07,Cuttack,CRP007,Ragi,2018-19,Annual,5527.52,5319.99,4134.69,0.7771988293211077,synthetic_prototype,2024_25_project_crop_structure,SEA03,CALCULATED_FROM_PRODUCTION_AND_HARVESTED_AREA
DST07,Cuttack,CRP007,Ragi,2019-20,Annual,5587.53,5422.47,4435.72,0.8180257336601217,synthetic_prototype,2024_25_project_crop_structure,SEA03,CALCULATED_FROM_PRODUCTION_AND_HARVESTED_AREA
DST07,Cuttack,CRP007,Ragi,2020-21,Annual,5857.9,5617.03,4704.55,0.8375511613788782,synthetic_prototype,2024_25_project_crop_structure,SEA03,CALCULATED_FROM_PRODUCTION_AND_HARVESTED_AREA
DST07,Cuttack,CRP007,Ragi,2021-22,Annual,5724.46,5503.89,4744.06,0.8619467322203024,synthetic_prototype,2024_25_project_crop_structure,SEA03,CALCULATED_FROM_PRODUCTION_AND_HARVESTED_AREA
DST07,Cuttack,CRP007,Ragi,2022-23,Annual,5981.99,5844.42,5116.86,0.8755120268563861,synthetic_prototype,2024_25_project_crop_structure,SEA03,CALCULATED_FROM_PRODUCTION_AND_HARVESTED_AREA
DST07,Cuttack,CRP007,Ragi,2023-24,Annual,6054.14,5901.52,4496.38,0.76190201846304,synthetic_prototype,2024_25_project_crop_structure,SEA03,CALCULATED_FROM_PRODUCTION_AND_HARVESTED_AREA
DST07,Cuttack,CRP007,Ragi,2024-25,Annual,5474.19,5334.84,4086.71,0.7660417182146043,synthetic_prototype,2024_25_project_crop_structure,SEA03,CALCULATED_FROM_PRODUCTION_AND_HARVESTED_AREA
DST07,Cuttack,CRP009,Rice,2015-16,Annual,26941.14,26156.35,87827.91,3.3578045101858636,synthetic_prototype,2024_25_project_crop_structure,SEA03,CALCULATED_FROM_PRODUCTION_AND_HARVESTED_AREA
DST07,Cuttack,CRP009,Rice,2016-17,Annual,26821.24,25868.09,92847.44,3.589265384494951,synthetic_prototype,2024_25_project_crop_structure,SEA03,CALCULATED_FROM_PRODUCTION_AND_HARVESTED_AREA
DST07,Cuttack,CRP009,Rice,2017-18,Annual,25376.54,24408.75,88770.56,3.6368335125723354,synthetic_prototype,2024_25_project_crop_structure,SEA03,CALCULATED_FROM_PRODUCTION_AND_HARVESTED_AREA
DST07,Cuttack,CRP009,Rice,2018-19,Annual,25211.3,24568.68,87358.46,3.5556839032459213,synthetic_prototype,2024_25_project_crop_structure,SEA03,CALCULATED_FROM_PRODUCTION_AND_HARVESTED_AREA
DST07,Cuttack,CRP009,Rice,2019-20,Annual,26525.98,25976.16,101438.27,3.905052555882009,synthetic_prototype,2024_25_project_crop_structure,SEA03,CALCULATED_FROM_PRODUCTION_AND_HARVESTED_AREA
DST07,Cuttack,CRP009,Rice,2020-21,Annual,25787.17,24932.53,97894.7,3.926384526560281,synthetic_prototype,2024_25_project_crop_structure,SEA03,CALCULATED_FROM_PRODUCTION_AND_HARVESTED_AREA
DST07,Cuttack,CRP009,Rice,2021-22,Annual,27457.39,26260.15,96895.69,3.6898376437301383,synthetic_prototype,2024_25_project_crop_structure,SEA03,CALCULATED_FROM_PRODUCTION_AND_HARVESTED_AREA
DST07,Cuttack,CRP009,Rice,2022-23,Annual,26249.15,25148.08,88162.22,3.5057236973955863,synthetic_prototype,2024_25_project_crop_structure,SEA03,CALCULATED_FROM_PRODUCTION_AND_HARVESTED_AREA
DST07,Cuttack,CRP009,Rice,2023-24,Annual,25262.13,24178.14,79899.62,3.3046222745008507,synthetic_prototype,2024_25_project_crop_structure,SEA03,CALCULATED_FROM_PRODUCTION_AND_HARVESTED_AREA
DST07,Cuttack,CRP009,Rice,2024-25,Annual,26357.01,25516.23,86074.12,3.3733086745181398,synthetic_prototype,2024_25_project_crop_structure,SEA03,CALCULATED_FROM_PRODUCTION_AND_HARVESTED_AREA
DST07,Cuttack,CRP010,Sesamum,2015-16,Annual,345.59,331.46,223.67,0.6748023894285887,synthetic_prototype,2024_25_project_crop_structure,SEA03,CALCULATED_FROM_PRODUCTION_AND_HARVESTED_AREA
DST07,Cuttack,CRP010,Sesamum,2016-17,Annual,341.48,327.31,227.09,0.6938070941920503,synthetic_prototype,2024_25_project_crop_structure,SEA03,CALCULATED_FROM_PRODUCTION_AND_HARVESTED_AREA
DST07,Cuttack,CRP010,Sesamum,2017-18,Annual,344.12,328.72,232.67,0.7078060355317595,synthetic_prototype,2024_25_project_crop_structure,SEA03,CALCULATED_FROM_PRODUCTION_AND_HARVESTED_AREA
DST07,Cuttack,CRP010,Sesamum,2018-19,Annual,341.21,334.2,242.21,0.7247456612806703,synthetic_prototype,2024_25_project_crop_structure,SEA03,CALCULATED_FROM_PRODUCTION_AND_HARVESTED_AREA
DST07,Cuttack,CRP010,Sesamum,2019-20,Annual,334.42,322.2,252.47,0.7835816263190565,synthetic_prototype,2024_25_project_crop_structure,SEA03,CALCULATED_FROM_PRODUCTION_AND_HARVESTED_AREA
DST07,Cuttack,CRP010,Sesamum,2020-21,Annual,346.23,338.27,264.95,0.7832500665149141,synthetic_prototype,2024_25_project_crop_structure,SEA03,CALCULATED_FROM_PRODUCTION_AND_HARVESTED_AREA
DST07,Cuttack,CRP010,Sesamum,2021-22,Annual,334.56,325.4,237.17,0.7288567916410572,synthetic_prototype,2024_25_project_crop_structure,SEA03,CALCULATED_FROM_PRODUCTION_AND_HARVESTED_AREA
DST07,Cuttack,CRP010,Sesamum,2022-23,Annual,344.07,335.79,238.49,0.7102355638941005,synthetic_prototype,2024_25_project_crop_structure,SEA03,CALCULATED_FROM_PRODUCTION_AND_HARVESTED_AREA
DST07,Cuttack,CRP010,Sesamum,2023-24,Annual,331.96,322.03,223.73,0.6947489364344938,synthetic_prototype,2024_25_project_crop_structure,SEA03,CALCULATED_FROM_PRODUCTION_AND_HARVESTED_AREA
DST07,Cuttack,CRP010,Sesamum,2024-25,Annual,331.53,320.53,211.27,0.6591270707890058,synthetic_prototype,2024_25_project_crop_structure,SEA03,CALCULATED_FROM_PRODUCTION_AND_HARVESTED_AREA
DST07,Cuttack,CRP012,Urad,2015-16,Annual,766.86,736.01,776.95,1.0556242442358121,synthetic_prototype,2024_25_project_crop_structure,SEA03,CALCULATED_FROM_PRODUCTION_AND_HARVESTED_AREA
DST07,Cuttack,CRP012,Urad,2016-17,Annual,762.62,736.0,790.87,1.0745516304347826,synthetic_prototype,2024_25_project_crop_structure,SEA03,CALCULATED_FROM_PRODUCTION_AND_HARVESTED_AREA
DST07,Cuttack,CRP012,Urad,2017-18,Annual,683.36,653.43,723.31,1.1069433604211623,synthetic_prototype,2024_25_project_crop_structure,SEA03,CALCULATED_FROM_PRODUCTION_AND_HARVESTED_AREA
DST07,Cuttack,CRP012,Urad,2018-19,Annual,689.41,673.66,781.57,1.1601846628863226,synthetic_prototype,2024_25_project_crop_structure,SEA03,CALCULATED_FROM_PRODUCTION_AND_HARVESTED_AREA
DST07,Cuttack,CRP012,Urad,2019-20,Annual,738.28,721.57,821.71,1.1387807142758153,synthetic_prototype,2024_25_project_crop_structure,SEA03,CALCULATED_FROM_PRODUCTION_AND_HARVESTED_AREA
DST07,Cuttack,CRP012,Urad,2020-21,Annual,717.47,698.43,818.17,1.171441662013373,synthetic_prototype,2024_25_project_crop_structure,SEA03,CALCULATED_FROM_PRODUCTION_AND_HARVESTED_AREA
DST07,Cuttack,CRP012,Urad,2021-22,Annual,756.82,728.05,751.81,1.0326351212142022,synthetic_prototype,2024_25_project_crop_structure,SEA03,CALCULATED_FROM_PRODUCTION_AND_HARVESTED_AREA
DST07,Cuttack,CRP012,Urad,2022-23,Annual,737.3,711.48,738.03,1.0373165795243717,synthetic_prototype,2024_25_project_crop_structure,SEA03,CALCULATED_FROM_PRODUCTION_AND_HARVESTED_AREA
DST07,Cuttack,CRP012,Urad,2023-24,Annual,768.13,744.27,777.91,1.045198651027181,synthetic_prototype,2024_25_project_crop_structure,SEA03,CALCULATED_FROM_PRODUCTION_AND_HARVESTED_AREA
DST07,Cuttack,CRP012,Urad,2024-25,Annual,726.98,697.16,768.77,1.1027167364736934,synthetic_prototype,2024_25_project_crop_structure,SEA03,CALCULATED_FROM_PRODUCTION_AND_HARVESTED_AREA
DST07,Cuttack,CRP002,Horse Gram,2015-16,Annual,4855.98,4688.67,2508.71,0.5350579162107805,synthetic_prototype,2024_25_project_crop_structure,SEA03,CALCULATED_FROM_PRODUCTION_AND_HARVESTED_AREA
DST07,Cuttack,CRP002,Horse Gram,2016-17,Annual,4710.12,4531.27,2439.16,0.5382950033875712,synthetic_prototype,2024_25_project_crop_structure,SEA03,CALCULATED_FROM_PRODUCTION_AND_HARVESTED_AREA
DST07,Cuttack,CRP002,Horse Gram,2017-18,Annual,4419.27,4260.81,2275.26,0.5339970568976321,synthetic_prototype,2024_25_project_crop_structure,SEA03,CALCULATED_FROM_PRODUCTION_AND_HARVESTED_AREA
DST07,Cuttack,CRP002,Horse Gram,2018-19,Annual,4467.7,4302.08,2147.84,0.49925617375781023,synthetic_prototype,2024_25_project_crop_structure,SEA03,CALCULATED_FROM_PRODUCTION_AND_HARVESTED_AREA
DST07,Cuttack,CRP002,Horse Gram,2019-20,Annual,4808.93,4671.95,2334.57,0.4996992690418348,synthetic_prototype,2024_25_project_crop_structure,SEA03,CALCULATED_FROM_PRODUCTION_AND_HARVESTED_AREA
DST07,Cuttack,CRP002,Horse Gram,2020-21,Annual,4387.21,4271.51,2079.18,0.4867552692139313,synthetic_prototype,2024_25_project_crop_structure,SEA03,CALCULATED_FROM_PRODUCTION_AND_HARVESTED_AREA
DST07,Cuttack,CRP002,Horse Gram,2021-22,Annual,4534.87,4369.29,2246.24,0.5140972560759299,synthetic_prototype,2024_25_project_crop_structure,SEA03,CALCULATED_FROM_PRODUCTION_AND_HARVESTED_AREA
DST07,Cuttack,CRP002,Horse Gram,2022-23,Annual,4939.99,4814.04,2682.16,0.557153658881106,synthetic_prototype,2024_25_project_crop_structure,SEA03,CALCULATED_FROM_PRODUCTION_AND_HARVESTED_AREA
DST07,Cuttack,CRP002,Horse Gram,2023-24,Annual,4722.07,4530.07,2498.26,0.5514837519067035,synthetic_prototype,2024_25_project_crop_structure,SEA03,CALCULATED_FROM_PRODUCTION_AND_HARVESTED_AREA
DST07,Cuttack,CRP002,Horse Gram,2024-25,Annual,4535.54,4434.5,2272.48,0.5124546172059984,synthetic_prototype,2024_25_project_crop_structure,SEA03,CALCULATED_FROM_PRODUCTION_AND_HARVESTED_AREA
DST07,Cuttack,CRP006,Potato,2015-16,Annual,5560.93,5349.54,99882.06,18.671149295079577,synthetic_prototype,2024_25_project_crop_structure,SEA03,CALCULATED_FROM_PRODUCTION_AND_HARVESTED_AREA
DST07,Cuttack,CRP006,Potato,2016-17,Annual,5176.51,5039.83,90917.65,18.039824755993752,synthetic_prototype,2024_25_project_crop_structure,SEA03,CALCULATED_FROM_PRODUCTION_AND_HARVESTED_AREA
DST07,Cuttack,CRP006,Potato,2017-18,Annual,5646.91,5436.7,93778.86,17.24922471352107,synthetic_prototype,2024_25_project_crop_structure,SEA03,CALCULATED_FROM_PRODUCTION_AND_HARVESTED_AREA
DST07,Cuttack,CRP006,Potato,2018-19,Annual,5073.54,4909.15,84125.07,17.136382062067774,synthetic_prototype,2024_25_project_crop_structure,SEA03,CALCULATED_FROM_PRODUCTION_AND_HARVESTED_AREA
DST07,Cuttack,CRP006,Potato,2019-20,Annual,5341.26,5200.89,94863.24,18.239808955774876,synthetic_prototype,2024_25_project_crop_structure,SEA03,CALCULATED_FROM_PRODUCTION_AND_HARVESTED_AREA
DST07,Cuttack,CRP006,Potato,2020-21,Annual,5158.9,4962.26,90955.15,18.329380161458687,synthetic_prototype,2024_25_project_crop_structure,SEA03,CALCULATED_FROM_PRODUCTION_AND_HARVESTED_AREA
DST07,Cuttack,CRP006,Potato,2021-22,Annual,5651.27,5467.49,108847.47,19.908124203245,synthetic_prototype,2024_25_project_crop_structure,SEA03,CALCULATED_FROM_PRODUCTION_AND_HARVESTED_AREA
DST07,Cuttack,CRP006,Potato,2022-23,Annual,5370.83,5167.61,98700.74,19.09988176352318,synthetic_prototype,2024_25_project_crop_structure,SEA03,CALCULATED_FROM_PRODUCTION_AND_HARVESTED_AREA
DST07,Cuttack,CRP006,Potato,2023-24,Annual,5401.19,5242.21,89792.19,17.12868999906528,synthetic_prototype,2024_25_project_crop_structure,SEA03,CALCULATED_FROM_PRODUCTION_AND_HARVESTED_AREA
DST07,Cuttack,CRP006,Potato,2024-25,Annual,5171.43,5066.12,86793.38,17.132120834089996,synthetic_prototype,2024_25_project_crop_structure,SEA03,CALCULATED_FROM_PRODUCTION_AND_HARVESTED_AREA
DST07,Cuttack,CRP008,Rapeseed &Mustard,2015-16,Annual,1602.23,1561.19,1527.66,0.9785227935100789,synthetic_prototype,2024_25_project_crop_structure,SEA03,CALCULATED_FROM_PRODUCTION_AND_HARVESTED_AREA
DST07,Cuttack,CRP008,Rapeseed &Mustard,2016-17,Annual,1621.47,1577.24,1501.36,0.9518906444168294,synthetic_prototype,2024_25_project_crop_structure,SEA03,CALCULATED_FROM_PRODUCTION_AND_HARVESTED_AREA
DST07,Cuttack,CRP008,Rapeseed &Mustard,2017-18,Annual,1503.72,1449.42,1425.73,0.9836555311779884,synthetic_prototype,2024_25_project_crop_structure,SEA03,CALCULATED_FROM_PRODUCTION_AND_HARVESTED_AREA
DST07,Cuttack,CRP008,Rapeseed &Mustard,2018-19,Annual,1544.06,1497.14,1431.89,0.9564169015589724,synthetic_prototype,2024_25_project_crop_structure,SEA03,CALCULATED_FROM_PRODUCTION_AND_HARVESTED_AREA
DST07,Cuttack,CRP008,Rapeseed &Mustard,2019-20,Annual,1521.19,1467.65,1499.3,1.0215650870439137,synthetic_prototype,2024_25_project_crop_structure,SEA03,CALCULATED_FROM_PRODUCTION_AND_HARVESTED_AREA
DST07,Cuttack,CRP008,Rapeseed &Mustard,2020-21,Annual,1573.94,1528.62,1566.5,1.024780520992791,synthetic_prototype,2024_25_project_crop_structure,SEA03,CALCULATED_FROM_PRODUCTION_AND_HARVESTED_AREA
DST07,Cuttack,CRP008,Rapeseed &Mustard,2021-22,Annual,1661.65,1618.66,1640.17,1.0132887697231043,synthetic_prototype,2024_25_project_crop_structure,SEA03,CALCULATED_FROM_PRODUCTION_AND_HARVESTED_AREA
DST07,Cuttack,CRP008,Rapeseed &Mustard,2022-23,Annual,1588.45,1552.71,1549.82,0.998138738077297,synthetic_prototype,2024_25_project_crop_structure,SEA03,CALCULATED_FROM_PRODUCTION_AND_HARVESTED_AREA
DST07,Cuttack,CRP008,Rapeseed &Mustard,2023-24,Annual,1562.28,1520.9,1481.53,0.9741140114405943,synthetic_prototype,2024_25_project_crop_structure,SEA03,CALCULATED_FROM_PRODUCTION_AND_HARVESTED_AREA
DST07,Cuttack,CRP008,Rapeseed &Mustard,2024-25,Annual,1581.77,1516.03,1436.48,0.9475274235997969,synthetic_prototype,2024_25_project_crop_structure,SEA03,CALCULATED_FROM_PRODUCTION_AND_HARVESTED_AREA
DST07,Cuttack,CRP011,Sugarcane,2015-16,Annual,1233.83,1198.24,69917.43,58.35010515422619,synthetic_prototype,2024_25_project_crop_structure,SEA03,CALCULATED_FROM_PRODUCTION_AND_HARVESTED_AREA
DST07,Cuttack,CRP011,Sugarcane,2016-17,Annual,1187.61,1144.71,69666.11,60.8591783071695,synthetic_prototype,2024_25_project_crop_structure,SEA03,CALCULATED_FROM_PRODUCTION_AND_HARVESTED_AREA
DST07,Cuttack,CRP011,Sugarcane,2017-18,Annual,1162.25,1119.6,70273.25,62.766389782065026,synthetic_prototype,2024_25_project_crop_structure,SEA03,CALCULATED_FROM_PRODUCTION_AND_HARVESTED_AREA
DST07,Cuttack,CRP011,Sugarcane,2018-19,Annual,1188.57,1143.18,75448.91,65.99915148970416,synthetic_prototype,2024_25_project_crop_structure,SEA03,CALCULATED_FROM_PRODUCTION_AND_HARVESTED_AREA
DST07,Cuttack,CRP011,Sugarcane,2019-20,Annual,1141.16,1098.46,76354.35,69.51035995848734,synthetic_prototype,2024_25_project_crop_structure,SEA03,CALCULATED_FROM_PRODUCTION_AND_HARVESTED_AREA
DST07,Cuttack,CRP011,Sugarcane,2020-21,Annual,1199.48,1157.63,75497.57,65.21735787773295,synthetic_prototype,2024_25_project_crop_structure,SEA03,CALCULATED_FROM_PRODUCTION_AND_HARVESTED_AREA
DST07,Cuttack,CRP011,Sugarcane,2021-22,Annual,1267.52,1238.48,78557.49,63.4305681157548,synthetic_prototype,2024_25_project_crop_structure,SEA03,CALCULATED_FROM_PRODUCTION_AND_HARVESTED_AREA
DST07,Cuttack,CRP011,Sugarcane,2022-23,Annual,1248.35,1212.62,73349.31,60.488289818739595,synthetic_prototype,2024_25_project_crop_structure,SEA03,CALCULATED_FROM_PRODUCTION_AND_HARVESTED_AREA
DST07,Cuttack,CRP011,Sugarcane,2023-24,Annual,1161.74,1129.27,71537.77,63.34868543395291,synthetic_prototype,2024_25_project_crop_structure,SEA03,CALCULATED_FROM_PRODUCTION_AND_HARVESTED_AREA
DST07,Cuttack,CRP011,Sugarcane,2024-25,Annual,1196.99,1166.52,67253.04,57.65271062647875,synthetic_prototype,2024_25_project_crop_structure,SEA03,CALCULATED_FROM_PRODUCTION_AND_HARVESTED_AREA
DST07,Cuttack,CRP003,Jute,2015-16,Annual,1202.19,1164.37,1939.34,1.6655702225237683,synthetic_prototype,2024_25_project_crop_structure,SEA03,CALCULATED_FROM_PRODUCTION_AND_HARVESTED_AREA
DST07,Cuttack,CRP003,Jute,2016-17,Annual,1194.46,1163.35,1974.41,1.6971762582197965,synthetic_prototype,2024_25_project_crop_structure,SEA03,CALCULATED_FROM_PRODUCTION_AND_HARVESTED_AREA
DST07,Cuttack,CRP003,Jute,2017-18,Annual,1116.65,1093.55,1670.95,1.5280051209363998,synthetic_prototype,2024_25_project_crop_structure,SEA03,CALCULATED_FROM_PRODUCTION_AND_HARVESTED_AREA
DST07,Cuttack,CRP003,Jute,2018-19,Annual,1101.18,1062.31,1571.66,1.4794739765228606,synthetic_prototype,2024_25_project_crop_structure,SEA03,CALCULATED_FROM_PRODUCTION_AND_HARVESTED_AREA
DST07,Cuttack,CRP003,Jute,2019-20,Annual,1095.5,1058.51,1582.32,1.494855976797574,synthetic_prototype,2024_25_project_crop_structure,SEA03,CALCULATED_FROM_PRODUCTION_AND_HARVESTED_AREA
DST07,Cuttack,CRP003,Jute,2020-21,Annual,1119.54,1081.49,1784.49,1.650029126482908,synthetic_prototype,2024_25_project_crop_structure,SEA03,CALCULATED_FROM_PRODUCTION_AND_HARVESTED_AREA
DST07,Cuttack,CRP003,Jute,2021-22,Annual,1163.64,1125.59,1962.79,1.7437877024493822,synthetic_prototype,2024_25_project_crop_structure,SEA03,CALCULATED_FROM_PRODUCTION_AND_HARVESTED_AREA
DST07,Cuttack,CRP003,Jute,2022-23,Annual,1174.57,1133.16,1985.36,1.7520561968301032,synthetic_prototype,2024_25_project_crop_structure,SEA03,CALCULATED_FROM_PRODUCTION_AND_HARVESTED_AREA
DST07,Cuttack,CRP003,Jute,2023-24,Annual,1171.98,1120.16,1917.39,1.7117108270247108,synthetic_prototype,2024_25_project_crop_structure,SEA03,CALCULATED_FROM_PRODUCTION_AND_HARVESTED_AREA
DST07,Cuttack,CRP003,Jute,2024-25,Annual,1153.06,1118.85,1835.7,1.640702507038477,synthetic_prototype,2024_25_project_crop_structure,SEA03,CALCULATED_FROM_PRODUCTION_AND_HARVESTED_AREA
DST07,Cuttack,CRP013,Wheat,2015-16,Annual,3936.23,3834.37,9738.74,2.5398540046995985,synthetic_prototype,2024_25_project_crop_structure,SEA03,CALCULATED_FROM_PRODUCTION_AND_HARVESTED_AREA
DST07,Cuttack,CRP013,Wheat,2016-17,Annual,3916.96,3761.84,10687.24,2.8409608064138823,synthetic_prototype,2024_25_project_crop_structure,SEA03,CALCULATED_FROM_PRODUCTION_AND_HARVESTED_AREA
DST07,Cuttack,CRP013,Wheat,2017-18,Annual,4139.09,3995.04,11441.63,2.8639588089230643,synthetic_prototype,2024_25_project_crop_structure,SEA03,CALCULATED_FROM_PRODUCTION_AND_HARVESTED_AREA
DST07,Cuttack,CRP013,Wheat,2018-19,Annual,3715.95,3603.08,9483.61,2.6320842168367067,synthetic_prototype,2024_25_project_crop_structure,SEA03,CALCULATED_FROM_PRODUCTION_AND_HARVESTED_AREA
DST07,Cuttack,CRP013,Wheat,2019-20,Annual,3768.97,3667.0,9560.58,2.607193891464412,synthetic_prototype,2024_25_project_crop_structure,SEA03,CALCULATED_FROM_PRODUCTION_AND_HARVESTED_AREA
DST07,Cuttack,CRP013,Wheat,2020-21,Annual,4047.98,3922.3,10090.37,2.572564566708309,synthetic_prototype,2024_25_project_crop_structure,SEA03,CALCULATED_FROM_PRODUCTION_AND_HARVESTED_AREA
DST07,Cuttack,CRP013,Wheat,2021-22,Annual,4145.3,4061.69,10725.23,2.640583107031802,synthetic_prototype,2024_25_project_crop_structure,SEA03,CALCULATED_FROM_PRODUCTION_AND_HARVESTED_AREA
DST07,Cuttack,CRP013,Wheat,2022-23,Annual,4283.62,4156.13,9643.22,2.320240223477129,synthetic_prototype,2024_25_project_crop_structure,SEA03,CALCULATED_FROM_PRODUCTION_AND_HARVESTED_AREA
DST07,Cuttack,CRP013,Wheat,2023-24,Annual,3928.0,3762.89,10096.53,2.683184998764248,synthetic_prototype,2024_25_project_crop_structure,SEA03,CALCULATED_FROM_PRODUCTION_AND_HARVESTED_AREA
DST07,Cuttack,CRP013,Wheat,2024-25,Annual,3912.92,3760.93,10184.61,2.7080030737078333,synthetic_prototype,2024_25_project_crop_structure,SEA03,CALCULATED_FROM_PRODUCTION_AND_HARVESTED_AREA
DST08,Deogarh,CRP001,Groundnut,2015-16,Annual,5051.74,4902.52,9653.81,1.9691525990714975,synthetic_prototype,2024_25_project_crop_structure,SEA03,CALCULATED_FROM_PRODUCTION_AND_HARVESTED_AREA
DST08,Deogarh,CRP001,Groundnut,2016-17,Annual,4935.28,4731.39,8884.26,1.877727264080957,synthetic_prototype,2024_25_project_crop_structure,SEA03,CALCULATED_FROM_PRODUCTION_AND_HARVESTED_AREA
DST08,Deogarh,CRP001,Groundnut,2017-18,Annual,5006.01,4811.99,8137.0,1.6909843952294166,synthetic_prototype,2024_25_project_crop_structure,SEA03,CALCULATED_FROM_PRODUCTION_AND_HARVESTED_AREA
DST08,Deogarh,CRP001,Groundnut,2018-19,Annual,4541.13,4350.52,7594.51,1.7456556917334018,synthetic_prototype,2024_25_project_crop_structure,SEA03,CALCULATED_FROM_PRODUCTION_AND_HARVESTED_AREA
DST08,Deogarh,CRP001,Groundnut,2019-20,Annual,4609.28,4448.1,7307.4,1.6428137856612934,synthetic_prototype,2024_25_project_crop_structure,SEA03,CALCULATED_FROM_PRODUCTION_AND_HARVESTED_AREA
DST08,Deogarh,CRP001,Groundnut,2020-21,Annual,4900.48,4758.07,7990.99,1.6794603694355064,synthetic_prototype,2024_25_project_crop_structure,SEA03,CALCULATED_FROM_PRODUCTION_AND_HARVESTED_AREA
DST08,Deogarh,CRP001,Groundnut,2021-22,Annual,4746.88,4607.56,7921.27,1.7191897663839428,synthetic_prototype,2024_25_project_crop_structure,SEA03,CALCULATED_FROM_PRODUCTION_AND_HARVESTED_AREA
DST08,Deogarh,CRP001,Groundnut,2022-23,Annual,4930.58,4740.14,8878.56,1.8730586016446769,synthetic_prototype,2024_25_project_crop_structure,SEA03,CALCULATED_FROM_PRODUCTION_AND_HARVESTED_AREA
DST08,Deogarh,CRP001,Groundnut,2023-24,Annual,4972.68,4851.52,9471.39,1.95225207769936,synthetic_prototype,2024_25_project_crop_structure,SEA03,CALCULATED_FROM_PRODUCTION_AND_HARVESTED_AREA
DST08,Deogarh,CRP001,Groundnut,2024-25,Annual,4599.73,4428.03,8121.62,1.834138431763109,synthetic_prototype,2024_25_project_crop_structure,SEA03,CALCULATED_FROM_PRODUCTION_AND_HARVESTED_AREA
DST08,Deogarh,CRP004,Maize,2015-16,Annual,5500.41,5257.64,16225.38,3.0860576228117553,synthetic_prototype,2024_25_project_crop_structure,SEA03,CALCULATED_FROM_PRODUCTION_AND_HARVESTED_AREA
DST08,Deogarh,CRP004,Maize,2016-17,Annual,5275.25,5138.46,13446.84,2.6169007835032287,synthetic_prototype,2024_25_project_crop_structure,SEA03,CALCULATED_FROM_PRODUCTION_AND_HARVESTED_AREA
DST08,Deogarh,CRP004,Maize,2017-18,Annual,5236.9,5002.12,13787.32,2.7562953307797495,synthetic_prototype,2024_25_project_crop_structure,SEA03,CALCULATED_FROM_PRODUCTION_AND_HARVESTED_AREA
DST08,Deogarh,CRP004,Maize,2018-19,Annual,5427.07,5260.23,13906.12,2.643633453290066,synthetic_prototype,2024_25_project_crop_structure,SEA03,CALCULATED_FROM_PRODUCTION_AND_HARVESTED_AREA
DST08,Deogarh,CRP004,Maize,2019-20,Annual,5119.8,5008.56,15818.32,3.1582570639065914,synthetic_prototype,2024_25_project_crop_structure,SEA03,CALCULATED_FROM_PRODUCTION_AND_HARVESTED_AREA
DST08,Deogarh,CRP004,Maize,2020-21,Annual,5589.74,5396.09,16877.44,3.1277165503169884,synthetic_prototype,2024_25_project_crop_structure,SEA03,CALCULATED_FROM_PRODUCTION_AND_HARVESTED_AREA
DST08,Deogarh,CRP004,Maize,2021-22,Annual,5287.81,5179.3,17239.57,3.3285521209429842,synthetic_prototype,2024_25_project_crop_structure,SEA03,CALCULATED_FROM_PRODUCTION_AND_HARVESTED_AREA
DST08,Deogarh,CRP004,Maize,2022-23,Annual,5564.61,5440.69,16544.65,3.0409102521922775,synthetic_prototype,2024_25_project_crop_structure,SEA03,CALCULATED_FROM_PRODUCTION_AND_HARVESTED_AREA
DST08,Deogarh,CRP004,Maize,2023-24,Annual,5225.34,5058.18,15065.01,2.9783459663357172,synthetic_prototype,2024_25_project_crop_structure,SEA03,CALCULATED_FROM_PRODUCTION_AND_HARVESTED_AREA
DST08,Deogarh,CRP004,Maize,2024-25,Annual,5464.16,5282.88,16735.92,3.167953843358168,synthetic_prototype,2024_25_project_crop_structure,SEA03,CALCULATED_FROM_PRODUCTION_AND_HARVESTED_AREA
DST08,Deogarh,CRP005,Moong(Green Gram),2015-16,Annual,1852.75,1773.42,1535.77,0.8659933913004251,synthetic_prototype,2024_25_project_crop_structure,SEA03,CALCULATED_FROM_PRODUCTION_AND_HARVESTED_AREA
DST08,Deogarh,CRP005,Moong(Green Gram),2016-17,Annual,1822.89,1752.18,1418.94,0.8098140601992946,synthetic_prototype,2024_25_project_crop_structure,SEA03,CALCULATED_FROM_PRODUCTION_AND_HARVESTED_AREA
DST08,Deogarh,CRP005,Moong(Green Gram),2017-18,Annual,1683.92,1627.64,1332.19,0.818479516354968,synthetic_prototype,2024_25_project_crop_structure,SEA03,CALCULATED_FROM_PRODUCTION_AND_HARVESTED_AREA
DST08,Deogarh,CRP005,Moong(Green Gram),2018-19,Annual,1668.35,1597.8,1196.7,0.7489673300788585,synthetic_prototype,2024_25_project_crop_structure,SEA03,CALCULATED_FROM_PRODUCTION_AND_HARVESTED_AREA
DST08,Deogarh,CRP005,Moong(Green Gram),2019-20,Annual,1740.36,1691.19,1181.71,0.6987446709121979,synthetic_prototype,2024_25_project_crop_structure,SEA03,CALCULATED_FROM_PRODUCTION_AND_HARVESTED_AREA
DST08,Deogarh,CRP005,Moong(Green Gram),2020-21,Annual,1742.47,1692.96,1207.91,0.7134899820432852,synthetic_prototype,2024_25_project_crop_structure,SEA03,CALCULATED_FROM_PRODUCTION_AND_HARVESTED_AREA
DST08,Deogarh,CRP005,Moong(Green Gram),2021-22,Annual,1854.07,1810.07,1462.51,0.807985326534333,synthetic_prototype,2024_25_project_crop_structure,SEA03,CALCULATED_FROM_PRODUCTION_AND_HARVESTED_AREA
DST08,Deogarh,CRP005,Moong(Green Gram),2022-23,Annual,1821.51,1752.74,1436.31,0.8194655225532594,synthetic_prototype,2024_25_project_crop_structure,SEA03,CALCULATED_FROM_PRODUCTION_AND_HARVESTED_AREA
DST08,Deogarh,CRP005,Moong(Green Gram),2023-24,Annual,1756.59,1699.19,1396.24,0.8217091673091296,synthetic_prototype,2024_25_project_crop_structure,SEA03,CALCULATED_FROM_PRODUCTION_AND_HARVESTED_AREA
DST08,Deogarh,CRP005,Moong(Green Gram),2024-25,Annual,1761.33,1712.27,1442.79,0.8426182786593236,synthetic_prototype,2024_25_project_crop_structure,SEA03,CALCULATED_FROM_PRODUCTION_AND_HARVESTED_AREA
DST08,Deogarh,CRP007,Ragi,2015-16,Annual,4010.19,3913.69,4331.73,1.106814796266439,synthetic_prototype,2024_25_project_crop_structure,SEA03,CALCULATED_FROM_PRODUCTION_AND_HARVESTED_AREA
DST08,Deogarh,CRP007,Ragi,2016-17,Annual,4059.68,3959.21,4579.47,1.1566625665221093,synthetic_prototype,2024_25_project_crop_structure,SEA03,CALCULATED_FROM_PRODUCTION_AND_HARVESTED_AREA
DST08,Deogarh,CRP007,Ragi,2017-18,Annual,3539.46,3389.5,3904.2,1.1518513055022863,synthetic_prototype,2024_25_project_crop_structure,SEA03,CALCULATED_FROM_PRODUCTION_AND_HARVESTED_AREA
DST08,Deogarh,CRP007,Ragi,2018-19,Annual,3524.39,3412.59,4118.55,1.2068692693819063,synthetic_prototype,2024_25_project_crop_structure,SEA03,CALCULATED_FROM_PRODUCTION_AND_HARVESTED_AREA
DST08,Deogarh,CRP007,Ragi,2019-20,Annual,3764.04,3609.08,4471.0,1.238819865450475,synthetic_prototype,2024_25_project_crop_structure,SEA03,CALCULATED_FROM_PRODUCTION_AND_HARVESTED_AREA
DST08,Deogarh,CRP007,Ragi,2020-21,Annual,3913.62,3793.4,4719.12,1.2440343754942795,synthetic_prototype,2024_25_project_crop_structure,SEA03,CALCULATED_FROM_PRODUCTION_AND_HARVESTED_AREA
DST08,Deogarh,CRP007,Ragi,2021-22,Annual,3969.59,3877.18,4854.8,1.2521471791353511,synthetic_prototype,2024_25_project_crop_structure,SEA03,CALCULATED_FROM_PRODUCTION_AND_HARVESTED_AREA
DST08,Deogarh,CRP007,Ragi,2022-23,Annual,4064.19,3919.59,4447.93,1.1347947106712692,synthetic_prototype,2024_25_project_crop_structure,SEA03,CALCULATED_FROM_PRODUCTION_AND_HARVESTED_AREA
DST08,Deogarh,CRP007,Ragi,2023-24,Annual,3721.62,3629.33,4190.61,1.154651133955854,synthetic_prototype,2024_25_project_crop_structure,SEA03,CALCULATED_FROM_PRODUCTION_AND_HARVESTED_AREA
DST08,Deogarh,CRP007,Ragi,2024-25,Annual,3738.99,3632.16,4031.28,1.1098850270913176,synthetic_prototype,2024_25_project_crop_structure,SEA03,CALCULATED_FROM_PRODUCTION_AND_HARVESTED_AREA
DST08,Deogarh,CRP009,Rice,2015-16,Annual,9900.07,9456.43,24337.88,2.5736858412741386,synthetic_prototype,2024_25_project_crop_structure,SEA03,CALCULATED_FROM_PRODUCTION_AND_HARVESTED_AREA
DST08,Deogarh,CRP009,Rice,2016-17,Annual,10142.47,9912.14,24093.32,2.4306880249875404,synthetic_prototype,2024_25_project_crop_structure,SEA03,CALCULATED_FROM_PRODUCTION_AND_HARVESTED_AREA
DST08,Deogarh,CRP009,Rice,2017-18,Annual,9559.89,9140.63,24028.07,2.628710493696824,synthetic_prototype,2024_25_project_crop_structure,SEA03,CALCULATED_FROM_PRODUCTION_AND_HARVESTED_AREA
DST08,Deogarh,CRP009,Rice,2018-19,Annual,9235.2,9028.85,24878.69,2.755466089258322,synthetic_prototype,2024_25_project_crop_structure,SEA03,CALCULATED_FROM_PRODUCTION_AND_HARVESTED_AREA
DST08,Deogarh,CRP009,Rice,2019-20,Annual,9702.06,9471.88,28948.04,3.0562084823709763,synthetic_prototype,2024_25_project_crop_structure,SEA03,CALCULATED_FROM_PRODUCTION_AND_HARVESTED_AREA
DST08,Deogarh,CRP009,Rice,2020-21,Annual,9646.04,9276.48,26429.23,2.8490580478802303,synthetic_prototype,2024_25_project_crop_structure,SEA03,CALCULATED_FROM_PRODUCTION_AND_HARVESTED_AREA
DST08,Deogarh,CRP009,Rice,2021-22,Annual,10021.4,9654.58,27977.95,2.8978940564996094,synthetic_prototype,2024_25_project_crop_structure,SEA03,CALCULATED_FROM_PRODUCTION_AND_HARVESTED_AREA
DST08,Deogarh,CRP009,Rice,2022-23,Annual,10174.31,9938.02,26958.88,2.7127013227987065,synthetic_prototype,2024_25_project_crop_structure,SEA03,CALCULATED_FROM_PRODUCTION_AND_HARVESTED_AREA
DST08,Deogarh,CRP009,Rice,2023-24,Annual,9868.72,9433.26,23778.51,2.520709701630189,synthetic_prototype,2024_25_project_crop_structure,SEA03,CALCULATED_FROM_PRODUCTION_AND_HARVESTED_AREA
DST08,Deogarh,CRP009,Rice,2024-25,Annual,9296.6,8983.42,22766.55,2.5342853835176355,synthetic_prototype,2024_25_project_crop_structure,SEA03,CALCULATED_FROM_PRODUCTION_AND_HARVESTED_AREA
DST08,Deogarh,CRP010,Sesamum,2015-16,Annual,3051.33,2928.92,2097.32,0.7160728186498778,synthetic_prototype,2024_25_project_crop_structure,SEA03,CALCULATED_FROM_PRODUCTION_AND_HARVESTED_AREA
DST08,Deogarh,CRP010,Sesamum,2016-17,Annual,2973.95,2863.49,1958.36,0.6839067012631439,synthetic_prototype,2024_25_project_crop_structure,SEA03,CALCULATED_FROM_PRODUCTION_AND_HARVESTED_AREA
DST08,Deogarh,CRP010,Sesamum,2017-18,Annual,2995.88,2923.71,2059.14,0.7042900971710601,synthetic_prototype,2024_25_project_crop_structure,SEA03,CALCULATED_FROM_PRODUCTION_AND_HARVESTED_AREA
DST08,Deogarh,CRP010,Sesamum,2018-19,Annual,2937.08,2840.55,2210.96,0.7783563042368555,synthetic_prototype,2024_25_project_crop_structure,SEA03,CALCULATED_FROM_PRODUCTION_AND_HARVESTED_AREA
DST08,Deogarh,CRP010,Sesamum,2019-20,Annual,2877.33,2809.41,2255.98,0.8030084608512108,synthetic_prototype,2024_25_project_crop_structure,SEA03,CALCULATED_FROM_PRODUCTION_AND_HARVESTED_AREA
DST08,Deogarh,CRP010,Sesamum,2020-21,Annual,2995.85,2864.25,2228.84,0.7781583311512613,synthetic_prototype,2024_25_project_crop_structure,SEA03,CALCULATED_FROM_PRODUCTION_AND_HARVESTED_AREA
DST08,Deogarh,CRP010,Sesamum,2021-22,Annual,2985.72,2913.22,2382.57,0.8178476050555744,synthetic_prototype,2024_25_project_crop_structure,SEA03,CALCULATED_FROM_PRODUCTION_AND_HARVESTED_AREA
DST08,Deogarh,CRP010,Sesamum,2022-23,Annual,3022.54,2904.4,2127.8,0.732612587797824,synthetic_prototype,2024_25_project_crop_structure,SEA03,CALCULATED_FROM_PRODUCTION_AND_HARVESTED_AREA
DST08,Deogarh,CRP010,Sesamum,2023-24,Annual,2921.93,2801.51,2059.32,0.7350750131179257,synthetic_prototype,2024_25_project_crop_structure,SEA03,CALCULATED_FROM_PRODUCTION_AND_HARVESTED_AREA
DST08,Deogarh,CRP010,Sesamum,2024-25,Annual,3004.66,2943.73,2147.01,0.7293501781753082,synthetic_prototype,2024_25_project_crop_structure,SEA03,CALCULATED_FROM_PRODUCTION_AND_HARVESTED_AREA
DST08,Deogarh,CRP012,Urad,2015-16,Annual,4417.11,4321.26,3871.79,0.895986355831401,synthetic_prototype,2024_25_project_crop_structure,SEA03,CALCULATED_FROM_PRODUCTION_AND_HARVESTED_AREA
DST08,Deogarh,CRP012,Urad,2016-17,Annual,4481.4,4368.28,4006.69,0.9172237127656653,synthetic_prototype,2024_25_project_crop_structure,SEA03,CALCULATED_FROM_PRODUCTION_AND_HARVESTED_AREA
DST08,Deogarh,CRP012,Urad,2017-18,Annual,4231.97,4139.02,3962.08,0.9572507501775781,synthetic_prototype,2024_25_project_crop_structure,SEA03,CALCULATED_FROM_PRODUCTION_AND_HARVESTED_AREA
DST08,Deogarh,CRP012,Urad,2018-19,Annual,4216.29,4105.48,4047.46,0.9858676695538647,synthetic_prototype,2024_25_project_crop_structure,SEA03,CALCULATED_FROM_PRODUCTION_AND_HARVESTED_AREA
DST08,Deogarh,CRP012,Urad,2019-20,Annual,4446.11,4290.76,4314.8,1.0056027370442533,synthetic_prototype,2024_25_project_crop_structure,SEA03,CALCULATED_FROM_PRODUCTION_AND_HARVESTED_AREA
DST08,Deogarh,CRP012,Urad,2020-21,Annual,4435.19,4255.62,4113.57,0.9666206099228785,synthetic_prototype,2024_25_project_crop_structure,SEA03,CALCULATED_FROM_PRODUCTION_AND_HARVESTED_AREA
DST08,Deogarh,CRP012,Urad,2021-22,Annual,4584.62,4454.93,4001.07,0.8981218560112055,synthetic_prototype,2024_25_project_crop_structure,SEA03,CALCULATED_FROM_PRODUCTION_AND_HARVESTED_AREA
DST08,Deogarh,CRP012,Urad,2022-23,Annual,4464.52,4330.6,3909.69,0.9028056158499976,synthetic_prototype,2024_25_project_crop_structure,SEA03,CALCULATED_FROM_PRODUCTION_AND_HARVESTED_AREA
DST08,Deogarh,CRP012,Urad,2023-24,Annual,4289.33,4151.98,3462.43,0.8339226104171986,synthetic_prototype,2024_25_project_crop_structure,SEA03,CALCULATED_FROM_PRODUCTION_AND_HARVESTED_AREA
DST08,Deogarh,CRP012,Urad,2024-25,Annual,4484.05,4306.99,3712.68,0.8620126817104289,synthetic_prototype,2024_25_project_crop_structure,SEA03,CALCULATED_FROM_PRODUCTION_AND_HARVESTED_AREA
DST08,Deogarh,CRP002,Horse Gram,2015-16,Annual,2528.52,2418.4,2258.09,0.9337123718160768,synthetic_prototype,2024_25_project_crop_structure,SEA03,CALCULATED_FROM_PRODUCTION_AND_HARVESTED_AREA
DST08,Deogarh,CRP002,Horse Gram,2016-17,Annual,2423.0,2324.88,2024.07,0.8706126767833178,synthetic_prototype,2024_25_project_crop_structure,SEA03,CALCULATED_FROM_PRODUCTION_AND_HARVESTED_AREA
DST08,Deogarh,CRP002,Horse Gram,2017-18,Annual,2404.09,2327.73,1956.23,0.840402452174436,synthetic_prototype,2024_25_project_crop_structure,SEA03,CALCULATED_FROM_PRODUCTION_AND_HARVESTED_AREA
DST08,Deogarh,CRP002,Horse Gram,2018-19,Annual,2423.36,2343.11,1916.21,0.8178062489597159,synthetic_prototype,2024_25_project_crop_structure,SEA03,CALCULATED_FROM_PRODUCTION_AND_HARVESTED_AREA
DST08,Deogarh,CRP002,Horse Gram,2019-20,Annual,2344.3,2261.68,2010.49,0.8889365427469846,synthetic_prototype,2024_25_project_crop_structure,SEA03,CALCULATED_FROM_PRODUCTION_AND_HARVESTED_AREA
DST08,Deogarh,CRP002,Horse Gram,2020-21,Annual,2491.01,2381.44,2048.61,0.8602400228433217,synthetic_prototype,2024_25_project_crop_structure,SEA03,CALCULATED_FROM_PRODUCTION_AND_HARVESTED_AREA
DST08,Deogarh,CRP002,Horse Gram,2021-22,Annual,2703.5,2620.87,2490.31,0.9501844807258658,synthetic_prototype,2024_25_project_crop_structure,SEA03,CALCULATED_FROM_PRODUCTION_AND_HARVESTED_AREA
DST08,Deogarh,CRP002,Horse Gram,2022-23,Annual,2567.18,2495.71,2207.42,0.8844857775943519,synthetic_prototype,2024_25_project_crop_structure,SEA03,CALCULATED_FROM_PRODUCTION_AND_HARVESTED_AREA
DST08,Deogarh,CRP002,Horse Gram,2023-24,Annual,2616.82,2556.25,2362.58,0.9242366748166259,synthetic_prototype,2024_25_project_crop_structure,SEA03,CALCULATED_FROM_PRODUCTION_AND_HARVESTED_AREA
DST08,Deogarh,CRP002,Horse Gram,2024-25,Annual,2514.97,2415.95,2067.43,0.8557420476417145,synthetic_prototype,2024_25_project_crop_structure,SEA03,CALCULATED_FROM_PRODUCTION_AND_HARVESTED_AREA
DST08,Deogarh,CRP006,Potato,2015-16,Annual,3725.71,3586.94,67685.28,18.869922552370543,synthetic_prototype,2024_25_project_crop_structure,SEA03,CALCULATED_FROM_PRODUCTION_AND_HARVESTED_AREA
DST08,Deogarh,CRP006,Potato,2016-17,Annual,4080.52,3980.84,75248.87,18.902761728680378,synthetic_prototype,2024_25_project_crop_structure,SEA03,CALCULATED_FROM_PRODUCTION_AND_HARVESTED_AREA
DST08,Deogarh,CRP006,Potato,2017-18,Annual,3574.73,3495.79,64687.91,18.50451829200267,synthetic_prototype,2024_25_project_crop_structure,SEA03,CALCULATED_FROM_PRODUCTION_AND_HARVESTED_AREA
DST08,Deogarh,CRP006,Potato,2018-19,Annual,3678.84,3528.64,65669.87,18.610532669810464,synthetic_prototype,2024_25_project_crop_structure,SEA03,CALCULATED_FROM_PRODUCTION_AND_HARVESTED_AREA
DST08,Deogarh,CRP006,Potato,2019-20,Annual,3606.05,3500.39,66470.69,18.98950974034322,synthetic_prototype,2024_25_project_crop_structure,SEA03,CALCULATED_FROM_PRODUCTION_AND_HARVESTED_AREA
DST08,Deogarh,CRP006,Potato,2020-21,Annual,3808.09,3651.62,73282.27,20.068427163834137,synthetic_prototype,2024_25_project_crop_structure,SEA03,CALCULATED_FROM_PRODUCTION_AND_HARVESTED_AREA
DST08,Deogarh,CRP006,Potato,2021-22,Annual,4090.23,3911.08,81733.85,20.89802560929462,synthetic_prototype,2024_25_project_crop_structure,SEA03,CALCULATED_FROM_PRODUCTION_AND_HARVESTED_AREA
DST08,Deogarh,CRP006,Potato,2022-23,Annual,3983.47,3818.01,75059.46,19.659314669160114,synthetic_prototype,2024_25_project_crop_structure,SEA03,CALCULATED_FROM_PRODUCTION_AND_HARVESTED_AREA
DST08,Deogarh,CRP006,Potato,2023-24,Annual,3705.88,3629.86,70814.12,19.50877444309147,synthetic_prototype,2024_25_project_crop_structure,SEA03,CALCULATED_FROM_PRODUCTION_AND_HARVESTED_AREA
DST08,Deogarh,CRP006,Potato,2024-25,Annual,3819.66,3700.13,67556.11,18.257766619010685,synthetic_prototype,2024_25_project_crop_structure,SEA03,CALCULATED_FROM_PRODUCTION_AND_HARVESTED_AREA
DST08,Deogarh,CRP008,Rapeseed &Mustard,2015-16,Annual,1025.47,993.91,822.99,0.8280327192602952,synthetic_prototype,2024_25_project_crop_structure,SEA03,CALCULATED_FROM_PRODUCTION_AND_HARVESTED_AREA
DST08,Deogarh,CRP008,Rapeseed &Mustard,2016-17,Annual,892.72,872.9,699.18,0.8009852216748768,synthetic_prototype,2024_25_project_crop_structure,SEA03,CALCULATED_FROM_PRODUCTION_AND_HARVESTED_AREA
DST08,Deogarh,CRP008,Rapeseed &Mustard,2017-18,Annual,965.34,934.78,803.65,0.859721003872569,synthetic_prototype,2024_25_project_crop_structure,SEA03,CALCULATED_FROM_PRODUCTION_AND_HARVESTED_AREA
DST08,Deogarh,CRP008,Rapeseed &Mustard,2018-19,Annual,882.92,858.8,749.19,0.8723684210526317,synthetic_prototype,2024_25_project_crop_structure,SEA03,CALCULATED_FROM_PRODUCTION_AND_HARVESTED_AREA
DST08,Deogarh,CRP008,Rapeseed &Mustard,2019-20,Annual,902.84,874.85,816.51,0.9333142824484197,synthetic_prototype,2024_25_project_crop_structure,SEA03,CALCULATED_FROM_PRODUCTION_AND_HARVESTED_AREA
DST08,Deogarh,CRP008,Rapeseed &Mustard,2020-21,Annual,960.58,929.87,871.03,0.9367223375310527,synthetic_prototype,2024_25_project_crop_structure,SEA03,CALCULATED_FROM_PRODUCTION_AND_HARVESTED_AREA
DST08,Deogarh,CRP008,Rapeseed &Mustard,2021-22,Annual,980.87,954.34,864.55,0.9059140348303539,synthetic_prototype,2024_25_project_crop_structure,SEA03,CALCULATED_FROM_PRODUCTION_AND_HARVESTED_AREA
DST08,Deogarh,CRP008,Rapeseed &Mustard,2022-23,Annual,975.91,951.1,834.2,0.8770896856271686,synthetic_prototype,2024_25_project_crop_structure,SEA03,CALCULATED_FROM_PRODUCTION_AND_HARVESTED_AREA
DST08,Deogarh,CRP008,Rapeseed &Mustard,2023-24,Annual,997.33,967.01,824.02,0.8521318290400306,synthetic_prototype,2024_25_project_crop_structure,SEA03,CALCULATED_FROM_PRODUCTION_AND_HARVESTED_AREA
DST08,Deogarh,CRP008,Rapeseed &Mustard,2024-25,Annual,948.49,910.93,747.3,0.8203703906996147,synthetic_prototype,2024_25_project_crop_structure,SEA03,CALCULATED_FROM_PRODUCTION_AND_HARVESTED_AREA
DST08,Deogarh,CRP011,Sugarcane,2015-16,Annual,3944.75,3826.46,167098.09,43.66910669391552,synthetic_prototype,2024_25_project_crop_structure,SEA03,CALCULATED_FROM_PRODUCTION_AND_HARVESTED_AREA
DST08,Deogarh,CRP011,Sugarcane,2016-17,Annual,3967.88,3803.51,188082.47,49.44971092490883,synthetic_prototype,2024_25_project_crop_structure,SEA03,CALCULATED_FROM_PRODUCTION_AND_HARVESTED_AREA
DST08,Deogarh,CRP011,Sugarcane,2017-18,Annual,3882.68,3757.36,189623.71,50.467272233695994,synthetic_prototype,2024_25_project_crop_structure,SEA03,CALCULATED_FROM_PRODUCTION_AND_HARVESTED_AREA
DST08,Deogarh,CRP011,Sugarcane,2018-19,Annual,3600.73,3491.31,183585.66,52.58360328930974,synthetic_prototype,2024_25_project_crop_structure,SEA03,CALCULATED_FROM_PRODUCTION_AND_HARVESTED_AREA
DST08,Deogarh,CRP011,Sugarcane,2019-20,Annual,3924.45,3770.15,191834.54,50.88246886728645,synthetic_prototype,2024_25_project_crop_structure,SEA03,CALCULATED_FROM_PRODUCTION_AND_HARVESTED_AREA
DST08,Deogarh,CRP011,Sugarcane,2020-21,Annual,3956.87,3788.93,188478.38,49.74448722990396,synthetic_prototype,2024_25_project_crop_structure,SEA03,CALCULATED_FROM_PRODUCTION_AND_HARVESTED_AREA
DST08,Deogarh,CRP011,Sugarcane,2021-22,Annual,4017.74,3866.38,199076.21,51.48904401533217,synthetic_prototype,2024_25_project_crop_structure,SEA03,CALCULATED_FROM_PRODUCTION_AND_HARVESTED_AREA
DST08,Deogarh,CRP011,Sugarcane,2022-23,Annual,3986.8,3873.53,179790.82,46.41523881317558,synthetic_prototype,2024_25_project_crop_structure,SEA03,CALCULATED_FROM_PRODUCTION_AND_HARVESTED_AREA
DST08,Deogarh,CRP011,Sugarcane,2023-24,Annual,3817.2,3688.73,170248.31,46.1536382440569,synthetic_prototype,2024_25_project_crop_structure,SEA03,CALCULATED_FROM_PRODUCTION_AND_HARVESTED_AREA
DST08,Deogarh,CRP011,Sugarcane,2024-25,Annual,4068.68,3977.05,182166.77,45.80449579462164,synthetic_prototype,2024_25_project_crop_structure,SEA03,CALCULATED_FROM_PRODUCTION_AND_HARVESTED_AREA
DST08,Deogarh,CRP003,Jute,2015-16,Annual,3249.39,3154.02,8346.09,2.6461753571632394,synthetic_prototype,2024_25_project_crop_structure,SEA03,CALCULATED_FROM_PRODUCTION_AND_HARVESTED_AREA
DST08,Deogarh,CRP003,Jute,2016-17,Annual,3177.1,3073.23,8410.23,2.73660936539081,synthetic_prototype,2024_25_project_crop_structure,SEA03,CALCULATED_FROM_PRODUCTION_AND_HARVESTED_AREA
DST08,Deogarh,CRP003,Jute,2017-18,Annual,3106.53,3018.6,6730.66,2.2297290134499437,synthetic_prototype,2024_25_project_crop_structure,SEA03,CALCULATED_FROM_PRODUCTION_AND_HARVESTED_AREA
DST08,Deogarh,CRP003,Jute,2018-19,Annual,3187.29,3086.74,7867.99,2.5489642794663627,synthetic_prototype,2024_25_project_crop_structure,SEA03,CALCULATED_FROM_PRODUCTION_AND_HARVESTED_AREA
DST08,Deogarh,CRP003,Jute,2019-20,Annual,3221.39,3120.45,7584.14,2.430463554935987,synthetic_prototype,2024_25_project_crop_structure,SEA03,CALCULATED_FROM_PRODUCTION_AND_HARVESTED_AREA
DST08,Deogarh,CRP003,Jute,2020-21,Annual,3148.13,3070.37,7748.48,2.5236307024886253,synthetic_prototype,2024_25_project_crop_structure,SEA03,CALCULATED_FROM_PRODUCTION_AND_HARVESTED_AREA
DST08,Deogarh,CRP003,Jute,2021-22,Annual,3394.9,3285.27,8371.21,2.548104113208351,synthetic_prototype,2024_25_project_crop_structure,SEA03,CALCULATED_FROM_PRODUCTION_AND_HARVESTED_AREA
DST08,Deogarh,CRP003,Jute,2022-23,Annual,3192.4,3126.34,8445.08,2.701267296583225,synthetic_prototype,2024_25_project_crop_structure,SEA03,CALCULATED_FROM_PRODUCTION_AND_HARVESTED_AREA
DST08,Deogarh,CRP003,Jute,2023-24,Annual,3165.18,3091.35,8906.55,2.8811198990732203,synthetic_prototype,2024_25_project_crop_structure,SEA03,CALCULATED_FROM_PRODUCTION_AND_HARVESTED_AREA
DST08,Deogarh,CRP003,Jute,2024-25,Annual,3123.46,3014.23,7842.27,2.60174903706751,synthetic_prototype,2024_25_project_crop_structure,SEA03,CALCULATED_FROM_PRODUCTION_AND_HARVESTED_AREA
DST08,Deogarh,CRP013,Wheat,2015-16,Annual,835.47,805.44,1936.12,2.4038041319030587,synthetic_prototype,2024_25_project_crop_structure,SEA03,CALCULATED_FROM_PRODUCTION_AND_HARVESTED_AREA
DST08,Deogarh,CRP013,Wheat,2016-17,Annual,843.94,814.28,1918.38,2.355921795942428,synthetic_prototype,2024_25_project_crop_structure,SEA03,CALCULATED_FROM_PRODUCTION_AND_HARVESTED_AREA
DST08,Deogarh,CRP013,Wheat,2017-18,Annual,848.1,814.65,2195.96,2.6955870619284354,synthetic_prototype,2024_25_project_crop_structure,SEA03,CALCULATED_FROM_PRODUCTION_AND_HARVESTED_AREA
DST08,Deogarh,CRP013,Wheat,2018-19,Annual,776.65,742.09,1926.91,2.5965987952943714,synthetic_prototype,2024_25_project_crop_structure,SEA03,CALCULATED_FROM_PRODUCTION_AND_HARVESTED_AREA
DST08,Deogarh,CRP013,Wheat,2019-20,Annual,760.13,729.22,1776.98,2.436822906667398,synthetic_prototype,2024_25_project_crop_structure,SEA03,CALCULATED_FROM_PRODUCTION_AND_HARVESTED_AREA
DST08,Deogarh,CRP013,Wheat,2020-21,Annual,841.96,812.05,1889.32,2.326605504587156,synthetic_prototype,2024_25_project_crop_structure,SEA03,CALCULATED_FROM_PRODUCTION_AND_HARVESTED_AREA
DST08,Deogarh,CRP013,Wheat,2021-22,Annual,853.43,823.06,1995.53,2.4245255509926373,synthetic_prototype,2024_25_project_crop_structure,SEA03,CALCULATED_FROM_PRODUCTION_AND_HARVESTED_AREA
DST08,Deogarh,CRP013,Wheat,2022-23,Annual,835.59,813.86,1783.21,2.1910525151746,synthetic_prototype,2024_25_project_crop_structure,SEA03,CALCULATED_FROM_PRODUCTION_AND_HARVESTED_AREA
DST08,Deogarh,CRP013,Wheat,2023-24,Annual,819.3,789.57,1851.82,2.34535253365756,synthetic_prototype,2024_25_project_crop_structure,SEA03,CALCULATED_FROM_PRODUCTION_AND_HARVESTED_AREA
DST08,Deogarh,CRP013,Wheat,2024-25,Annual,841.72,821.52,1922.61,2.34030820917324,synthetic_prototype,2024_25_project_crop_structure,SEA03,CALCULATED_FROM_PRODUCTION_AND_HARVESTED_AREA
DST09,Dhenkanal,CRP001,Groundnut,2015-16,Annual,5701.09,5478.0,9881.3,1.8038152610441767,synthetic_prototype,2024_25_project_crop_structure,SEA03,CALCULATED_FROM_PRODUCTION_AND_HARVESTED_AREA
DST09,Dhenkanal,CRP001,Groundnut,2016-17,Annual,5733.92,5564.85,9873.53,1.7742670512233034,synthetic_prototype,2024_25_project_crop_structure,SEA03,CALCULATED_FROM_PRODUCTION_AND_HARVESTED_AREA
DST09,Dhenkanal,CRP001,Groundnut,2017-18,Annual,5649.42,5520.25,9138.56,1.6554612562836828,synthetic_prototype,2024_25_project_crop_structure,SEA03,CALCULATED_FROM_PRODUCTION_AND_HARVESTED_AREA
DST09,Dhenkanal,CRP001,Groundnut,2018-19,Annual,5285.1,5128.28,8488.03,1.6551416849314002,synthetic_prototype,2024_25_project_crop_structure,SEA03,CALCULATED_FROM_PRODUCTION_AND_HARVESTED_AREA
DST09,Dhenkanal,CRP001,Groundnut,2019-20,Annual,5636.65,5491.37,9499.25,1.7298506565756815,synthetic_prototype,2024_25_project_crop_structure,SEA03,CALCULATED_FROM_PRODUCTION_AND_HARVESTED_AREA
DST09,Dhenkanal,CRP001,Groundnut,2020-21,Annual,5912.99,5736.38,9910.23,1.7276104442174331,synthetic_prototype,2024_25_project_crop_structure,SEA03,CALCULATED_FROM_PRODUCTION_AND_HARVESTED_AREA
DST09,Dhenkanal,CRP001,Groundnut,2021-22,Annual,6004.59,5763.37,10120.99,1.7560888854958123,synthetic_prototype,2024_25_project_crop_structure,SEA03,CALCULATED_FROM_PRODUCTION_AND_HARVESTED_AREA
DST09,Dhenkanal,CRP001,Groundnut,2022-23,Annual,5849.55,5641.73,10104.06,1.7909506481168012,synthetic_prototype,2024_25_project_crop_structure,SEA03,CALCULATED_FROM_PRODUCTION_AND_HARVESTED_AREA
DST09,Dhenkanal,CRP001,Groundnut,2023-24,Annual,5455.62,5334.98,9606.01,1.8005709487195831,synthetic_prototype,2024_25_project_crop_structure,SEA03,CALCULATED_FROM_PRODUCTION_AND_HARVESTED_AREA
DST09,Dhenkanal,CRP001,Groundnut,2024-25,Annual,5885.5,5644.18,10735.28,1.9020087949002336,synthetic_prototype,2024_25_project_crop_structure,SEA03,CALCULATED_FROM_PRODUCTION_AND_HARVESTED_AREA
DST09,Dhenkanal,CRP004,Maize,2015-16,Annual,2453.93,2347.49,7731.86,3.2936711125500002,synthetic_prototype,2024_25_project_crop_structure,SEA03,CALCULATED_FROM_PRODUCTION_AND_HARVESTED_AREA
DST09,Dhenkanal,CRP004,Maize,2016-17,Annual,2445.63,2345.43,7628.82,3.2526317135877005,synthetic_prototype,2024_25_project_crop_structure,SEA03,CALCULATED_FROM_PRODUCTION_AND_HARVESTED_AREA
DST09,Dhenkanal,CRP004,Maize,2017-18,Annual,2310.78,2248.41,6714.95,2.9865327053339916,synthetic_prototype,2024_25_project_crop_structure,SEA03,CALCULATED_FROM_PRODUCTION_AND_HARVESTED_AREA
DST09,Dhenkanal,CRP004,Maize,2018-19,Annual,2354.23,2255.75,7189.67,3.1872636595367396,synthetic_prototype,2024_25_project_crop_structure,SEA03,CALCULATED_FROM_PRODUCTION_AND_HARVESTED_AREA
DST09,Dhenkanal,CRP004,Maize,2019-20,Annual,2247.34,2189.95,7079.05,3.232516724126122,synthetic_prototype,2024_25_project_crop_structure,SEA03,CALCULATED_FROM_PRODUCTION_AND_HARVESTED_AREA
DST09,Dhenkanal,CRP004,Maize,2020-21,Annual,2510.07,2427.57,8261.31,3.403119168551267,synthetic_prototype,2024_25_project_crop_structure,SEA03,CALCULATED_FROM_PRODUCTION_AND_HARVESTED_AREA
DST09,Dhenkanal,CRP004,Maize,2021-22,Annual,2315.08,2250.83,7884.63,3.5029877867275627,synthetic_prototype,2024_25_project_crop_structure,SEA03,CALCULATED_FROM_PRODUCTION_AND_HARVESTED_AREA
DST09,Dhenkanal,CRP004,Maize,2022-23,Annual,2522.32,2445.54,8082.15,3.30485291592041,synthetic_prototype,2024_25_project_crop_structure,SEA03,CALCULATED_FROM_PRODUCTION_AND_HARVESTED_AREA
DST09,Dhenkanal,CRP004,Maize,2023-24,Annual,2382.78,2331.66,7743.63,3.321080260415327,synthetic_prototype,2024_25_project_crop_structure,SEA03,CALCULATED_FROM_PRODUCTION_AND_HARVESTED_AREA
DST09,Dhenkanal,CRP004,Maize,2024-25,Annual,2450.24,2369.75,7871.86,3.3218103175440445,synthetic_prototype,2024_25_project_crop_structure,SEA03,CALCULATED_FROM_PRODUCTION_AND_HARVESTED_AREA
DST09,Dhenkanal,CRP005,Moong(Green Gram),2015-16,Annual,8389.91,8125.14,8268.65,1.0176624648929125,synthetic_prototype,2024_25_project_crop_structure,SEA03,CALCULATED_FROM_PRODUCTION_AND_HARVESTED_AREA
DST09,Dhenkanal,CRP005,Moong(Green Gram),2016-17,Annual,8147.66,7941.14,7625.0,0.9601895949448064,synthetic_prototype,2024_25_project_crop_structure,SEA03,CALCULATED_FROM_PRODUCTION_AND_HARVESTED_AREA
DST09,Dhenkanal,CRP005,Moong(Green Gram),2017-18,Annual,7721.72,7550.41,7146.47,0.946500918493168,synthetic_prototype,2024_25_project_crop_structure,SEA03,CALCULATED_FROM_PRODUCTION_AND_HARVESTED_AREA
DST09,Dhenkanal,CRP005,Moong(Green Gram),2018-19,Annual,7579.41,7292.0,6531.12,0.8956555128908392,synthetic_prototype,2024_25_project_crop_structure,SEA03,CALCULATED_FROM_PRODUCTION_AND_HARVESTED_AREA
DST09,Dhenkanal,CRP005,Moong(Green Gram),2019-20,Annual,7897.82,7560.7,6528.93,0.8635351224093007,synthetic_prototype,2024_25_project_crop_structure,SEA03,CALCULATED_FROM_PRODUCTION_AND_HARVESTED_AREA
DST09,Dhenkanal,CRP005,Moong(Green Gram),2020-21,Annual,8324.34,8090.99,7100.13,0.8775353819495513,synthetic_prototype,2024_25_project_crop_structure,SEA03,CALCULATED_FROM_PRODUCTION_AND_HARVESTED_AREA
DST09,Dhenkanal,CRP005,Moong(Green Gram),2021-22,Annual,8214.72,7999.71,7228.09,0.9035440034701258,synthetic_prototype,2024_25_project_crop_structure,SEA03,CALCULATED_FROM_PRODUCTION_AND_HARVESTED_AREA
DST09,Dhenkanal,CRP005,Moong(Green Gram),2022-23,Annual,8399.04,8098.21,7637.09,0.9430590216850391,synthetic_prototype,2024_25_project_crop_structure,SEA03,CALCULATED_FROM_PRODUCTION_AND_HARVESTED_AREA
DST09,Dhenkanal,CRP005,Moong(Green Gram),2023-24,Annual,7206.94,7004.31,7105.4,1.0144325422489866,synthetic_prototype,2024_25_project_crop_structure,SEA03,CALCULATED_FROM_PRODUCTION_AND_HARVESTED_AREA
DST09,Dhenkanal,CRP005,Moong(Green Gram),2024-25,Annual,7648.89,7317.46,7149.44,0.9770384805656607,synthetic_prototype,2024_25_project_crop_structure,SEA03,CALCULATED_FROM_PRODUCTION_AND_HARVESTED_AREA
DST09,Dhenkanal,CRP007,Ragi,2015-16,Annual,3216.71,3122.22,3297.31,1.0560786876004895,synthetic_prototype,2024_25_project_crop_structure,SEA03,CALCULATED_FROM_PRODUCTION_AND_HARVESTED_AREA
DST09,Dhenkanal,CRP007,Ragi,2016-17,Annual,3100.02,3034.82,3511.64,1.1571164022907454,synthetic_prototype,2024_25_project_crop_structure,SEA03,CALCULATED_FROM_PRODUCTION_AND_HARVESTED_AREA
DST09,Dhenkanal,CRP007,Ragi,2017-18,Annual,3032.42,2971.02,3167.17,1.0660210971316249,synthetic_prototype,2024_25_project_crop_structure,SEA03,CALCULATED_FROM_PRODUCTION_AND_HARVESTED_AREA
DST09,Dhenkanal,CRP007,Ragi,2018-19,Annual,3104.05,2969.17,3480.86,1.1723343560658366,synthetic_prototype,2024_25_project_crop_structure,SEA03,CALCULATED_FROM_PRODUCTION_AND_HARVESTED_AREA
DST09,Dhenkanal,CRP007,Ragi,2019-20,Annual,3071.94,2946.61,3608.14,1.224505448634193,synthetic_prototype,2024_25_project_crop_structure,SEA03,CALCULATED_FROM_PRODUCTION_AND_HARVESTED_AREA
DST09,Dhenkanal,CRP007,Ragi,2020-21,Annual,3137.12,3017.85,3616.63,1.1984127773083488,synthetic_prototype,2024_25_project_crop_structure,SEA03,CALCULATED_FROM_PRODUCTION_AND_HARVESTED_AREA
DST09,Dhenkanal,CRP007,Ragi,2021-22,Annual,3146.61,3019.14,3808.58,1.2614784342561127,synthetic_prototype,2024_25_project_crop_structure,SEA03,CALCULATED_FROM_PRODUCTION_AND_HARVESTED_AREA
DST09,Dhenkanal,CRP007,Ragi,2022-23,Annual,3348.5,3249.61,3808.09,1.171860623274793,synthetic_prototype,2024_25_project_crop_structure,SEA03,CALCULATED_FROM_PRODUCTION_AND_HARVESTED_AREA
DST09,Dhenkanal,CRP007,Ragi,2023-24,Annual,3269.73,3137.59,3717.77,1.1849126240203467,synthetic_prototype,2024_25_project_crop_structure,SEA03,CALCULATED_FROM_PRODUCTION_AND_HARVESTED_AREA
DST09,Dhenkanal,CRP007,Ragi,2024-25,Annual,3068.8,2987.26,3140.25,1.051214156116307,synthetic_prototype,2024_25_project_crop_structure,SEA03,CALCULATED_FROM_PRODUCTION_AND_HARVESTED_AREA
DST09,Dhenkanal,CRP009,Rice,2015-16,Annual,43387.63,41996.97,88600.42,2.1096860083001223,synthetic_prototype,2024_25_project_crop_structure,SEA03,CALCULATED_FROM_PRODUCTION_AND_HARVESTED_AREA
DST09,Dhenkanal,CRP009,Rice,2016-17,Annual,43089.46,41299.34,89372.91,2.164027560730995,synthetic_prototype,2024_25_project_crop_structure,SEA03,CALCULATED_FROM_PRODUCTION_AND_HARVESTED_AREA
DST09,Dhenkanal,CRP009,Rice,2017-18,Annual,43198.54,41334.94,86876.87,2.1017780599173483,synthetic_prototype,2024_25_project_crop_structure,SEA03,CALCULATED_FROM_PRODUCTION_AND_HARVESTED_AREA
DST09,Dhenkanal,CRP009,Rice,2018-19,Annual,42844.4,41165.81,92237.07,2.2406232259246206,synthetic_prototype,2024_25_project_crop_structure,SEA03,CALCULATED_FROM_PRODUCTION_AND_HARVESTED_AREA
DST09,Dhenkanal,CRP009,Rice,2019-20,Annual,41652.77,40051.14,97286.19,2.4290492105842683,synthetic_prototype,2024_25_project_crop_structure,SEA03,CALCULATED_FROM_PRODUCTION_AND_HARVESTED_AREA
DST09,Dhenkanal,CRP009,Rice,2020-21,Annual,45044.13,43460.54,98347.99,2.262926093417155,synthetic_prototype,2024_25_project_crop_structure,SEA03,CALCULATED_FROM_PRODUCTION_AND_HARVESTED_AREA
DST09,Dhenkanal,CRP009,Rice,2021-22,Annual,46631.93,44584.7,109332.35,2.452239221078083,synthetic_prototype,2024_25_project_crop_structure,SEA03,CALCULATED_FROM_PRODUCTION_AND_HARVESTED_AREA
DST09,Dhenkanal,CRP009,Rice,2022-23,Annual,45797.77,44646.43,95931.68,2.14869766742828,synthetic_prototype,2024_25_project_crop_structure,SEA03,CALCULATED_FROM_PRODUCTION_AND_HARVESTED_AREA
DST09,Dhenkanal,CRP009,Rice,2023-24,Annual,42721.0,40953.16,88752.55,2.167172203561337,synthetic_prototype,2024_25_project_crop_structure,SEA03,CALCULATED_FROM_PRODUCTION_AND_HARVESTED_AREA
DST09,Dhenkanal,CRP009,Rice,2024-25,Annual,39802.23,38773.5,86772.54,2.2379341560601955,synthetic_prototype,2024_25_project_crop_structure,SEA03,CALCULATED_FROM_PRODUCTION_AND_HARVESTED_AREA
DST09,Dhenkanal,CRP010,Sesamum,2015-16,Annual,1019.31,982.64,488.48,0.4971098265895954,synthetic_prototype,2024_25_project_crop_structure,SEA03,CALCULATED_FROM_PRODUCTION_AND_HARVESTED_AREA
DST09,Dhenkanal,CRP010,Sesamum,2016-17,Annual,1013.65,970.73,526.93,0.5428182913889547,synthetic_prototype,2024_25_project_crop_structure,SEA03,CALCULATED_FROM_PRODUCTION_AND_HARVESTED_AREA
DST09,Dhenkanal,CRP010,Sesamum,2017-18,Annual,975.83,940.09,523.44,0.5567977534065888,synthetic_prototype,2024_25_project_crop_structure,SEA03,CALCULATED_FROM_PRODUCTION_AND_HARVESTED_AREA
DST09,Dhenkanal,CRP010,Sesamum,2018-19,Annual,946.97,914.76,526.88,0.5759762123398487,synthetic_prototype,2024_25_project_crop_structure,SEA03,CALCULATED_FROM_PRODUCTION_AND_HARVESTED_AREA
DST09,Dhenkanal,CRP010,Sesamum,2019-20,Annual,1019.34,996.66,549.36,0.5512010113780026,synthetic_prototype,2024_25_project_crop_structure,SEA03,CALCULATED_FROM_PRODUCTION_AND_HARVESTED_AREA
DST09,Dhenkanal,CRP010,Sesamum,2020-21,Annual,1023.64,979.72,549.28,0.5606499816274038,synthetic_prototype,2024_25_project_crop_structure,SEA03,CALCULATED_FROM_PRODUCTION_AND_HARVESTED_AREA
DST09,Dhenkanal,CRP010,Sesamum,2021-22,Annual,1051.51,1028.61,601.21,0.584487803929575,synthetic_prototype,2024_25_project_crop_structure,SEA03,CALCULATED_FROM_PRODUCTION_AND_HARVESTED_AREA
DST09,Dhenkanal,CRP010,Sesamum,2022-23,Annual,1053.66,1009.11,550.0,0.5450347335771125,synthetic_prototype,2024_25_project_crop_structure,SEA03,CALCULATED_FROM_PRODUCTION_AND_HARVESTED_AREA
DST09,Dhenkanal,CRP010,Sesamum,2023-24,Annual,1036.28,1015.21,512.76,0.5050777671614739,synthetic_prototype,2024_25_project_crop_structure,SEA03,CALCULATED_FROM_PRODUCTION_AND_HARVESTED_AREA
DST09,Dhenkanal,CRP010,Sesamum,2024-25,Annual,980.19,949.49,485.97,0.5118221360941138,synthetic_prototype,2024_25_project_crop_structure,SEA03,CALCULATED_FROM_PRODUCTION_AND_HARVESTED_AREA
DST09,Dhenkanal,CRP012,Urad,2015-16,Annual,790.6,761.38,577.03,0.7578738606215031,synthetic_prototype,2024_25_project_crop_structure,SEA03,CALCULATED_FROM_PRODUCTION_AND_HARVESTED_AREA
DST09,Dhenkanal,CRP012,Urad,2016-17,Annual,797.08,778.03,568.25,0.7303702942045937,synthetic_prototype,2024_25_project_crop_structure,SEA03,CALCULATED_FROM_PRODUCTION_AND_HARVESTED_AREA
DST09,Dhenkanal,CRP012,Urad,2017-18,Annual,751.24,730.66,581.05,0.7952399200722634,synthetic_prototype,2024_25_project_crop_structure,SEA03,CALCULATED_FROM_PRODUCTION_AND_HARVESTED_AREA
DST09,Dhenkanal,CRP012,Urad,2018-19,Annual,775.19,754.42,595.32,0.7891095145939928,synthetic_prototype,2024_25_project_crop_structure,SEA03,CALCULATED_FROM_PRODUCTION_AND_HARVESTED_AREA
DST09,Dhenkanal,CRP012,Urad,2019-20,Annual,799.65,781.26,617.08,0.7898522898906895,synthetic_prototype,2024_25_project_crop_structure,SEA03,CALCULATED_FROM_PRODUCTION_AND_HARVESTED_AREA
DST09,Dhenkanal,CRP012,Urad,2020-21,Annual,808.51,778.27,569.03,0.7311472882161717,synthetic_prototype,2024_25_project_crop_structure,SEA03,CALCULATED_FROM_PRODUCTION_AND_HARVESTED_AREA
DST09,Dhenkanal,CRP012,Urad,2021-22,Annual,808.62,786.96,608.22,0.7728728270814272,synthetic_prototype,2024_25_project_crop_structure,SEA03,CALCULATED_FROM_PRODUCTION_AND_HARVESTED_AREA
DST09,Dhenkanal,CRP012,Urad,2022-23,Annual,820.61,801.64,581.73,0.7256748665236266,synthetic_prototype,2024_25_project_crop_structure,SEA03,CALCULATED_FROM_PRODUCTION_AND_HARVESTED_AREA
DST09,Dhenkanal,CRP012,Urad,2023-24,Annual,789.95,767.74,552.32,0.7194102170005471,synthetic_prototype,2024_25_project_crop_structure,SEA03,CALCULATED_FROM_PRODUCTION_AND_HARVESTED_AREA
DST09,Dhenkanal,CRP012,Urad,2024-25,Annual,711.66,681.02,493.55,0.7247217409180348,synthetic_prototype,2024_25_project_crop_structure,SEA03,CALCULATED_FROM_PRODUCTION_AND_HARVESTED_AREA
DST09,Dhenkanal,CRP002,Horse Gram,2015-16,Annual,3714.96,3631.91,3442.16,0.9477547626455501,synthetic_prototype,2024_25_project_crop_structure,SEA03,CALCULATED_FROM_PRODUCTION_AND_HARVESTED_AREA
DST09,Dhenkanal,CRP002,Horse Gram,2016-17,Annual,3781.99,3649.33,3261.66,0.8937695412582584,synthetic_prototype,2024_25_project_crop_structure,SEA03,CALCULATED_FROM_PRODUCTION_AND_HARVESTED_AREA
DST09,Dhenkanal,CRP002,Horse Gram,2017-18,Annual,3535.45,3423.21,2850.8,0.8327856018181765,synthetic_prototype,2024_25_project_crop_structure,SEA03,CALCULATED_FROM_PRODUCTION_AND_HARVESTED_AREA
DST09,Dhenkanal,CRP002,Horse Gram,2018-19,Annual,3471.23,3357.09,2851.29,0.8493337980215007,synthetic_prototype,2024_25_project_crop_structure,SEA03,CALCULATED_FROM_PRODUCTION_AND_HARVESTED_AREA
DST09,Dhenkanal,CRP002,Horse Gram,2019-20,Annual,3624.51,3532.35,2908.03,0.8232564723201269,synthetic_prototype,2024_25_project_crop_structure,SEA03,CALCULATED_FROM_PRODUCTION_AND_HARVESTED_AREA
DST09,Dhenkanal,CRP002,Horse Gram,2020-21,Annual,3638.06,3526.7,3145.39,0.8918790937703802,synthetic_prototype,2024_25_project_crop_structure,SEA03,CALCULATED_FROM_PRODUCTION_AND_HARVESTED_AREA
DST09,Dhenkanal,CRP002,Horse Gram,2021-22,Annual,3779.82,3637.52,3243.66,0.8917229321075898,synthetic_prototype,2024_25_project_crop_structure,SEA03,CALCULATED_FROM_PRODUCTION_AND_HARVESTED_AREA
DST09,Dhenkanal,CRP002,Horse Gram,2022-23,Annual,3931.66,3849.73,3461.55,0.8991669545656449,synthetic_prototype,2024_25_project_crop_structure,SEA03,CALCULATED_FROM_PRODUCTION_AND_HARVESTED_AREA
DST09,Dhenkanal,CRP002,Horse Gram,2023-24,Annual,3786.52,3651.81,3405.41,0.9325266100919818,synthetic_prototype,2024_25_project_crop_structure,SEA03,CALCULATED_FROM_PRODUCTION_AND_HARVESTED_AREA
DST09,Dhenkanal,CRP002,Horse Gram,2024-25,Annual,3698.64,3612.46,3046.57,0.8433505146077742,synthetic_prototype,2024_25_project_crop_structure,SEA03,CALCULATED_FROM_PRODUCTION_AND_HARVESTED_AREA
DST09,Dhenkanal,CRP006,Potato,2015-16,Annual,2808.92,2693.97,54891.48,20.375683470862707,synthetic_prototype,2024_25_project_crop_structure,SEA03,CALCULATED_FROM_PRODUCTION_AND_HARVESTED_AREA
DST09,Dhenkanal,CRP006,Potato,2016-17,Annual,2732.37,2626.2,52832.27,20.1173825298911,synthetic_prototype,2024_25_project_crop_structure,SEA03,CALCULATED_FROM_PRODUCTION_AND_HARVESTED_AREA
DST09,Dhenkanal,CRP006,Potato,2017-18,Annual,2470.16,2372.99,46512.54,19.60081584836009,synthetic_prototype,2024_25_project_crop_structure,SEA03,CALCULATED_FROM_PRODUCTION_AND_HARVESTED_AREA
DST09,Dhenkanal,CRP006,Potato,2018-19,Annual,2537.34,2462.69,47073.83,19.11480129451941,synthetic_prototype,2024_25_project_crop_structure,SEA03,CALCULATED_FROM_PRODUCTION_AND_HARVESTED_AREA
DST09,Dhenkanal,CRP006,Potato,2019-20,Annual,2494.26,2384.34,46832.97,19.64190090339465,synthetic_prototype,2024_25_project_crop_structure,SEA03,CALCULATED_FROM_PRODUCTION_AND_HARVESTED_AREA
DST09,Dhenkanal,CRP006,Potato,2020-21,Annual,2656.84,2586.71,60069.57,23.222382872451877,synthetic_prototype,2024_25_project_crop_structure,SEA03,CALCULATED_FROM_PRODUCTION_AND_HARVESTED_AREA
DST09,Dhenkanal,CRP006,Potato,2021-22,Annual,2800.08,2731.71,55404.38,20.28194061595118,synthetic_prototype,2024_25_project_crop_structure,SEA03,CALCULATED_FROM_PRODUCTION_AND_HARVESTED_AREA
DST09,Dhenkanal,CRP006,Potato,2022-23,Annual,2818.56,2716.02,55720.59,20.515530077098106,synthetic_prototype,2024_25_project_crop_structure,SEA03,CALCULATED_FROM_PRODUCTION_AND_HARVESTED_AREA
DST09,Dhenkanal,CRP006,Potato,2023-24,Annual,2587.72,2530.55,50924.18,20.123759656991563,synthetic_prototype,2024_25_project_crop_structure,SEA03,CALCULATED_FROM_PRODUCTION_AND_HARVESTED_AREA
DST09,Dhenkanal,CRP006,Potato,2024-25,Annual,2490.86,2380.44,46737.53,19.633987834181916,synthetic_prototype,2024_25_project_crop_structure,SEA03,CALCULATED_FROM_PRODUCTION_AND_HARVESTED_AREA
DST09,Dhenkanal,CRP008,Rapeseed &Mustard,2015-16,Annual,3900.7,3755.47,5409.24,1.4403629905178312,synthetic_prototype,2024_25_project_crop_structure,SEA03,CALCULATED_FROM_PRODUCTION_AND_HARVESTED_AREA
DST09,Dhenkanal,CRP008,Rapeseed &Mustard,2016-17,Annual,3571.48,3417.15,4758.99,1.392678108950441,synthetic_prototype,2024_25_project_crop_structure,SEA03,CALCULATED_FROM_PRODUCTION_AND_HARVESTED_AREA
DST09,Dhenkanal,CRP008,Rapeseed &Mustard,2017-18,Annual,3725.32,3642.19,5132.33,1.4091329667040984,synthetic_prototype,2024_25_project_crop_structure,SEA03,CALCULATED_FROM_PRODUCTION_AND_HARVESTED_AREA
DST09,Dhenkanal,CRP008,Rapeseed &Mustard,2018-19,Annual,3684.02,3530.71,4842.32,1.3714861883303924,synthetic_prototype,2024_25_project_crop_structure,SEA03,CALCULATED_FROM_PRODUCTION_AND_HARVESTED_AREA
DST09,Dhenkanal,CRP008,Rapeseed &Mustard,2019-20,Annual,3503.8,3406.12,5210.06,1.5296172771364487,synthetic_prototype,2024_25_project_crop_structure,SEA03,CALCULATED_FROM_PRODUCTION_AND_HARVESTED_AREA
DST09,Dhenkanal,CRP008,Rapeseed &Mustard,2020-21,Annual,3551.77,3409.21,5354.71,1.5706600649417313,synthetic_prototype,2024_25_project_crop_structure,SEA03,CALCULATED_FROM_PRODUCTION_AND_HARVESTED_AREA
DST09,Dhenkanal,CRP008,Rapeseed &Mustard,2021-22,Annual,3728.67,3639.76,5262.98,1.4459689649867022,synthetic_prototype,2024_25_project_crop_structure,SEA03,CALCULATED_FROM_PRODUCTION_AND_HARVESTED_AREA
DST09,Dhenkanal,CRP008,Rapeseed &Mustard,2022-23,Annual,4079.63,3974.65,5899.25,1.484218736240927,synthetic_prototype,2024_25_project_crop_structure,SEA03,CALCULATED_FROM_PRODUCTION_AND_HARVESTED_AREA
DST09,Dhenkanal,CRP008,Rapeseed &Mustard,2023-24,Annual,3857.2,3683.88,5103.25,1.385292137637491,synthetic_prototype,2024_25_project_crop_structure,SEA03,CALCULATED_FROM_PRODUCTION_AND_HARVESTED_AREA
DST09,Dhenkanal,CRP008,Rapeseed &Mustard,2024-25,Annual,3708.44,3586.72,5066.2,1.4124882901369498,synthetic_prototype,2024_25_project_crop_structure,SEA03,CALCULATED_FROM_PRODUCTION_AND_HARVESTED_AREA
DST09,Dhenkanal,CRP011,Sugarcane,2015-16,Annual,5773.1,5656.84,310745.25,54.93265674829056,synthetic_prototype,2024_25_project_crop_structure,SEA03,CALCULATED_FROM_PRODUCTION_AND_HARVESTED_AREA
DST09,Dhenkanal,CRP011,Sugarcane,2016-17,Annual,5591.2,5442.98,318689.32,58.55052195672224,synthetic_prototype,2024_25_project_crop_structure,SEA03,CALCULATED_FROM_PRODUCTION_AND_HARVESTED_AREA
DST09,Dhenkanal,CRP011,Sugarcane,2017-18,Annual,5580.16,5409.34,344817.14,63.74477108113005,synthetic_prototype,2024_25_project_crop_structure,SEA03,CALCULATED_FROM_PRODUCTION_AND_HARVESTED_AREA
DST09,Dhenkanal,CRP011,Sugarcane,2018-19,Annual,5624.65,5509.19,364074.63,66.08496530342937,synthetic_prototype,2024_25_project_crop_structure,SEA03,CALCULATED_FROM_PRODUCTION_AND_HARVESTED_AREA
DST09,Dhenkanal,CRP011,Sugarcane,2019-20,Annual,5777.82,5523.65,349145.26,63.209156988585455,synthetic_prototype,2024_25_project_crop_structure,SEA03,CALCULATED_FROM_PRODUCTION_AND_HARVESTED_AREA
DST09,Dhenkanal,CRP011,Sugarcane,2020-21,Annual,5777.09,5653.19,350585.04,62.01543553285844,synthetic_prototype,2024_25_project_crop_structure,SEA03,CALCULATED_FROM_PRODUCTION_AND_HARVESTED_AREA
DST09,Dhenkanal,CRP011,Sugarcane,2021-22,Annual,5918.83,5749.37,328708.4,57.17294242673545,synthetic_prototype,2024_25_project_crop_structure,SEA03,CALCULATED_FROM_PRODUCTION_AND_HARVESTED_AREA
DST09,Dhenkanal,CRP011,Sugarcane,2022-23,Annual,5643.93,5424.89,290916.85,53.62631316026684,synthetic_prototype,2024_25_project_crop_structure,SEA03,CALCULATED_FROM_PRODUCTION_AND_HARVESTED_AREA
DST09,Dhenkanal,CRP011,Sugarcane,2023-24,Annual,5781.35,5579.6,314249.76,56.321198652233136,synthetic_prototype,2024_25_project_crop_structure,SEA03,CALCULATED_FROM_PRODUCTION_AND_HARVESTED_AREA
DST09,Dhenkanal,CRP011,Sugarcane,2024-25,Annual,5852.34,5639.82,342456.72,60.72121450684596,synthetic_prototype,2024_25_project_crop_structure,SEA03,CALCULATED_FROM_PRODUCTION_AND_HARVESTED_AREA
DST09,Dhenkanal,CRP003,Jute,2015-16,Annual,3989.08,3870.49,6841.84,1.7676934961723194,synthetic_prototype,2024_25_project_crop_structure,SEA03,CALCULATED_FROM_PRODUCTION_AND_HARVESTED_AREA
DST09,Dhenkanal,CRP003,Jute,2016-17,Annual,4059.25,3901.81,6611.51,1.6944725652966188,synthetic_prototype,2024_25_project_crop_structure,SEA03,CALCULATED_FROM_PRODUCTION_AND_HARVESTED_AREA
DST09,Dhenkanal,CRP003,Jute,2017-18,Annual,3780.02,3616.95,5852.06,1.617954353806384,synthetic_prototype,2024_25_project_crop_structure,SEA03,CALCULATED_FROM_PRODUCTION_AND_HARVESTED_AREA
DST09,Dhenkanal,CRP003,Jute,2018-19,Annual,3771.03,3644.87,6110.55,1.6764795452238352,synthetic_prototype,2024_25_project_crop_structure,SEA03,CALCULATED_FROM_PRODUCTION_AND_HARVESTED_AREA
DST09,Dhenkanal,CRP003,Jute,2019-20,Annual,3806.45,3727.86,6004.05,1.610588916965766,synthetic_prototype,2024_25_project_crop_structure,SEA03,CALCULATED_FROM_PRODUCTION_AND_HARVESTED_AREA
DST09,Dhenkanal,CRP003,Jute,2020-21,Annual,3835.66,3691.0,6472.43,1.7535708480086698,synthetic_prototype,2024_25_project_crop_structure,SEA03,CALCULATED_FROM_PRODUCTION_AND_HARVESTED_AREA
DST09,Dhenkanal,CRP003,Jute,2021-22,Annual,3983.13,3804.71,7118.76,1.8710387913927737,synthetic_prototype,2024_25_project_crop_structure,SEA03,CALCULATED_FROM_PRODUCTION_AND_HARVESTED_AREA
DST09,Dhenkanal,CRP003,Jute,2022-23,Annual,4007.55,3831.1,7139.29,1.8635091749106,synthetic_prototype,2024_25_project_crop_structure,SEA03,CALCULATED_FROM_PRODUCTION_AND_HARVESTED_AREA
DST09,Dhenkanal,CRP003,Jute,2023-24,Annual,3736.8,3588.97,6079.98,1.694073787186853,synthetic_prototype,2024_25_project_crop_structure,SEA03,CALCULATED_FROM_PRODUCTION_AND_HARVESTED_AREA
DST09,Dhenkanal,CRP003,Jute,2024-25,Annual,3761.44,3607.05,6311.79,1.7498482139144176,synthetic_prototype,2024_25_project_crop_structure,SEA03,CALCULATED_FROM_PRODUCTION_AND_HARVESTED_AREA
DST09,Dhenkanal,CRP013,Wheat,2015-16,Annual,3552.08,3464.66,8369.69,2.415731991017878,synthetic_prototype,2024_25_project_crop_structure,SEA03,CALCULATED_FROM_PRODUCTION_AND_HARVESTED_AREA
DST09,Dhenkanal,CRP013,Wheat,2016-17,Annual,3605.74,3500.25,8607.26,2.4590414970359262,synthetic_prototype,2024_25_project_crop_structure,SEA03,CALCULATED_FROM_PRODUCTION_AND_HARVESTED_AREA
DST09,Dhenkanal,CRP013,Wheat,2017-18,Annual,3400.08,3263.22,7769.09,2.3808048491980314,synthetic_prototype,2024_25_project_crop_structure,SEA03,CALCULATED_FROM_PRODUCTION_AND_HARVESTED_AREA
DST09,Dhenkanal,CRP013,Wheat,2018-19,Annual,3434.21,3300.98,8723.98,2.6428454580154983,synthetic_prototype,2024_25_project_crop_structure,SEA03,CALCULATED_FROM_PRODUCTION_AND_HARVESTED_AREA
DST09,Dhenkanal,CRP013,Wheat,2019-20,Annual,3537.61,3400.98,8937.37,2.6278807873024834,synthetic_prototype,2024_25_project_crop_structure,SEA03,CALCULATED_FROM_PRODUCTION_AND_HARVESTED_AREA
DST09,Dhenkanal,CRP013,Wheat,2020-21,Annual,3695.28,3544.25,8433.82,2.3795781900260984,synthetic_prototype,2024_25_project_crop_structure,SEA03,CALCULATED_FROM_PRODUCTION_AND_HARVESTED_AREA
DST09,Dhenkanal,CRP013,Wheat,2021-22,Annual,3693.1,3563.24,8011.74,2.2484424288007543,synthetic_prototype,2024_25_project_crop_structure,SEA03,CALCULATED_FROM_PRODUCTION_AND_HARVESTED_AREA
DST09,Dhenkanal,CRP013,Wheat,2022-23,Annual,3532.83,3447.27,8293.6,2.4058457852155475,synthetic_prototype,2024_25_project_crop_structure,SEA03,CALCULATED_FROM_PRODUCTION_AND_HARVESTED_AREA
DST09,Dhenkanal,CRP013,Wheat,2023-24,Annual,3432.87,3337.54,7746.6,2.3210508338476843,synthetic_prototype,2024_25_project_crop_structure,SEA03,CALCULATED_FROM_PRODUCTION_AND_HARVESTED_AREA
DST09,Dhenkanal,CRP013,Wheat,2024-25,Annual,3329.1,3234.19,8140.67,2.5170660969207126,synthetic_prototype,2024_25_project_crop_structure,SEA03,CALCULATED_FROM_PRODUCTION_AND_HARVESTED_AREA
DST10,Gajapati,CRP001,Groundnut,2015-16,Annual,5829.6,5639.06,10947.4,1.9413519274489008,synthetic_prototype,2024_25_project_crop_structure,SEA03,CALCULATED_FROM_PRODUCTION_AND_HARVESTED_AREA
DST10,Gajapati,CRP001,Groundnut,2016-17,Annual,5833.29,5713.37,10246.69,1.793458151668805,synthetic_prototype,2024_25_project_crop_structure,SEA03,CALCULATED_FROM_PRODUCTION_AND_HARVESTED_AREA
DST10,Gajapati,CRP001,Groundnut,2017-18,Annual,5602.62,5383.84,8945.76,1.6615946982079706,synthetic_prototype,2024_25_project_crop_structure,SEA03,CALCULATED_FROM_PRODUCTION_AND_HARVESTED_AREA
DST10,Gajapati,CRP001,Groundnut,2018-19,Annual,5614.08,5483.44,9477.43,1.7283730650832325,synthetic_prototype,2024_25_project_crop_structure,SEA03,CALCULATED_FROM_PRODUCTION_AND_HARVESTED_AREA
DST10,Gajapati,CRP001,Groundnut,2019-20,Annual,5565.58,5433.01,9306.05,1.7128718702892134,synthetic_prototype,2024_25_project_crop_structure,SEA03,CALCULATED_FROM_PRODUCTION_AND_HARVESTED_AREA
DST10,Gajapati,CRP001,Groundnut,2020-21,Annual,5867.08,5641.18,9336.8,1.655114710042934,synthetic_prototype,2024_25_project_crop_structure,SEA03,CALCULATED_FROM_PRODUCTION_AND_HARVESTED_AREA
DST10,Gajapati,CRP001,Groundnut,2021-22,Annual,5880.2,5628.65,10473.96,1.8608298615120855,synthetic_prototype,2024_25_project_crop_structure,SEA03,CALCULATED_FROM_PRODUCTION_AND_HARVESTED_AREA
DST10,Gajapati,CRP001,Groundnut,2022-23,Annual,6386.42,6178.59,11259.5,1.8223413432514537,synthetic_prototype,2024_25_project_crop_structure,SEA03,CALCULATED_FROM_PRODUCTION_AND_HARVESTED_AREA
DST10,Gajapati,CRP001,Groundnut,2023-24,Annual,5627.23,5423.56,10868.98,2.0040305629512716,synthetic_prototype,2024_25_project_crop_structure,SEA03,CALCULATED_FROM_PRODUCTION_AND_HARVESTED_AREA
DST10,Gajapati,CRP001,Groundnut,2024-25,Annual,5621.45,5380.78,9622.62,1.7883318031958195,synthetic_prototype,2024_25_project_crop_structure,SEA03,CALCULATED_FROM_PRODUCTION_AND_HARVESTED_AREA
DST10,Gajapati,CRP004,Maize,2015-16,Annual,8881.26,8488.37,38064.62,4.48432620161468,synthetic_prototype,2024_25_project_crop_structure,SEA03,CALCULATED_FROM_PRODUCTION_AND_HARVESTED_AREA
DST10,Gajapati,CRP004,Maize,2016-17,Annual,8837.25,8563.93,34385.11,4.015108717609789,synthetic_prototype,2024_25_project_crop_structure,SEA03,CALCULATED_FROM_PRODUCTION_AND_HARVESTED_AREA
DST10,Gajapati,CRP004,Maize,2017-18,Annual,9569.68,9346.6,37550.14,4.017518669890655,synthetic_prototype,2024_25_project_crop_structure,SEA03,CALCULATED_FROM_PRODUCTION_AND_HARVESTED_AREA
DST10,Gajapati,CRP004,Maize,2018-19,Annual,8643.68,8387.56,35131.06,4.188471975163218,synthetic_prototype,2024_25_project_crop_structure,SEA03,CALCULATED_FROM_PRODUCTION_AND_HARVESTED_AREA
DST10,Gajapati,CRP004,Maize,2019-20,Annual,9517.98,9126.36,40512.65,4.4390808602772625,synthetic_prototype,2024_25_project_crop_structure,SEA03,CALCULATED_FROM_PRODUCTION_AND_HARVESTED_AREA
DST10,Gajapati,CRP004,Maize,2020-21,Annual,9964.77,9665.81,44360.8,4.589454996529003,synthetic_prototype,2024_25_project_crop_structure,SEA03,CALCULATED_FROM_PRODUCTION_AND_HARVESTED_AREA
DST10,Gajapati,CRP004,Maize,2021-22,Annual,9722.61,9298.87,43103.01,4.635295471385232,synthetic_prototype,2024_25_project_crop_structure,SEA03,CALCULATED_FROM_PRODUCTION_AND_HARVESTED_AREA
DST10,Gajapati,CRP004,Maize,2022-23,Annual,9433.19,9088.19,39669.71,4.36497366362279,synthetic_prototype,2024_25_project_crop_structure,SEA03,CALCULATED_FROM_PRODUCTION_AND_HARVESTED_AREA
DST10,Gajapati,CRP004,Maize,2023-24,Annual,9301.15,8945.63,40916.09,4.573863439467091,synthetic_prototype,2024_25_project_crop_structure,SEA03,CALCULATED_FROM_PRODUCTION_AND_HARVESTED_AREA
DST10,Gajapati,CRP004,Maize,2024-25,Annual,8851.75,8457.41,35636.82,4.213680074632777,synthetic_prototype,2024_25_project_crop_structure,SEA03,CALCULATED_FROM_PRODUCTION_AND_HARVESTED_AREA
DST10,Gajapati,CRP005,Moong(Green Gram),2015-16,Annual,7190.01,7013.61,5028.82,0.7170087872008851,synthetic_prototype,2024_25_project_crop_structure,SEA03,CALCULATED_FROM_PRODUCTION_AND_HARVESTED_AREA
DST10,Gajapati,CRP005,Moong(Green Gram),2016-17,Annual,6937.04,6768.06,4845.97,0.7160057682703759,synthetic_prototype,2024_25_project_crop_structure,SEA03,CALCULATED_FROM_PRODUCTION_AND_HARVESTED_AREA
DST10,Gajapati,CRP005,Moong(Green Gram),2017-18,Annual,7042.98,6749.43,5012.3,0.7426256735753982,synthetic_prototype,2024_25_project_crop_structure,SEA03,CALCULATED_FROM_PRODUCTION_AND_HARVESTED_AREA
DST10,Gajapati,CRP005,Moong(Green Gram),2018-19,Annual,6721.31,6445.54,4422.9,0.6861954157448406,synthetic_prototype,2024_25_project_crop_structure,SEA03,CALCULATED_FROM_PRODUCTION_AND_HARVESTED_AREA
DST10,Gajapati,CRP005,Moong(Green Gram),2019-20,Annual,6649.07,6459.7,4062.69,0.6289285880149234,synthetic_prototype,2024_25_project_crop_structure,SEA03,CALCULATED_FROM_PRODUCTION_AND_HARVESTED_AREA
DST10,Gajapati,CRP005,Moong(Green Gram),2020-21,Annual,7106.99,6908.61,4361.06,0.6312499909533178,synthetic_prototype,2024_25_project_crop_structure,SEA03,CALCULATED_FROM_PRODUCTION_AND_HARVESTED_AREA
DST10,Gajapati,CRP005,Moong(Green Gram),2021-22,Annual,7104.27,6816.12,4762.38,0.698693684970335,synthetic_prototype,2024_25_project_crop_structure,SEA03,CALCULATED_FROM_PRODUCTION_AND_HARVESTED_AREA
DST10,Gajapati,CRP005,Moong(Green Gram),2022-23,Annual,7163.88,6947.75,5040.57,0.7254967435500701,synthetic_prototype,2024_25_project_crop_structure,SEA03,CALCULATED_FROM_PRODUCTION_AND_HARVESTED_AREA
DST10,Gajapati,CRP005,Moong(Green Gram),2023-24,Annual,7056.76,6801.46,5042.86,0.7414378677519238,synthetic_prototype,2024_25_project_crop_structure,SEA03,CALCULATED_FROM_PRODUCTION_AND_HARVESTED_AREA
DST10,Gajapati,CRP005,Moong(Green Gram),2024-25,Annual,6265.25,6037.62,4335.28,0.718044527479371,synthetic_prototype,2024_25_project_crop_structure,SEA03,CALCULATED_FROM_PRODUCTION_AND_HARVESTED_AREA
DST10,Gajapati,CRP007,Ragi,2015-16,Annual,5691.57,5574.65,9487.18,1.7018431650417516,synthetic_prototype,2024_25_project_crop_structure,SEA03,CALCULATED_FROM_PRODUCTION_AND_HARVESTED_AREA
DST10,Gajapati,CRP007,Ragi,2016-17,Annual,5485.3,5309.41,10217.2,1.9243569436152042,synthetic_prototype,2024_25_project_crop_structure,SEA03,CALCULATED_FROM_PRODUCTION_AND_HARVESTED_AREA
DST10,Gajapati,CRP007,Ragi,2017-18,Annual,5507.07,5284.01,9395.25,1.7780530316937326,synthetic_prototype,2024_25_project_crop_structure,SEA03,CALCULATED_FROM_PRODUCTION_AND_HARVESTED_AREA
DST10,Gajapati,CRP007,Ragi,2018-19,Annual,5352.43,5237.8,9013.34,1.7208255374393828,synthetic_prototype,2024_25_project_crop_structure,SEA03,CALCULATED_FROM_PRODUCTION_AND_HARVESTED_AREA
DST10,Gajapati,CRP007,Ragi,2019-20,Annual,5723.39,5509.09,10697.56,1.9418016405613268,synthetic_prototype,2024_25_project_crop_structure,SEA03,CALCULATED_FROM_PRODUCTION_AND_HARVESTED_AREA
DST10,Gajapati,CRP007,Ragi,2020-21,Annual,5515.9,5374.67,10576.55,1.9678510494597807,synthetic_prototype,2024_25_project_crop_structure,SEA03,CALCULATED_FROM_PRODUCTION_AND_HARVESTED_AREA
DST10,Gajapati,CRP007,Ragi,2021-22,Annual,5407.87,5226.32,10404.38,1.9907659691714246,synthetic_prototype,2024_25_project_crop_structure,SEA03,CALCULATED_FROM_PRODUCTION_AND_HARVESTED_AREA
DST10,Gajapati,CRP007,Ragi,2022-23,Annual,5786.19,5594.1,10893.23,1.9472712321910581,synthetic_prototype,2024_25_project_crop_structure,SEA03,CALCULATED_FROM_PRODUCTION_AND_HARVESTED_AREA
DST10,Gajapati,CRP007,Ragi,2023-24,Annual,5794.46,5564.97,9967.23,1.7910662591172997,synthetic_prototype,2024_25_project_crop_structure,SEA03,CALCULATED_FROM_PRODUCTION_AND_HARVESTED_AREA
DST10,Gajapati,CRP007,Ragi,2024-25,Annual,5354.03,5188.85,8787.51,1.693537103597136,synthetic_prototype,2024_25_project_crop_structure,SEA03,CALCULATED_FROM_PRODUCTION_AND_HARVESTED_AREA
DST10,Gajapati,CRP009,Rice,2015-16,Annual,76529.83,74348.79,170275.63,2.290227319099612,synthetic_prototype,2024_25_project_crop_structure,SEA03,CALCULATED_FROM_PRODUCTION_AND_HARVESTED_AREA
DST10,Gajapati,CRP009,Rice,2016-17,Annual,71387.96,69660.17,158380.36,2.2736143193448997,synthetic_prototype,2024_25_project_crop_structure,SEA03,CALCULATED_FROM_PRODUCTION_AND_HARVESTED_AREA
DST10,Gajapati,CRP009,Rice,2017-18,Annual,69909.71,67151.01,160940.59,2.3966964904921015,synthetic_prototype,2024_25_project_crop_structure,SEA03,CALCULATED_FROM_PRODUCTION_AND_HARVESTED_AREA
DST10,Gajapati,CRP009,Rice,2018-19,Annual,72728.56,70188.4,187424.86,2.670311048549333,synthetic_prototype,2024_25_project_crop_structure,SEA03,CALCULATED_FROM_PRODUCTION_AND_HARVESTED_AREA
DST10,Gajapati,CRP009,Rice,2019-20,Annual,72070.95,69654.93,181139.81,2.6005310751155735,synthetic_prototype,2024_25_project_crop_structure,SEA03,CALCULATED_FROM_PRODUCTION_AND_HARVESTED_AREA
DST10,Gajapati,CRP009,Rice,2020-21,Annual,75577.78,73531.9,210482.52,2.862465406170655,synthetic_prototype,2024_25_project_crop_structure,SEA03,CALCULATED_FROM_PRODUCTION_AND_HARVESTED_AREA
DST10,Gajapati,CRP009,Rice,2021-22,Annual,75660.63,73256.72,187455.92,2.5588904335329237,synthetic_prototype,2024_25_project_crop_structure,SEA03,CALCULATED_FROM_PRODUCTION_AND_HARVESTED_AREA
DST10,Gajapati,CRP009,Rice,2022-23,Annual,74154.17,72388.87,184268.23,2.5455326212441225,synthetic_prototype,2024_25_project_crop_structure,SEA03,CALCULATED_FROM_PRODUCTION_AND_HARVESTED_AREA
DST10,Gajapati,CRP009,Rice,2023-24,Annual,77190.61,74121.33,176562.69,2.382076657286101,synthetic_prototype,2024_25_project_crop_structure,SEA03,CALCULATED_FROM_PRODUCTION_AND_HARVESTED_AREA
DST10,Gajapati,CRP009,Rice,2024-25,Annual,71034.62,68360.89,164403.6,2.404936506824297,synthetic_prototype,2024_25_project_crop_structure,SEA03,CALCULATED_FROM_PRODUCTION_AND_HARVESTED_AREA
DST10,Gajapati,CRP010,Sesamum,2015-16,Annual,2984.2,2863.06,2382.98,0.8323192667984604,synthetic_prototype,2024_25_project_crop_structure,SEA03,CALCULATED_FROM_PRODUCTION_AND_HARVESTED_AREA
DST10,Gajapati,CRP010,Sesamum,2016-17,Annual,2832.73,2756.45,2262.59,0.8208347693591396,synthetic_prototype,2024_25_project_crop_structure,SEA03,CALCULATED_FROM_PRODUCTION_AND_HARVESTED_AREA
DST10,Gajapati,CRP010,Sesamum,2017-18,Annual,2805.08,2732.43,2334.57,0.854393342189919,synthetic_prototype,2024_25_project_crop_structure,SEA03,CALCULATED_FROM_PRODUCTION_AND_HARVESTED_AREA
DST10,Gajapati,CRP010,Sesamum,2018-19,Annual,2763.24,2665.14,2544.68,0.9548016239296997,synthetic_prototype,2024_25_project_crop_structure,SEA03,CALCULATED_FROM_PRODUCTION_AND_HARVESTED_AREA
DST10,Gajapati,CRP010,Sesamum,2019-20,Annual,2756.13,2678.64,2494.9,0.931405489352806,synthetic_prototype,2024_25_project_crop_structure,SEA03,CALCULATED_FROM_PRODUCTION_AND_HARVESTED_AREA
DST10,Gajapati,CRP010,Sesamum,2020-21,Annual,2847.72,2726.97,2523.41,0.9253530475216083,synthetic_prototype,2024_25_project_crop_structure,SEA03,CALCULATED_FROM_PRODUCTION_AND_HARVESTED_AREA
DST10,Gajapati,CRP010,Sesamum,2021-22,Annual,3109.67,3042.74,2625.94,0.8630182007006844,synthetic_prototype,2024_25_project_crop_structure,SEA03,CALCULATED_FROM_PRODUCTION_AND_HARVESTED_AREA
DST10,Gajapati,CRP010,Sesamum,2022-23,Annual,3029.79,2893.86,2480.78,0.8572563980289303,synthetic_prototype,2024_25_project_crop_structure,SEA03,CALCULATED_FROM_PRODUCTION_AND_HARVESTED_AREA
DST10,Gajapati,CRP010,Sesamum,2023-24,Annual,2915.17,2810.85,2313.42,0.8230321788782753,synthetic_prototype,2024_25_project_crop_structure,SEA03,CALCULATED_FROM_PRODUCTION_AND_HARVESTED_AREA
DST10,Gajapati,CRP010,Sesamum,2024-25,Annual,2769.47,2670.34,2292.18,0.8583850745597937,synthetic_prototype,2024_25_project_crop_structure,SEA03,CALCULATED_FROM_PRODUCTION_AND_HARVESTED_AREA
DST10,Gajapati,CRP012,Urad,2015-16,Annual,4625.01,4469.66,2846.79,0.6369142171887795,synthetic_prototype,2024_25_project_crop_structure,SEA03,CALCULATED_FROM_PRODUCTION_AND_HARVESTED_AREA
DST10,Gajapati,CRP012,Urad,2016-17,Annual,4870.48,4765.71,3311.21,0.6947988862100296,synthetic_prototype,2024_25_project_crop_structure,SEA03,CALCULATED_FROM_PRODUCTION_AND_HARVESTED_AREA
DST10,Gajapati,CRP012,Urad,2017-18,Annual,4403.07,4277.05,2866.84,0.6702844250125671,synthetic_prototype,2024_25_project_crop_structure,SEA03,CALCULATED_FROM_PRODUCTION_AND_HARVESTED_AREA
DST10,Gajapati,CRP012,Urad,2018-19,Annual,4716.44,4614.49,2985.28,0.6469360644404908,synthetic_prototype,2024_25_project_crop_structure,SEA03,CALCULATED_FROM_PRODUCTION_AND_HARVESTED_AREA
DST10,Gajapati,CRP012,Urad,2019-20,Annual,4584.05,4406.86,2896.42,0.6572525562418593,synthetic_prototype,2024_25_project_crop_structure,SEA03,CALCULATED_FROM_PRODUCTION_AND_HARVESTED_AREA
DST10,Gajapati,CRP012,Urad,2020-21,Annual,4840.97,4709.04,3192.21,0.6778897609703889,synthetic_prototype,2024_25_project_crop_structure,SEA03,CALCULATED_FROM_PRODUCTION_AND_HARVESTED_AREA
DST10,Gajapati,CRP012,Urad,2021-22,Annual,4842.1,4648.03,2868.06,0.6170485130259487,synthetic_prototype,2024_25_project_crop_structure,SEA03,CALCULATED_FROM_PRODUCTION_AND_HARVESTED_AREA
DST10,Gajapati,CRP012,Urad,2022-23,Annual,4675.02,4545.13,2847.68,0.6265343345514869,synthetic_prototype,2024_25_project_crop_structure,SEA03,CALCULATED_FROM_PRODUCTION_AND_HARVESTED_AREA
DST10,Gajapati,CRP012,Urad,2023-24,Annual,4761.59,4547.6,2872.35,0.6316188758905795,synthetic_prototype,2024_25_project_crop_structure,SEA03,CALCULATED_FROM_PRODUCTION_AND_HARVESTED_AREA
DST10,Gajapati,CRP012,Urad,2024-25,Annual,4684.86,4531.4,2923.16,0.6450898177163791,synthetic_prototype,2024_25_project_crop_structure,SEA03,CALCULATED_FROM_PRODUCTION_AND_HARVESTED_AREA
DST10,Gajapati,CRP002,Horse Gram,2015-16,Annual,5172.66,5065.54,2623.43,0.5178974008694038,synthetic_prototype,2024_25_project_crop_structure,SEA03,CALCULATED_FROM_PRODUCTION_AND_HARVESTED_AREA
DST10,Gajapati,CRP002,Horse Gram,2016-17,Annual,4800.26,4696.26,2332.85,0.4967463470932188,synthetic_prototype,2024_25_project_crop_structure,SEA03,CALCULATED_FROM_PRODUCTION_AND_HARVESTED_AREA
DST10,Gajapati,CRP002,Horse Gram,2017-18,Annual,4891.91,4785.61,2406.05,0.5027676722507686,synthetic_prototype,2024_25_project_crop_structure,SEA03,CALCULATED_FROM_PRODUCTION_AND_HARVESTED_AREA
DST10,Gajapati,CRP002,Horse Gram,2018-19,Annual,4813.84,4636.47,2167.91,0.46757770458991427,synthetic_prototype,2024_25_project_crop_structure,SEA03,CALCULATED_FROM_PRODUCTION_AND_HARVESTED_AREA
DST10,Gajapati,CRP002,Horse Gram,2019-20,Annual,4889.69,4709.44,2318.5,0.49230906434735344,synthetic_prototype,2024_25_project_crop_structure,SEA03,CALCULATED_FROM_PRODUCTION_AND_HARVESTED_AREA
DST10,Gajapati,CRP002,Horse Gram,2020-21,Annual,4914.64,4816.33,2302.01,0.4779593590970719,synthetic_prototype,2024_25_project_crop_structure,SEA03,CALCULATED_FROM_PRODUCTION_AND_HARVESTED_AREA
DST10,Gajapati,CRP002,Horse Gram,2021-22,Annual,5294.08,5150.1,2754.98,0.5349371856857148,synthetic_prototype,2024_25_project_crop_structure,SEA03,CALCULATED_FROM_PRODUCTION_AND_HARVESTED_AREA
DST10,Gajapati,CRP002,Horse Gram,2022-23,Annual,4983.44,4763.45,2384.88,0.5006623350722691,synthetic_prototype,2024_25_project_crop_structure,SEA03,CALCULATED_FROM_PRODUCTION_AND_HARVESTED_AREA
DST10,Gajapati,CRP002,Horse Gram,2023-24,Annual,4752.66,4627.3,2447.22,0.5288656451926609,synthetic_prototype,2024_25_project_crop_structure,SEA03,CALCULATED_FROM_PRODUCTION_AND_HARVESTED_AREA
DST10,Gajapati,CRP002,Horse Gram,2024-25,Annual,4893.53,4710.89,2435.8,0.5170572864150935,synthetic_prototype,2024_25_project_crop_structure,SEA03,CALCULATED_FROM_PRODUCTION_AND_HARVESTED_AREA
DST10,Gajapati,CRP006,Potato,2015-16,Annual,4205.35,4020.74,79279.45,19.717626606047645,synthetic_prototype,2024_25_project_crop_structure,SEA03,CALCULATED_FROM_PRODUCTION_AND_HARVESTED_AREA
DST10,Gajapati,CRP006,Potato,2016-17,Annual,3908.64,3830.06,70200.35,18.32878597202133,synthetic_prototype,2024_25_project_crop_structure,SEA03,CALCULATED_FROM_PRODUCTION_AND_HARVESTED_AREA
DST10,Gajapati,CRP006,Potato,2017-18,Annual,3898.54,3725.77,65763.29,17.650925848884928,synthetic_prototype,2024_25_project_crop_structure,SEA03,CALCULATED_FROM_PRODUCTION_AND_HARVESTED_AREA
DST10,Gajapati,CRP006,Potato,2018-19,Annual,3799.55,3667.89,67154.11,18.30864884170463,synthetic_prototype,2024_25_project_crop_structure,SEA03,CALCULATED_FROM_PRODUCTION_AND_HARVESTED_AREA
DST10,Gajapati,CRP006,Potato,2019-20,Annual,3761.37,3646.2,70545.56,19.347693489111954,synthetic_prototype,2024_25_project_crop_structure,SEA03,CALCULATED_FROM_PRODUCTION_AND_HARVESTED_AREA
DST10,Gajapati,CRP006,Potato,2020-21,Annual,3957.74,3841.49,80248.9,20.890045268893058,synthetic_prototype,2024_25_project_crop_structure,SEA03,CALCULATED_FROM_PRODUCTION_AND_HARVESTED_AREA
DST10,Gajapati,CRP006,Potato,2021-22,Annual,3993.21,3847.03,79504.82,20.666545360966772,synthetic_prototype,2024_25_project_crop_structure,SEA03,CALCULATED_FROM_PRODUCTION_AND_HARVESTED_AREA
DST10,Gajapati,CRP006,Potato,2022-23,Annual,3995.86,3849.94,75359.49,19.574198558938583,synthetic_prototype,2024_25_project_crop_structure,SEA03,CALCULATED_FROM_PRODUCTION_AND_HARVESTED_AREA
DST10,Gajapati,CRP006,Potato,2023-24,Annual,3606.89,3528.03,67809.19,19.220128513646426,synthetic_prototype,2024_25_project_crop_structure,SEA03,CALCULATED_FROM_PRODUCTION_AND_HARVESTED_AREA
DST10,Gajapati,CRP006,Potato,2024-25,Annual,3880.44,3768.11,71240.45,18.90614923661995,synthetic_prototype,2024_25_project_crop_structure,SEA03,CALCULATED_FROM_PRODUCTION_AND_HARVESTED_AREA
DST10,Gajapati,CRP008,Rapeseed &Mustard,2015-16,Annual,5529.1,5393.29,4237.84,0.7857615666874951,synthetic_prototype,2024_25_project_crop_structure,SEA03,CALCULATED_FROM_PRODUCTION_AND_HARVESTED_AREA
DST10,Gajapati,CRP008,Rapeseed &Mustard,2016-17,Annual,5174.18,5002.63,3885.71,0.7767334382115008,synthetic_prototype,2024_25_project_crop_structure,SEA03,CALCULATED_FROM_PRODUCTION_AND_HARVESTED_AREA
DST10,Gajapati,CRP008,Rapeseed &Mustard,2017-18,Annual,5271.49,5057.73,3963.85,0.7837211555381565,synthetic_prototype,2024_25_project_crop_structure,SEA03,CALCULATED_FROM_PRODUCTION_AND_HARVESTED_AREA
DST10,Gajapati,CRP008,Rapeseed &Mustard,2018-19,Annual,5298.23,5112.02,3926.56,0.7681034111760126,synthetic_prototype,2024_25_project_crop_structure,SEA03,CALCULATED_FROM_PRODUCTION_AND_HARVESTED_AREA
DST10,Gajapati,CRP008,Rapeseed &Mustard,2019-20,Annual,5396.27,5277.38,4389.63,0.8317820585214633,synthetic_prototype,2024_25_project_crop_structure,SEA03,CALCULATED_FROM_PRODUCTION_AND_HARVESTED_AREA
DST10,Gajapati,CRP008,Rapeseed &Mustard,2020-21,Annual,5624.22,5388.47,4894.4,0.9083097799560913,synthetic_prototype,2024_25_project_crop_structure,SEA03,CALCULATED_FROM_PRODUCTION_AND_HARVESTED_AREA
DST10,Gajapati,CRP008,Rapeseed &Mustard,2021-22,Annual,5702.55,5462.97,4676.27,0.855994083804231,synthetic_prototype,2024_25_project_crop_structure,SEA03,CALCULATED_FROM_PRODUCTION_AND_HARVESTED_AREA
DST10,Gajapati,CRP008,Rapeseed &Mustard,2022-23,Annual,5329.95,5142.0,4233.27,0.8232730455075847,synthetic_prototype,2024_25_project_crop_structure,SEA03,CALCULATED_FROM_PRODUCTION_AND_HARVESTED_AREA
DST10,Gajapati,CRP008,Rapeseed &Mustard,2023-24,Annual,5656.72,5417.36,4087.34,0.7544892715270908,synthetic_prototype,2024_25_project_crop_structure,SEA03,CALCULATED_FROM_PRODUCTION_AND_HARVESTED_AREA
DST10,Gajapati,CRP008,Rapeseed &Mustard,2024-25,Annual,5179.27,5055.99,3898.1,0.7709864932486021,synthetic_prototype,2024_25_project_crop_structure,SEA03,CALCULATED_FROM_PRODUCTION_AND_HARVESTED_AREA
DST10,Gajapati,CRP011,Sugarcane,2015-16,Annual,692.59,668.55,40549.28,60.6525764714681,synthetic_prototype,2024_25_project_crop_structure,SEA03,CALCULATED_FROM_PRODUCTION_AND_HARVESTED_AREA
DST10,Gajapati,CRP011,Sugarcane,2016-17,Annual,641.84,614.02,34384.38,55.99879482753005,synthetic_prototype,2024_25_project_crop_structure,SEA03,CALCULATED_FROM_PRODUCTION_AND_HARVESTED_AREA
DST10,Gajapati,CRP011,Sugarcane,2017-18,Annual,656.19,638.26,37682.65,59.03965468617805,synthetic_prototype,2024_25_project_crop_structure,SEA03,CALCULATED_FROM_PRODUCTION_AND_HARVESTED_AREA
DST10,Gajapati,CRP011,Sugarcane,2018-19,Annual,637.21,614.42,40076.7,65.22688063539599,synthetic_prototype,2024_25_project_crop_structure,SEA03,CALCULATED_FROM_PRODUCTION_AND_HARVESTED_AREA
DST10,Gajapati,CRP011,Sugarcane,2019-20,Annual,636.77,615.75,37916.74,61.578140479090536,synthetic_prototype,2024_25_project_crop_structure,SEA03,CALCULATED_FROM_PRODUCTION_AND_HARVESTED_AREA
DST10,Gajapati,CRP011,Sugarcane,2020-21,Annual,623.4,602.18,38133.44,63.325650137832554,synthetic_prototype,2024_25_project_crop_structure,SEA03,CALCULATED_FROM_PRODUCTION_AND_HARVESTED_AREA
DST10,Gajapati,CRP011,Sugarcane,2021-22,Annual,713.02,696.6,42360.08,60.80976169968418,synthetic_prototype,2024_25_project_crop_structure,SEA03,CALCULATED_FROM_PRODUCTION_AND_HARVESTED_AREA
DST10,Gajapati,CRP011,Sugarcane,2022-23,Annual,674.45,653.93,38444.29,58.78961050877006,synthetic_prototype,2024_25_project_crop_structure,SEA03,CALCULATED_FROM_PRODUCTION_AND_HARVESTED_AREA
DST10,Gajapati,CRP011,Sugarcane,2023-24,Annual,676.62,658.91,39120.25,59.37115842831343,synthetic_prototype,2024_25_project_crop_structure,SEA03,CALCULATED_FROM_PRODUCTION_AND_HARVESTED_AREA
DST10,Gajapati,CRP011,Sugarcane,2024-25,Annual,621.14,593.5,35090.01,59.12385846672284,synthetic_prototype,2024_25_project_crop_structure,SEA03,CALCULATED_FROM_PRODUCTION_AND_HARVESTED_AREA
DST10,Gajapati,CRP003,Jute,2015-16,Annual,4315.38,4201.49,10432.89,2.483140504916113,synthetic_prototype,2024_25_project_crop_structure,SEA03,CALCULATED_FROM_PRODUCTION_AND_HARVESTED_AREA
DST10,Gajapati,CRP003,Jute,2016-17,Annual,4364.75,4202.84,9418.86,2.241070323876236,synthetic_prototype,2024_25_project_crop_structure,SEA03,CALCULATED_FROM_PRODUCTION_AND_HARVESTED_AREA
DST10,Gajapati,CRP003,Jute,2017-18,Annual,4094.83,3976.83,9147.2,2.300123465172009,synthetic_prototype,2024_25_project_crop_structure,SEA03,CALCULATED_FROM_PRODUCTION_AND_HARVESTED_AREA
DST10,Gajapati,CRP003,Jute,2018-19,Annual,4253.95,4100.84,9208.23,2.2454497127417796,synthetic_prototype,2024_25_project_crop_structure,SEA03,CALCULATED_FROM_PRODUCTION_AND_HARVESTED_AREA
DST10,Gajapati,CRP003,Jute,2019-20,Annual,4393.2,4259.67,9115.35,2.1399192895224277,synthetic_prototype,2024_25_project_crop_structure,SEA03,CALCULATED_FROM_PRODUCTION_AND_HARVESTED_AREA
DST10,Gajapati,CRP003,Jute,2020-21,Annual,4308.61,4140.12,9729.05,2.3499439629769183,synthetic_prototype,2024_25_project_crop_structure,SEA03,CALCULATED_FROM_PRODUCTION_AND_HARVESTED_AREA
DST10,Gajapati,CRP003,Jute,2021-22,Annual,4225.03,4121.91,10304.83,2.5000133433286997,synthetic_prototype,2024_25_project_crop_structure,SEA03,CALCULATED_FROM_PRODUCTION_AND_HARVESTED_AREA
DST10,Gajapati,CRP003,Jute,2022-23,Annual,4242.22,4150.88,10585.04,2.55007131018001,synthetic_prototype,2024_25_project_crop_structure,SEA03,CALCULATED_FROM_PRODUCTION_AND_HARVESTED_AREA
DST10,Gajapati,CRP003,Jute,2023-24,Annual,4119.5,4008.34,10361.94,2.585095076764945,synthetic_prototype,2024_25_project_crop_structure,SEA03,CALCULATED_FROM_PRODUCTION_AND_HARVESTED_AREA
DST10,Gajapati,CRP003,Jute,2024-25,Annual,3936.57,3854.55,9416.92,2.443065986950487,synthetic_prototype,2024_25_project_crop_structure,SEA03,CALCULATED_FROM_PRODUCTION_AND_HARVESTED_AREA
DST10,Gajapati,CRP013,Wheat,2015-16,Annual,3912.35,3803.28,8216.44,2.1603563240150607,synthetic_prototype,2024_25_project_crop_structure,SEA03,CALCULATED_FROM_PRODUCTION_AND_HARVESTED_AREA
DST10,Gajapati,CRP013,Wheat,2016-17,Annual,4328.47,4167.64,8946.29,2.1466081523356144,synthetic_prototype,2024_25_project_crop_structure,SEA03,CALCULATED_FROM_PRODUCTION_AND_HARVESTED_AREA
DST10,Gajapati,CRP013,Wheat,2017-18,Annual,3856.92,3754.82,9408.99,2.5058431562631496,synthetic_prototype,2024_25_project_crop_structure,SEA03,CALCULATED_FROM_PRODUCTION_AND_HARVESTED_AREA
DST10,Gajapati,CRP013,Wheat,2018-19,Annual,3479.26,3400.74,8206.58,2.4131747796067917,synthetic_prototype,2024_25_project_crop_structure,SEA03,CALCULATED_FROM_PRODUCTION_AND_HARVESTED_AREA
DST10,Gajapati,CRP013,Wheat,2019-20,Annual,3945.62,3821.82,8843.46,2.313939431998367,synthetic_prototype,2024_25_project_crop_structure,SEA03,CALCULATED_FROM_PRODUCTION_AND_HARVESTED_AREA
DST10,Gajapati,CRP013,Wheat,2020-21,Annual,4096.1,3964.76,8457.52,2.133173256388785,synthetic_prototype,2024_25_project_crop_structure,SEA03,CALCULATED_FROM_PRODUCTION_AND_HARVESTED_AREA
DST10,Gajapati,CRP013,Wheat,2021-22,Annual,3979.48,3859.91,8358.76,2.165532356972054,synthetic_prototype,2024_25_project_crop_structure,SEA03,CALCULATED_FROM_PRODUCTION_AND_HARVESTED_AREA
DST10,Gajapati,CRP013,Wheat,2022-23,Annual,4001.11,3822.6,7949.58,2.0796264322712292,synthetic_prototype,2024_25_project_crop_structure,SEA03,CALCULATED_FROM_PRODUCTION_AND_HARVESTED_AREA
DST10,Gajapati,CRP013,Wheat,2023-24,Annual,3954.48,3872.1,8499.79,2.195137005759149,synthetic_prototype,2024_25_project_crop_structure,SEA03,CALCULATED_FROM_PRODUCTION_AND_HARVESTED_AREA
DST10,Gajapati,CRP013,Wheat,2024-25,Annual,3750.89,3667.04,8309.73,2.2660592739648324,synthetic_prototype,2024_25_project_crop_structure,SEA03,CALCULATED_FROM_PRODUCTION_AND_HARVESTED_AREA
DST11,Ganjam,CRP001,Groundnut,2015-16,Annual,2553.33,2446.76,3212.01,1.3127605486439209,synthetic_prototype,2024_25_project_crop_structure,SEA03,CALCULATED_FROM_PRODUCTION_AND_HARVESTED_AREA
DST11,Ganjam,CRP001,Groundnut,2016-17,Annual,2480.61,2384.67,3271.24,1.3717789044186406,synthetic_prototype,2024_25_project_crop_structure,SEA03,CALCULATED_FROM_PRODUCTION_AND_HARVESTED_AREA
DST11,Ganjam,CRP001,Groundnut,2017-18,Annual,2400.8,2332.77,2978.47,1.2767953977460271,synthetic_prototype,2024_25_project_crop_structure,SEA03,CALCULATED_FROM_PRODUCTION_AND_HARVESTED_AREA
DST11,Ganjam,CRP001,Groundnut,2018-19,Annual,2534.84,2424.79,3194.56,1.3174584190795904,synthetic_prototype,2024_25_project_crop_structure,SEA03,CALCULATED_FROM_PRODUCTION_AND_HARVESTED_AREA
DST11,Ganjam,CRP001,Groundnut,2019-20,Annual,2576.27,2483.7,3009.94,1.2118774409147643,synthetic_prototype,2024_25_project_crop_structure,SEA03,CALCULATED_FROM_PRODUCTION_AND_HARVESTED_AREA
DST11,Ganjam,CRP001,Groundnut,2020-21,Annual,2644.76,2578.36,3158.62,1.2250500318031616,synthetic_prototype,2024_25_project_crop_structure,SEA03,CALCULATED_FROM_PRODUCTION_AND_HARVESTED_AREA
DST11,Ganjam,CRP001,Groundnut,2021-22,Annual,2626.72,2557.45,3142.47,1.2287512952354884,synthetic_prototype,2024_25_project_crop_structure,SEA03,CALCULATED_FROM_PRODUCTION_AND_HARVESTED_AREA
DST11,Ganjam,CRP001,Groundnut,2022-23,Annual,2557.12,2457.35,3256.86,1.3253545485991007,synthetic_prototype,2024_25_project_crop_structure,SEA03,CALCULATED_FROM_PRODUCTION_AND_HARVESTED_AREA
DST11,Ganjam,CRP001,Groundnut,2023-24,Annual,2517.04,2426.24,3209.79,1.3229482656291216,synthetic_prototype,2024_25_project_crop_structure,SEA03,CALCULATED_FROM_PRODUCTION_AND_HARVESTED_AREA
DST11,Ganjam,CRP001,Groundnut,2024-25,Annual,2435.23,2368.61,3197.67,1.3500196317671544,synthetic_prototype,2024_25_project_crop_structure,SEA03,CALCULATED_FROM_PRODUCTION_AND_HARVESTED_AREA
DST11,Ganjam,CRP004,Maize,2015-16,Annual,14494.91,13890.76,38315.99,2.7583796710907103,synthetic_prototype,2024_25_project_crop_structure,SEA03,CALCULATED_FROM_PRODUCTION_AND_HARVESTED_AREA
DST11,Ganjam,CRP004,Maize,2016-17,Annual,13196.65,12618.05,32018.77,2.537537099631084,synthetic_prototype,2024_25_project_crop_structure,SEA03,CALCULATED_FROM_PRODUCTION_AND_HARVESTED_AREA
DST11,Ganjam,CRP004,Maize,2017-18,Annual,13541.26,12993.52,34733.47,2.6731378410161373,synthetic_prototype,2024_25_project_crop_structure,SEA03,CALCULATED_FROM_PRODUCTION_AND_HARVESTED_AREA
DST11,Ganjam,CRP004,Maize,2018-19,Annual,13772.76,13397.31,36713.74,2.740381464637304,synthetic_prototype,2024_25_project_crop_structure,SEA03,CALCULATED_FROM_PRODUCTION_AND_HARVESTED_AREA
DST11,Ganjam,CRP004,Maize,2019-20,Annual,13861.42,13309.06,34830.4,2.617044329201311,synthetic_prototype,2024_25_project_crop_structure,SEA03,CALCULATED_FROM_PRODUCTION_AND_HARVESTED_AREA
DST11,Ganjam,CRP004,Maize,2020-21,Annual,14087.78,13520.51,40561.38,2.99998890574394,synthetic_prototype,2024_25_project_crop_structure,SEA03,CALCULATED_FROM_PRODUCTION_AND_HARVESTED_AREA
DST11,Ganjam,CRP004,Maize,2021-22,Annual,14131.97,13684.67,37851.88,2.7660060491045817,synthetic_prototype,2024_25_project_crop_structure,SEA03,CALCULATED_FROM_PRODUCTION_AND_HARVESTED_AREA
DST11,Ganjam,CRP004,Maize,2022-23,Annual,13805.78,13321.06,38021.11,2.854210550812023,synthetic_prototype,2024_25_project_crop_structure,SEA03,CALCULATED_FROM_PRODUCTION_AND_HARVESTED_AREA
DST11,Ganjam,CRP004,Maize,2023-24,Annual,13306.88,12967.4,36079.3,2.782307941453183,synthetic_prototype,2024_25_project_crop_structure,SEA03,CALCULATED_FROM_PRODUCTION_AND_HARVESTED_AREA
DST11,Ganjam,CRP004,Maize,2024-25,Annual,13374.33,12868.88,34939.75,2.715057565227122,synthetic_prototype,2024_25_project_crop_structure,SEA03,CALCULATED_FROM_PRODUCTION_AND_HARVESTED_AREA
DST11,Ganjam,CRP005,Moong(Green Gram),2015-16,Annual,7084.6,6848.84,7476.02,1.091574631616449,synthetic_prototype,2024_25_project_crop_structure,SEA03,CALCULATED_FROM_PRODUCTION_AND_HARVESTED_AREA
DST11,Ganjam,CRP005,Moong(Green Gram),2016-17,Annual,7208.41,6909.32,7274.55,1.0528604840997378,synthetic_prototype,2024_25_project_crop_structure,SEA03,CALCULATED_FROM_PRODUCTION_AND_HARVESTED_AREA
DST11,Ganjam,CRP005,Moong(Green Gram),2017-18,Annual,7197.38,6996.03,6883.83,0.9839623329231006,synthetic_prototype,2024_25_project_crop_structure,SEA03,CALCULATED_FROM_PRODUCTION_AND_HARVESTED_AREA
DST11,Ganjam,CRP005,Moong(Green Gram),2018-19,Annual,6970.13,6728.85,6907.68,1.0265766067009965,synthetic_prototype,2024_25_project_crop_structure,SEA03,CALCULATED_FROM_PRODUCTION_AND_HARVESTED_AREA
DST11,Ganjam,CRP005,Moong(Green Gram),2019-20,Annual,6978.62,6813.36,6339.05,0.9303853018187797,synthetic_prototype,2024_25_project_crop_structure,SEA03,CALCULATED_FROM_PRODUCTION_AND_HARVESTED_AREA
DST11,Ganjam,CRP005,Moong(Green Gram),2020-21,Annual,7104.05,6828.35,6675.47,0.9776109894776922,synthetic_prototype,2024_25_project_crop_structure,SEA03,CALCULATED_FROM_PRODUCTION_AND_HARVESTED_AREA
DST11,Ganjam,CRP005,Moong(Green Gram),2021-22,Annual,7439.49,7241.19,7036.69,0.9717587855034877,synthetic_prototype,2024_25_project_crop_structure,SEA03,CALCULATED_FROM_PRODUCTION_AND_HARVESTED_AREA
DST11,Ganjam,CRP005,Moong(Green Gram),2022-23,Annual,7559.22,7352.38,7466.89,1.0155745486495529,synthetic_prototype,2024_25_project_crop_structure,SEA03,CALCULATED_FROM_PRODUCTION_AND_HARVESTED_AREA
DST11,Ganjam,CRP005,Moong(Green Gram),2023-24,Annual,7123.48,6904.18,7147.3,1.0352134504025097,synthetic_prototype,2024_25_project_crop_structure,SEA03,CALCULATED_FROM_PRODUCTION_AND_HARVESTED_AREA
DST11,Ganjam,CRP005,Moong(Green Gram),2024-25,Annual,6945.86,6708.63,6989.41,1.041853552811826,synthetic_prototype,2024_25_project_crop_structure,SEA03,CALCULATED_FROM_PRODUCTION_AND_HARVESTED_AREA
DST11,Ganjam,CRP007,Ragi,2015-16,Annual,5446.13,5212.43,4710.8,0.9037627363820713,synthetic_prototype,2024_25_project_crop_structure,SEA03,CALCULATED_FROM_PRODUCTION_AND_HARVESTED_AREA
DST11,Ganjam,CRP007,Ragi,2016-17,Annual,5103.77,4958.11,3903.13,0.7872213403897858,synthetic_prototype,2024_25_project_crop_structure,SEA03,CALCULATED_FROM_PRODUCTION_AND_HARVESTED_AREA
DST11,Ganjam,CRP007,Ragi,2017-18,Annual,4760.22,4625.86,4503.93,0.9736416579835967,synthetic_prototype,2024_25_project_crop_structure,SEA03,CALCULATED_FROM_PRODUCTION_AND_HARVESTED_AREA
DST11,Ganjam,CRP007,Ragi,2018-19,Annual,4966.42,4780.33,4344.59,0.9088472971531255,synthetic_prototype,2024_25_project_crop_structure,SEA03,CALCULATED_FROM_PRODUCTION_AND_HARVESTED_AREA
DST11,Ganjam,CRP007,Ragi,2019-20,Annual,5433.73,5269.69,5070.75,0.9622482536923425,synthetic_prototype,2024_25_project_crop_structure,SEA03,CALCULATED_FROM_PRODUCTION_AND_HARVESTED_AREA
DST11,Ganjam,CRP007,Ragi,2020-21,Annual,5337.18,5139.92,4813.63,0.9365184672134975,synthetic_prototype,2024_25_project_crop_structure,SEA03,CALCULATED_FROM_PRODUCTION_AND_HARVESTED_AREA
DST11,Ganjam,CRP007,Ragi,2021-22,Annual,5230.6,5011.19,4744.53,0.9467870904914801,synthetic_prototype,2024_25_project_crop_structure,SEA03,CALCULATED_FROM_PRODUCTION_AND_HARVESTED_AREA
DST11,Ganjam,CRP007,Ragi,2022-23,Annual,5268.16,5118.01,4882.27,0.9539391286847818,synthetic_prototype,2024_25_project_crop_structure,SEA03,CALCULATED_FROM_PRODUCTION_AND_HARVESTED_AREA
DST11,Ganjam,CRP007,Ragi,2023-24,Annual,4853.88,4654.85,4240.14,0.9109079777006778,synthetic_prototype,2024_25_project_crop_structure,SEA03,CALCULATED_FROM_PRODUCTION_AND_HARVESTED_AREA
DST11,Ganjam,CRP007,Ragi,2024-25,Annual,5136.86,4921.97,4327.82,0.8792861394929266,synthetic_prototype,2024_25_project_crop_structure,SEA03,CALCULATED_FROM_PRODUCTION_AND_HARVESTED_AREA
DST11,Ganjam,CRP009,Rice,2015-16,Annual,8181.17,7990.93,21954.71,2.7474536756047168,synthetic_prototype,2024_25_project_crop_structure,SEA03,CALCULATED_FROM_PRODUCTION_AND_HARVESTED_AREA
DST11,Ganjam,CRP009,Rice,2016-17,Annual,7497.91,7274.5,20591.93,2.8307003917795037,synthetic_prototype,2024_25_project_crop_structure,SEA03,CALCULATED_FROM_PRODUCTION_AND_HARVESTED_AREA
DST11,Ganjam,CRP009,Rice,2017-18,Annual,7617.74,7347.34,19574.36,2.6641423971124243,synthetic_prototype,2024_25_project_crop_structure,SEA03,CALCULATED_FROM_PRODUCTION_AND_HARVESTED_AREA
DST11,Ganjam,CRP009,Rice,2018-19,Annual,8181.33,7912.15,22513.84,2.8454768931327137,synthetic_prototype,2024_25_project_crop_structure,SEA03,CALCULATED_FROM_PRODUCTION_AND_HARVESTED_AREA
DST11,Ganjam,CRP009,Rice,2019-20,Annual,7763.33,7543.06,21464.16,2.8455507446580035,synthetic_prototype,2024_25_project_crop_structure,SEA03,CALCULATED_FROM_PRODUCTION_AND_HARVESTED_AREA
DST11,Ganjam,CRP009,Rice,2020-21,Annual,8386.59,8142.22,22822.38,2.8029677409846454,synthetic_prototype,2024_25_project_crop_structure,SEA03,CALCULATED_FROM_PRODUCTION_AND_HARVESTED_AREA
DST11,Ganjam,CRP009,Rice,2021-22,Annual,8319.45,8022.26,21655.43,2.6994176204710394,synthetic_prototype,2024_25_project_crop_structure,SEA03,CALCULATED_FROM_PRODUCTION_AND_HARVESTED_AREA
DST11,Ganjam,CRP009,Rice,2022-23,Annual,7943.05,7740.51,20945.05,2.7059005155991014,synthetic_prototype,2024_25_project_crop_structure,SEA03,CALCULATED_FROM_PRODUCTION_AND_HARVESTED_AREA
DST11,Ganjam,CRP009,Rice,2023-24,Annual,7649.49,7489.91,19691.51,2.6290716443855797,synthetic_prototype,2024_25_project_crop_structure,SEA03,CALCULATED_FROM_PRODUCTION_AND_HARVESTED_AREA
DST11,Ganjam,CRP009,Rice,2024-25,Annual,7724.77,7557.92,20652.53,2.7325679552046065,synthetic_prototype,2024_25_project_crop_structure,SEA03,CALCULATED_FROM_PRODUCTION_AND_HARVESTED_AREA
DST11,Ganjam,CRP010,Sesamum,2015-16,Annual,4788.16,4680.13,3667.51,0.7836342152888915,synthetic_prototype,2024_25_project_crop_structure,SEA03,CALCULATED_FROM_PRODUCTION_AND_HARVESTED_AREA
DST11,Ganjam,CRP010,Sesamum,2016-17,Annual,4283.39,4111.95,2991.91,0.7276134194238744,synthetic_prototype,2024_25_project_crop_structure,SEA03,CALCULATED_FROM_PRODUCTION_AND_HARVESTED_AREA
DST11,Ganjam,CRP010,Sesamum,2017-18,Annual,4425.88,4280.52,3399.67,0.7942189266724603,synthetic_prototype,2024_25_project_crop_structure,SEA03,CALCULATED_FROM_PRODUCTION_AND_HARVESTED_AREA
DST11,Ganjam,CRP010,Sesamum,2018-19,Annual,4205.63,4072.02,3317.8,0.8147798881144985,synthetic_prototype,2024_25_project_crop_structure,SEA03,CALCULATED_FROM_PRODUCTION_AND_HARVESTED_AREA
DST11,Ganjam,CRP010,Sesamum,2019-20,Annual,4758.0,4581.41,3907.23,0.852844429989894,synthetic_prototype,2024_25_project_crop_structure,SEA03,CALCULATED_FROM_PRODUCTION_AND_HARVESTED_AREA
DST11,Ganjam,CRP010,Sesamum,2020-21,Annual,4621.2,4434.23,3510.68,0.7917225764112372,synthetic_prototype,2024_25_project_crop_structure,SEA03,CALCULATED_FROM_PRODUCTION_AND_HARVESTED_AREA
DST11,Ganjam,CRP010,Sesamum,2021-22,Annual,4759.92,4657.74,3338.18,0.7166952212875772,synthetic_prototype,2024_25_project_crop_structure,SEA03,CALCULATED_FROM_PRODUCTION_AND_HARVESTED_AREA
DST11,Ganjam,CRP010,Sesamum,2022-23,Annual,4617.82,4504.82,3514.81,0.7802331724686004,synthetic_prototype,2024_25_project_crop_structure,SEA03,CALCULATED_FROM_PRODUCTION_AND_HARVESTED_AREA
DST11,Ganjam,CRP010,Sesamum,2023-24,Annual,4837.76,4719.93,3678.73,0.7794035081028744,synthetic_prototype,2024_25_project_crop_structure,SEA03,CALCULATED_FROM_PRODUCTION_AND_HARVESTED_AREA
DST11,Ganjam,CRP010,Sesamum,2024-25,Annual,4335.92,4221.43,3198.28,0.7576295236448313,synthetic_prototype,2024_25_project_crop_structure,SEA03,CALCULATED_FROM_PRODUCTION_AND_HARVESTED_AREA
DST11,Ganjam,CRP012,Urad,2015-16,Annual,1922.73,1877.82,1431.13,0.7621231001906467,synthetic_prototype,2024_25_project_crop_structure,SEA03,CALCULATED_FROM_PRODUCTION_AND_HARVESTED_AREA
DST11,Ganjam,CRP012,Urad,2016-17,Annual,1949.78,1892.94,1425.55,0.7530877893646919,synthetic_prototype,2024_25_project_crop_structure,SEA03,CALCULATED_FROM_PRODUCTION_AND_HARVESTED_AREA
DST11,Ganjam,CRP012,Urad,2017-18,Annual,1902.59,1834.23,1475.72,0.8045446863261423,synthetic_prototype,2024_25_project_crop_structure,SEA03,CALCULATED_FROM_PRODUCTION_AND_HARVESTED_AREA
DST11,Ganjam,CRP012,Urad,2018-19,Annual,1965.57,1883.01,1474.78,0.7832034880324587,synthetic_prototype,2024_25_project_crop_structure,SEA03,CALCULATED_FROM_PRODUCTION_AND_HARVESTED_AREA
DST11,Ganjam,CRP012,Urad,2019-20,Annual,1975.09,1929.08,1550.59,0.8037976652082858,synthetic_prototype,2024_25_project_crop_structure,SEA03,CALCULATED_FROM_PRODUCTION_AND_HARVESTED_AREA
DST11,Ganjam,CRP012,Urad,2020-21,Annual,2134.92,2048.22,1656.54,0.8087705422269093,synthetic_prototype,2024_25_project_crop_structure,SEA03,CALCULATED_FROM_PRODUCTION_AND_HARVESTED_AREA
DST11,Ganjam,CRP012,Urad,2021-22,Annual,1967.39,1906.33,1301.63,0.6827936401357583,synthetic_prototype,2024_25_project_crop_structure,SEA03,CALCULATED_FROM_PRODUCTION_AND_HARVESTED_AREA
DST11,Ganjam,CRP012,Urad,2022-23,Annual,2116.97,2033.57,1394.21,0.6855972501561294,synthetic_prototype,2024_25_project_crop_structure,SEA03,CALCULATED_FROM_PRODUCTION_AND_HARVESTED_AREA
DST11,Ganjam,CRP012,Urad,2023-24,Annual,1893.13,1848.89,1415.42,0.7655512226254672,synthetic_prototype,2024_25_project_crop_structure,SEA03,CALCULATED_FROM_PRODUCTION_AND_HARVESTED_AREA
DST11,Ganjam,CRP012,Urad,2024-25,Annual,1983.47,1922.25,1419.8,0.7386136038496554,synthetic_prototype,2024_25_project_crop_structure,SEA03,CALCULATED_FROM_PRODUCTION_AND_HARVESTED_AREA
DST11,Ganjam,CRP002,Horse Gram,2015-16,Annual,3239.91,3123.62,2561.22,0.8199524910200344,synthetic_prototype,2024_25_project_crop_structure,SEA03,CALCULATED_FROM_PRODUCTION_AND_HARVESTED_AREA
DST11,Ganjam,CRP002,Horse Gram,2016-17,Annual,3339.37,3214.42,2723.36,0.8472321600786457,synthetic_prototype,2024_25_project_crop_structure,SEA03,CALCULATED_FROM_PRODUCTION_AND_HARVESTED_AREA
DST11,Ganjam,CRP002,Horse Gram,2017-18,Annual,3132.99,3050.15,2382.09,0.780974706161992,synthetic_prototype,2024_25_project_crop_structure,SEA03,CALCULATED_FROM_PRODUCTION_AND_HARVESTED_AREA
DST11,Ganjam,CRP002,Horse Gram,2018-19,Annual,3480.67,3410.18,2586.35,0.7584203766370103,synthetic_prototype,2024_25_project_crop_structure,SEA03,CALCULATED_FROM_PRODUCTION_AND_HARVESTED_AREA
DST11,Ganjam,CRP002,Horse Gram,2019-20,Annual,3164.46,3088.88,2444.51,0.7913904068788687,synthetic_prototype,2024_25_project_crop_structure,SEA03,CALCULATED_FROM_PRODUCTION_AND_HARVESTED_AREA
DST11,Ganjam,CRP002,Horse Gram,2020-21,Annual,3421.59,3294.83,2884.8,0.8755535186944395,synthetic_prototype,2024_25_project_crop_structure,SEA03,CALCULATED_FROM_PRODUCTION_AND_HARVESTED_AREA
DST11,Ganjam,CRP002,Horse Gram,2021-22,Annual,3427.02,3291.66,2900.33,0.8811146959284981,synthetic_prototype,2024_25_project_crop_structure,SEA03,CALCULATED_FROM_PRODUCTION_AND_HARVESTED_AREA
DST11,Ganjam,CRP002,Horse Gram,2022-23,Annual,3350.45,3241.92,2871.96,0.8858824400355345,synthetic_prototype,2024_25_project_crop_structure,SEA03,CALCULATED_FROM_PRODUCTION_AND_HARVESTED_AREA
DST11,Ganjam,CRP002,Horse Gram,2023-24,Annual,3538.69,3467.07,3019.74,0.8709775112703233,synthetic_prototype,2024_25_project_crop_structure,SEA03,CALCULATED_FROM_PRODUCTION_AND_HARVESTED_AREA
DST11,Ganjam,CRP002,Horse Gram,2024-25,Annual,3101.21,3015.51,2584.92,0.8572082334331506,synthetic_prototype,2024_25_project_crop_structure,SEA03,CALCULATED_FROM_PRODUCTION_AND_HARVESTED_AREA
DST11,Ganjam,CRP006,Potato,2015-16,Annual,1221.12,1193.14,24620.3,20.634879393868278,synthetic_prototype,2024_25_project_crop_structure,SEA03,CALCULATED_FROM_PRODUCTION_AND_HARVESTED_AREA
DST11,Ganjam,CRP006,Potato,2016-17,Annual,1184.07,1156.73,22162.64,19.15973476956593,synthetic_prototype,2024_25_project_crop_structure,SEA03,CALCULATED_FROM_PRODUCTION_AND_HARVESTED_AREA
DST11,Ganjam,CRP006,Potato,2017-18,Annual,1226.49,1172.09,22940.88,19.57262667542595,synthetic_prototype,2024_25_project_crop_structure,SEA03,CALCULATED_FROM_PRODUCTION_AND_HARVESTED_AREA
DST11,Ganjam,CRP006,Potato,2018-19,Annual,1143.42,1106.3,23346.91,21.103597577510623,synthetic_prototype,2024_25_project_crop_structure,SEA03,CALCULATED_FROM_PRODUCTION_AND_HARVESTED_AREA
DST11,Ganjam,CRP006,Potato,2019-20,Annual,1216.56,1188.01,25029.96,21.068812552082893,synthetic_prototype,2024_25_project_crop_structure,SEA03,CALCULATED_FROM_PRODUCTION_AND_HARVESTED_AREA
DST11,Ganjam,CRP006,Potato,2020-21,Annual,1267.42,1230.29,28349.83,23.04320932463078,synthetic_prototype,2024_25_project_crop_structure,SEA03,CALCULATED_FROM_PRODUCTION_AND_HARVESTED_AREA
DST11,Ganjam,CRP006,Potato,2021-22,Annual,1242.81,1212.31,27917.3,23.028185860052297,synthetic_prototype,2024_25_project_crop_structure,SEA03,CALCULATED_FROM_PRODUCTION_AND_HARVESTED_AREA
DST11,Ganjam,CRP006,Potato,2022-23,Annual,1279.32,1235.55,25964.95,21.014892153292056,synthetic_prototype,2024_25_project_crop_structure,SEA03,CALCULATED_FROM_PRODUCTION_AND_HARVESTED_AREA
DST11,Ganjam,CRP006,Potato,2023-24,Annual,1180.02,1136.39,23071.0,20.30200899339135,synthetic_prototype,2024_25_project_crop_structure,SEA03,CALCULATED_FROM_PRODUCTION_AND_HARVESTED_AREA
DST11,Ganjam,CRP006,Potato,2024-25,Annual,1137.46,1106.95,23721.22,21.429350919192377,synthetic_prototype,2024_25_project_crop_structure,SEA03,CALCULATED_FROM_PRODUCTION_AND_HARVESTED_AREA
DST11,Ganjam,CRP008,Rapeseed &Mustard,2015-16,Annual,5451.0,5224.17,5223.54,0.9998794066808698,synthetic_prototype,2024_25_project_crop_structure,SEA03,CALCULATED_FROM_PRODUCTION_AND_HARVESTED_AREA
DST11,Ganjam,CRP008,Rapeseed &Mustard,2016-17,Annual,5458.01,5337.0,5599.72,1.049226157017051,synthetic_prototype,2024_25_project_crop_structure,SEA03,CALCULATED_FROM_PRODUCTION_AND_HARVESTED_AREA
DST11,Ganjam,CRP008,Rapeseed &Mustard,2017-18,Annual,5713.34,5473.4,5927.1,1.0828918039975155,synthetic_prototype,2024_25_project_crop_structure,SEA03,CALCULATED_FROM_PRODUCTION_AND_HARVESTED_AREA
DST11,Ganjam,CRP008,Rapeseed &Mustard,2018-19,Annual,5221.49,5047.14,5725.53,1.1344107752113077,synthetic_prototype,2024_25_project_crop_structure,SEA03,CALCULATED_FROM_PRODUCTION_AND_HARVESTED_AREA
DST11,Ganjam,CRP008,Rapeseed &Mustard,2019-20,Annual,5439.89,5321.01,6423.17,1.2071336080932002,synthetic_prototype,2024_25_project_crop_structure,SEA03,CALCULATED_FROM_PRODUCTION_AND_HARVESTED_AREA
DST11,Ganjam,CRP008,Rapeseed &Mustard,2020-21,Annual,5681.42,5561.43,6498.73,1.168535790255384,synthetic_prototype,2024_25_project_crop_structure,SEA03,CALCULATED_FROM_PRODUCTION_AND_HARVESTED_AREA
DST11,Ganjam,CRP008,Rapeseed &Mustard,2021-22,Annual,5688.71,5510.34,6740.36,1.22322034574999,synthetic_prototype,2024_25_project_crop_structure,SEA03,CALCULATED_FROM_PRODUCTION_AND_HARVESTED_AREA
DST11,Ganjam,CRP008,Rapeseed &Mustard,2022-23,Annual,5597.53,5377.02,6203.08,1.1536278459072125,synthetic_prototype,2024_25_project_crop_structure,SEA03,CALCULATED_FROM_PRODUCTION_AND_HARVESTED_AREA
DST11,Ganjam,CRP008,Rapeseed &Mustard,2023-24,Annual,5319.6,5142.25,5440.67,1.058032962224707,synthetic_prototype,2024_25_project_crop_structure,SEA03,CALCULATED_FROM_PRODUCTION_AND_HARVESTED_AREA
DST11,Ganjam,CRP008,Rapeseed &Mustard,2024-25,Annual,5224.91,4993.04,5169.18,1.0352771057311778,synthetic_prototype,2024_25_project_crop_structure,SEA03,CALCULATED_FROM_PRODUCTION_AND_HARVESTED_AREA
DST11,Ganjam,CRP011,Sugarcane,2015-16,Annual,10539.68,10286.14,654636.95,63.642624930245944,synthetic_prototype,2024_25_project_crop_structure,SEA03,CALCULATED_FROM_PRODUCTION_AND_HARVESTED_AREA
DST11,Ganjam,CRP011,Sugarcane,2016-17,Annual,9945.94,9679.56,613017.83,63.33116691254561,synthetic_prototype,2024_25_project_crop_structure,SEA03,CALCULATED_FROM_PRODUCTION_AND_HARVESTED_AREA
DST11,Ganjam,CRP011,Sugarcane,2017-18,Annual,10590.87,10165.75,748178.85,73.59799818016378,synthetic_prototype,2024_25_project_crop_structure,SEA03,CALCULATED_FROM_PRODUCTION_AND_HARVESTED_AREA
DST11,Ganjam,CRP011,Sugarcane,2018-19,Annual,10603.53,10278.25,770119.18,74.92707221560092,synthetic_prototype,2024_25_project_crop_structure,SEA03,CALCULATED_FROM_PRODUCTION_AND_HARVESTED_AREA
DST11,Ganjam,CRP011,Sugarcane,2019-20,Annual,11269.15,10953.8,804691.88,73.46234913911155,synthetic_prototype,2024_25_project_crop_structure,SEA03,CALCULATED_FROM_PRODUCTION_AND_HARVESTED_AREA
DST11,Ganjam,CRP011,Sugarcane,2020-21,Annual,11032.62,10795.06,783703.72,72.59836628976588,synthetic_prototype,2024_25_project_crop_structure,SEA03,CALCULATED_FROM_PRODUCTION_AND_HARVESTED_AREA
DST11,Ganjam,CRP011,Sugarcane,2021-22,Annual,10506.0,10118.13,675921.05,66.80296161444853,synthetic_prototype,2024_25_project_crop_structure,SEA03,CALCULATED_FROM_PRODUCTION_AND_HARVESTED_AREA
DST11,Ganjam,CRP011,Sugarcane,2022-23,Annual,11033.12,10808.01,732719.54,67.79412121195298,synthetic_prototype,2024_25_project_crop_structure,SEA03,CALCULATED_FROM_PRODUCTION_AND_HARVESTED_AREA
DST11,Ganjam,CRP011,Sugarcane,2023-24,Annual,10176.87,9774.55,633113.42,64.77161813075794,synthetic_prototype,2024_25_project_crop_structure,SEA03,CALCULATED_FROM_PRODUCTION_AND_HARVESTED_AREA
DST11,Ganjam,CRP011,Sugarcane,2024-25,Annual,10186.03,9944.05,652069.38,65.57382354272153,synthetic_prototype,2024_25_project_crop_structure,SEA03,CALCULATED_FROM_PRODUCTION_AND_HARVESTED_AREA
DST11,Ganjam,CRP003,Jute,2015-16,Annual,723.38,694.95,1539.44,2.21518094826966,synthetic_prototype,2024_25_project_crop_structure,SEA03,CALCULATED_FROM_PRODUCTION_AND_HARVESTED_AREA
DST11,Ganjam,CRP003,Jute,2016-17,Annual,696.41,672.46,1466.17,2.180308122416203,synthetic_prototype,2024_25_project_crop_structure,SEA03,CALCULATED_FROM_PRODUCTION_AND_HARVESTED_AREA
DST11,Ganjam,CRP003,Jute,2017-18,Annual,613.79,591.76,1288.17,2.176845342706503,synthetic_prototype,2024_25_project_crop_structure,SEA03,CALCULATED_FROM_PRODUCTION_AND_HARVESTED_AREA
DST11,Ganjam,CRP003,Jute,2018-19,Annual,716.87,695.86,1485.53,2.1348116000344897,synthetic_prototype,2024_25_project_crop_structure,SEA03,CALCULATED_FROM_PRODUCTION_AND_HARVESTED_AREA
DST11,Ganjam,CRP003,Jute,2019-20,Annual,761.25,739.35,1657.16,2.2413741800229934,synthetic_prototype,2024_25_project_crop_structure,SEA03,CALCULATED_FROM_PRODUCTION_AND_HARVESTED_AREA
DST11,Ganjam,CRP003,Jute,2020-21,Annual,710.55,681.26,1473.9,2.163491178111147,synthetic_prototype,2024_25_project_crop_structure,SEA03,CALCULATED_FROM_PRODUCTION_AND_HARVESTED_AREA
DST11,Ganjam,CRP003,Jute,2021-22,Annual,751.09,719.6,1694.41,2.354655364091162,synthetic_prototype,2024_25_project_crop_structure,SEA03,CALCULATED_FROM_PRODUCTION_AND_HARVESTED_AREA
DST11,Ganjam,CRP003,Jute,2022-23,Annual,772.51,750.88,1796.21,2.392139889196676,synthetic_prototype,2024_25_project_crop_structure,SEA03,CALCULATED_FROM_PRODUCTION_AND_HARVESTED_AREA
DST11,Ganjam,CRP003,Jute,2023-24,Annual,672.05,649.95,1528.36,2.3515039618432185,synthetic_prototype,2024_25_project_crop_structure,SEA03,CALCULATED_FROM_PRODUCTION_AND_HARVESTED_AREA
DST11,Ganjam,CRP003,Jute,2024-25,Annual,648.67,625.17,1435.23,2.2957435577522918,synthetic_prototype,2024_25_project_crop_structure,SEA03,CALCULATED_FROM_PRODUCTION_AND_HARVESTED_AREA
DST11,Ganjam,CRP013,Wheat,2015-16,Annual,369.42,359.64,1127.36,3.1346902458013566,synthetic_prototype,2024_25_project_crop_structure,SEA03,CALCULATED_FROM_PRODUCTION_AND_HARVESTED_AREA
DST11,Ganjam,CRP013,Wheat,2016-17,Annual,349.57,336.5,1133.48,3.368439821693908,synthetic_prototype,2024_25_project_crop_structure,SEA03,CALCULATED_FROM_PRODUCTION_AND_HARVESTED_AREA
DST11,Ganjam,CRP013,Wheat,2017-18,Annual,348.03,340.11,1149.41,3.3795242715592013,synthetic_prototype,2024_25_project_crop_structure,SEA03,CALCULATED_FROM_PRODUCTION_AND_HARVESTED_AREA
DST11,Ganjam,CRP013,Wheat,2018-19,Annual,343.26,335.35,1123.55,3.3503801997912626,synthetic_prototype,2024_25_project_crop_structure,SEA03,CALCULATED_FROM_PRODUCTION_AND_HARVESTED_AREA
DST11,Ganjam,CRP013,Wheat,2019-20,Annual,351.44,341.48,1112.72,3.258521728944594,synthetic_prototype,2024_25_project_crop_structure,SEA03,CALCULATED_FROM_PRODUCTION_AND_HARVESTED_AREA
DST11,Ganjam,CRP013,Wheat,2020-21,Annual,377.13,364.79,1119.65,3.0693001452890707,synthetic_prototype,2024_25_project_crop_structure,SEA03,CALCULATED_FROM_PRODUCTION_AND_HARVESTED_AREA
DST11,Ganjam,CRP013,Wheat,2021-22,Annual,373.71,359.27,1091.98,3.039441088874663,synthetic_prototype,2024_25_project_crop_structure,SEA03,CALCULATED_FROM_PRODUCTION_AND_HARVESTED_AREA
DST11,Ganjam,CRP013,Wheat,2022-23,Annual,363.53,348.53,1102.36,3.162884113275758,synthetic_prototype,2024_25_project_crop_structure,SEA03,CALCULATED_FROM_PRODUCTION_AND_HARVESTED_AREA
DST11,Ganjam,CRP013,Wheat,2023-24,Annual,367.02,357.0,1150.79,3.223501400560224,synthetic_prototype,2024_25_project_crop_structure,SEA03,CALCULATED_FROM_PRODUCTION_AND_HARVESTED_AREA
DST11,Ganjam,CRP013,Wheat,2024-25,Annual,348.85,339.39,1126.2,3.318306373198975,synthetic_prototype,2024_25_project_crop_structure,SEA03,CALCULATED_FROM_PRODUCTION_AND_HARVESTED_AREA
DST12,Jagatsinghpur,CRP001,Groundnut,2015-16,Annual,3602.54,3517.22,5933.9,1.6870994706046252,synthetic_prototype,2024_25_project_crop_structure,SEA03,CALCULATED_FROM_PRODUCTION_AND_HARVESTED_AREA
DST12,Jagatsinghpur,CRP001,Groundnut,2016-17,Annual,3189.72,3095.13,4723.37,1.5260651410441564,synthetic_prototype,2024_25_project_crop_structure,SEA03,CALCULATED_FROM_PRODUCTION_AND_HARVESTED_AREA
DST12,Jagatsinghpur,CRP001,Groundnut,2017-18,Annual,3339.7,3208.55,5155.24,1.6067195462124635,synthetic_prototype,2024_25_project_crop_structure,SEA03,CALCULATED_FROM_PRODUCTION_AND_HARVESTED_AREA
DST12,Jagatsinghpur,CRP001,Groundnut,2018-19,Annual,3489.5,3411.84,5243.44,1.5368364284374412,synthetic_prototype,2024_25_project_crop_structure,SEA03,CALCULATED_FROM_PRODUCTION_AND_HARVESTED_AREA
DST12,Jagatsinghpur,CRP001,Groundnut,2019-20,Annual,3270.87,3157.29,4916.67,1.5572437121708809,synthetic_prototype,2024_25_project_crop_structure,SEA03,CALCULATED_FROM_PRODUCTION_AND_HARVESTED_AREA
DST12,Jagatsinghpur,CRP001,Groundnut,2020-21,Annual,3602.93,3467.25,5487.35,1.5826231163025453,synthetic_prototype,2024_25_project_crop_structure,SEA03,CALCULATED_FROM_PRODUCTION_AND_HARVESTED_AREA
DST12,Jagatsinghpur,CRP001,Groundnut,2021-22,Annual,3504.88,3408.17,5706.82,1.674452858865608,synthetic_prototype,2024_25_project_crop_structure,SEA03,CALCULATED_FROM_PRODUCTION_AND_HARVESTED_AREA
DST12,Jagatsinghpur,CRP001,Groundnut,2022-23,Annual,3498.16,3413.89,6000.11,1.757558093553102,synthetic_prototype,2024_25_project_crop_structure,SEA03,CALCULATED_FROM_PRODUCTION_AND_HARVESTED_AREA
DST12,Jagatsinghpur,CRP001,Groundnut,2023-24,Annual,3438.01,3364.73,5962.44,1.7720411444603281,synthetic_prototype,2024_25_project_crop_structure,SEA03,CALCULATED_FROM_PRODUCTION_AND_HARVESTED_AREA
DST12,Jagatsinghpur,CRP001,Groundnut,2024-25,Annual,3242.65,3169.63,5225.76,1.648697166546253,synthetic_prototype,2024_25_project_crop_structure,SEA03,CALCULATED_FROM_PRODUCTION_AND_HARVESTED_AREA
DST12,Jagatsinghpur,CRP004,Maize,2015-16,Annual,4179.25,4040.74,8900.97,2.2028069116053,synthetic_prototype,2024_25_project_crop_structure,SEA03,CALCULATED_FROM_PRODUCTION_AND_HARVESTED_AREA
DST12,Jagatsinghpur,CRP004,Maize,2016-17,Annual,3920.47,3752.16,7533.84,2.007867468338237,synthetic_prototype,2024_25_project_crop_structure,SEA03,CALCULATED_FROM_PRODUCTION_AND_HARVESTED_AREA
DST12,Jagatsinghpur,CRP004,Maize,2017-18,Annual,4048.45,3874.55,7835.36,2.022263230568711,synthetic_prototype,2024_25_project_crop_structure,SEA03,CALCULATED_FROM_PRODUCTION_AND_HARVESTED_AREA
DST12,Jagatsinghpur,CRP004,Maize,2018-19,Annual,4183.13,4096.32,8570.57,2.0922608585266778,synthetic_prototype,2024_25_project_crop_structure,SEA03,CALCULATED_FROM_PRODUCTION_AND_HARVESTED_AREA
DST12,Jagatsinghpur,CRP004,Maize,2019-20,Annual,4175.32,3988.46,9003.33,2.2573449401523393,synthetic_prototype,2024_25_project_crop_structure,SEA03,CALCULATED_FROM_PRODUCTION_AND_HARVESTED_AREA
DST12,Jagatsinghpur,CRP004,Maize,2020-21,Annual,4330.53,4165.67,9491.6,2.278529024142575,synthetic_prototype,2024_25_project_crop_structure,SEA03,CALCULATED_FROM_PRODUCTION_AND_HARVESTED_AREA
DST12,Jagatsinghpur,CRP004,Maize,2021-22,Annual,4190.86,4048.68,9399.64,2.321655453135343,synthetic_prototype,2024_25_project_crop_structure,SEA03,CALCULATED_FROM_PRODUCTION_AND_HARVESTED_AREA
DST12,Jagatsinghpur,CRP004,Maize,2022-23,Annual,4240.58,4070.18,9232.31,2.2682805183063155,synthetic_prototype,2024_25_project_crop_structure,SEA03,CALCULATED_FROM_PRODUCTION_AND_HARVESTED_AREA
DST12,Jagatsinghpur,CRP004,Maize,2023-24,Annual,4074.45,3923.29,8820.89,2.248340041138942,synthetic_prototype,2024_25_project_crop_structure,SEA03,CALCULATED_FROM_PRODUCTION_AND_HARVESTED_AREA
DST12,Jagatsinghpur,CRP004,Maize,2024-25,Annual,3752.08,3661.41,7261.87,1.9833534075670303,synthetic_prototype,2024_25_project_crop_structure,SEA03,CALCULATED_FROM_PRODUCTION_AND_HARVESTED_AREA
DST12,Jagatsinghpur,CRP005,Moong(Green Gram),2015-16,Annual,2730.04,2621.23,2359.75,0.900245304685205,synthetic_prototype,2024_25_project_crop_structure,SEA03,CALCULATED_FROM_PRODUCTION_AND_HARVESTED_AREA
DST12,Jagatsinghpur,CRP005,Moong(Green Gram),2016-17,Annual,2551.22,2448.05,1974.48,0.8065521537550294,synthetic_prototype,2024_25_project_crop_structure,SEA03,CALCULATED_FROM_PRODUCTION_AND_HARVESTED_AREA
DST12,Jagatsinghpur,CRP005,Moong(Green Gram),2017-18,Annual,2397.66,2310.58,1919.84,0.8308909451306599,synthetic_prototype,2024_25_project_crop_structure,SEA03,CALCULATED_FROM_PRODUCTION_AND_HARVESTED_AREA
DST12,Jagatsinghpur,CRP005,Moong(Green Gram),2018-19,Annual,2604.46,2521.66,2010.86,0.7974350229610654,synthetic_prototype,2024_25_project_crop_structure,SEA03,CALCULATED_FROM_PRODUCTION_AND_HARVESTED_AREA
DST12,Jagatsinghpur,CRP005,Moong(Green Gram),2019-20,Annual,2652.88,2571.54,2099.8,0.8165535049036765,synthetic_prototype,2024_25_project_crop_structure,SEA03,CALCULATED_FROM_PRODUCTION_AND_HARVESTED_AREA
DST12,Jagatsinghpur,CRP005,Moong(Green Gram),2020-21,Annual,2728.47,2619.96,2263.63,0.8639941067802562,synthetic_prototype,2024_25_project_crop_structure,SEA03,CALCULATED_FROM_PRODUCTION_AND_HARVESTED_AREA
DST12,Jagatsinghpur,CRP005,Moong(Green Gram),2021-22,Annual,2848.92,2732.9,2326.15,0.8511654286655201,synthetic_prototype,2024_25_project_crop_structure,SEA03,CALCULATED_FROM_PRODUCTION_AND_HARVESTED_AREA
DST12,Jagatsinghpur,CRP005,Moong(Green Gram),2022-23,Annual,2806.56,2704.27,2413.43,0.8924515673361018,synthetic_prototype,2024_25_project_crop_structure,SEA03,CALCULATED_FROM_PRODUCTION_AND_HARVESTED_AREA
DST12,Jagatsinghpur,CRP005,Moong(Green Gram),2023-24,Annual,2582.53,2520.97,2310.39,0.9164686608726006,synthetic_prototype,2024_25_project_crop_structure,SEA03,CALCULATED_FROM_PRODUCTION_AND_HARVESTED_AREA
DST12,Jagatsinghpur,CRP005,Moong(Green Gram),2024-25,Annual,2564.6,2450.5,2113.53,0.8624892879004286,synthetic_prototype,2024_25_project_crop_structure,SEA03,CALCULATED_FROM_PRODUCTION_AND_HARVESTED_AREA
DST12,Jagatsinghpur,CRP007,Ragi,2015-16,Annual,583.95,562.52,733.09,1.3032247742302496,synthetic_prototype,2024_25_project_crop_structure,SEA03,CALCULATED_FROM_PRODUCTION_AND_HARVESTED_AREA
DST12,Jagatsinghpur,CRP007,Ragi,2016-17,Annual,587.45,569.79,743.23,1.3043928464873025,synthetic_prototype,2024_25_project_crop_structure,SEA03,CALCULATED_FROM_PRODUCTION_AND_HARVESTED_AREA
DST12,Jagatsinghpur,CRP007,Ragi,2017-18,Annual,593.87,572.31,673.65,1.1770718666456992,synthetic_prototype,2024_25_project_crop_structure,SEA03,CALCULATED_FROM_PRODUCTION_AND_HARVESTED_AREA
DST12,Jagatsinghpur,CRP007,Ragi,2018-19,Annual,578.97,559.55,779.37,1.3928513984451794,synthetic_prototype,2024_25_project_crop_structure,SEA03,CALCULATED_FROM_PRODUCTION_AND_HARVESTED_AREA
DST12,Jagatsinghpur,CRP007,Ragi,2019-20,Annual,619.54,592.65,789.78,1.3326246519868388,synthetic_prototype,2024_25_project_crop_structure,SEA03,CALCULATED_FROM_PRODUCTION_AND_HARVESTED_AREA
DST12,Jagatsinghpur,CRP007,Ragi,2020-21,Annual,638.13,612.65,856.14,1.3974373622786256,synthetic_prototype,2024_25_project_crop_structure,SEA03,CALCULATED_FROM_PRODUCTION_AND_HARVESTED_AREA
DST12,Jagatsinghpur,CRP007,Ragi,2021-22,Annual,609.59,586.78,812.92,1.3853914584682505,synthetic_prototype,2024_25_project_crop_structure,SEA03,CALCULATED_FROM_PRODUCTION_AND_HARVESTED_AREA
DST12,Jagatsinghpur,CRP007,Ragi,2022-23,Annual,651.21,629.42,817.88,1.299418512281148,synthetic_prototype,2024_25_project_crop_structure,SEA03,CALCULATED_FROM_PRODUCTION_AND_HARVESTED_AREA
DST12,Jagatsinghpur,CRP007,Ragi,2023-24,Annual,580.18,560.54,685.65,1.2231954900631534,synthetic_prototype,2024_25_project_crop_structure,SEA03,CALCULATED_FROM_PRODUCTION_AND_HARVESTED_AREA
DST12,Jagatsinghpur,CRP007,Ragi,2024-25,Annual,596.61,573.78,678.94,1.1832758200006972,synthetic_prototype,2024_25_project_crop_structure,SEA03,CALCULATED_FROM_PRODUCTION_AND_HARVESTED_AREA
DST12,Jagatsinghpur,CRP009,Rice,2015-16,Annual,62409.11,60864.98,209996.33,3.4501996057503015,synthetic_prototype,2024_25_project_crop_structure,SEA03,CALCULATED_FROM_PRODUCTION_AND_HARVESTED_AREA
DST12,Jagatsinghpur,CRP009,Rice,2016-17,Annual,65569.67,63578.92,210034.44,3.3035232432384825,synthetic_prototype,2024_25_project_crop_structure,SEA03,CALCULATED_FROM_PRODUCTION_AND_HARVESTED_AREA
DST12,Jagatsinghpur,CRP009,Rice,2017-18,Annual,65252.86,63928.68,216853.13,3.3921102390976947,synthetic_prototype,2024_25_project_crop_structure,SEA03,CALCULATED_FROM_PRODUCTION_AND_HARVESTED_AREA
DST12,Jagatsinghpur,CRP009,Rice,2018-19,Annual,61864.54,59572.69,218089.03,3.6608894109028816,synthetic_prototype,2024_25_project_crop_structure,SEA03,CALCULATED_FROM_PRODUCTION_AND_HARVESTED_AREA
DST12,Jagatsinghpur,CRP009,Rice,2019-20,Annual,65101.97,62232.37,226127.94,3.6336064334364897,synthetic_prototype,2024_25_project_crop_structure,SEA03,CALCULATED_FROM_PRODUCTION_AND_HARVESTED_AREA
DST12,Jagatsinghpur,CRP009,Rice,2020-21,Annual,66090.44,64289.51,227563.23,3.539663469203607,synthetic_prototype,2024_25_project_crop_structure,SEA03,CALCULATED_FROM_PRODUCTION_AND_HARVESTED_AREA
DST12,Jagatsinghpur,CRP009,Rice,2021-22,Annual,68850.83,66741.62,242446.89,3.6326191962376706,synthetic_prototype,2024_25_project_crop_structure,SEA03,CALCULATED_FROM_PRODUCTION_AND_HARVESTED_AREA
DST12,Jagatsinghpur,CRP009,Rice,2022-23,Annual,63933.26,61414.06,196548.85,3.2003884778176204,synthetic_prototype,2024_25_project_crop_structure,SEA03,CALCULATED_FROM_PRODUCTION_AND_HARVESTED_AREA
DST12,Jagatsinghpur,CRP009,Rice,2023-24,Annual,63864.01,62341.91,205534.03,3.296883749631668,synthetic_prototype,2024_25_project_crop_structure,SEA03,CALCULATED_FROM_PRODUCTION_AND_HARVESTED_AREA
DST12,Jagatsinghpur,CRP009,Rice,2024-25,Annual,64874.03,62246.09,214791.85,3.4506882279674116,synthetic_prototype,2024_25_project_crop_structure,SEA03,CALCULATED_FROM_PRODUCTION_AND_HARVESTED_AREA
DST12,Jagatsinghpur,CRP010,Sesamum,2015-16,Annual,2108.7,2027.64,1504.07,0.7417835513207472,synthetic_prototype,2024_25_project_crop_structure,SEA03,CALCULATED_FROM_PRODUCTION_AND_HARVESTED_AREA
DST12,Jagatsinghpur,CRP010,Sesamum,2016-17,Annual,2169.58,2109.07,1461.05,0.6927460918793591,synthetic_prototype,2024_25_project_crop_structure,SEA03,CALCULATED_FROM_PRODUCTION_AND_HARVESTED_AREA
DST12,Jagatsinghpur,CRP010,Sesamum,2017-18,Annual,2062.3,2016.88,1504.25,0.7458301931696482,synthetic_prototype,2024_25_project_crop_structure,SEA03,CALCULATED_FROM_PRODUCTION_AND_HARVESTED_AREA
DST12,Jagatsinghpur,CRP010,Sesamum,2018-19,Annual,2037.77,1985.83,1572.77,0.7919962937411561,synthetic_prototype,2024_25_project_crop_structure,SEA03,CALCULATED_FROM_PRODUCTION_AND_HARVESTED_AREA
DST12,Jagatsinghpur,CRP010,Sesamum,2019-20,Annual,2187.04,2093.59,1576.81,0.7531608385596033,synthetic_prototype,2024_25_project_crop_structure,SEA03,CALCULATED_FROM_PRODUCTION_AND_HARVESTED_AREA
DST12,Jagatsinghpur,CRP010,Sesamum,2020-21,Annual,2327.25,2258.6,1749.06,0.7744000708403436,synthetic_prototype,2024_25_project_crop_structure,SEA03,CALCULATED_FROM_PRODUCTION_AND_HARVESTED_AREA
DST12,Jagatsinghpur,CRP010,Sesamum,2021-22,Annual,2219.84,2155.65,1574.77,0.7305313942430357,synthetic_prototype,2024_25_project_crop_structure,SEA03,CALCULATED_FROM_PRODUCTION_AND_HARVESTED_AREA
DST12,Jagatsinghpur,CRP010,Sesamum,2022-23,Annual,2134.04,2050.41,1422.11,0.6935734804258661,synthetic_prototype,2024_25_project_crop_structure,SEA03,CALCULATED_FROM_PRODUCTION_AND_HARVESTED_AREA
DST12,Jagatsinghpur,CRP010,Sesamum,2023-24,Annual,2183.45,2117.16,1516.66,0.7163653195790588,synthetic_prototype,2024_25_project_crop_structure,SEA03,CALCULATED_FROM_PRODUCTION_AND_HARVESTED_AREA
DST12,Jagatsinghpur,CRP010,Sesamum,2024-25,Annual,2019.54,1976.88,1421.97,0.7193001092630812,synthetic_prototype,2024_25_project_crop_structure,SEA03,CALCULATED_FROM_PRODUCTION_AND_HARVESTED_AREA
DST12,Jagatsinghpur,CRP012,Urad,2015-16,Annual,710.38,680.23,589.21,0.8661923173044411,synthetic_prototype,2024_25_project_crop_structure,SEA03,CALCULATED_FROM_PRODUCTION_AND_HARVESTED_AREA
DST12,Jagatsinghpur,CRP012,Urad,2016-17,Annual,693.84,671.31,577.15,0.8597369322667621,synthetic_prototype,2024_25_project_crop_structure,SEA03,CALCULATED_FROM_PRODUCTION_AND_HARVESTED_AREA
DST12,Jagatsinghpur,CRP012,Urad,2017-18,Annual,660.27,642.12,569.37,0.88670341992151,synthetic_prototype,2024_25_project_crop_structure,SEA03,CALCULATED_FROM_PRODUCTION_AND_HARVESTED_AREA
DST12,Jagatsinghpur,CRP012,Urad,2018-19,Annual,659.39,638.05,622.26,0.9752527231408198,synthetic_prototype,2024_25_project_crop_structure,SEA03,CALCULATED_FROM_PRODUCTION_AND_HARVESTED_AREA
DST12,Jagatsinghpur,CRP012,Urad,2019-20,Annual,738.4,716.69,611.88,0.853758249731404,synthetic_prototype,2024_25_project_crop_structure,SEA03,CALCULATED_FROM_PRODUCTION_AND_HARVESTED_AREA
DST12,Jagatsinghpur,CRP012,Urad,2020-21,Annual,755.9,734.34,678.55,0.9240270174578532,synthetic_prototype,2024_25_project_crop_structure,SEA03,CALCULATED_FROM_PRODUCTION_AND_HARVESTED_AREA
DST12,Jagatsinghpur,CRP012,Urad,2021-22,Annual,728.49,702.47,603.61,0.8592680114453286,synthetic_prototype,2024_25_project_crop_structure,SEA03,CALCULATED_FROM_PRODUCTION_AND_HARVESTED_AREA
DST12,Jagatsinghpur,CRP012,Urad,2022-23,Annual,705.19,688.16,547.28,0.7952801674029295,synthetic_prototype,2024_25_project_crop_structure,SEA03,CALCULATED_FROM_PRODUCTION_AND_HARVESTED_AREA
DST12,Jagatsinghpur,CRP012,Urad,2023-24,Annual,677.95,657.9,539.71,0.8203526371789026,synthetic_prototype,2024_25_project_crop_structure,SEA03,CALCULATED_FROM_PRODUCTION_AND_HARVESTED_AREA
DST12,Jagatsinghpur,CRP012,Urad,2024-25,Annual,674.91,648.46,542.33,0.8363353175215126,synthetic_prototype,2024_25_project_crop_structure,SEA03,CALCULATED_FROM_PRODUCTION_AND_HARVESTED_AREA
DST12,Jagatsinghpur,CRP002,Horse Gram,2015-16,Annual,697.55,675.34,692.98,1.026120176503687,synthetic_prototype,2024_25_project_crop_structure,SEA03,CALCULATED_FROM_PRODUCTION_AND_HARVESTED_AREA
DST12,Jagatsinghpur,CRP002,Horse Gram,2016-17,Annual,652.03,627.47,598.23,0.9534001625575724,synthetic_prototype,2024_25_project_crop_structure,SEA03,CALCULATED_FROM_PRODUCTION_AND_HARVESTED_AREA
DST12,Jagatsinghpur,CRP002,Horse Gram,2017-18,Annual,661.28,646.43,560.71,0.8673947681883577,synthetic_prototype,2024_25_project_crop_structure,SEA03,CALCULATED_FROM_PRODUCTION_AND_HARVESTED_AREA
DST12,Jagatsinghpur,CRP002,Horse Gram,2018-19,Annual,656.64,634.34,600.4,0.9464955701989468,synthetic_prototype,2024_25_project_crop_structure,SEA03,CALCULATED_FROM_PRODUCTION_AND_HARVESTED_AREA
DST12,Jagatsinghpur,CRP002,Horse Gram,2019-20,Annual,620.62,607.83,581.44,0.9565832551864831,synthetic_prototype,2024_25_project_crop_structure,SEA03,CALCULATED_FROM_PRODUCTION_AND_HARVESTED_AREA
DST12,Jagatsinghpur,CRP002,Horse Gram,2020-21,Annual,652.99,634.56,630.46,0.9935388300554716,synthetic_prototype,2024_25_project_crop_structure,SEA03,CALCULATED_FROM_PRODUCTION_AND_HARVESTED_AREA
DST12,Jagatsinghpur,CRP002,Horse Gram,2021-22,Annual,693.9,677.46,669.38,0.9880730965665869,synthetic_prototype,2024_25_project_crop_structure,SEA03,CALCULATED_FROM_PRODUCTION_AND_HARVESTED_AREA
DST12,Jagatsinghpur,CRP002,Horse Gram,2022-23,Annual,700.68,670.71,713.68,1.0640664370592356,synthetic_prototype,2024_25_project_crop_structure,SEA03,CALCULATED_FROM_PRODUCTION_AND_HARVESTED_AREA
DST12,Jagatsinghpur,CRP002,Horse Gram,2023-24,Annual,636.32,609.37,628.18,1.030867945583143,synthetic_prototype,2024_25_project_crop_structure,SEA03,CALCULATED_FROM_PRODUCTION_AND_HARVESTED_AREA
DST12,Jagatsinghpur,CRP002,Horse Gram,2024-25,Annual,633.87,618.8,619.22,1.0006787330316744,synthetic_prototype,2024_25_project_crop_structure,SEA03,CALCULATED_FROM_PRODUCTION_AND_HARVESTED_AREA
DST12,Jagatsinghpur,CRP006,Potato,2015-16,Annual,800.48,774.93,14328.83,18.49048301136877,synthetic_prototype,2024_25_project_crop_structure,SEA03,CALCULATED_FROM_PRODUCTION_AND_HARVESTED_AREA
DST12,Jagatsinghpur,CRP006,Potato,2016-17,Annual,769.98,750.74,13156.88,17.52521512108053,synthetic_prototype,2024_25_project_crop_structure,SEA03,CALCULATED_FROM_PRODUCTION_AND_HARVESTED_AREA
DST12,Jagatsinghpur,CRP006,Potato,2017-18,Annual,804.06,771.01,13142.79,17.046199141385976,synthetic_prototype,2024_25_project_crop_structure,SEA03,CALCULATED_FROM_PRODUCTION_AND_HARVESTED_AREA
DST12,Jagatsinghpur,CRP006,Potato,2018-19,Annual,770.25,737.94,13162.98,17.83746646068786,synthetic_prototype,2024_25_project_crop_structure,SEA03,CALCULATED_FROM_PRODUCTION_AND_HARVESTED_AREA
DST12,Jagatsinghpur,CRP006,Potato,2019-20,Annual,842.34,806.9,15515.57,19.22861568967654,synthetic_prototype,2024_25_project_crop_structure,SEA03,CALCULATED_FROM_PRODUCTION_AND_HARVESTED_AREA
DST12,Jagatsinghpur,CRP006,Potato,2020-21,Annual,828.74,797.03,15878.56,19.922161022797134,synthetic_prototype,2024_25_project_crop_structure,SEA03,CALCULATED_FROM_PRODUCTION_AND_HARVESTED_AREA
DST12,Jagatsinghpur,CRP006,Potato,2021-22,Annual,811.57,791.67,14818.92,18.718556974496952,synthetic_prototype,2024_25_project_crop_structure,SEA03,CALCULATED_FROM_PRODUCTION_AND_HARVESTED_AREA
DST12,Jagatsinghpur,CRP006,Potato,2022-23,Annual,796.84,773.58,14442.36,18.66951058714031,synthetic_prototype,2024_25_project_crop_structure,SEA03,CALCULATED_FROM_PRODUCTION_AND_HARVESTED_AREA
DST12,Jagatsinghpur,CRP006,Potato,2023-24,Annual,808.4,784.53,14424.62,18.38632047212981,synthetic_prototype,2024_25_project_crop_structure,SEA03,CALCULATED_FROM_PRODUCTION_AND_HARVESTED_AREA
DST12,Jagatsinghpur,CRP006,Potato,2024-25,Annual,814.11,791.28,13058.72,16.503285815387727,synthetic_prototype,2024_25_project_crop_structure,SEA03,CALCULATED_FROM_PRODUCTION_AND_HARVESTED_AREA
DST12,Jagatsinghpur,CRP008,Rapeseed &Mustard,2015-16,Annual,5634.37,5510.93,3846.51,0.6979783811443804,synthetic_prototype,2024_25_project_crop_structure,SEA03,CALCULATED_FROM_PRODUCTION_AND_HARVESTED_AREA
DST12,Jagatsinghpur,CRP008,Rapeseed &Mustard,2016-17,Annual,5444.11,5273.14,4230.83,0.8023359895621963,synthetic_prototype,2024_25_project_crop_structure,SEA03,CALCULATED_FROM_PRODUCTION_AND_HARVESTED_AREA
DST12,Jagatsinghpur,CRP008,Rapeseed &Mustard,2017-18,Annual,5159.88,5009.53,3997.83,0.7980449263703382,synthetic_prototype,2024_25_project_crop_structure,SEA03,CALCULATED_FROM_PRODUCTION_AND_HARVESTED_AREA
DST12,Jagatsinghpur,CRP008,Rapeseed &Mustard,2018-19,Annual,5007.29,4818.8,3901.5,0.8096414044990454,synthetic_prototype,2024_25_project_crop_structure,SEA03,CALCULATED_FROM_PRODUCTION_AND_HARVESTED_AREA
DST12,Jagatsinghpur,CRP008,Rapeseed &Mustard,2019-20,Annual,5246.4,5073.66,4202.21,0.8282403629726864,synthetic_prototype,2024_25_project_crop_structure,SEA03,CALCULATED_FROM_PRODUCTION_AND_HARVESTED_AREA
DST12,Jagatsinghpur,CRP008,Rapeseed &Mustard,2020-21,Annual,5730.97,5600.29,4818.97,0.8604857962712645,synthetic_prototype,2024_25_project_crop_structure,SEA03,CALCULATED_FROM_PRODUCTION_AND_HARVESTED_AREA
DST12,Jagatsinghpur,CRP008,Rapeseed &Mustard,2021-22,Annual,5345.43,5157.07,4340.4,0.8416406990791282,synthetic_prototype,2024_25_project_crop_structure,SEA03,CALCULATED_FROM_PRODUCTION_AND_HARVESTED_AREA
DST12,Jagatsinghpur,CRP008,Rapeseed &Mustard,2022-23,Annual,5430.43,5259.47,4168.69,0.7926064793600875,synthetic_prototype,2024_25_project_crop_structure,SEA03,CALCULATED_FROM_PRODUCTION_AND_HARVESTED_AREA
DST12,Jagatsinghpur,CRP008,Rapeseed &Mustard,2023-24,Annual,5336.59,5208.75,4144.47,0.7956745860331174,synthetic_prototype,2024_25_project_crop_structure,SEA03,CALCULATED_FROM_PRODUCTION_AND_HARVESTED_AREA
DST12,Jagatsinghpur,CRP008,Rapeseed &Mustard,2024-25,Annual,4997.72,4820.82,3487.0,0.7233209288046433,synthetic_prototype,2024_25_project_crop_structure,SEA03,CALCULATED_FROM_PRODUCTION_AND_HARVESTED_AREA
DST12,Jagatsinghpur,CRP011,Sugarcane,2015-16,Annual,7906.06,7671.39,513113.45,66.88663332199249,synthetic_prototype,2024_25_project_crop_structure,SEA03,CALCULATED_FROM_PRODUCTION_AND_HARVESTED_AREA
DST12,Jagatsinghpur,CRP011,Sugarcane,2016-17,Annual,7555.93,7259.96,513774.19,70.76818467319379,synthetic_prototype,2024_25_project_crop_structure,SEA03,CALCULATED_FROM_PRODUCTION_AND_HARVESTED_AREA
DST12,Jagatsinghpur,CRP011,Sugarcane,2017-18,Annual,7665.16,7508.75,531913.72,70.83918361911104,synthetic_prototype,2024_25_project_crop_structure,SEA03,CALCULATED_FROM_PRODUCTION_AND_HARVESTED_AREA
DST12,Jagatsinghpur,CRP011,Sugarcane,2018-19,Annual,7401.06,7165.83,523791.29,73.09569024104674,synthetic_prototype,2024_25_project_crop_structure,SEA03,CALCULATED_FROM_PRODUCTION_AND_HARVESTED_AREA
DST12,Jagatsinghpur,CRP011,Sugarcane,2019-20,Annual,7965.51,7715.35,580496.44,75.23915830130842,synthetic_prototype,2024_25_project_crop_structure,SEA03,CALCULATED_FROM_PRODUCTION_AND_HARVESTED_AREA
DST12,Jagatsinghpur,CRP011,Sugarcane,2020-21,Annual,8085.21,7824.15,548787.12,70.14015835585974,synthetic_prototype,2024_25_project_crop_structure,SEA03,CALCULATED_FROM_PRODUCTION_AND_HARVESTED_AREA
DST12,Jagatsinghpur,CRP011,Sugarcane,2021-22,Annual,8194.6,7922.12,526570.43,66.46837336470541,synthetic_prototype,2024_25_project_crop_structure,SEA03,CALCULATED_FROM_PRODUCTION_AND_HARVESTED_AREA
DST12,Jagatsinghpur,CRP011,Sugarcane,2022-23,Annual,7780.06,7430.29,510137.3,68.65644544156419,synthetic_prototype,2024_25_project_crop_structure,SEA03,CALCULATED_FROM_PRODUCTION_AND_HARVESTED_AREA
DST12,Jagatsinghpur,CRP011,Sugarcane,2023-24,Annual,8125.45,7764.82,530637.04,68.33861441733357,synthetic_prototype,2024_25_project_crop_structure,SEA03,CALCULATED_FROM_PRODUCTION_AND_HARVESTED_AREA
DST12,Jagatsinghpur,CRP011,Sugarcane,2024-25,Annual,7642.05,7459.28,525315.66,70.42444579101469,synthetic_prototype,2024_25_project_crop_structure,SEA03,CALCULATED_FROM_PRODUCTION_AND_HARVESTED_AREA
DST12,Jagatsinghpur,CRP003,Jute,2015-16,Annual,3185.15,3087.2,9008.83,2.918123218450376,synthetic_prototype,2024_25_project_crop_structure,SEA03,CALCULATED_FROM_PRODUCTION_AND_HARVESTED_AREA
DST12,Jagatsinghpur,CRP003,Jute,2016-17,Annual,3091.6,2958.42,8213.78,2.776407677070869,synthetic_prototype,2024_25_project_crop_structure,SEA03,CALCULATED_FROM_PRODUCTION_AND_HARVESTED_AREA
DST12,Jagatsinghpur,CRP003,Jute,2017-18,Annual,3037.51,2928.11,7280.14,2.4862932061978547,synthetic_prototype,2024_25_project_crop_structure,SEA03,CALCULATED_FROM_PRODUCTION_AND_HARVESTED_AREA
DST12,Jagatsinghpur,CRP003,Jute,2018-19,Annual,2962.89,2881.37,7481.38,2.5964662643117684,synthetic_prototype,2024_25_project_crop_structure,SEA03,CALCULATED_FROM_PRODUCTION_AND_HARVESTED_AREA
DST12,Jagatsinghpur,CRP003,Jute,2019-20,Annual,3040.82,2949.79,8945.61,3.0326260513460284,synthetic_prototype,2024_25_project_crop_structure,SEA03,CALCULATED_FROM_PRODUCTION_AND_HARVESTED_AREA
DST12,Jagatsinghpur,CRP003,Jute,2020-21,Annual,3110.44,3008.78,8805.71,2.9266712754006603,synthetic_prototype,2024_25_project_crop_structure,SEA03,CALCULATED_FROM_PRODUCTION_AND_HARVESTED_AREA
DST12,Jagatsinghpur,CRP003,Jute,2021-22,Annual,3281.6,3180.0,9756.65,3.06812893081761,synthetic_prototype,2024_25_project_crop_structure,SEA03,CALCULATED_FROM_PRODUCTION_AND_HARVESTED_AREA
DST12,Jagatsinghpur,CRP003,Jute,2022-23,Annual,2988.6,2855.93,8328.16,2.916093881852847,synthetic_prototype,2024_25_project_crop_structure,SEA03,CALCULATED_FROM_PRODUCTION_AND_HARVESTED_AREA
DST12,Jagatsinghpur,CRP003,Jute,2023-24,Annual,2960.06,2882.29,8219.31,2.8516596178732883,synthetic_prototype,2024_25_project_crop_structure,SEA03,CALCULATED_FROM_PRODUCTION_AND_HARVESTED_AREA
DST12,Jagatsinghpur,CRP003,Jute,2024-25,Annual,2936.15,2874.01,7967.75,2.772345955650815,synthetic_prototype,2024_25_project_crop_structure,SEA03,CALCULATED_FROM_PRODUCTION_AND_HARVESTED_AREA
DST12,Jagatsinghpur,CRP013,Wheat,2015-16,Annual,3678.92,3571.29,9006.6,2.5219458514990385,synthetic_prototype,2024_25_project_crop_structure,SEA03,CALCULATED_FROM_PRODUCTION_AND_HARVESTED_AREA
DST12,Jagatsinghpur,CRP013,Wheat,2016-17,Annual,3548.12,3462.52,9833.11,2.83987096103416,synthetic_prototype,2024_25_project_crop_structure,SEA03,CALCULATED_FROM_PRODUCTION_AND_HARVESTED_AREA
DST12,Jagatsinghpur,CRP013,Wheat,2017-18,Annual,3328.8,3246.07,8980.04,2.7664344884737546,synthetic_prototype,2024_25_project_crop_structure,SEA03,CALCULATED_FROM_PRODUCTION_AND_HARVESTED_AREA
DST12,Jagatsinghpur,CRP013,Wheat,2018-19,Annual,3508.84,3379.61,9665.9,2.860063735164708,synthetic_prototype,2024_25_project_crop_structure,SEA03,CALCULATED_FROM_PRODUCTION_AND_HARVESTED_AREA
DST12,Jagatsinghpur,CRP013,Wheat,2019-20,Annual,3651.46,3554.17,9003.18,2.5331315046832312,synthetic_prototype,2024_25_project_crop_structure,SEA03,CALCULATED_FROM_PRODUCTION_AND_HARVESTED_AREA
DST12,Jagatsinghpur,CRP013,Wheat,2020-21,Annual,3663.24,3557.18,9704.62,2.728177938704255,synthetic_prototype,2024_25_project_crop_structure,SEA03,CALCULATED_FROM_PRODUCTION_AND_HARVESTED_AREA
DST12,Jagatsinghpur,CRP013,Wheat,2021-22,Annual,3701.93,3537.59,9003.28,2.5450320698554667,synthetic_prototype,2024_25_project_crop_structure,SEA03,CALCULATED_FROM_PRODUCTION_AND_HARVESTED_AREA
DST12,Jagatsinghpur,CRP013,Wheat,2022-23,Annual,3714.14,3583.67,8461.13,2.361023754977439,synthetic_prototype,2024_25_project_crop_structure,SEA03,CALCULATED_FROM_PRODUCTION_AND_HARVESTED_AREA
DST12,Jagatsinghpur,CRP013,Wheat,2023-24,Annual,3792.38,3649.66,9504.9,2.604324786418461,synthetic_prototype,2024_25_project_crop_structure,SEA03,CALCULATED_FROM_PRODUCTION_AND_HARVESTED_AREA
DST12,Jagatsinghpur,CRP013,Wheat,2024-25,Annual,3605.45,3461.74,9642.39,2.7854171601564532,synthetic_prototype,2024_25_project_crop_structure,SEA03,CALCULATED_FROM_PRODUCTION_AND_HARVESTED_AREA
DST13,Jajpur,CRP001,Groundnut,2015-16,Annual,598.62,583.73,886.9,1.5193668305552224,synthetic_prototype,2024_25_project_crop_structure,SEA03,CALCULATED_FROM_PRODUCTION_AND_HARVESTED_AREA
DST13,Jajpur,CRP001,Groundnut,2016-17,Annual,601.15,576.48,772.64,1.3402719955592561,synthetic_prototype,2024_25_project_crop_structure,SEA03,CALCULATED_FROM_PRODUCTION_AND_HARVESTED_AREA
DST13,Jajpur,CRP001,Groundnut,2017-18,Annual,585.83,570.3,772.94,1.355321760476942,synthetic_prototype,2024_25_project_crop_structure,SEA03,CALCULATED_FROM_PRODUCTION_AND_HARVESTED_AREA
DST13,Jajpur,CRP001,Groundnut,2018-19,Annual,611.88,587.15,806.89,1.374248488461211,synthetic_prototype,2024_25_project_crop_structure,SEA03,CALCULATED_FROM_PRODUCTION_AND_HARVESTED_AREA
DST13,Jajpur,CRP001,Groundnut,2019-20,Annual,567.12,546.68,732.35,1.3396319601960929,synthetic_prototype,2024_25_project_crop_structure,SEA03,CALCULATED_FROM_PRODUCTION_AND_HARVESTED_AREA
DST13,Jajpur,CRP001,Groundnut,2020-21,Annual,618.95,592.69,863.86,1.4575241694646441,synthetic_prototype,2024_25_project_crop_structure,SEA03,CALCULATED_FROM_PRODUCTION_AND_HARVESTED_AREA
DST13,Jajpur,CRP001,Groundnut,2021-22,Annual,614.9,592.82,862.67,1.4551971930771566,synthetic_prototype,2024_25_project_crop_structure,SEA03,CALCULATED_FROM_PRODUCTION_AND_HARVESTED_AREA
DST13,Jajpur,CRP001,Groundnut,2022-23,Annual,643.23,621.41,956.96,1.5399816546241614,synthetic_prototype,2024_25_project_crop_structure,SEA03,CALCULATED_FROM_PRODUCTION_AND_HARVESTED_AREA
DST13,Jajpur,CRP001,Groundnut,2023-24,Annual,631.26,615.16,895.87,1.456320306912023,synthetic_prototype,2024_25_project_crop_structure,SEA03,CALCULATED_FROM_PRODUCTION_AND_HARVESTED_AREA
DST13,Jajpur,CRP001,Groundnut,2024-25,Annual,605.86,585.2,842.83,1.4402426520847573,synthetic_prototype,2024_25_project_crop_structure,SEA03,CALCULATED_FROM_PRODUCTION_AND_HARVESTED_AREA
DST13,Jajpur,CRP004,Maize,2015-16,Annual,9672.9,9308.44,34997.68,3.759779297068037,synthetic_prototype,2024_25_project_crop_structure,SEA03,CALCULATED_FROM_PRODUCTION_AND_HARVESTED_AREA
DST13,Jajpur,CRP004,Maize,2016-17,Annual,9458.85,9240.43,33649.22,3.641521011468081,synthetic_prototype,2024_25_project_crop_structure,SEA03,CALCULATED_FROM_PRODUCTION_AND_HARVESTED_AREA
DST13,Jajpur,CRP004,Maize,2017-18,Annual,9433.62,9122.16,32228.53,3.5329932822927903,synthetic_prototype,2024_25_project_crop_structure,SEA03,CALCULATED_FROM_PRODUCTION_AND_HARVESTED_AREA
DST13,Jajpur,CRP004,Maize,2018-19,Annual,9543.06,9309.4,33086.36,3.554080821535223,synthetic_prototype,2024_25_project_crop_structure,SEA03,CALCULATED_FROM_PRODUCTION_AND_HARVESTED_AREA
DST13,Jajpur,CRP004,Maize,2019-20,Annual,10157.58,9833.09,39114.69,3.977863520012529,synthetic_prototype,2024_25_project_crop_structure,SEA03,CALCULATED_FROM_PRODUCTION_AND_HARVESTED_AREA
DST13,Jajpur,CRP004,Maize,2020-21,Annual,10221.22,9858.4,38834.57,3.9392365901160433,synthetic_prototype,2024_25_project_crop_structure,SEA03,CALCULATED_FROM_PRODUCTION_AND_HARVESTED_AREA
DST13,Jajpur,CRP004,Maize,2021-22,Annual,10114.75,9800.66,40055.11,4.086980876798093,synthetic_prototype,2024_25_project_crop_structure,SEA03,CALCULATED_FROM_PRODUCTION_AND_HARVESTED_AREA
DST13,Jajpur,CRP004,Maize,2022-23,Annual,9426.21,9155.32,36314.49,3.966490521358074,synthetic_prototype,2024_25_project_crop_structure,SEA03,CALCULATED_FROM_PRODUCTION_AND_HARVESTED_AREA
DST13,Jajpur,CRP004,Maize,2023-24,Annual,9393.76,9093.24,33678.71,3.7037084691485105,synthetic_prototype,2024_25_project_crop_structure,SEA03,CALCULATED_FROM_PRODUCTION_AND_HARVESTED_AREA
DST13,Jajpur,CRP004,Maize,2024-25,Annual,8753.51,8434.7,28293.11,3.354370635588699,synthetic_prototype,2024_25_project_crop_structure,SEA03,CALCULATED_FROM_PRODUCTION_AND_HARVESTED_AREA
DST13,Jajpur,CRP005,Moong(Green Gram),2015-16,Annual,1187.92,1147.77,878.93,0.7657718880960471,synthetic_prototype,2024_25_project_crop_structure,SEA03,CALCULATED_FROM_PRODUCTION_AND_HARVESTED_AREA
DST13,Jajpur,CRP005,Moong(Green Gram),2016-17,Annual,1158.99,1125.77,796.71,0.7077022837702195,synthetic_prototype,2024_25_project_crop_structure,SEA03,CALCULATED_FROM_PRODUCTION_AND_HARVESTED_AREA
DST13,Jajpur,CRP005,Moong(Green Gram),2017-18,Annual,1200.23,1176.13,782.2,0.6650625356040574,synthetic_prototype,2024_25_project_crop_structure,SEA03,CALCULATED_FROM_PRODUCTION_AND_HARVESTED_AREA
DST13,Jajpur,CRP005,Moong(Green Gram),2018-19,Annual,1188.67,1141.36,767.31,0.6722769327819443,synthetic_prototype,2024_25_project_crop_structure,SEA03,CALCULATED_FROM_PRODUCTION_AND_HARVESTED_AREA
DST13,Jajpur,CRP005,Moong(Green Gram),2019-20,Annual,1234.43,1188.15,764.21,0.6431931995118462,synthetic_prototype,2024_25_project_crop_structure,SEA03,CALCULATED_FROM_PRODUCTION_AND_HARVESTED_AREA
DST13,Jajpur,CRP005,Moong(Green Gram),2020-21,Annual,1279.75,1242.94,855.52,0.6883035383847973,synthetic_prototype,2024_25_project_crop_structure,SEA03,CALCULATED_FROM_PRODUCTION_AND_HARVESTED_AREA
DST13,Jajpur,CRP005,Moong(Green Gram),2021-22,Annual,1243.32,1217.27,884.38,0.7265273932652575,synthetic_prototype,2024_25_project_crop_structure,SEA03,CALCULATED_FROM_PRODUCTION_AND_HARVESTED_AREA
DST13,Jajpur,CRP005,Moong(Green Gram),2022-23,Annual,1197.14,1150.56,858.06,0.7457759699624531,synthetic_prototype,2024_25_project_crop_structure,SEA03,CALCULATED_FROM_PRODUCTION_AND_HARVESTED_AREA
DST13,Jajpur,CRP005,Moong(Green Gram),2023-24,Annual,1107.27,1076.27,793.11,0.7369061666682153,synthetic_prototype,2024_25_project_crop_structure,SEA03,CALCULATED_FROM_PRODUCTION_AND_HARVESTED_AREA
DST13,Jajpur,CRP005,Moong(Green Gram),2024-25,Annual,1149.5,1107.2,792.06,0.7153721098265895,synthetic_prototype,2024_25_project_crop_structure,SEA03,CALCULATED_FROM_PRODUCTION_AND_HARVESTED_AREA
DST13,Jajpur,CRP007,Ragi,2015-16,Annual,7694.15,7458.71,5831.41,0.7818255435591409,synthetic_prototype,2024_25_project_crop_structure,SEA03,CALCULATED_FROM_PRODUCTION_AND_HARVESTED_AREA
DST13,Jajpur,CRP007,Ragi,2016-17,Annual,7511.13,7256.97,5508.72,0.7590936713256359,synthetic_prototype,2024_25_project_crop_structure,SEA03,CALCULATED_FROM_PRODUCTION_AND_HARVESTED_AREA
DST13,Jajpur,CRP007,Ragi,2017-18,Annual,8031.91,7673.69,5846.25,0.7618564210959786,synthetic_prototype,2024_25_project_crop_structure,SEA03,CALCULATED_FROM_PRODUCTION_AND_HARVESTED_AREA
DST13,Jajpur,CRP007,Ragi,2018-19,Annual,7349.7,7111.91,5388.12,0.7576192612111233,synthetic_prototype,2024_25_project_crop_structure,SEA03,CALCULATED_FROM_PRODUCTION_AND_HARVESTED_AREA
DST13,Jajpur,CRP007,Ragi,2019-20,Annual,8225.51,8018.23,6557.52,0.8178263781408117,synthetic_prototype,2024_25_project_crop_structure,SEA03,CALCULATED_FROM_PRODUCTION_AND_HARVESTED_AREA
DST13,Jajpur,CRP007,Ragi,2020-21,Annual,8219.6,7955.65,6494.68,0.816360699628566,synthetic_prototype,2024_25_project_crop_structure,SEA03,CALCULATED_FROM_PRODUCTION_AND_HARVESTED_AREA
DST13,Jajpur,CRP007,Ragi,2021-22,Annual,8061.44,7724.69,5974.59,0.7734407464895032,synthetic_prototype,2024_25_project_crop_structure,SEA03,CALCULATED_FROM_PRODUCTION_AND_HARVESTED_AREA
DST13,Jajpur,CRP007,Ragi,2022-23,Annual,8368.9,8074.72,5992.96,0.7421879644123883,synthetic_prototype,2024_25_project_crop_structure,SEA03,CALCULATED_FROM_PRODUCTION_AND_HARVESTED_AREA
DST13,Jajpur,CRP007,Ragi,2023-24,Annual,7880.8,7632.63,5451.08,0.7141810883011491,synthetic_prototype,2024_25_project_crop_structure,SEA03,CALCULATED_FROM_PRODUCTION_AND_HARVESTED_AREA
DST13,Jajpur,CRP007,Ragi,2024-25,Annual,7426.41,7263.93,5296.08,0.729092929034283,synthetic_prototype,2024_25_project_crop_structure,SEA03,CALCULATED_FROM_PRODUCTION_AND_HARVESTED_AREA
DST13,Jajpur,CRP009,Rice,2015-16,Annual,19050.08,18393.38,65149.48,3.542006961200171,synthetic_prototype,2024_25_project_crop_structure,SEA03,CALCULATED_FROM_PRODUCTION_AND_HARVESTED_AREA
DST13,Jajpur,CRP009,Rice,2016-17,Annual,18133.5,17730.61,66010.34,3.7229593341684235,synthetic_prototype,2024_25_project_crop_structure,SEA03,CALCULATED_FROM_PRODUCTION_AND_HARVESTED_AREA
DST13,Jajpur,CRP009,Rice,2017-18,Annual,19410.98,18614.07,72909.09,3.9168806177262683,synthetic_prototype,2024_25_project_crop_structure,SEA03,CALCULATED_FROM_PRODUCTION_AND_HARVESTED_AREA
DST13,Jajpur,CRP009,Rice,2018-19,Annual,16834.17,16220.55,63921.42,3.9407677298242048,synthetic_prototype,2024_25_project_crop_structure,SEA03,CALCULATED_FROM_PRODUCTION_AND_HARVESTED_AREA
DST13,Jajpur,CRP009,Rice,2019-20,Annual,18625.98,17839.17,69859.78,3.9160891454030655,synthetic_prototype,2024_25_project_crop_structure,SEA03,CALCULATED_FROM_PRODUCTION_AND_HARVESTED_AREA
DST13,Jajpur,CRP009,Rice,2020-21,Annual,18835.35,18407.88,72592.3,3.943544829714231,synthetic_prototype,2024_25_project_crop_structure,SEA03,CALCULATED_FROM_PRODUCTION_AND_HARVESTED_AREA
DST13,Jajpur,CRP009,Rice,2021-22,Annual,18580.6,18152.77,68330.65,3.7641996235285298,synthetic_prototype,2024_25_project_crop_structure,SEA03,CALCULATED_FROM_PRODUCTION_AND_HARVESTED_AREA
DST13,Jajpur,CRP009,Rice,2022-23,Annual,18696.62,18023.22,62700.09,3.478850616038643,synthetic_prototype,2024_25_project_crop_structure,SEA03,CALCULATED_FROM_PRODUCTION_AND_HARVESTED_AREA
DST13,Jajpur,CRP009,Rice,2023-24,Annual,17955.15,17434.23,59206.77,3.396007165214638,synthetic_prototype,2024_25_project_crop_structure,SEA03,CALCULATED_FROM_PRODUCTION_AND_HARVESTED_AREA
DST13,Jajpur,CRP009,Rice,2024-25,Annual,17558.16,16935.77,59082.32,3.488611382889588,synthetic_prototype,2024_25_project_crop_structure,SEA03,CALCULATED_FROM_PRODUCTION_AND_HARVESTED_AREA
DST13,Jajpur,CRP010,Sesamum,2015-16,Annual,1517.48,1471.43,596.98,0.40571416920954445,synthetic_prototype,2024_25_project_crop_structure,SEA03,CALCULATED_FROM_PRODUCTION_AND_HARVESTED_AREA
DST13,Jajpur,CRP010,Sesamum,2016-17,Annual,1558.2,1512.13,658.53,0.43549827065133284,synthetic_prototype,2024_25_project_crop_structure,SEA03,CALCULATED_FROM_PRODUCTION_AND_HARVESTED_AREA
DST13,Jajpur,CRP010,Sesamum,2017-18,Annual,1585.0,1542.44,709.93,0.4602642566323487,synthetic_prototype,2024_25_project_crop_structure,SEA03,CALCULATED_FROM_PRODUCTION_AND_HARVESTED_AREA
DST13,Jajpur,CRP010,Sesamum,2018-19,Annual,1599.56,1541.19,693.93,0.45025597103536874,synthetic_prototype,2024_25_project_crop_structure,SEA03,CALCULATED_FROM_PRODUCTION_AND_HARVESTED_AREA
DST13,Jajpur,CRP010,Sesamum,2019-20,Annual,1591.11,1536.59,698.09,0.4543111695377427,synthetic_prototype,2024_25_project_crop_structure,SEA03,CALCULATED_FROM_PRODUCTION_AND_HARVESTED_AREA
DST13,Jajpur,CRP010,Sesamum,2020-21,Annual,1654.04,1606.1,646.87,0.4027582342319906,synthetic_prototype,2024_25_project_crop_structure,SEA03,CALCULATED_FROM_PRODUCTION_AND_HARVESTED_AREA
DST13,Jajpur,CRP010,Sesamum,2021-22,Annual,1652.73,1602.77,692.6,0.4321268803384141,synthetic_prototype,2024_25_project_crop_structure,SEA03,CALCULATED_FROM_PRODUCTION_AND_HARVESTED_AREA
DST13,Jajpur,CRP010,Sesamum,2022-23,Annual,1591.05,1557.54,635.87,0.4082527575535781,synthetic_prototype,2024_25_project_crop_structure,SEA03,CALCULATED_FROM_PRODUCTION_AND_HARVESTED_AREA
DST13,Jajpur,CRP010,Sesamum,2023-24,Annual,1476.59,1420.79,563.83,0.3968426016511941,synthetic_prototype,2024_25_project_crop_structure,SEA03,CALCULATED_FROM_PRODUCTION_AND_HARVESTED_AREA
DST13,Jajpur,CRP010,Sesamum,2024-25,Annual,1537.72,1493.64,609.5,0.4080635226694518,synthetic_prototype,2024_25_project_crop_structure,SEA03,CALCULATED_FROM_PRODUCTION_AND_HARVESTED_AREA
DST13,Jajpur,CRP012,Urad,2015-16,Annual,5672.54,5489.5,3404.41,0.6201675926769287,synthetic_prototype,2024_25_project_crop_structure,SEA03,CALCULATED_FROM_PRODUCTION_AND_HARVESTED_AREA
DST13,Jajpur,CRP012,Urad,2016-17,Annual,5391.22,5222.18,3230.45,0.6186018099720806,synthetic_prototype,2024_25_project_crop_structure,SEA03,CALCULATED_FROM_PRODUCTION_AND_HARVESTED_AREA
DST13,Jajpur,CRP012,Urad,2017-18,Annual,5457.69,5295.36,3644.0,0.6881496253323665,synthetic_prototype,2024_25_project_crop_structure,SEA03,CALCULATED_FROM_PRODUCTION_AND_HARVESTED_AREA
DST13,Jajpur,CRP012,Urad,2018-19,Annual,5195.43,5070.9,3254.41,0.64178153779408,synthetic_prototype,2024_25_project_crop_structure,SEA03,CALCULATED_FROM_PRODUCTION_AND_HARVESTED_AREA
DST13,Jajpur,CRP012,Urad,2019-20,Annual,5592.57,5439.49,3546.75,0.6520372314316232,synthetic_prototype,2024_25_project_crop_structure,SEA03,CALCULATED_FROM_PRODUCTION_AND_HARVESTED_AREA
DST13,Jajpur,CRP012,Urad,2020-21,Annual,5758.15,5517.33,3497.61,0.6339316299731936,synthetic_prototype,2024_25_project_crop_structure,SEA03,CALCULATED_FROM_PRODUCTION_AND_HARVESTED_AREA
DST13,Jajpur,CRP012,Urad,2021-22,Annual,5425.51,5299.98,3210.84,0.6058211540420908,synthetic_prototype,2024_25_project_crop_structure,SEA03,CALCULATED_FROM_PRODUCTION_AND_HARVESTED_AREA
DST13,Jajpur,CRP012,Urad,2022-23,Annual,5663.38,5485.85,3276.69,0.5972985043338771,synthetic_prototype,2024_25_project_crop_structure,SEA03,CALCULATED_FROM_PRODUCTION_AND_HARVESTED_AREA
DST13,Jajpur,CRP012,Urad,2023-24,Annual,5112.65,4977.82,2916.32,0.5858628877701485,synthetic_prototype,2024_25_project_crop_structure,SEA03,CALCULATED_FROM_PRODUCTION_AND_HARVESTED_AREA
DST13,Jajpur,CRP012,Urad,2024-25,Annual,5114.36,4983.54,2965.74,0.5951070925486702,synthetic_prototype,2024_25_project_crop_structure,SEA03,CALCULATED_FROM_PRODUCTION_AND_HARVESTED_AREA
DST13,Jajpur,CRP002,Horse Gram,2015-16,Annual,1647.74,1607.79,1389.2,0.8640431897200506,synthetic_prototype,2024_25_project_crop_structure,SEA03,CALCULATED_FROM_PRODUCTION_AND_HARVESTED_AREA
DST13,Jajpur,CRP002,Horse Gram,2016-17,Annual,1708.18,1639.25,1235.65,0.7537898429159677,synthetic_prototype,2024_25_project_crop_structure,SEA03,CALCULATED_FROM_PRODUCTION_AND_HARVESTED_AREA
DST13,Jajpur,CRP002,Horse Gram,2017-18,Annual,1577.2,1507.82,1182.48,0.7842315395736892,synthetic_prototype,2024_25_project_crop_structure,SEA03,CALCULATED_FROM_PRODUCTION_AND_HARVESTED_AREA
DST13,Jajpur,CRP002,Horse Gram,2018-19,Annual,1608.03,1538.49,1143.52,0.7432742494263856,synthetic_prototype,2024_25_project_crop_structure,SEA03,CALCULATED_FROM_PRODUCTION_AND_HARVESTED_AREA
DST13,Jajpur,CRP002,Horse Gram,2019-20,Annual,1703.67,1654.62,1242.33,0.7508249628313449,synthetic_prototype,2024_25_project_crop_structure,SEA03,CALCULATED_FROM_PRODUCTION_AND_HARVESTED_AREA
DST13,Jajpur,CRP002,Horse Gram,2020-21,Annual,1683.24,1623.11,1436.72,0.8851648994830912,synthetic_prototype,2024_25_project_crop_structure,SEA03,CALCULATED_FROM_PRODUCTION_AND_HARVESTED_AREA
DST13,Jajpur,CRP002,Horse Gram,2021-22,Annual,1722.66,1665.41,1425.5,0.8559453828186452,synthetic_prototype,2024_25_project_crop_structure,SEA03,CALCULATED_FROM_PRODUCTION_AND_HARVESTED_AREA
DST13,Jajpur,CRP002,Horse Gram,2022-23,Annual,1658.28,1610.42,1326.79,0.8238782429428347,synthetic_prototype,2024_25_project_crop_structure,SEA03,CALCULATED_FROM_PRODUCTION_AND_HARVESTED_AREA
DST13,Jajpur,CRP002,Horse Gram,2023-24,Annual,1742.89,1671.55,1441.4,0.8623134216744938,synthetic_prototype,2024_25_project_crop_structure,SEA03,CALCULATED_FROM_PRODUCTION_AND_HARVESTED_AREA
DST13,Jajpur,CRP002,Horse Gram,2024-25,Annual,1651.63,1606.64,1254.37,0.7807411741273713,synthetic_prototype,2024_25_project_crop_structure,SEA03,CALCULATED_FROM_PRODUCTION_AND_HARVESTED_AREA
DST13,Jajpur,CRP006,Potato,2015-16,Annual,5535.45,5385.39,94290.86,17.50864097122028,synthetic_prototype,2024_25_project_crop_structure,SEA03,CALCULATED_FROM_PRODUCTION_AND_HARVESTED_AREA
DST13,Jajpur,CRP006,Potato,2016-17,Annual,5512.54,5377.15,83403.57,15.510738960229864,synthetic_prototype,2024_25_project_crop_structure,SEA03,CALCULATED_FROM_PRODUCTION_AND_HARVESTED_AREA
DST13,Jajpur,CRP006,Potato,2017-18,Annual,5092.31,4876.08,84796.09,17.390217141638363,synthetic_prototype,2024_25_project_crop_structure,SEA03,CALCULATED_FROM_PRODUCTION_AND_HARVESTED_AREA
DST13,Jajpur,CRP006,Potato,2018-19,Annual,5753.9,5548.26,96256.39,17.348932818577357,synthetic_prototype,2024_25_project_crop_structure,SEA03,CALCULATED_FROM_PRODUCTION_AND_HARVESTED_AREA
DST13,Jajpur,CRP006,Potato,2019-20,Annual,5788.48,5672.11,105316.12,18.56736205750594,synthetic_prototype,2024_25_project_crop_structure,SEA03,CALCULATED_FROM_PRODUCTION_AND_HARVESTED_AREA
DST13,Jajpur,CRP006,Potato,2020-21,Annual,5504.17,5287.39,101600.54,19.215631909127186,synthetic_prototype,2024_25_project_crop_structure,SEA03,CALCULATED_FROM_PRODUCTION_AND_HARVESTED_AREA
DST13,Jajpur,CRP006,Potato,2021-22,Annual,5627.56,5422.6,96106.51,17.723326448567107,synthetic_prototype,2024_25_project_crop_structure,SEA03,CALCULATED_FROM_PRODUCTION_AND_HARVESTED_AREA
DST13,Jajpur,CRP006,Potato,2022-23,Annual,5588.82,5408.29,102319.89,18.919083481100312,synthetic_prototype,2024_25_project_crop_structure,SEA03,CALCULATED_FROM_PRODUCTION_AND_HARVESTED_AREA
DST13,Jajpur,CRP006,Potato,2023-24,Annual,5395.8,5255.13,89794.67,17.08705017763595,synthetic_prototype,2024_25_project_crop_structure,SEA03,CALCULATED_FROM_PRODUCTION_AND_HARVESTED_AREA
DST13,Jajpur,CRP006,Potato,2024-25,Annual,5297.46,5137.67,84414.2,16.43044415075316,synthetic_prototype,2024_25_project_crop_structure,SEA03,CALCULATED_FROM_PRODUCTION_AND_HARVESTED_AREA
DST13,Jajpur,CRP008,Rapeseed &Mustard,2015-16,Annual,2983.7,2872.25,2392.02,0.8328035512229088,synthetic_prototype,2024_25_project_crop_structure,SEA03,CALCULATED_FROM_PRODUCTION_AND_HARVESTED_AREA
DST13,Jajpur,CRP008,Rapeseed &Mustard,2016-17,Annual,2937.81,2863.45,2339.06,0.8168677644100648,synthetic_prototype,2024_25_project_crop_structure,SEA03,CALCULATED_FROM_PRODUCTION_AND_HARVESTED_AREA
DST13,Jajpur,CRP008,Rapeseed &Mustard,2017-18,Annual,2891.38,2828.85,2335.54,0.8256146490623398,synthetic_prototype,2024_25_project_crop_structure,SEA03,CALCULATED_FROM_PRODUCTION_AND_HARVESTED_AREA
DST13,Jajpur,CRP008,Rapeseed &Mustard,2018-19,Annual,3096.78,3022.59,2511.54,0.8309231486903615,synthetic_prototype,2024_25_project_crop_structure,SEA03,CALCULATED_FROM_PRODUCTION_AND_HARVESTED_AREA
DST13,Jajpur,CRP008,Rapeseed &Mustard,2019-20,Annual,3276.92,3162.44,2808.49,0.8880769279417158,synthetic_prototype,2024_25_project_crop_structure,SEA03,CALCULATED_FROM_PRODUCTION_AND_HARVESTED_AREA
DST13,Jajpur,CRP008,Rapeseed &Mustard,2020-21,Annual,3285.66,3208.68,2989.93,0.9318255482005061,synthetic_prototype,2024_25_project_crop_structure,SEA03,CALCULATED_FROM_PRODUCTION_AND_HARVESTED_AREA
DST13,Jajpur,CRP008,Rapeseed &Mustard,2021-22,Annual,3137.27,2997.7,2628.06,0.8766921306334857,synthetic_prototype,2024_25_project_crop_structure,SEA03,CALCULATED_FROM_PRODUCTION_AND_HARVESTED_AREA
DST13,Jajpur,CRP008,Rapeseed &Mustard,2022-23,Annual,3075.44,2946.31,2387.7,0.8104035216932366,synthetic_prototype,2024_25_project_crop_structure,SEA03,CALCULATED_FROM_PRODUCTION_AND_HARVESTED_AREA
DST13,Jajpur,CRP008,Rapeseed &Mustard,2023-24,Annual,2998.5,2896.99,2091.62,0.7219976596398331,synthetic_prototype,2024_25_project_crop_structure,SEA03,CALCULATED_FROM_PRODUCTION_AND_HARVESTED_AREA
DST13,Jajpur,CRP008,Rapeseed &Mustard,2024-25,Annual,3073.42,2971.29,2441.57,0.8217205321594325,synthetic_prototype,2024_25_project_crop_structure,SEA03,CALCULATED_FROM_PRODUCTION_AND_HARVESTED_AREA
DST13,Jajpur,CRP011,Sugarcane,2015-16,Annual,1427.5,1378.75,91059.21,66.04475793291024,synthetic_prototype,2024_25_project_crop_structure,SEA03,CALCULATED_FROM_PRODUCTION_AND_HARVESTED_AREA
DST13,Jajpur,CRP011,Sugarcane,2016-17,Annual,1496.74,1431.39,106692.66,74.53779892272546,synthetic_prototype,2024_25_project_crop_structure,SEA03,CALCULATED_FROM_PRODUCTION_AND_HARVESTED_AREA
DST13,Jajpur,CRP011,Sugarcane,2017-18,Annual,1521.48,1479.16,104758.33,70.82285215933368,synthetic_prototype,2024_25_project_crop_structure,SEA03,CALCULATED_FROM_PRODUCTION_AND_HARVESTED_AREA
DST13,Jajpur,CRP011,Sugarcane,2018-19,Annual,1472.16,1435.09,113197.99,78.87866963047614,synthetic_prototype,2024_25_project_crop_structure,SEA03,CALCULATED_FROM_PRODUCTION_AND_HARVESTED_AREA
DST13,Jajpur,CRP011,Sugarcane,2019-20,Annual,1553.63,1488.47,110468.03,74.21582564646918,synthetic_prototype,2024_25_project_crop_structure,SEA03,CALCULATED_FROM_PRODUCTION_AND_HARVESTED_AREA
DST13,Jajpur,CRP011,Sugarcane,2020-21,Annual,1532.66,1470.27,110491.14,75.15023771144075,synthetic_prototype,2024_25_project_crop_structure,SEA03,CALCULATED_FROM_PRODUCTION_AND_HARVESTED_AREA
DST13,Jajpur,CRP011,Sugarcane,2021-22,Annual,1489.27,1454.27,102682.13,70.60733563918667,synthetic_prototype,2024_25_project_crop_structure,SEA03,CALCULATED_FROM_PRODUCTION_AND_HARVESTED_AREA
DST13,Jajpur,CRP011,Sugarcane,2022-23,Annual,1525.83,1471.91,100899.86,68.5502917977322,synthetic_prototype,2024_25_project_crop_structure,SEA03,CALCULATED_FROM_PRODUCTION_AND_HARVESTED_AREA
DST13,Jajpur,CRP011,Sugarcane,2023-24,Annual,1473.21,1413.71,96342.53,68.14872215659506,synthetic_prototype,2024_25_project_crop_structure,SEA03,CALCULATED_FROM_PRODUCTION_AND_HARVESTED_AREA
DST13,Jajpur,CRP011,Sugarcane,2024-25,Annual,1431.25,1382.01,100040.12,72.3874067481422,synthetic_prototype,2024_25_project_crop_structure,SEA03,CALCULATED_FROM_PRODUCTION_AND_HARVESTED_AREA
DST13,Jajpur,CRP003,Jute,2015-16,Annual,4118.42,3969.93,6928.99,1.7453683062421756,synthetic_prototype,2024_25_project_crop_structure,SEA03,CALCULATED_FROM_PRODUCTION_AND_HARVESTED_AREA
DST13,Jajpur,CRP003,Jute,2016-17,Annual,3896.79,3734.27,6049.26,1.6199310708652561,synthetic_prototype,2024_25_project_crop_structure,SEA03,CALCULATED_FROM_PRODUCTION_AND_HARVESTED_AREA
DST13,Jajpur,CRP003,Jute,2017-18,Annual,3785.24,3641.09,5427.37,1.4905893564839099,synthetic_prototype,2024_25_project_crop_structure,SEA03,CALCULATED_FROM_PRODUCTION_AND_HARVESTED_AREA
DST13,Jajpur,CRP003,Jute,2018-19,Annual,3949.93,3853.71,6667.0,1.7300212003497928,synthetic_prototype,2024_25_project_crop_structure,SEA03,CALCULATED_FROM_PRODUCTION_AND_HARVESTED_AREA
DST13,Jajpur,CRP003,Jute,2019-20,Annual,4157.24,4050.74,6436.53,1.5889763351881385,synthetic_prototype,2024_25_project_crop_structure,SEA03,CALCULATED_FROM_PRODUCTION_AND_HARVESTED_AREA
DST13,Jajpur,CRP003,Jute,2020-21,Annual,4170.42,3995.92,7165.73,1.7932616268593964,synthetic_prototype,2024_25_project_crop_structure,SEA03,CALCULATED_FROM_PRODUCTION_AND_HARVESTED_AREA
DST13,Jajpur,CRP003,Jute,2021-22,Annual,4030.13,3922.97,6964.05,1.775198382857886,synthetic_prototype,2024_25_project_crop_structure,SEA03,CALCULATED_FROM_PRODUCTION_AND_HARVESTED_AREA
DST13,Jajpur,CRP003,Jute,2022-23,Annual,4081.34,3941.89,6855.13,1.7390464979996907,synthetic_prototype,2024_25_project_crop_structure,SEA03,CALCULATED_FROM_PRODUCTION_AND_HARVESTED_AREA
DST13,Jajpur,CRP003,Jute,2023-24,Annual,3689.47,3568.6,6067.15,1.7001485176259596,synthetic_prototype,2024_25_project_crop_structure,SEA03,CALCULATED_FROM_PRODUCTION_AND_HARVESTED_AREA
DST13,Jajpur,CRP003,Jute,2024-25,Annual,3686.72,3590.58,6290.77,1.7520205649226588,synthetic_prototype,2024_25_project_crop_structure,SEA03,CALCULATED_FROM_PRODUCTION_AND_HARVESTED_AREA
DST13,Jajpur,CRP013,Wheat,2015-16,Annual,1534.42,1466.55,3832.57,2.6133237871194304,synthetic_prototype,2024_25_project_crop_structure,SEA03,CALCULATED_FROM_PRODUCTION_AND_HARVESTED_AREA
DST13,Jajpur,CRP013,Wheat,2016-17,Annual,1466.65,1430.08,3836.09,2.682430353546655,synthetic_prototype,2024_25_project_crop_structure,SEA03,CALCULATED_FROM_PRODUCTION_AND_HARVESTED_AREA
DST13,Jajpur,CRP013,Wheat,2017-18,Annual,1387.65,1343.22,3661.32,2.725778353508733,synthetic_prototype,2024_25_project_crop_structure,SEA03,CALCULATED_FROM_PRODUCTION_AND_HARVESTED_AREA
DST13,Jajpur,CRP013,Wheat,2018-19,Annual,1358.88,1315.79,3372.88,2.56338777464489,synthetic_prototype,2024_25_project_crop_structure,SEA03,CALCULATED_FROM_PRODUCTION_AND_HARVESTED_AREA
DST13,Jajpur,CRP013,Wheat,2019-20,Annual,1493.03,1439.75,3646.35,2.5326271922208714,synthetic_prototype,2024_25_project_crop_structure,SEA03,CALCULATED_FROM_PRODUCTION_AND_HARVESTED_AREA
DST13,Jajpur,CRP013,Wheat,2020-21,Annual,1563.32,1514.88,3520.34,2.3238408322771438,synthetic_prototype,2024_25_project_crop_structure,SEA03,CALCULATED_FROM_PRODUCTION_AND_HARVESTED_AREA
DST13,Jajpur,CRP013,Wheat,2021-22,Annual,1466.0,1433.73,3525.05,2.458656790330118,synthetic_prototype,2024_25_project_crop_structure,SEA03,CALCULATED_FROM_PRODUCTION_AND_HARVESTED_AREA
DST13,Jajpur,CRP013,Wheat,2022-23,Annual,1458.97,1406.3,3337.37,2.3731565099907557,synthetic_prototype,2024_25_project_crop_structure,SEA03,CALCULATED_FROM_PRODUCTION_AND_HARVESTED_AREA
DST13,Jajpur,CRP013,Wheat,2023-24,Annual,1431.85,1389.6,3564.81,2.5653497409326427,synthetic_prototype,2024_25_project_crop_structure,SEA03,CALCULATED_FROM_PRODUCTION_AND_HARVESTED_AREA
DST13,Jajpur,CRP013,Wheat,2024-25,Annual,1432.34,1373.82,3250.72,2.366190621769955,synthetic_prototype,2024_25_project_crop_structure,SEA03,CALCULATED_FROM_PRODUCTION_AND_HARVESTED_AREA
DST14,Jharsuguda,CRP001,Groundnut,2015-16,Annual,6870.84,6709.58,12127.98,1.8075617251750482,synthetic_prototype,2024_25_project_crop_structure,SEA03,CALCULATED_FROM_PRODUCTION_AND_HARVESTED_AREA
DST14,Jharsuguda,CRP001,Groundnut,2016-17,Annual,6693.04,6453.88,11612.69,1.799334663799141,synthetic_prototype,2024_25_project_crop_structure,SEA03,CALCULATED_FROM_PRODUCTION_AND_HARVESTED_AREA
DST14,Jharsuguda,CRP001,Groundnut,2017-18,Annual,6752.05,6605.15,11553.3,1.749135144546301,synthetic_prototype,2024_25_project_crop_structure,SEA03,CALCULATED_FROM_PRODUCTION_AND_HARVESTED_AREA
DST14,Jharsuguda,CRP001,Groundnut,2018-19,Annual,6573.92,6395.49,10534.43,1.6471654243849965,synthetic_prototype,2024_25_project_crop_structure,SEA03,CALCULATED_FROM_PRODUCTION_AND_HARVESTED_AREA
DST14,Jharsuguda,CRP001,Groundnut,2019-20,Annual,6895.59,6729.95,11590.33,1.722201502239987,synthetic_prototype,2024_25_project_crop_structure,SEA03,CALCULATED_FROM_PRODUCTION_AND_HARVESTED_AREA
DST14,Jharsuguda,CRP001,Groundnut,2020-21,Annual,7191.06,6945.67,11961.35,1.7221304784131697,synthetic_prototype,2024_25_project_crop_structure,SEA03,CALCULATED_FROM_PRODUCTION_AND_HARVESTED_AREA
DST14,Jharsuguda,CRP001,Groundnut,2021-22,Annual,7091.48,6943.77,13105.23,1.8873364181129269,synthetic_prototype,2024_25_project_crop_structure,SEA03,CALCULATED_FROM_PRODUCTION_AND_HARVESTED_AREA
DST14,Jharsuguda,CRP001,Groundnut,2022-23,Annual,6509.97,6267.04,11773.55,1.8786460593836962,synthetic_prototype,2024_25_project_crop_structure,SEA03,CALCULATED_FROM_PRODUCTION_AND_HARVESTED_AREA
DST14,Jharsuguda,CRP001,Groundnut,2023-24,Annual,6562.14,6271.18,11137.13,1.77592255365019,synthetic_prototype,2024_25_project_crop_structure,SEA03,CALCULATED_FROM_PRODUCTION_AND_HARVESTED_AREA
DST14,Jharsuguda,CRP001,Groundnut,2024-25,Annual,6665.34,6459.6,12687.2,1.9640844634342685,synthetic_prototype,2024_25_project_crop_structure,SEA03,CALCULATED_FROM_PRODUCTION_AND_HARVESTED_AREA
DST14,Jharsuguda,CRP004,Maize,2015-16,Annual,8929.55,8633.52,38481.67,4.457239920681252,synthetic_prototype,2024_25_project_crop_structure,SEA03,CALCULATED_FROM_PRODUCTION_AND_HARVESTED_AREA
DST14,Jharsuguda,CRP004,Maize,2016-17,Annual,8643.33,8410.96,32294.11,3.8395272358922172,synthetic_prototype,2024_25_project_crop_structure,SEA03,CALCULATED_FROM_PRODUCTION_AND_HARVESTED_AREA
DST14,Jharsuguda,CRP004,Maize,2017-18,Annual,8147.27,7946.91,30840.31,3.880792660291862,synthetic_prototype,2024_25_project_crop_structure,SEA03,CALCULATED_FROM_PRODUCTION_AND_HARVESTED_AREA
DST14,Jharsuguda,CRP004,Maize,2018-19,Annual,8967.29,8715.42,34673.21,3.978375109862749,synthetic_prototype,2024_25_project_crop_structure,SEA03,CALCULATED_FROM_PRODUCTION_AND_HARVESTED_AREA
DST14,Jharsuguda,CRP004,Maize,2019-20,Annual,8881.96,8524.03,36320.2,4.26091883768593,synthetic_prototype,2024_25_project_crop_structure,SEA03,CALCULATED_FROM_PRODUCTION_AND_HARVESTED_AREA
DST14,Jharsuguda,CRP004,Maize,2020-21,Annual,9132.6,8749.44,38516.19,4.402132022163705,synthetic_prototype,2024_25_project_crop_structure,SEA03,CALCULATED_FROM_PRODUCTION_AND_HARVESTED_AREA
DST14,Jharsuguda,CRP004,Maize,2021-22,Annual,9246.59,9040.54,39036.84,4.317976581044936,synthetic_prototype,2024_25_project_crop_structure,SEA03,CALCULATED_FROM_PRODUCTION_AND_HARVESTED_AREA
DST14,Jharsuguda,CRP004,Maize,2022-23,Annual,9126.16,8781.75,35577.85,4.051339425513138,synthetic_prototype,2024_25_project_crop_structure,SEA03,CALCULATED_FROM_PRODUCTION_AND_HARVESTED_AREA
DST14,Jharsuguda,CRP004,Maize,2023-24,Annual,8478.34,8219.65,34925.79,4.249060483110595,synthetic_prototype,2024_25_project_crop_structure,SEA03,CALCULATED_FROM_PRODUCTION_AND_HARVESTED_AREA
DST14,Jharsuguda,CRP004,Maize,2024-25,Annual,8786.96,8590.95,35120.31,4.088058945751051,synthetic_prototype,2024_25_project_crop_structure,SEA03,CALCULATED_FROM_PRODUCTION_AND_HARVESTED_AREA
DST14,Jharsuguda,CRP005,Moong(Green Gram),2015-16,Annual,4264.87,4148.91,2667.09,0.6428411317671389,synthetic_prototype,2024_25_project_crop_structure,SEA03,CALCULATED_FROM_PRODUCTION_AND_HARVESTED_AREA
DST14,Jharsuguda,CRP005,Moong(Green Gram),2016-17,Annual,4561.89,4456.69,2946.82,0.6612126937256126,synthetic_prototype,2024_25_project_crop_structure,SEA03,CALCULATED_FROM_PRODUCTION_AND_HARVESTED_AREA
DST14,Jharsuguda,CRP005,Moong(Green Gram),2017-18,Annual,4578.89,4474.45,2755.67,0.6158678720289645,synthetic_prototype,2024_25_project_crop_structure,SEA03,CALCULATED_FROM_PRODUCTION_AND_HARVESTED_AREA
DST14,Jharsuguda,CRP005,Moong(Green Gram),2018-19,Annual,4448.38,4353.1,2472.4,0.5679630608072408,synthetic_prototype,2024_25_project_crop_structure,SEA03,CALCULATED_FROM_PRODUCTION_AND_HARVESTED_AREA
DST14,Jharsuguda,CRP005,Moong(Green Gram),2019-20,Annual,4618.31,4518.87,2623.02,0.5804592741105631,synthetic_prototype,2024_25_project_crop_structure,SEA03,CALCULATED_FROM_PRODUCTION_AND_HARVESTED_AREA
DST14,Jharsuguda,CRP005,Moong(Green Gram),2020-21,Annual,4731.91,4553.21,2767.16,0.6077382769518647,synthetic_prototype,2024_25_project_crop_structure,SEA03,CALCULATED_FROM_PRODUCTION_AND_HARVESTED_AREA
DST14,Jharsuguda,CRP005,Moong(Green Gram),2021-22,Annual,4497.61,4348.13,2624.49,0.6035905090234192,synthetic_prototype,2024_25_project_crop_structure,SEA03,CALCULATED_FROM_PRODUCTION_AND_HARVESTED_AREA
DST14,Jharsuguda,CRP005,Moong(Green Gram),2022-23,Annual,4410.94,4257.13,2859.56,0.6717107534888528,synthetic_prototype,2024_25_project_crop_structure,SEA03,CALCULATED_FROM_PRODUCTION_AND_HARVESTED_AREA
DST14,Jharsuguda,CRP005,Moong(Green Gram),2023-24,Annual,4680.17,4565.1,2994.14,0.6558761034807561,synthetic_prototype,2024_25_project_crop_structure,SEA03,CALCULATED_FROM_PRODUCTION_AND_HARVESTED_AREA
DST14,Jharsuguda,CRP005,Moong(Green Gram),2024-25,Annual,4103.11,3976.26,2616.65,0.6580681343775306,synthetic_prototype,2024_25_project_crop_structure,SEA03,CALCULATED_FROM_PRODUCTION_AND_HARVESTED_AREA
DST14,Jharsuguda,CRP007,Ragi,2015-16,Annual,7979.92,7771.78,9079.28,1.1682368775235532,synthetic_prototype,2024_25_project_crop_structure,SEA03,CALCULATED_FROM_PRODUCTION_AND_HARVESTED_AREA
DST14,Jharsuguda,CRP007,Ragi,2016-17,Annual,7546.23,7343.36,8354.71,1.137723058654349,synthetic_prototype,2024_25_project_crop_structure,SEA03,CALCULATED_FROM_PRODUCTION_AND_HARVESTED_AREA
DST14,Jharsuguda,CRP007,Ragi,2017-18,Annual,7990.92,7724.5,8561.23,1.108321574211923,synthetic_prototype,2024_25_project_crop_structure,SEA03,CALCULATED_FROM_PRODUCTION_AND_HARVESTED_AREA
DST14,Jharsuguda,CRP007,Ragi,2018-19,Annual,7951.93,7710.88,8997.6,1.16687070736414,synthetic_prototype,2024_25_project_crop_structure,SEA03,CALCULATED_FROM_PRODUCTION_AND_HARVESTED_AREA
DST14,Jharsuguda,CRP007,Ragi,2019-20,Annual,7858.8,7650.59,9241.04,1.2078859277519773,synthetic_prototype,2024_25_project_crop_structure,SEA03,CALCULATED_FROM_PRODUCTION_AND_HARVESTED_AREA
DST14,Jharsuguda,CRP007,Ragi,2020-21,Annual,8500.19,8177.24,10005.98,1.2236378044425746,synthetic_prototype,2024_25_project_crop_structure,SEA03,CALCULATED_FROM_PRODUCTION_AND_HARVESTED_AREA
DST14,Jharsuguda,CRP007,Ragi,2021-22,Annual,8065.28,7816.4,9866.59,1.262293383143135,synthetic_prototype,2024_25_project_crop_structure,SEA03,CALCULATED_FROM_PRODUCTION_AND_HARVESTED_AREA
DST14,Jharsuguda,CRP007,Ragi,2022-23,Annual,8424.5,8221.08,9669.33,1.1761629858850662,synthetic_prototype,2024_25_project_crop_structure,SEA03,CALCULATED_FROM_PRODUCTION_AND_HARVESTED_AREA
DST14,Jharsuguda,CRP007,Ragi,2023-24,Annual,7785.53,7567.37,8645.54,1.142476183931802,synthetic_prototype,2024_25_project_crop_structure,SEA03,CALCULATED_FROM_PRODUCTION_AND_HARVESTED_AREA
DST14,Jharsuguda,CRP007,Ragi,2024-25,Annual,7585.26,7351.25,8710.73,1.1849318143172929,synthetic_prototype,2024_25_project_crop_structure,SEA03,CALCULATED_FROM_PRODUCTION_AND_HARVESTED_AREA
DST14,Jharsuguda,CRP009,Rice,2015-16,Annual,40320.08,39303.59,115326.15,2.934239594907234,synthetic_prototype,2024_25_project_crop_structure,SEA03,CALCULATED_FROM_PRODUCTION_AND_HARVESTED_AREA
DST14,Jharsuguda,CRP009,Rice,2016-17,Annual,40142.96,38480.79,115061.58,2.9901044131370482,synthetic_prototype,2024_25_project_crop_structure,SEA03,CALCULATED_FROM_PRODUCTION_AND_HARVESTED_AREA
DST14,Jharsuguda,CRP009,Rice,2017-18,Annual,37707.59,36460.54,115050.25,3.1554730127419943,synthetic_prototype,2024_25_project_crop_structure,SEA03,CALCULATED_FROM_PRODUCTION_AND_HARVESTED_AREA
DST14,Jharsuguda,CRP009,Rice,2018-19,Annual,40123.54,38642.01,130429.94,3.375340464949934,synthetic_prototype,2024_25_project_crop_structure,SEA03,CALCULATED_FROM_PRODUCTION_AND_HARVESTED_AREA
DST14,Jharsuguda,CRP009,Rice,2019-20,Annual,43151.4,41479.14,139081.8,3.3530540893567222,synthetic_prototype,2024_25_project_crop_structure,SEA03,CALCULATED_FROM_PRODUCTION_AND_HARVESTED_AREA
DST14,Jharsuguda,CRP009,Rice,2020-21,Annual,43860.87,42119.36,143275.62,3.401657100202852,synthetic_prototype,2024_25_project_crop_structure,SEA03,CALCULATED_FROM_PRODUCTION_AND_HARVESTED_AREA
DST14,Jharsuguda,CRP009,Rice,2021-22,Annual,41592.22,39766.42,124284.98,3.125375128060308,synthetic_prototype,2024_25_project_crop_structure,SEA03,CALCULATED_FROM_PRODUCTION_AND_HARVESTED_AREA
DST14,Jharsuguda,CRP009,Rice,2022-23,Annual,41223.38,39795.23,114661.06,2.881276474592558,synthetic_prototype,2024_25_project_crop_structure,SEA03,CALCULATED_FROM_PRODUCTION_AND_HARVESTED_AREA
DST14,Jharsuguda,CRP009,Rice,2023-24,Annual,39672.52,38872.6,107873.29,2.7750469482360325,synthetic_prototype,2024_25_project_crop_structure,SEA03,CALCULATED_FROM_PRODUCTION_AND_HARVESTED_AREA
DST14,Jharsuguda,CRP009,Rice,2024-25,Annual,39152.16,38249.05,125744.19,3.2875114545328574,synthetic_prototype,2024_25_project_crop_structure,SEA03,CALCULATED_FROM_PRODUCTION_AND_HARVESTED_AREA
DST14,Jharsuguda,CRP010,Sesamum,2015-16,Annual,1683.96,1613.0,909.59,0.5639119652820831,synthetic_prototype,2024_25_project_crop_structure,SEA03,CALCULATED_FROM_PRODUCTION_AND_HARVESTED_AREA
DST14,Jharsuguda,CRP010,Sesamum,2016-17,Annual,1680.06,1633.83,990.39,0.6061768972292099,synthetic_prototype,2024_25_project_crop_structure,SEA03,CALCULATED_FROM_PRODUCTION_AND_HARVESTED_AREA
DST14,Jharsuguda,CRP010,Sesamum,2017-18,Annual,1598.92,1557.79,938.17,0.602244204931345,synthetic_prototype,2024_25_project_crop_structure,SEA03,CALCULATED_FROM_PRODUCTION_AND_HARVESTED_AREA
DST14,Jharsuguda,CRP010,Sesamum,2018-19,Annual,1622.32,1570.6,1011.69,0.6441423659747868,synthetic_prototype,2024_25_project_crop_structure,SEA03,CALCULATED_FROM_PRODUCTION_AND_HARVESTED_AREA
DST14,Jharsuguda,CRP010,Sesamum,2019-20,Annual,1755.97,1698.22,1030.16,0.6066116286464651,synthetic_prototype,2024_25_project_crop_structure,SEA03,CALCULATED_FROM_PRODUCTION_AND_HARVESTED_AREA
DST14,Jharsuguda,CRP010,Sesamum,2020-21,Annual,1772.97,1719.18,1040.74,0.605370001977687,synthetic_prototype,2024_25_project_crop_structure,SEA03,CALCULATED_FROM_PRODUCTION_AND_HARVESTED_AREA
DST14,Jharsuguda,CRP010,Sesamum,2021-22,Annual,1742.3,1689.71,967.46,0.572559788366051,synthetic_prototype,2024_25_project_crop_structure,SEA03,CALCULATED_FROM_PRODUCTION_AND_HARVESTED_AREA
DST14,Jharsuguda,CRP010,Sesamum,2022-23,Annual,1782.88,1704.75,927.44,0.5440328493914064,synthetic_prototype,2024_25_project_crop_structure,SEA03,CALCULATED_FROM_PRODUCTION_AND_HARVESTED_AREA
DST14,Jharsuguda,CRP010,Sesamum,2023-24,Annual,1659.5,1608.01,885.9,0.5509294096429749,synthetic_prototype,2024_25_project_crop_structure,SEA03,CALCULATED_FROM_PRODUCTION_AND_HARVESTED_AREA
DST14,Jharsuguda,CRP010,Sesamum,2024-25,Annual,1639.36,1592.06,935.52,0.5876160446214339,synthetic_prototype,2024_25_project_crop_structure,SEA03,CALCULATED_FROM_PRODUCTION_AND_HARVESTED_AREA
DST14,Jharsuguda,CRP012,Urad,2015-16,Annual,2522.73,2448.34,2696.97,1.1015504382561243,synthetic_prototype,2024_25_project_crop_structure,SEA03,CALCULATED_FROM_PRODUCTION_AND_HARVESTED_AREA
DST14,Jharsuguda,CRP012,Urad,2016-17,Annual,2358.91,2300.48,2796.35,1.2155506676867436,synthetic_prototype,2024_25_project_crop_structure,SEA03,CALCULATED_FROM_PRODUCTION_AND_HARVESTED_AREA
DST14,Jharsuguda,CRP012,Urad,2017-18,Annual,2250.68,2205.02,2700.32,1.2246238129359373,synthetic_prototype,2024_25_project_crop_structure,SEA03,CALCULATED_FROM_PRODUCTION_AND_HARVESTED_AREA
DST14,Jharsuguda,CRP012,Urad,2018-19,Annual,2431.1,2329.83,2829.76,1.2145778876570394,synthetic_prototype,2024_25_project_crop_structure,SEA03,CALCULATED_FROM_PRODUCTION_AND_HARVESTED_AREA
DST14,Jharsuguda,CRP012,Urad,2019-20,Annual,2323.42,2238.47,2654.04,1.185649126412237,synthetic_prototype,2024_25_project_crop_structure,SEA03,CALCULATED_FROM_PRODUCTION_AND_HARVESTED_AREA
DST14,Jharsuguda,CRP012,Urad,2020-21,Annual,2476.07,2381.8,2708.47,1.1371525736837684,synthetic_prototype,2024_25_project_crop_structure,SEA03,CALCULATED_FROM_PRODUCTION_AND_HARVESTED_AREA
DST14,Jharsuguda,CRP012,Urad,2021-22,Annual,2661.16,2584.33,2584.04,0.9998877852286666,synthetic_prototype,2024_25_project_crop_structure,SEA03,CALCULATED_FROM_PRODUCTION_AND_HARVESTED_AREA
DST14,Jharsuguda,CRP012,Urad,2022-23,Annual,2475.89,2423.61,2553.93,1.0537710275168033,synthetic_prototype,2024_25_project_crop_structure,SEA03,CALCULATED_FROM_PRODUCTION_AND_HARVESTED_AREA
DST14,Jharsuguda,CRP012,Urad,2023-24,Annual,2421.09,2369.34,2731.6,1.1528948990014096,synthetic_prototype,2024_25_project_crop_structure,SEA03,CALCULATED_FROM_PRODUCTION_AND_HARVESTED_AREA
DST14,Jharsuguda,CRP012,Urad,2024-25,Annual,2420.3,2318.89,2602.04,1.122105835119389,synthetic_prototype,2024_25_project_crop_structure,SEA03,CALCULATED_FROM_PRODUCTION_AND_HARVESTED_AREA
DST14,Jharsuguda,CRP002,Horse Gram,2015-16,Annual,5185.98,5052.67,3366.54,0.6662893084250505,synthetic_prototype,2024_25_project_crop_structure,SEA03,CALCULATED_FROM_PRODUCTION_AND_HARVESTED_AREA
DST14,Jharsuguda,CRP002,Horse Gram,2016-17,Annual,4814.88,4687.35,2865.66,0.6113603635316329,synthetic_prototype,2024_25_project_crop_structure,SEA03,CALCULATED_FROM_PRODUCTION_AND_HARVESTED_AREA
DST14,Jharsuguda,CRP002,Horse Gram,2017-18,Annual,4877.45,4705.3,2750.61,0.584576966399592,synthetic_prototype,2024_25_project_crop_structure,SEA03,CALCULATED_FROM_PRODUCTION_AND_HARVESTED_AREA
DST14,Jharsuguda,CRP002,Horse Gram,2018-19,Annual,4661.44,4504.46,2583.29,0.5734960461409359,synthetic_prototype,2024_25_project_crop_structure,SEA03,CALCULATED_FROM_PRODUCTION_AND_HARVESTED_AREA
DST14,Jharsuguda,CRP002,Horse Gram,2019-20,Annual,4951.18,4736.78,2777.59,0.586387799306702,synthetic_prototype,2024_25_project_crop_structure,SEA03,CALCULATED_FROM_PRODUCTION_AND_HARVESTED_AREA
DST14,Jharsuguda,CRP002,Horse Gram,2020-21,Annual,5156.39,5019.77,3214.1,0.6402883000615566,synthetic_prototype,2024_25_project_crop_structure,SEA03,CALCULATED_FROM_PRODUCTION_AND_HARVESTED_AREA
DST14,Jharsuguda,CRP002,Horse Gram,2021-22,Annual,5135.08,4988.51,3163.25,0.6341071782957235,synthetic_prototype,2024_25_project_crop_structure,SEA03,CALCULATED_FROM_PRODUCTION_AND_HARVESTED_AREA
DST14,Jharsuguda,CRP002,Horse Gram,2022-23,Annual,4898.86,4794.59,3258.85,0.6796931541591669,synthetic_prototype,2024_25_project_crop_structure,SEA03,CALCULATED_FROM_PRODUCTION_AND_HARVESTED_AREA
DST14,Jharsuguda,CRP002,Horse Gram,2023-24,Annual,4825.39,4652.43,3178.75,0.6832450998725397,synthetic_prototype,2024_25_project_crop_structure,SEA03,CALCULATED_FROM_PRODUCTION_AND_HARVESTED_AREA
DST14,Jharsuguda,CRP002,Horse Gram,2024-25,Annual,5043.94,4881.15,3030.59,0.6208762279380884,synthetic_prototype,2024_25_project_crop_structure,SEA03,CALCULATED_FROM_PRODUCTION_AND_HARVESTED_AREA
DST14,Jharsuguda,CRP006,Potato,2015-16,Annual,3332.48,3211.92,45959.25,14.308964731375626,synthetic_prototype,2024_25_project_crop_structure,SEA03,CALCULATED_FROM_PRODUCTION_AND_HARVESTED_AREA
DST14,Jharsuguda,CRP006,Potato,2016-17,Annual,3620.21,3510.47,46100.68,13.132338404828984,synthetic_prototype,2024_25_project_crop_structure,SEA03,CALCULATED_FROM_PRODUCTION_AND_HARVESTED_AREA
DST14,Jharsuguda,CRP006,Potato,2017-18,Annual,3314.57,3193.81,44374.72,13.893976160134761,synthetic_prototype,2024_25_project_crop_structure,SEA03,CALCULATED_FROM_PRODUCTION_AND_HARVESTED_AREA
DST14,Jharsuguda,CRP006,Potato,2018-19,Annual,3378.02,3301.18,48616.24,14.726927946976536,synthetic_prototype,2024_25_project_crop_structure,SEA03,CALCULATED_FROM_PRODUCTION_AND_HARVESTED_AREA
DST14,Jharsuguda,CRP006,Potato,2019-20,Annual,3690.89,3549.31,54238.88,15.281527958955403,synthetic_prototype,2024_25_project_crop_structure,SEA03,CALCULATED_FROM_PRODUCTION_AND_HARVESTED_AREA
DST14,Jharsuguda,CRP006,Potato,2020-21,Annual,3614.31,3476.49,52474.62,15.094138053036254,synthetic_prototype,2024_25_project_crop_structure,SEA03,CALCULATED_FROM_PRODUCTION_AND_HARVESTED_AREA
DST14,Jharsuguda,CRP006,Potato,2021-22,Annual,3531.5,3412.15,53249.6,15.60587899125185,synthetic_prototype,2024_25_project_crop_structure,SEA03,CALCULATED_FROM_PRODUCTION_AND_HARVESTED_AREA
DST14,Jharsuguda,CRP006,Potato,2022-23,Annual,3605.27,3458.13,49157.66,14.215098911839636,synthetic_prototype,2024_25_project_crop_structure,SEA03,CALCULATED_FROM_PRODUCTION_AND_HARVESTED_AREA
DST14,Jharsuguda,CRP006,Potato,2023-24,Annual,3388.49,3296.17,46197.42,14.015484638231644,synthetic_prototype,2024_25_project_crop_structure,SEA03,CALCULATED_FROM_PRODUCTION_AND_HARVESTED_AREA
DST14,Jharsuguda,CRP006,Potato,2024-25,Annual,3372.77,3236.07,44404.92,13.72186633787279,synthetic_prototype,2024_25_project_crop_structure,SEA03,CALCULATED_FROM_PRODUCTION_AND_HARVESTED_AREA
DST14,Jharsuguda,CRP008,Rapeseed &Mustard,2015-16,Annual,4696.95,4553.97,4633.35,1.0174309448678844,synthetic_prototype,2024_25_project_crop_structure,SEA03,CALCULATED_FROM_PRODUCTION_AND_HARVESTED_AREA
DST14,Jharsuguda,CRP008,Rapeseed &Mustard,2016-17,Annual,4694.06,4565.44,4987.89,1.0925321546225557,synthetic_prototype,2024_25_project_crop_structure,SEA03,CALCULATED_FROM_PRODUCTION_AND_HARVESTED_AREA
DST14,Jharsuguda,CRP008,Rapeseed &Mustard,2017-18,Annual,4912.16,4809.28,5524.58,1.1487332823208465,synthetic_prototype,2024_25_project_crop_structure,SEA03,CALCULATED_FROM_PRODUCTION_AND_HARVESTED_AREA
DST14,Jharsuguda,CRP008,Rapeseed &Mustard,2018-19,Annual,4549.25,4381.8,5294.37,1.2082637272353827,synthetic_prototype,2024_25_project_crop_structure,SEA03,CALCULATED_FROM_PRODUCTION_AND_HARVESTED_AREA
DST14,Jharsuguda,CRP008,Rapeseed &Mustard,2019-20,Annual,4880.92,4725.29,5918.95,1.2526109508622751,synthetic_prototype,2024_25_project_crop_structure,SEA03,CALCULATED_FROM_PRODUCTION_AND_HARVESTED_AREA
DST14,Jharsuguda,CRP008,Rapeseed &Mustard,2020-21,Annual,5243.16,5130.17,5867.53,1.1437301298007667,synthetic_prototype,2024_25_project_crop_structure,SEA03,CALCULATED_FROM_PRODUCTION_AND_HARVESTED_AREA
DST14,Jharsuguda,CRP008,Rapeseed &Mustard,2021-22,Annual,5101.36,4968.69,5700.72,1.147328571514826,synthetic_prototype,2024_25_project_crop_structure,SEA03,CALCULATED_FROM_PRODUCTION_AND_HARVESTED_AREA
DST14,Jharsuguda,CRP008,Rapeseed &Mustard,2022-23,Annual,5070.98,4876.82,5566.4,1.1413995185387198,synthetic_prototype,2024_25_project_crop_structure,SEA03,CALCULATED_FROM_PRODUCTION_AND_HARVESTED_AREA
DST14,Jharsuguda,CRP008,Rapeseed &Mustard,2023-24,Annual,4804.08,4648.72,4836.89,1.040477808945258,synthetic_prototype,2024_25_project_crop_structure,SEA03,CALCULATED_FROM_PRODUCTION_AND_HARVESTED_AREA
DST14,Jharsuguda,CRP008,Rapeseed &Mustard,2024-25,Annual,4587.9,4483.61,4654.43,1.0380987641654829,synthetic_prototype,2024_25_project_crop_structure,SEA03,CALCULATED_FROM_PRODUCTION_AND_HARVESTED_AREA
DST14,Jharsuguda,CRP011,Sugarcane,2015-16,Annual,8832.38,8500.78,583266.72,68.61331783671615,synthetic_prototype,2024_25_project_crop_structure,SEA03,CALCULATED_FROM_PRODUCTION_AND_HARVESTED_AREA
DST14,Jharsuguda,CRP011,Sugarcane,2016-17,Annual,7959.44,7727.37,570919.72,73.88279841653758,synthetic_prototype,2024_25_project_crop_structure,SEA03,CALCULATED_FROM_PRODUCTION_AND_HARVESTED_AREA
DST14,Jharsuguda,CRP011,Sugarcane,2017-18,Annual,7942.57,7742.83,564281.9,72.87799163871608,synthetic_prototype,2024_25_project_crop_structure,SEA03,CALCULATED_FROM_PRODUCTION_AND_HARVESTED_AREA
DST14,Jharsuguda,CRP011,Sugarcane,2018-19,Annual,8495.44,8232.98,643585.85,78.17167659826697,synthetic_prototype,2024_25_project_crop_structure,SEA03,CALCULATED_FROM_PRODUCTION_AND_HARVESTED_AREA
DST14,Jharsuguda,CRP011,Sugarcane,2019-20,Annual,8155.91,7964.99,626606.22,78.67005733842728,synthetic_prototype,2024_25_project_crop_structure,SEA03,CALCULATED_FROM_PRODUCTION_AND_HARVESTED_AREA
DST14,Jharsuguda,CRP011,Sugarcane,2020-21,Annual,8601.18,8305.21,591951.63,71.27473357085493,synthetic_prototype,2024_25_project_crop_structure,SEA03,CALCULATED_FROM_PRODUCTION_AND_HARVESTED_AREA
DST14,Jharsuguda,CRP011,Sugarcane,2021-22,Annual,8468.18,8209.79,578817.81,70.50336366703655,synthetic_prototype,2024_25_project_crop_structure,SEA03,CALCULATED_FROM_PRODUCTION_AND_HARVESTED_AREA
DST14,Jharsuguda,CRP011,Sugarcane,2022-23,Annual,8121.62,7839.22,540891.76,68.99816053127735,synthetic_prototype,2024_25_project_crop_structure,SEA03,CALCULATED_FROM_PRODUCTION_AND_HARVESTED_AREA
DST14,Jharsuguda,CRP011,Sugarcane,2023-24,Annual,7985.22,7675.04,525705.4,68.49546060997729,synthetic_prototype,2024_25_project_crop_structure,SEA03,CALCULATED_FROM_PRODUCTION_AND_HARVESTED_AREA
DST14,Jharsuguda,CRP011,Sugarcane,2024-25,Annual,7975.25,7738.45,530966.9,68.61411522979408,synthetic_prototype,2024_25_project_crop_structure,SEA03,CALCULATED_FROM_PRODUCTION_AND_HARVESTED_AREA
DST14,Jharsuguda,CRP003,Jute,2015-16,Annual,6037.39,5886.67,9473.16,1.6092561668991128,synthetic_prototype,2024_25_project_crop_structure,SEA03,CALCULATED_FROM_PRODUCTION_AND_HARVESTED_AREA
DST14,Jharsuguda,CRP003,Jute,2016-17,Annual,5909.55,5760.68,8900.4,1.5450259344382953,synthetic_prototype,2024_25_project_crop_structure,SEA03,CALCULATED_FROM_PRODUCTION_AND_HARVESTED_AREA
DST14,Jharsuguda,CRP003,Jute,2017-18,Annual,5795.29,5548.57,8559.07,1.5425722303224074,synthetic_prototype,2024_25_project_crop_structure,SEA03,CALCULATED_FROM_PRODUCTION_AND_HARVESTED_AREA
DST14,Jharsuguda,CRP003,Jute,2018-19,Annual,5899.54,5714.1,8321.58,1.4563238305244919,synthetic_prototype,2024_25_project_crop_structure,SEA03,CALCULATED_FROM_PRODUCTION_AND_HARVESTED_AREA
DST14,Jharsuguda,CRP003,Jute,2019-20,Annual,6128.83,5855.25,9048.67,1.5453943042568634,synthetic_prototype,2024_25_project_crop_structure,SEA03,CALCULATED_FROM_PRODUCTION_AND_HARVESTED_AREA
DST14,Jharsuguda,CRP003,Jute,2020-21,Annual,6045.69,5921.4,9764.56,1.6490289458573986,synthetic_prototype,2024_25_project_crop_structure,SEA03,CALCULATED_FROM_PRODUCTION_AND_HARVESTED_AREA
DST14,Jharsuguda,CRP003,Jute,2021-22,Annual,6145.69,5909.02,9818.78,1.661659632223279,synthetic_prototype,2024_25_project_crop_structure,SEA03,CALCULATED_FROM_PRODUCTION_AND_HARVESTED_AREA
DST14,Jharsuguda,CRP003,Jute,2022-23,Annual,6027.87,5862.25,10061.94,1.7163955819011472,synthetic_prototype,2024_25_project_crop_structure,SEA03,CALCULATED_FROM_PRODUCTION_AND_HARVESTED_AREA
DST14,Jharsuguda,CRP003,Jute,2023-24,Annual,5742.75,5496.33,8492.05,1.5450400539996687,synthetic_prototype,2024_25_project_crop_structure,SEA03,CALCULATED_FROM_PRODUCTION_AND_HARVESTED_AREA
DST14,Jharsuguda,CRP003,Jute,2024-25,Annual,5537.86,5315.89,7914.7,1.4888758044278567,synthetic_prototype,2024_25_project_crop_structure,SEA03,CALCULATED_FROM_PRODUCTION_AND_HARVESTED_AREA
DST14,Jharsuguda,CRP013,Wheat,2015-16,Annual,681.54,656.74,2025.33,3.083914486707068,synthetic_prototype,2024_25_project_crop_structure,SEA03,CALCULATED_FROM_PRODUCTION_AND_HARVESTED_AREA
DST14,Jharsuguda,CRP013,Wheat,2016-17,Annual,672.46,651.71,1978.21,3.035414524865354,synthetic_prototype,2024_25_project_crop_structure,SEA03,CALCULATED_FROM_PRODUCTION_AND_HARVESTED_AREA
DST14,Jharsuguda,CRP013,Wheat,2017-18,Annual,682.6,655.7,2025.96,3.089766661583041,synthetic_prototype,2024_25_project_crop_structure,SEA03,CALCULATED_FROM_PRODUCTION_AND_HARVESTED_AREA
DST14,Jharsuguda,CRP013,Wheat,2018-19,Annual,661.89,642.33,2140.34,3.3321501408933103,synthetic_prototype,2024_25_project_crop_structure,SEA03,CALCULATED_FROM_PRODUCTION_AND_HARVESTED_AREA
DST14,Jharsuguda,CRP013,Wheat,2019-20,Annual,667.91,644.9,1940.41,3.0088540859047916,synthetic_prototype,2024_25_project_crop_structure,SEA03,CALCULATED_FROM_PRODUCTION_AND_HARVESTED_AREA
DST14,Jharsuguda,CRP013,Wheat,2020-21,Annual,669.54,646.23,1853.26,2.8678024851832937,synthetic_prototype,2024_25_project_crop_structure,SEA03,CALCULATED_FROM_PRODUCTION_AND_HARVESTED_AREA
DST14,Jharsuguda,CRP013,Wheat,2021-22,Annual,665.92,643.06,1848.83,2.8750505396075017,synthetic_prototype,2024_25_project_crop_structure,SEA03,CALCULATED_FROM_PRODUCTION_AND_HARVESTED_AREA
DST14,Jharsuguda,CRP013,Wheat,2022-23,Annual,685.37,670.59,1896.49,2.82809168046049,synthetic_prototype,2024_25_project_crop_structure,SEA03,CALCULATED_FROM_PRODUCTION_AND_HARVESTED_AREA
DST14,Jharsuguda,CRP013,Wheat,2023-24,Annual,680.46,655.53,1869.52,2.851921346086373,synthetic_prototype,2024_25_project_crop_structure,SEA03,CALCULATED_FROM_PRODUCTION_AND_HARVESTED_AREA
DST14,Jharsuguda,CRP013,Wheat,2024-25,Annual,656.47,636.34,1878.83,2.952556809252915,synthetic_prototype,2024_25_project_crop_structure,SEA03,CALCULATED_FROM_PRODUCTION_AND_HARVESTED_AREA
DST15,Kalahandi,CRP001,Groundnut,2015-16,Annual,1705.53,1660.27,3168.7,1.9085449956934715,synthetic_prototype,2024_25_project_crop_structure,SEA03,CALCULATED_FROM_PRODUCTION_AND_HARVESTED_AREA
DST15,Kalahandi,CRP001,Groundnut,2016-17,Annual,1579.29,1529.94,2799.04,1.8295096539733584,synthetic_prototype,2024_25_project_crop_structure,SEA03,CALCULATED_FROM_PRODUCTION_AND_HARVESTED_AREA
DST15,Kalahandi,CRP001,Groundnut,2017-18,Annual,1525.29,1482.7,2712.91,1.8297093140891616,synthetic_prototype,2024_25_project_crop_structure,SEA03,CALCULATED_FROM_PRODUCTION_AND_HARVESTED_AREA
DST15,Kalahandi,CRP001,Groundnut,2018-19,Annual,1608.28,1564.46,2747.45,1.7561650665405315,synthetic_prototype,2024_25_project_crop_structure,SEA03,CALCULATED_FROM_PRODUCTION_AND_HARVESTED_AREA
DST15,Kalahandi,CRP001,Groundnut,2019-20,Annual,1623.08,1563.55,2750.56,1.7591762335710404,synthetic_prototype,2024_25_project_crop_structure,SEA03,CALCULATED_FROM_PRODUCTION_AND_HARVESTED_AREA
DST15,Kalahandi,CRP001,Groundnut,2020-21,Annual,1673.01,1617.21,2977.16,1.8409235658943488,synthetic_prototype,2024_25_project_crop_structure,SEA03,CALCULATED_FROM_PRODUCTION_AND_HARVESTED_AREA
DST15,Kalahandi,CRP001,Groundnut,2021-22,Annual,1617.97,1548.28,3059.09,1.9757989510941174,synthetic_prototype,2024_25_project_crop_structure,SEA03,CALCULATED_FROM_PRODUCTION_AND_HARVESTED_AREA
DST15,Kalahandi,CRP001,Groundnut,2022-23,Annual,1633.97,1591.57,3267.55,2.053035681748211,synthetic_prototype,2024_25_project_crop_structure,SEA03,CALCULATED_FROM_PRODUCTION_AND_HARVESTED_AREA
DST15,Kalahandi,CRP001,Groundnut,2023-24,Annual,1639.24,1578.29,3211.87,2.0350315848164784,synthetic_prototype,2024_25_project_crop_structure,SEA03,CALCULATED_FROM_PRODUCTION_AND_HARVESTED_AREA
DST15,Kalahandi,CRP001,Groundnut,2024-25,Annual,1582.2,1535.82,2922.95,1.9031852691070568,synthetic_prototype,2024_25_project_crop_structure,SEA03,CALCULATED_FROM_PRODUCTION_AND_HARVESTED_AREA
DST15,Kalahandi,CRP004,Maize,2015-16,Annual,4569.63,4446.88,13215.84,2.971935379412082,synthetic_prototype,2024_25_project_crop_structure,SEA03,CALCULATED_FROM_PRODUCTION_AND_HARVESTED_AREA
DST15,Kalahandi,CRP004,Maize,2016-17,Annual,4373.16,4209.46,11368.13,2.7006148056995434,synthetic_prototype,2024_25_project_crop_structure,SEA03,CALCULATED_FROM_PRODUCTION_AND_HARVESTED_AREA
DST15,Kalahandi,CRP004,Maize,2017-18,Annual,4451.48,4305.01,11547.17,2.682263223546519,synthetic_prototype,2024_25_project_crop_structure,SEA03,CALCULATED_FROM_PRODUCTION_AND_HARVESTED_AREA
DST15,Kalahandi,CRP004,Maize,2018-19,Annual,4573.87,4398.04,13455.9,3.059521968877045,synthetic_prototype,2024_25_project_crop_structure,SEA03,CALCULATED_FROM_PRODUCTION_AND_HARVESTED_AREA
DST15,Kalahandi,CRP004,Maize,2019-20,Annual,4718.35,4539.61,14100.66,3.106139073620862,synthetic_prototype,2024_25_project_crop_structure,SEA03,CALCULATED_FROM_PRODUCTION_AND_HARVESTED_AREA
DST15,Kalahandi,CRP004,Maize,2020-21,Annual,4508.04,4334.46,13765.79,3.1758950365212737,synthetic_prototype,2024_25_project_crop_structure,SEA03,CALCULATED_FROM_PRODUCTION_AND_HARVESTED_AREA
DST15,Kalahandi,CRP004,Maize,2021-22,Annual,4714.24,4603.16,14345.12,3.1163635415670976,synthetic_prototype,2024_25_project_crop_structure,SEA03,CALCULATED_FROM_PRODUCTION_AND_HARVESTED_AREA
DST15,Kalahandi,CRP004,Maize,2022-23,Annual,4586.87,4433.26,13900.93,3.135599987368212,synthetic_prototype,2024_25_project_crop_structure,SEA03,CALCULATED_FROM_PRODUCTION_AND_HARVESTED_AREA
DST15,Kalahandi,CRP004,Maize,2023-24,Annual,4306.65,4138.8,11761.39,2.841739151444863,synthetic_prototype,2024_25_project_crop_structure,SEA03,CALCULATED_FROM_PRODUCTION_AND_HARVESTED_AREA
DST15,Kalahandi,CRP004,Maize,2024-25,Annual,4324.17,4154.37,11997.1,2.8878265537253545,synthetic_prototype,2024_25_project_crop_structure,SEA03,CALCULATED_FROM_PRODUCTION_AND_HARVESTED_AREA
DST15,Kalahandi,CRP005,Moong(Green Gram),2015-16,Annual,5459.11,5239.21,3390.92,0.6472197144225943,synthetic_prototype,2024_25_project_crop_structure,SEA03,CALCULATED_FROM_PRODUCTION_AND_HARVESTED_AREA
DST15,Kalahandi,CRP005,Moong(Green Gram),2016-17,Annual,5318.34,5127.29,3313.25,0.6461990642230107,synthetic_prototype,2024_25_project_crop_structure,SEA03,CALCULATED_FROM_PRODUCTION_AND_HARVESTED_AREA
DST15,Kalahandi,CRP005,Moong(Green Gram),2017-18,Annual,5886.02,5759.98,3419.99,0.5937503255219636,synthetic_prototype,2024_25_project_crop_structure,SEA03,CALCULATED_FROM_PRODUCTION_AND_HARVESTED_AREA
DST15,Kalahandi,CRP005,Moong(Green Gram),2018-19,Annual,5521.51,5361.46,3363.61,0.6273682914728451,synthetic_prototype,2024_25_project_crop_structure,SEA03,CALCULATED_FROM_PRODUCTION_AND_HARVESTED_AREA
DST15,Kalahandi,CRP005,Moong(Green Gram),2019-20,Annual,5995.95,5838.33,3747.88,0.6419438435305986,synthetic_prototype,2024_25_project_crop_structure,SEA03,CALCULATED_FROM_PRODUCTION_AND_HARVESTED_AREA
DST15,Kalahandi,CRP005,Moong(Green Gram),2020-21,Annual,5824.37,5672.99,3585.06,0.6319524624580689,synthetic_prototype,2024_25_project_crop_structure,SEA03,CALCULATED_FROM_PRODUCTION_AND_HARVESTED_AREA
DST15,Kalahandi,CRP005,Moong(Green Gram),2021-22,Annual,5802.09,5636.61,4020.92,0.7133578516164859,synthetic_prototype,2024_25_project_crop_structure,SEA03,CALCULATED_FROM_PRODUCTION_AND_HARVESTED_AREA
DST15,Kalahandi,CRP005,Moong(Green Gram),2022-23,Annual,5813.88,5653.58,3808.14,0.6735802801057029,synthetic_prototype,2024_25_project_crop_structure,SEA03,CALCULATED_FROM_PRODUCTION_AND_HARVESTED_AREA
DST15,Kalahandi,CRP005,Moong(Green Gram),2023-24,Annual,5342.84,5195.38,3907.8,0.752168272580639,synthetic_prototype,2024_25_project_crop_structure,SEA03,CALCULATED_FROM_PRODUCTION_AND_HARVESTED_AREA
DST15,Kalahandi,CRP005,Moong(Green Gram),2024-25,Annual,5759.92,5642.88,3817.11,0.6764471333787002,synthetic_prototype,2024_25_project_crop_structure,SEA03,CALCULATED_FROM_PRODUCTION_AND_HARVESTED_AREA
DST15,Kalahandi,CRP007,Ragi,2015-16,Annual,6041.27,5918.42,5809.86,0.9816572666353519,synthetic_prototype,2024_25_project_crop_structure,SEA03,CALCULATED_FROM_PRODUCTION_AND_HARVESTED_AREA
DST15,Kalahandi,CRP007,Ragi,2016-17,Annual,5948.49,5728.94,5032.52,0.8784382451203889,synthetic_prototype,2024_25_project_crop_structure,SEA03,CALCULATED_FROM_PRODUCTION_AND_HARVESTED_AREA
DST15,Kalahandi,CRP007,Ragi,2017-18,Annual,5746.11,5504.77,5388.3,0.9788419861320272,synthetic_prototype,2024_25_project_crop_structure,SEA03,CALCULATED_FROM_PRODUCTION_AND_HARVESTED_AREA
DST15,Kalahandi,CRP007,Ragi,2018-19,Annual,5989.56,5747.06,5707.87,0.993180861170755,synthetic_prototype,2024_25_project_crop_structure,SEA03,CALCULATED_FROM_PRODUCTION_AND_HARVESTED_AREA
DST15,Kalahandi,CRP007,Ragi,2019-20,Annual,6184.47,5978.63,6186.69,1.0348006148565807,synthetic_prototype,2024_25_project_crop_structure,SEA03,CALCULATED_FROM_PRODUCTION_AND_HARVESTED_AREA
DST15,Kalahandi,CRP007,Ragi,2020-21,Annual,6203.57,6007.06,6130.46,1.0205424949975528,synthetic_prototype,2024_25_project_crop_structure,SEA03,CALCULATED_FROM_PRODUCTION_AND_HARVESTED_AREA
DST15,Kalahandi,CRP007,Ragi,2021-22,Annual,6008.5,5783.2,5871.97,1.0153496334209435,synthetic_prototype,2024_25_project_crop_structure,SEA03,CALCULATED_FROM_PRODUCTION_AND_HARVESTED_AREA
DST15,Kalahandi,CRP007,Ragi,2022-23,Annual,5920.17,5754.7,5522.15,0.9595895528872052,synthetic_prototype,2024_25_project_crop_structure,SEA03,CALCULATED_FROM_PRODUCTION_AND_HARVESTED_AREA
DST15,Kalahandi,CRP007,Ragi,2023-24,Annual,5800.47,5609.48,5162.66,0.9203455578770225,synthetic_prototype,2024_25_project_crop_structure,SEA03,CALCULATED_FROM_PRODUCTION_AND_HARVESTED_AREA
DST15,Kalahandi,CRP007,Ragi,2024-25,Annual,6092.42,5920.64,5479.2,0.9254404929196842,synthetic_prototype,2024_25_project_crop_structure,SEA03,CALCULATED_FROM_PRODUCTION_AND_HARVESTED_AREA
DST15,Kalahandi,CRP009,Rice,2015-16,Annual,54824.36,53199.59,170248.71,3.200188384910485,synthetic_prototype,2024_25_project_crop_structure,SEA03,CALCULATED_FROM_PRODUCTION_AND_HARVESTED_AREA
DST15,Kalahandi,CRP009,Rice,2016-17,Annual,53239.24,51826.75,171180.25,3.3029323660079015,synthetic_prototype,2024_25_project_crop_structure,SEA03,CALCULATED_FROM_PRODUCTION_AND_HARVESTED_AREA
DST15,Kalahandi,CRP009,Rice,2017-18,Annual,49306.04,47495.09,161314.74,3.3964508752378406,synthetic_prototype,2024_25_project_crop_structure,SEA03,CALCULATED_FROM_PRODUCTION_AND_HARVESTED_AREA
DST15,Kalahandi,CRP009,Rice,2018-19,Annual,52773.65,51261.88,183951.72,3.5884700288011286,synthetic_prototype,2024_25_project_crop_structure,SEA03,CALCULATED_FROM_PRODUCTION_AND_HARVESTED_AREA
DST15,Kalahandi,CRP009,Rice,2019-20,Annual,55163.73,53538.32,191919.87,3.584719692362405,synthetic_prototype,2024_25_project_crop_structure,SEA03,CALCULATED_FROM_PRODUCTION_AND_HARVESTED_AREA
DST15,Kalahandi,CRP009,Rice,2020-21,Annual,56701.73,54905.56,191338.08,3.484857999809127,synthetic_prototype,2024_25_project_crop_structure,SEA03,CALCULATED_FROM_PRODUCTION_AND_HARVESTED_AREA
DST15,Kalahandi,CRP009,Rice,2021-22,Annual,55159.74,53578.02,191278.32,3.5700893762031525,synthetic_prototype,2024_25_project_crop_structure,SEA03,CALCULATED_FROM_PRODUCTION_AND_HARVESTED_AREA
DST15,Kalahandi,CRP009,Rice,2022-23,Annual,56480.54,54277.74,179800.71,3.312604946337117,synthetic_prototype,2024_25_project_crop_structure,SEA03,CALCULATED_FROM_PRODUCTION_AND_HARVESTED_AREA
DST15,Kalahandi,CRP009,Rice,2023-24,Annual,53492.52,51281.8,159106.64,3.1025946827139452,synthetic_prototype,2024_25_project_crop_structure,SEA03,CALCULATED_FROM_PRODUCTION_AND_HARVESTED_AREA
DST15,Kalahandi,CRP009,Rice,2024-25,Annual,53347.69,52157.5,172643.98,3.310050903513397,synthetic_prototype,2024_25_project_crop_structure,SEA03,CALCULATED_FROM_PRODUCTION_AND_HARVESTED_AREA
DST15,Kalahandi,CRP010,Sesamum,2015-16,Annual,1440.74,1377.22,682.0,0.49520047632186576,synthetic_prototype,2024_25_project_crop_structure,SEA03,CALCULATED_FROM_PRODUCTION_AND_HARVESTED_AREA
DST15,Kalahandi,CRP010,Sesamum,2016-17,Annual,1342.63,1285.3,650.24,0.5059052361316424,synthetic_prototype,2024_25_project_crop_structure,SEA03,CALCULATED_FROM_PRODUCTION_AND_HARVESTED_AREA
DST15,Kalahandi,CRP010,Sesamum,2017-18,Annual,1386.57,1330.51,736.49,0.5535396201456585,synthetic_prototype,2024_25_project_crop_structure,SEA03,CALCULATED_FROM_PRODUCTION_AND_HARVESTED_AREA
DST15,Kalahandi,CRP010,Sesamum,2018-19,Annual,1375.62,1329.53,705.42,0.5305784751002234,synthetic_prototype,2024_25_project_crop_structure,SEA03,CALCULATED_FROM_PRODUCTION_AND_HARVESTED_AREA
DST15,Kalahandi,CRP010,Sesamum,2019-20,Annual,1373.14,1344.95,756.32,0.5623406074575263,synthetic_prototype,2024_25_project_crop_structure,SEA03,CALCULATED_FROM_PRODUCTION_AND_HARVESTED_AREA
DST15,Kalahandi,CRP010,Sesamum,2020-21,Annual,1468.28,1415.74,761.43,0.5378318052749799,synthetic_prototype,2024_25_project_crop_structure,SEA03,CALCULATED_FROM_PRODUCTION_AND_HARVESTED_AREA
DST15,Kalahandi,CRP010,Sesamum,2021-22,Annual,1404.76,1349.03,730.19,0.5412703942832999,synthetic_prototype,2024_25_project_crop_structure,SEA03,CALCULATED_FROM_PRODUCTION_AND_HARVESTED_AREA
DST15,Kalahandi,CRP010,Sesamum,2022-23,Annual,1442.44,1404.68,707.6,0.5037446251103455,synthetic_prototype,2024_25_project_crop_structure,SEA03,CALCULATED_FROM_PRODUCTION_AND_HARVESTED_AREA
DST15,Kalahandi,CRP010,Sesamum,2023-24,Annual,1355.05,1327.94,671.83,0.505918942120879,synthetic_prototype,2024_25_project_crop_structure,SEA03,CALCULATED_FROM_PRODUCTION_AND_HARVESTED_AREA
DST15,Kalahandi,CRP010,Sesamum,2024-25,Annual,1357.71,1308.61,670.54,0.5124062937009499,synthetic_prototype,2024_25_project_crop_structure,SEA03,CALCULATED_FROM_PRODUCTION_AND_HARVESTED_AREA
DST15,Kalahandi,CRP012,Urad,2015-16,Annual,5818.53,5577.96,5182.33,0.9290726358740471,synthetic_prototype,2024_25_project_crop_structure,SEA03,CALCULATED_FROM_PRODUCTION_AND_HARVESTED_AREA
DST15,Kalahandi,CRP012,Urad,2016-17,Annual,5314.87,5183.4,4985.34,0.9617895589767335,synthetic_prototype,2024_25_project_crop_structure,SEA03,CALCULATED_FROM_PRODUCTION_AND_HARVESTED_AREA
DST15,Kalahandi,CRP012,Urad,2017-18,Annual,5332.39,5189.57,5038.76,0.9709397888457041,synthetic_prototype,2024_25_project_crop_structure,SEA03,CALCULATED_FROM_PRODUCTION_AND_HARVESTED_AREA
DST15,Kalahandi,CRP012,Urad,2018-19,Annual,5455.65,5260.19,5043.45,0.9587961651575324,synthetic_prototype,2024_25_project_crop_structure,SEA03,CALCULATED_FROM_PRODUCTION_AND_HARVESTED_AREA
DST15,Kalahandi,CRP012,Urad,2019-20,Annual,5657.35,5518.59,4940.92,0.8953228995087513,synthetic_prototype,2024_25_project_crop_structure,SEA03,CALCULATED_FROM_PRODUCTION_AND_HARVESTED_AREA
DST15,Kalahandi,CRP012,Urad,2020-21,Annual,5878.71,5677.52,5105.07,0.899172526032493,synthetic_prototype,2024_25_project_crop_structure,SEA03,CALCULATED_FROM_PRODUCTION_AND_HARVESTED_AREA
DST15,Kalahandi,CRP012,Urad,2021-22,Annual,5666.61,5482.75,4797.68,0.8750499293237883,synthetic_prototype,2024_25_project_crop_structure,SEA03,CALCULATED_FROM_PRODUCTION_AND_HARVESTED_AREA
DST15,Kalahandi,CRP012,Urad,2022-23,Annual,5784.73,5563.24,4739.6,0.8519495833363293,synthetic_prototype,2024_25_project_crop_structure,SEA03,CALCULATED_FROM_PRODUCTION_AND_HARVESTED_AREA
DST15,Kalahandi,CRP012,Urad,2023-24,Annual,5356.79,5136.14,4561.88,0.8881923000541262,synthetic_prototype,2024_25_project_crop_structure,SEA03,CALCULATED_FROM_PRODUCTION_AND_HARVESTED_AREA
DST15,Kalahandi,CRP012,Urad,2024-25,Annual,5761.21,5571.27,5237.83,0.9401500914513207,synthetic_prototype,2024_25_project_crop_structure,SEA03,CALCULATED_FROM_PRODUCTION_AND_HARVESTED_AREA
DST15,Kalahandi,CRP002,Horse Gram,2015-16,Annual,2318.59,2271.72,1275.64,0.561530470304439,synthetic_prototype,2024_25_project_crop_structure,SEA03,CALCULATED_FROM_PRODUCTION_AND_HARVESTED_AREA
DST15,Kalahandi,CRP002,Horse Gram,2016-17,Annual,2264.16,2179.09,1214.45,0.5573197986315388,synthetic_prototype,2024_25_project_crop_structure,SEA03,CALCULATED_FROM_PRODUCTION_AND_HARVESTED_AREA
DST15,Kalahandi,CRP002,Horse Gram,2017-18,Annual,2215.97,2137.47,1101.86,0.5154972935292659,synthetic_prototype,2024_25_project_crop_structure,SEA03,CALCULATED_FROM_PRODUCTION_AND_HARVESTED_AREA
DST15,Kalahandi,CRP002,Horse Gram,2018-19,Annual,2257.69,2183.49,1171.75,0.5366408822573038,synthetic_prototype,2024_25_project_crop_structure,SEA03,CALCULATED_FROM_PRODUCTION_AND_HARVESTED_AREA
DST15,Kalahandi,CRP002,Horse Gram,2019-20,Annual,2143.87,2085.26,1162.9,0.5576762609938329,synthetic_prototype,2024_25_project_crop_structure,SEA03,CALCULATED_FROM_PRODUCTION_AND_HARVESTED_AREA
DST15,Kalahandi,CRP002,Horse Gram,2020-21,Annual,2361.0,2312.97,1374.6,0.5943008339926588,synthetic_prototype,2024_25_project_crop_structure,SEA03,CALCULATED_FROM_PRODUCTION_AND_HARVESTED_AREA
DST15,Kalahandi,CRP002,Horse Gram,2021-22,Annual,2361.37,2311.35,1344.36,0.5816341099357518,synthetic_prototype,2024_25_project_crop_structure,SEA03,CALCULATED_FROM_PRODUCTION_AND_HARVESTED_AREA
DST15,Kalahandi,CRP002,Horse Gram,2022-23,Annual,2395.07,2287.85,1449.56,0.6335904888869462,synthetic_prototype,2024_25_project_crop_structure,SEA03,CALCULATED_FROM_PRODUCTION_AND_HARVESTED_AREA
DST15,Kalahandi,CRP002,Horse Gram,2023-24,Annual,2109.69,2053.73,1205.69,0.5870732764287419,synthetic_prototype,2024_25_project_crop_structure,SEA03,CALCULATED_FROM_PRODUCTION_AND_HARVESTED_AREA
DST15,Kalahandi,CRP002,Horse Gram,2024-25,Annual,2247.67,2182.64,1160.96,0.5319063152879082,synthetic_prototype,2024_25_project_crop_structure,SEA03,CALCULATED_FROM_PRODUCTION_AND_HARVESTED_AREA
DST15,Kalahandi,CRP006,Potato,2015-16,Annual,6412.73,6262.6,76810.65,12.264977804745632,synthetic_prototype,2024_25_project_crop_structure,SEA03,CALCULATED_FROM_PRODUCTION_AND_HARVESTED_AREA
DST15,Kalahandi,CRP006,Potato,2016-17,Annual,6765.61,6468.02,80907.85,12.508905352797301,synthetic_prototype,2024_25_project_crop_structure,SEA03,CALCULATED_FROM_PRODUCTION_AND_HARVESTED_AREA
DST15,Kalahandi,CRP006,Potato,2017-18,Annual,6300.66,6162.25,81844.35,13.281569232017526,synthetic_prototype,2024_25_project_crop_structure,SEA03,CALCULATED_FROM_PRODUCTION_AND_HARVESTED_AREA
DST15,Kalahandi,CRP006,Potato,2018-19,Annual,6320.05,6144.52,78869.88,12.83580816727751,synthetic_prototype,2024_25_project_crop_structure,SEA03,CALCULATED_FROM_PRODUCTION_AND_HARVESTED_AREA
DST15,Kalahandi,CRP006,Potato,2019-20,Annual,7185.83,6929.65,99409.36,14.345509513467492,synthetic_prototype,2024_25_project_crop_structure,SEA03,CALCULATED_FROM_PRODUCTION_AND_HARVESTED_AREA
DST15,Kalahandi,CRP006,Potato,2020-21,Annual,6554.33,6386.81,91555.19,14.335042063252233,synthetic_prototype,2024_25_project_crop_structure,SEA03,CALCULATED_FROM_PRODUCTION_AND_HARVESTED_AREA
DST15,Kalahandi,CRP006,Potato,2021-22,Annual,7107.88,6903.61,94926.24,13.75023212493174,synthetic_prototype,2024_25_project_crop_structure,SEA03,CALCULATED_FROM_PRODUCTION_AND_HARVESTED_AREA
DST15,Kalahandi,CRP006,Potato,2022-23,Annual,6854.29,6599.32,89640.11,13.583234333234333,synthetic_prototype,2024_25_project_crop_structure,SEA03,CALCULATED_FROM_PRODUCTION_AND_HARVESTED_AREA
DST15,Kalahandi,CRP006,Potato,2023-24,Annual,6364.58,6138.54,82129.45,13.379313322060295,synthetic_prototype,2024_25_project_crop_structure,SEA03,CALCULATED_FROM_PRODUCTION_AND_HARVESTED_AREA
DST15,Kalahandi,CRP006,Potato,2024-25,Annual,6426.91,6207.38,80728.03,13.005169652897035,synthetic_prototype,2024_25_project_crop_structure,SEA03,CALCULATED_FROM_PRODUCTION_AND_HARVESTED_AREA
DST15,Kalahandi,CRP008,Rapeseed &Mustard,2015-16,Annual,432.9,413.82,314.65,0.7603547436083321,synthetic_prototype,2024_25_project_crop_structure,SEA03,CALCULATED_FROM_PRODUCTION_AND_HARVESTED_AREA
DST15,Kalahandi,CRP008,Rapeseed &Mustard,2016-17,Annual,414.89,396.95,338.31,0.8522735860939665,synthetic_prototype,2024_25_project_crop_structure,SEA03,CALCULATED_FROM_PRODUCTION_AND_HARVESTED_AREA
DST15,Kalahandi,CRP008,Rapeseed &Mustard,2017-18,Annual,392.21,378.75,335.94,0.886970297029703,synthetic_prototype,2024_25_project_crop_structure,SEA03,CALCULATED_FROM_PRODUCTION_AND_HARVESTED_AREA
DST15,Kalahandi,CRP008,Rapeseed &Mustard,2018-19,Annual,410.98,396.16,346.08,0.8735864297253634,synthetic_prototype,2024_25_project_crop_structure,SEA03,CALCULATED_FROM_PRODUCTION_AND_HARVESTED_AREA
DST15,Kalahandi,CRP008,Rapeseed &Mustard,2019-20,Annual,423.37,407.78,368.52,0.9037225955171907,synthetic_prototype,2024_25_project_crop_structure,SEA03,CALCULATED_FROM_PRODUCTION_AND_HARVESTED_AREA
DST15,Kalahandi,CRP008,Rapeseed &Mustard,2020-21,Annual,440.44,428.16,407.16,0.9509529147982063,synthetic_prototype,2024_25_project_crop_structure,SEA03,CALCULATED_FROM_PRODUCTION_AND_HARVESTED_AREA
DST15,Kalahandi,CRP008,Rapeseed &Mustard,2021-22,Annual,438.42,426.6,340.34,0.797796530707923,synthetic_prototype,2024_25_project_crop_structure,SEA03,CALCULATED_FROM_PRODUCTION_AND_HARVESTED_AREA
DST15,Kalahandi,CRP008,Rapeseed &Mustard,2022-23,Annual,424.75,413.64,352.77,0.8528430519292138,synthetic_prototype,2024_25_project_crop_structure,SEA03,CALCULATED_FROM_PRODUCTION_AND_HARVESTED_AREA
DST15,Kalahandi,CRP008,Rapeseed &Mustard,2023-24,Annual,385.78,374.2,298.74,0.7983431320149653,synthetic_prototype,2024_25_project_crop_structure,SEA03,CALCULATED_FROM_PRODUCTION_AND_HARVESTED_AREA
DST15,Kalahandi,CRP008,Rapeseed &Mustard,2024-25,Annual,383.19,367.7,306.18,0.8326896926842535,synthetic_prototype,2024_25_project_crop_structure,SEA03,CALCULATED_FROM_PRODUCTION_AND_HARVESTED_AREA
DST15,Kalahandi,CRP011,Sugarcane,2015-16,Annual,6129.46,5929.63,326741.71,55.103220605670174,synthetic_prototype,2024_25_project_crop_structure,SEA03,CALCULATED_FROM_PRODUCTION_AND_HARVESTED_AREA
DST15,Kalahandi,CRP011,Sugarcane,2016-17,Annual,6059.4,5808.94,355184.04,61.14438090253988,synthetic_prototype,2024_25_project_crop_structure,SEA03,CALCULATED_FROM_PRODUCTION_AND_HARVESTED_AREA
DST15,Kalahandi,CRP011,Sugarcane,2017-18,Annual,6105.38,5884.87,346736.05,58.91991666765791,synthetic_prototype,2024_25_project_crop_structure,SEA03,CALCULATED_FROM_PRODUCTION_AND_HARVESTED_AREA
DST15,Kalahandi,CRP011,Sugarcane,2018-19,Annual,5985.96,5865.27,361600.8,61.65117718365906,synthetic_prototype,2024_25_project_crop_structure,SEA03,CALCULATED_FROM_PRODUCTION_AND_HARVESTED_AREA
DST15,Kalahandi,CRP011,Sugarcane,2019-20,Annual,6357.62,6194.64,382628.66,61.76769917218756,synthetic_prototype,2024_25_project_crop_structure,SEA03,CALCULATED_FROM_PRODUCTION_AND_HARVESTED_AREA
DST15,Kalahandi,CRP011,Sugarcane,2020-21,Annual,6444.56,6312.02,363032.44,57.51446288193003,synthetic_prototype,2024_25_project_crop_structure,SEA03,CALCULATED_FROM_PRODUCTION_AND_HARVESTED_AREA
DST15,Kalahandi,CRP011,Sugarcane,2021-22,Annual,6140.17,5961.35,335386.93,56.260231323441836,synthetic_prototype,2024_25_project_crop_structure,SEA03,CALCULATED_FROM_PRODUCTION_AND_HARVESTED_AREA
DST15,Kalahandi,CRP011,Sugarcane,2022-23,Annual,6280.19,6029.58,333022.09,55.23139090948292,synthetic_prototype,2024_25_project_crop_structure,SEA03,CALCULATED_FROM_PRODUCTION_AND_HARVESTED_AREA
DST15,Kalahandi,CRP011,Sugarcane,2023-24,Annual,5990.01,5827.94,318328.1,54.62103247459651,synthetic_prototype,2024_25_project_crop_structure,SEA03,CALCULATED_FROM_PRODUCTION_AND_HARVESTED_AREA
DST15,Kalahandi,CRP011,Sugarcane,2024-25,Annual,5865.15,5744.85,330030.45,57.44805347398104,synthetic_prototype,2024_25_project_crop_structure,SEA03,CALCULATED_FROM_PRODUCTION_AND_HARVESTED_AREA
DST15,Kalahandi,CRP003,Jute,2015-16,Annual,5145.09,4930.44,11875.15,2.40853757473978,synthetic_prototype,2024_25_project_crop_structure,SEA03,CALCULATED_FROM_PRODUCTION_AND_HARVESTED_AREA
DST15,Kalahandi,CRP003,Jute,2016-17,Annual,5152.18,4962.43,11897.35,2.397484700036071,synthetic_prototype,2024_25_project_crop_structure,SEA03,CALCULATED_FROM_PRODUCTION_AND_HARVESTED_AREA
DST15,Kalahandi,CRP003,Jute,2017-18,Annual,5023.36,4845.89,11772.47,2.42937210708456,synthetic_prototype,2024_25_project_crop_structure,SEA03,CALCULATED_FROM_PRODUCTION_AND_HARVESTED_AREA
DST15,Kalahandi,CRP003,Jute,2018-19,Annual,4841.29,4706.11,10694.25,2.2724181967697312,synthetic_prototype,2024_25_project_crop_structure,SEA03,CALCULATED_FROM_PRODUCTION_AND_HARVESTED_AREA
DST15,Kalahandi,CRP003,Jute,2019-20,Annual,5441.64,5273.9,12800.04,2.4270539828210627,synthetic_prototype,2024_25_project_crop_structure,SEA03,CALCULATED_FROM_PRODUCTION_AND_HARVESTED_AREA
DST15,Kalahandi,CRP003,Jute,2020-21,Annual,5154.07,5045.52,12041.48,2.386568678748672,synthetic_prototype,2024_25_project_crop_structure,SEA03,CALCULATED_FROM_PRODUCTION_AND_HARVESTED_AREA
DST15,Kalahandi,CRP003,Jute,2021-22,Annual,5182.73,4992.44,13418.82,2.687827995929846,synthetic_prototype,2024_25_project_crop_structure,SEA03,CALCULATED_FROM_PRODUCTION_AND_HARVESTED_AREA
DST15,Kalahandi,CRP003,Jute,2022-23,Annual,4940.41,4731.98,12354.45,2.610841550471473,synthetic_prototype,2024_25_project_crop_structure,SEA03,CALCULATED_FROM_PRODUCTION_AND_HARVESTED_AREA
DST15,Kalahandi,CRP003,Jute,2023-24,Annual,4949.08,4808.64,11681.42,2.4292565049577424,synthetic_prototype,2024_25_project_crop_structure,SEA03,CALCULATED_FROM_PRODUCTION_AND_HARVESTED_AREA
DST15,Kalahandi,CRP003,Jute,2024-25,Annual,4998.17,4875.62,11553.2,2.3695858167781743,synthetic_prototype,2024_25_project_crop_structure,SEA03,CALCULATED_FROM_PRODUCTION_AND_HARVESTED_AREA
DST15,Kalahandi,CRP013,Wheat,2015-16,Annual,2022.02,1954.0,3730.76,1.9092937563971342,synthetic_prototype,2024_25_project_crop_structure,SEA03,CALCULATED_FROM_PRODUCTION_AND_HARVESTED_AREA
DST15,Kalahandi,CRP013,Wheat,2016-17,Annual,2270.84,2193.01,4242.01,1.9343322647867542,synthetic_prototype,2024_25_project_crop_structure,SEA03,CALCULATED_FROM_PRODUCTION_AND_HARVESTED_AREA
DST15,Kalahandi,CRP013,Wheat,2017-18,Annual,2189.14,2115.68,4106.7,1.941078045829237,synthetic_prototype,2024_25_project_crop_structure,SEA03,CALCULATED_FROM_PRODUCTION_AND_HARVESTED_AREA
DST15,Kalahandi,CRP013,Wheat,2018-19,Annual,2245.81,2191.93,4619.21,2.107371129552495,synthetic_prototype,2024_25_project_crop_structure,SEA03,CALCULATED_FROM_PRODUCTION_AND_HARVESTED_AREA
DST15,Kalahandi,CRP013,Wheat,2019-20,Annual,2202.7,2138.22,3862.84,1.8065680799917692,synthetic_prototype,2024_25_project_crop_structure,SEA03,CALCULATED_FROM_PRODUCTION_AND_HARVESTED_AREA
DST15,Kalahandi,CRP013,Wheat,2020-21,Annual,2151.18,2102.27,3796.77,1.8060334780974852,synthetic_prototype,2024_25_project_crop_structure,SEA03,CALCULATED_FROM_PRODUCTION_AND_HARVESTED_AREA
DST15,Kalahandi,CRP013,Wheat,2021-22,Annual,2241.51,2146.23,3731.64,1.7386952936078612,synthetic_prototype,2024_25_project_crop_structure,SEA03,CALCULATED_FROM_PRODUCTION_AND_HARVESTED_AREA
DST15,Kalahandi,CRP013,Wheat,2022-23,Annual,2214.19,2126.06,4125.62,1.9405002681015588,synthetic_prototype,2024_25_project_crop_structure,SEA03,CALCULATED_FROM_PRODUCTION_AND_HARVESTED_AREA
DST15,Kalahandi,CRP013,Wheat,2023-24,Annual,2220.29,2169.03,4238.44,1.9540716357081271,synthetic_prototype,2024_25_project_crop_structure,SEA03,CALCULATED_FROM_PRODUCTION_AND_HARVESTED_AREA
DST15,Kalahandi,CRP013,Wheat,2024-25,Annual,2202.51,2109.95,3955.48,1.8746794947747578,synthetic_prototype,2024_25_project_crop_structure,SEA03,CALCULATED_FROM_PRODUCTION_AND_HARVESTED_AREA
DST16,Kandhamal,CRP001,Groundnut,2015-16,Annual,8047.42,7703.98,11628.42,1.5094042300213657,synthetic_prototype,2024_25_project_crop_structure,SEA03,CALCULATED_FROM_PRODUCTION_AND_HARVESTED_AREA
DST16,Kandhamal,CRP001,Groundnut,2016-17,Annual,7899.02,7740.75,10851.34,1.401846074346801,synthetic_prototype,2024_25_project_crop_structure,SEA03,CALCULATED_FROM_PRODUCTION_AND_HARVESTED_AREA
DST16,Kandhamal,CRP001,Groundnut,2017-18,Annual,8038.85,7799.57,9955.18,1.2763754924950992,synthetic_prototype,2024_25_project_crop_structure,SEA03,CALCULATED_FROM_PRODUCTION_AND_HARVESTED_AREA
DST16,Kandhamal,CRP001,Groundnut,2018-19,Annual,7707.76,7516.48,10011.26,1.3319080207756824,synthetic_prototype,2024_25_project_crop_structure,SEA03,CALCULATED_FROM_PRODUCTION_AND_HARVESTED_AREA
DST16,Kandhamal,CRP001,Groundnut,2019-20,Annual,8178.1,7935.23,11018.0,1.3884915749133926,synthetic_prototype,2024_25_project_crop_structure,SEA03,CALCULATED_FROM_PRODUCTION_AND_HARVESTED_AREA
DST16,Kandhamal,CRP001,Groundnut,2020-21,Annual,8772.61,8429.68,12316.87,1.461131383397709,synthetic_prototype,2024_25_project_crop_structure,SEA03,CALCULATED_FROM_PRODUCTION_AND_HARVESTED_AREA
DST16,Kandhamal,CRP001,Groundnut,2021-22,Annual,8357.15,8161.03,11824.6,1.4489102478486173,synthetic_prototype,2024_25_project_crop_structure,SEA03,CALCULATED_FROM_PRODUCTION_AND_HARVESTED_AREA
DST16,Kandhamal,CRP001,Groundnut,2022-23,Annual,8077.61,7841.53,11979.08,1.5276457528058938,synthetic_prototype,2024_25_project_crop_structure,SEA03,CALCULATED_FROM_PRODUCTION_AND_HARVESTED_AREA
DST16,Kandhamal,CRP001,Groundnut,2023-24,Annual,8040.4,7845.89,11394.98,1.4523502113845592,synthetic_prototype,2024_25_project_crop_structure,SEA03,CALCULATED_FROM_PRODUCTION_AND_HARVESTED_AREA
DST16,Kandhamal,CRP001,Groundnut,2024-25,Annual,8000.33,7839.43,11182.02,1.4263817650007717,synthetic_prototype,2024_25_project_crop_structure,SEA03,CALCULATED_FROM_PRODUCTION_AND_HARVESTED_AREA
DST16,Kandhamal,CRP004,Maize,2015-16,Annual,865.96,828.7,3512.71,4.238819838300953,synthetic_prototype,2024_25_project_crop_structure,SEA03,CALCULATED_FROM_PRODUCTION_AND_HARVESTED_AREA
DST16,Kandhamal,CRP004,Maize,2016-17,Annual,854.95,827.53,3478.27,4.203195050330502,synthetic_prototype,2024_25_project_crop_structure,SEA03,CALCULATED_FROM_PRODUCTION_AND_HARVESTED_AREA
DST16,Kandhamal,CRP004,Maize,2017-18,Annual,814.27,791.34,3336.25,4.2159501604872744,synthetic_prototype,2024_25_project_crop_structure,SEA03,CALCULATED_FROM_PRODUCTION_AND_HARVESTED_AREA
DST16,Kandhamal,CRP004,Maize,2018-19,Annual,877.01,853.59,3769.69,4.41627713539287,synthetic_prototype,2024_25_project_crop_structure,SEA03,CALCULATED_FROM_PRODUCTION_AND_HARVESTED_AREA
DST16,Kandhamal,CRP004,Maize,2019-20,Annual,940.18,909.61,4092.8,4.499510779344994,synthetic_prototype,2024_25_project_crop_structure,SEA03,CALCULATED_FROM_PRODUCTION_AND_HARVESTED_AREA
DST16,Kandhamal,CRP004,Maize,2020-21,Annual,919.3,886.44,3971.55,4.480337078651686,synthetic_prototype,2024_25_project_crop_structure,SEA03,CALCULATED_FROM_PRODUCTION_AND_HARVESTED_AREA
DST16,Kandhamal,CRP004,Maize,2021-22,Annual,875.01,847.98,4066.85,4.795926790726196,synthetic_prototype,2024_25_project_crop_structure,SEA03,CALCULATED_FROM_PRODUCTION_AND_HARVESTED_AREA
DST16,Kandhamal,CRP004,Maize,2022-23,Annual,874.75,843.25,3851.65,4.567625259412986,synthetic_prototype,2024_25_project_crop_structure,SEA03,CALCULATED_FROM_PRODUCTION_AND_HARVESTED_AREA
DST16,Kandhamal,CRP004,Maize,2023-24,Annual,860.14,824.81,3534.3,4.284986845455317,synthetic_prototype,2024_25_project_crop_structure,SEA03,CALCULATED_FROM_PRODUCTION_AND_HARVESTED_AREA
DST16,Kandhamal,CRP004,Maize,2024-25,Annual,841.27,810.62,3363.31,4.149058745158027,synthetic_prototype,2024_25_project_crop_structure,SEA03,CALCULATED_FROM_PRODUCTION_AND_HARVESTED_AREA
DST16,Kandhamal,CRP005,Moong(Green Gram),2015-16,Annual,1144.59,1093.2,805.19,0.7365440907427735,synthetic_prototype,2024_25_project_crop_structure,SEA03,CALCULATED_FROM_PRODUCTION_AND_HARVESTED_AREA
DST16,Kandhamal,CRP005,Moong(Green Gram),2016-17,Annual,1097.86,1058.36,749.63,0.7082939642465702,synthetic_prototype,2024_25_project_crop_structure,SEA03,CALCULATED_FROM_PRODUCTION_AND_HARVESTED_AREA
DST16,Kandhamal,CRP005,Moong(Green Gram),2017-18,Annual,1101.17,1066.35,740.1,0.6940497960331974,synthetic_prototype,2024_25_project_crop_structure,SEA03,CALCULATED_FROM_PRODUCTION_AND_HARVESTED_AREA
DST16,Kandhamal,CRP005,Moong(Green Gram),2018-19,Annual,1071.83,1034.76,680.08,0.6572345278132128,synthetic_prototype,2024_25_project_crop_structure,SEA03,CALCULATED_FROM_PRODUCTION_AND_HARVESTED_AREA
DST16,Kandhamal,CRP005,Moong(Green Gram),2019-20,Annual,1183.01,1135.71,716.54,0.6309181040934745,synthetic_prototype,2024_25_project_crop_structure,SEA03,CALCULATED_FROM_PRODUCTION_AND_HARVESTED_AREA
DST16,Kandhamal,CRP005,Moong(Green Gram),2020-21,Annual,1237.74,1204.74,858.65,0.7127263973969487,synthetic_prototype,2024_25_project_crop_structure,SEA03,CALCULATED_FROM_PRODUCTION_AND_HARVESTED_AREA
DST16,Kandhamal,CRP005,Moong(Green Gram),2021-22,Annual,1122.07,1087.81,842.33,0.7743355916934024,synthetic_prototype,2024_25_project_crop_structure,SEA03,CALCULATED_FROM_PRODUCTION_AND_HARVESTED_AREA
DST16,Kandhamal,CRP005,Moong(Green Gram),2022-23,Annual,1186.59,1162.78,887.41,0.7631796212525155,synthetic_prototype,2024_25_project_crop_structure,SEA03,CALCULATED_FROM_PRODUCTION_AND_HARVESTED_AREA
DST16,Kandhamal,CRP005,Moong(Green Gram),2023-24,Annual,1135.0,1085.19,809.51,0.7459615366894277,synthetic_prototype,2024_25_project_crop_structure,SEA03,CALCULATED_FROM_PRODUCTION_AND_HARVESTED_AREA
DST16,Kandhamal,CRP005,Moong(Green Gram),2024-25,Annual,1106.2,1076.76,754.59,0.7007968349492923,synthetic_prototype,2024_25_project_crop_structure,SEA03,CALCULATED_FROM_PRODUCTION_AND_HARVESTED_AREA
DST16,Kandhamal,CRP007,Ragi,2015-16,Annual,3457.36,3355.48,4877.69,1.453648956334116,synthetic_prototype,2024_25_project_crop_structure,SEA03,CALCULATED_FROM_PRODUCTION_AND_HARVESTED_AREA
DST16,Kandhamal,CRP007,Ragi,2016-17,Annual,3369.04,3272.87,4813.65,1.4707733579396676,synthetic_prototype,2024_25_project_crop_structure,SEA03,CALCULATED_FROM_PRODUCTION_AND_HARVESTED_AREA
DST16,Kandhamal,CRP007,Ragi,2017-18,Annual,3475.99,3336.23,5055.36,1.5152912119368267,synthetic_prototype,2024_25_project_crop_structure,SEA03,CALCULATED_FROM_PRODUCTION_AND_HARVESTED_AREA
DST16,Kandhamal,CRP007,Ragi,2018-19,Annual,3568.37,3456.23,5375.24,1.5552321460088014,synthetic_prototype,2024_25_project_crop_structure,SEA03,CALCULATED_FROM_PRODUCTION_AND_HARVESTED_AREA
DST16,Kandhamal,CRP007,Ragi,2019-20,Annual,3345.71,3266.78,5409.99,1.6560619325451973,synthetic_prototype,2024_25_project_crop_structure,SEA03,CALCULATED_FROM_PRODUCTION_AND_HARVESTED_AREA
DST16,Kandhamal,CRP007,Ragi,2020-21,Annual,3713.42,3628.18,5982.18,1.6488101472363557,synthetic_prototype,2024_25_project_crop_structure,SEA03,CALCULATED_FROM_PRODUCTION_AND_HARVESTED_AREA
DST16,Kandhamal,CRP007,Ragi,2021-22,Annual,3667.63,3572.72,5296.77,1.4825595064824562,synthetic_prototype,2024_25_project_crop_structure,SEA03,CALCULATED_FROM_PRODUCTION_AND_HARVESTED_AREA
DST16,Kandhamal,CRP007,Ragi,2022-23,Annual,3601.41,3526.06,5443.23,1.5437145142170012,synthetic_prototype,2024_25_project_crop_structure,SEA03,CALCULATED_FROM_PRODUCTION_AND_HARVESTED_AREA
DST16,Kandhamal,CRP007,Ragi,2023-24,Annual,3394.29,3262.01,4643.23,1.42342604713045,synthetic_prototype,2024_25_project_crop_structure,SEA03,CALCULATED_FROM_PRODUCTION_AND_HARVESTED_AREA
DST16,Kandhamal,CRP007,Ragi,2024-25,Annual,3313.61,3234.07,4652.17,1.4384877259923254,synthetic_prototype,2024_25_project_crop_structure,SEA03,CALCULATED_FROM_PRODUCTION_AND_HARVESTED_AREA
DST16,Kandhamal,CRP009,Rice,2015-16,Annual,45224.25,43884.35,153068.69,3.488001759169271,synthetic_prototype,2024_25_project_crop_structure,SEA03,CALCULATED_FROM_PRODUCTION_AND_HARVESTED_AREA
DST16,Kandhamal,CRP009,Rice,2016-17,Annual,45676.44,43754.79,156399.9,3.5744635044528836,synthetic_prototype,2024_25_project_crop_structure,SEA03,CALCULATED_FROM_PRODUCTION_AND_HARVESTED_AREA
DST16,Kandhamal,CRP009,Rice,2017-18,Annual,47864.9,46718.88,175924.14,3.7655898429071937,synthetic_prototype,2024_25_project_crop_structure,SEA03,CALCULATED_FROM_PRODUCTION_AND_HARVESTED_AREA
DST16,Kandhamal,CRP009,Rice,2018-19,Annual,43799.93,42512.5,154261.76,3.6286212290502795,synthetic_prototype,2024_25_project_crop_structure,SEA03,CALCULATED_FROM_PRODUCTION_AND_HARVESTED_AREA
DST16,Kandhamal,CRP009,Rice,2019-20,Annual,49027.26,47574.79,178625.16,3.754617939459113,synthetic_prototype,2024_25_project_crop_structure,SEA03,CALCULATED_FROM_PRODUCTION_AND_HARVESTED_AREA
DST16,Kandhamal,CRP009,Rice,2020-21,Annual,46328.53,44800.01,177667.18,3.9657843826374144,synthetic_prototype,2024_25_project_crop_structure,SEA03,CALCULATED_FROM_PRODUCTION_AND_HARVESTED_AREA
DST16,Kandhamal,CRP009,Rice,2021-22,Annual,48347.91,46527.53,153948.91,3.308770312973846,synthetic_prototype,2024_25_project_crop_structure,SEA03,CALCULATED_FROM_PRODUCTION_AND_HARVESTED_AREA
DST16,Kandhamal,CRP009,Rice,2022-23,Annual,47869.46,46550.36,149258.98,3.2063979741510056,synthetic_prototype,2024_25_project_crop_structure,SEA03,CALCULATED_FROM_PRODUCTION_AND_HARVESTED_AREA
DST16,Kandhamal,CRP009,Rice,2023-24,Annual,46226.19,44292.17,146830.45,3.3150430425964683,synthetic_prototype,2024_25_project_crop_structure,SEA03,CALCULATED_FROM_PRODUCTION_AND_HARVESTED_AREA
DST16,Kandhamal,CRP009,Rice,2024-25,Annual,45839.55,44380.9,156698.34,3.5307607551897324,synthetic_prototype,2024_25_project_crop_structure,SEA03,CALCULATED_FROM_PRODUCTION_AND_HARVESTED_AREA
DST16,Kandhamal,CRP010,Sesamum,2015-16,Annual,4574.03,4395.7,1816.71,0.4132925358873445,synthetic_prototype,2024_25_project_crop_structure,SEA03,CALCULATED_FROM_PRODUCTION_AND_HARVESTED_AREA
DST16,Kandhamal,CRP010,Sesamum,2016-17,Annual,4454.73,4309.19,1790.59,0.4155282083175725,synthetic_prototype,2024_25_project_crop_structure,SEA03,CALCULATED_FROM_PRODUCTION_AND_HARVESTED_AREA
DST16,Kandhamal,CRP010,Sesamum,2017-18,Annual,4616.71,4500.34,1948.18,0.4328961811774221,synthetic_prototype,2024_25_project_crop_structure,SEA03,CALCULATED_FROM_PRODUCTION_AND_HARVESTED_AREA
DST16,Kandhamal,CRP010,Sesamum,2018-19,Annual,4680.79,4576.29,2028.55,0.44327391839240954,synthetic_prototype,2024_25_project_crop_structure,SEA03,CALCULATED_FROM_PRODUCTION_AND_HARVESTED_AREA
DST16,Kandhamal,CRP010,Sesamum,2019-20,Annual,4734.57,4591.26,2009.28,0.43763149984971444,synthetic_prototype,2024_25_project_crop_structure,SEA03,CALCULATED_FROM_PRODUCTION_AND_HARVESTED_AREA
DST16,Kandhamal,CRP010,Sesamum,2020-21,Annual,4895.28,4786.23,2049.64,0.4282368377616621,synthetic_prototype,2024_25_project_crop_structure,SEA03,CALCULATED_FROM_PRODUCTION_AND_HARVESTED_AREA
DST16,Kandhamal,CRP010,Sesamum,2021-22,Annual,4721.94,4597.2,1820.57,0.39601714086835466,synthetic_prototype,2024_25_project_crop_structure,SEA03,CALCULATED_FROM_PRODUCTION_AND_HARVESTED_AREA
DST16,Kandhamal,CRP010,Sesamum,2022-23,Annual,4736.8,4616.39,1871.65,0.4054358492241773,synthetic_prototype,2024_25_project_crop_structure,SEA03,CALCULATED_FROM_PRODUCTION_AND_HARVESTED_AREA
DST16,Kandhamal,CRP010,Sesamum,2023-24,Annual,4408.6,4217.15,1685.34,0.39963956700615344,synthetic_prototype,2024_25_project_crop_structure,SEA03,CALCULATED_FROM_PRODUCTION_AND_HARVESTED_AREA
DST16,Kandhamal,CRP010,Sesamum,2024-25,Annual,4523.26,4405.95,1939.39,0.44017521760346806,synthetic_prototype,2024_25_project_crop_structure,SEA03,CALCULATED_FROM_PRODUCTION_AND_HARVESTED_AREA
DST16,Kandhamal,CRP012,Urad,2015-16,Annual,6727.06,6533.9,6017.56,0.9209752215369076,synthetic_prototype,2024_25_project_crop_structure,SEA03,CALCULATED_FROM_PRODUCTION_AND_HARVESTED_AREA
DST16,Kandhamal,CRP012,Urad,2016-17,Annual,6367.9,6233.61,5684.11,0.9118488323780282,synthetic_prototype,2024_25_project_crop_structure,SEA03,CALCULATED_FROM_PRODUCTION_AND_HARVESTED_AREA
DST16,Kandhamal,CRP012,Urad,2017-18,Annual,6441.2,6227.52,5973.11,0.9591474615898462,synthetic_prototype,2024_25_project_crop_structure,SEA03,CALCULATED_FROM_PRODUCTION_AND_HARVESTED_AREA
DST16,Kandhamal,CRP012,Urad,2018-19,Annual,6698.09,6494.21,6056.96,0.9326707944461297,synthetic_prototype,2024_25_project_crop_structure,SEA03,CALCULATED_FROM_PRODUCTION_AND_HARVESTED_AREA
DST16,Kandhamal,CRP012,Urad,2019-20,Annual,6799.58,6532.78,6092.07,0.9325386741938347,synthetic_prototype,2024_25_project_crop_structure,SEA03,CALCULATED_FROM_PRODUCTION_AND_HARVESTED_AREA
DST16,Kandhamal,CRP012,Urad,2020-21,Annual,6714.22,6522.72,5975.67,0.9161316138052836,synthetic_prototype,2024_25_project_crop_structure,SEA03,CALCULATED_FROM_PRODUCTION_AND_HARVESTED_AREA
DST16,Kandhamal,CRP012,Urad,2021-22,Annual,7219.15,6993.08,6303.82,0.9014368489992964,synthetic_prototype,2024_25_project_crop_structure,SEA03,CALCULATED_FROM_PRODUCTION_AND_HARVESTED_AREA
DST16,Kandhamal,CRP012,Urad,2022-23,Annual,6660.05,6410.8,5668.4,0.8841954202283645,synthetic_prototype,2024_25_project_crop_structure,SEA03,CALCULATED_FROM_PRODUCTION_AND_HARVESTED_AREA
DST16,Kandhamal,CRP012,Urad,2023-24,Annual,6860.15,6679.33,5856.61,0.8768259690717481,synthetic_prototype,2024_25_project_crop_structure,SEA03,CALCULATED_FROM_PRODUCTION_AND_HARVESTED_AREA
DST16,Kandhamal,CRP012,Urad,2024-25,Annual,6173.35,5995.59,5971.16,0.9959253384570993,synthetic_prototype,2024_25_project_crop_structure,SEA03,CALCULATED_FROM_PRODUCTION_AND_HARVESTED_AREA
DST16,Kandhamal,CRP002,Horse Gram,2015-16,Annual,2383.96,2289.56,1973.08,0.8617725676549206,synthetic_prototype,2024_25_project_crop_structure,SEA03,CALCULATED_FROM_PRODUCTION_AND_HARVESTED_AREA
DST16,Kandhamal,CRP002,Horse Gram,2016-17,Annual,2391.52,2301.34,1949.26,0.8470108719267905,synthetic_prototype,2024_25_project_crop_structure,SEA03,CALCULATED_FROM_PRODUCTION_AND_HARVESTED_AREA
DST16,Kandhamal,CRP002,Horse Gram,2017-18,Annual,2185.4,2089.63,1710.11,0.8183793303120648,synthetic_prototype,2024_25_project_crop_structure,SEA03,CALCULATED_FROM_PRODUCTION_AND_HARVESTED_AREA
DST16,Kandhamal,CRP002,Horse Gram,2018-19,Annual,2380.2,2329.14,1797.77,0.7718599998282628,synthetic_prototype,2024_25_project_crop_structure,SEA03,CALCULATED_FROM_PRODUCTION_AND_HARVESTED_AREA
DST16,Kandhamal,CRP002,Horse Gram,2019-20,Annual,2351.15,2281.63,2013.48,0.8824743713923817,synthetic_prototype,2024_25_project_crop_structure,SEA03,CALCULATED_FROM_PRODUCTION_AND_HARVESTED_AREA
DST16,Kandhamal,CRP002,Horse Gram,2020-21,Annual,2491.46,2410.93,2228.65,0.9243943208637332,synthetic_prototype,2024_25_project_crop_structure,SEA03,CALCULATED_FROM_PRODUCTION_AND_HARVESTED_AREA
DST16,Kandhamal,CRP002,Horse Gram,2021-22,Annual,2462.91,2358.28,2120.68,0.8992486049154467,synthetic_prototype,2024_25_project_crop_structure,SEA03,CALCULATED_FROM_PRODUCTION_AND_HARVESTED_AREA
DST16,Kandhamal,CRP002,Horse Gram,2022-23,Annual,2277.16,2188.38,2001.2,0.9144664089417742,synthetic_prototype,2024_25_project_crop_structure,SEA03,CALCULATED_FROM_PRODUCTION_AND_HARVESTED_AREA
DST16,Kandhamal,CRP002,Horse Gram,2023-24,Annual,2239.1,2175.08,1998.71,0.9189133273258915,synthetic_prototype,2024_25_project_crop_structure,SEA03,CALCULATED_FROM_PRODUCTION_AND_HARVESTED_AREA
DST16,Kandhamal,CRP002,Horse Gram,2024-25,Annual,2369.71,2298.16,1892.22,0.8233630382566923,synthetic_prototype,2024_25_project_crop_structure,SEA03,CALCULATED_FROM_PRODUCTION_AND_HARVESTED_AREA
DST16,Kandhamal,CRP006,Potato,2015-16,Annual,4306.0,4151.96,85808.9,20.667082534513817,synthetic_prototype,2024_25_project_crop_structure,SEA03,CALCULATED_FROM_PRODUCTION_AND_HARVESTED_AREA
DST16,Kandhamal,CRP006,Potato,2016-17,Annual,4013.55,3912.57,77389.52,19.7797151233077,synthetic_prototype,2024_25_project_crop_structure,SEA03,CALCULATED_FROM_PRODUCTION_AND_HARVESTED_AREA
DST16,Kandhamal,CRP006,Potato,2017-18,Annual,4220.98,4051.36,83674.72,20.653489198688835,synthetic_prototype,2024_25_project_crop_structure,SEA03,CALCULATED_FROM_PRODUCTION_AND_HARVESTED_AREA
DST16,Kandhamal,CRP006,Potato,2018-19,Annual,4140.58,3996.26,84739.33,21.204658856030388,synthetic_prototype,2024_25_project_crop_structure,SEA03,CALCULATED_FROM_PRODUCTION_AND_HARVESTED_AREA
DST16,Kandhamal,CRP006,Potato,2019-20,Annual,4192.82,4092.78,89358.95,21.833313786717095,synthetic_prototype,2024_25_project_crop_structure,SEA03,CALCULATED_FROM_PRODUCTION_AND_HARVESTED_AREA
DST16,Kandhamal,CRP006,Potato,2020-21,Annual,4184.37,4019.5,88245.96,21.954461997760916,synthetic_prototype,2024_25_project_crop_structure,SEA03,CALCULATED_FROM_PRODUCTION_AND_HARVESTED_AREA
DST16,Kandhamal,CRP006,Potato,2021-22,Annual,4095.92,3999.32,85356.44,21.342738265505137,synthetic_prototype,2024_25_project_crop_structure,SEA03,CALCULATED_FROM_PRODUCTION_AND_HARVESTED_AREA
DST16,Kandhamal,CRP006,Potato,2022-23,Annual,4015.19,3919.45,83988.29,21.428590746150608,synthetic_prototype,2024_25_project_crop_structure,SEA03,CALCULATED_FROM_PRODUCTION_AND_HARVESTED_AREA
DST16,Kandhamal,CRP006,Potato,2023-24,Annual,3933.12,3853.76,76285.53,19.79509102798306,synthetic_prototype,2024_25_project_crop_structure,SEA03,CALCULATED_FROM_PRODUCTION_AND_HARVESTED_AREA
DST16,Kandhamal,CRP006,Potato,2024-25,Annual,3956.13,3836.2,70332.2,18.333819925968406,synthetic_prototype,2024_25_project_crop_structure,SEA03,CALCULATED_FROM_PRODUCTION_AND_HARVESTED_AREA
DST16,Kandhamal,CRP008,Rapeseed &Mustard,2015-16,Annual,2458.4,2388.4,2337.3,0.9786049237983587,synthetic_prototype,2024_25_project_crop_structure,SEA03,CALCULATED_FROM_PRODUCTION_AND_HARVESTED_AREA
DST16,Kandhamal,CRP008,Rapeseed &Mustard,2016-17,Annual,2376.05,2291.87,2370.97,1.0345133013652605,synthetic_prototype,2024_25_project_crop_structure,SEA03,CALCULATED_FROM_PRODUCTION_AND_HARVESTED_AREA
DST16,Kandhamal,CRP008,Rapeseed &Mustard,2017-18,Annual,2343.34,2271.47,2497.34,1.0994378089959367,synthetic_prototype,2024_25_project_crop_structure,SEA03,CALCULATED_FROM_PRODUCTION_AND_HARVESTED_AREA
DST16,Kandhamal,CRP008,Rapeseed &Mustard,2018-19,Annual,2295.31,2205.91,2340.54,1.0610315017385117,synthetic_prototype,2024_25_project_crop_structure,SEA03,CALCULATED_FROM_PRODUCTION_AND_HARVESTED_AREA
DST16,Kandhamal,CRP008,Rapeseed &Mustard,2019-20,Annual,2455.99,2406.71,2746.39,1.1411387329591018,synthetic_prototype,2024_25_project_crop_structure,SEA03,CALCULATED_FROM_PRODUCTION_AND_HARVESTED_AREA
DST16,Kandhamal,CRP008,Rapeseed &Mustard,2020-21,Annual,2473.24,2415.95,2798.61,1.158389039508268,synthetic_prototype,2024_25_project_crop_structure,SEA03,CALCULATED_FROM_PRODUCTION_AND_HARVESTED_AREA
DST16,Kandhamal,CRP008,Rapeseed &Mustard,2021-22,Annual,2371.66,2312.72,2413.33,1.0435028883738628,synthetic_prototype,2024_25_project_crop_structure,SEA03,CALCULATED_FROM_PRODUCTION_AND_HARVESTED_AREA
DST16,Kandhamal,CRP008,Rapeseed &Mustard,2022-23,Annual,2437.23,2332.41,2379.39,1.0201422562928473,synthetic_prototype,2024_25_project_crop_structure,SEA03,CALCULATED_FROM_PRODUCTION_AND_HARVESTED_AREA
DST16,Kandhamal,CRP008,Rapeseed &Mustard,2023-24,Annual,2474.0,2376.68,2465.95,1.0375607990979012,synthetic_prototype,2024_25_project_crop_structure,SEA03,CALCULATED_FROM_PRODUCTION_AND_HARVESTED_AREA
DST16,Kandhamal,CRP008,Rapeseed &Mustard,2024-25,Annual,2278.56,2211.28,2199.66,0.9947451249954776,synthetic_prototype,2024_25_project_crop_structure,SEA03,CALCULATED_FROM_PRODUCTION_AND_HARVESTED_AREA
DST16,Kandhamal,CRP011,Sugarcane,2015-16,Annual,8576.95,8375.45,482931.56,57.66037168152158,synthetic_prototype,2024_25_project_crop_structure,SEA03,CALCULATED_FROM_PRODUCTION_AND_HARVESTED_AREA
DST16,Kandhamal,CRP011,Sugarcane,2016-17,Annual,8211.08,8019.17,517163.04,64.49084381550709,synthetic_prototype,2024_25_project_crop_structure,SEA03,CALCULATED_FROM_PRODUCTION_AND_HARVESTED_AREA
DST16,Kandhamal,CRP011,Sugarcane,2017-18,Annual,8827.9,8435.65,536835.06,63.638849406981095,synthetic_prototype,2024_25_project_crop_structure,SEA03,CALCULATED_FROM_PRODUCTION_AND_HARVESTED_AREA
DST16,Kandhamal,CRP011,Sugarcane,2018-19,Annual,8662.04,8342.94,513876.47,61.594170640086105,synthetic_prototype,2024_25_project_crop_structure,SEA03,CALCULATED_FROM_PRODUCTION_AND_HARVESTED_AREA
DST16,Kandhamal,CRP011,Sugarcane,2019-20,Annual,8900.17,8605.2,557003.71,64.72873495095988,synthetic_prototype,2024_25_project_crop_structure,SEA03,CALCULATED_FROM_PRODUCTION_AND_HARVESTED_AREA
DST16,Kandhamal,CRP011,Sugarcane,2020-21,Annual,9303.83,9094.93,524444.36,57.66337508919804,synthetic_prototype,2024_25_project_crop_structure,SEA03,CALCULATED_FROM_PRODUCTION_AND_HARVESTED_AREA
DST16,Kandhamal,CRP011,Sugarcane,2021-22,Annual,8627.67,8257.24,493494.85,59.76510916480567,synthetic_prototype,2024_25_project_crop_structure,SEA03,CALCULATED_FROM_PRODUCTION_AND_HARVESTED_AREA
DST16,Kandhamal,CRP011,Sugarcane,2022-23,Annual,8609.95,8283.71,471164.26,56.878410760396015,synthetic_prototype,2024_25_project_crop_structure,SEA03,CALCULATED_FROM_PRODUCTION_AND_HARVESTED_AREA
DST16,Kandhamal,CRP011,Sugarcane,2023-24,Annual,8760.57,8406.68,494754.81,58.85258032897648,synthetic_prototype,2024_25_project_crop_structure,SEA03,CALCULATED_FROM_PRODUCTION_AND_HARVESTED_AREA
DST16,Kandhamal,CRP011,Sugarcane,2024-25,Annual,8505.12,8201.9,531233.13,64.76952047696265,synthetic_prototype,2024_25_project_crop_structure,SEA03,CALCULATED_FROM_PRODUCTION_AND_HARVESTED_AREA
DST16,Kandhamal,CRP003,Jute,2015-16,Annual,3231.29,3106.92,8025.24,2.5830211270325596,synthetic_prototype,2024_25_project_crop_structure,SEA03,CALCULATED_FROM_PRODUCTION_AND_HARVESTED_AREA
DST16,Kandhamal,CRP003,Jute,2016-17,Annual,3041.48,2924.77,6731.82,2.3016579081432043,synthetic_prototype,2024_25_project_crop_structure,SEA03,CALCULATED_FROM_PRODUCTION_AND_HARVESTED_AREA
DST16,Kandhamal,CRP003,Jute,2017-18,Annual,3235.67,3157.04,7484.43,2.3707111724906875,synthetic_prototype,2024_25_project_crop_structure,SEA03,CALCULATED_FROM_PRODUCTION_AND_HARVESTED_AREA
DST16,Kandhamal,CRP003,Jute,2018-19,Annual,3207.18,3083.54,7825.71,2.5378980003502467,synthetic_prototype,2024_25_project_crop_structure,SEA03,CALCULATED_FROM_PRODUCTION_AND_HARVESTED_AREA
DST16,Kandhamal,CRP003,Jute,2019-20,Annual,3222.27,3082.58,7709.23,2.50090184196355,synthetic_prototype,2024_25_project_crop_structure,SEA03,CALCULATED_FROM_PRODUCTION_AND_HARVESTED_AREA
DST16,Kandhamal,CRP003,Jute,2020-21,Annual,3444.35,3318.17,8508.99,2.5643622840300524,synthetic_prototype,2024_25_project_crop_structure,SEA03,CALCULATED_FROM_PRODUCTION_AND_HARVESTED_AREA
DST16,Kandhamal,CRP003,Jute,2021-22,Annual,3524.95,3429.32,9361.85,2.729943545659198,synthetic_prototype,2024_25_project_crop_structure,SEA03,CALCULATED_FROM_PRODUCTION_AND_HARVESTED_AREA
DST16,Kandhamal,CRP003,Jute,2022-23,Annual,3260.7,3134.96,8659.57,2.762258529614413,synthetic_prototype,2024_25_project_crop_structure,SEA03,CALCULATED_FROM_PRODUCTION_AND_HARVESTED_AREA
DST16,Kandhamal,CRP003,Jute,2023-24,Annual,3334.68,3256.24,7919.24,2.432019752843771,synthetic_prototype,2024_25_project_crop_structure,SEA03,CALCULATED_FROM_PRODUCTION_AND_HARVESTED_AREA
DST16,Kandhamal,CRP003,Jute,2024-25,Annual,3133.16,3043.46,7447.0,2.446886109888088,synthetic_prototype,2024_25_project_crop_structure,SEA03,CALCULATED_FROM_PRODUCTION_AND_HARVESTED_AREA
DST16,Kandhamal,CRP013,Wheat,2015-16,Annual,1255.83,1209.4,2492.33,2.0607987431784354,synthetic_prototype,2024_25_project_crop_structure,SEA03,CALCULATED_FROM_PRODUCTION_AND_HARVESTED_AREA
DST16,Kandhamal,CRP013,Wheat,2016-17,Annual,1218.49,1168.87,2369.34,2.02703465740416,synthetic_prototype,2024_25_project_crop_structure,SEA03,CALCULATED_FROM_PRODUCTION_AND_HARVESTED_AREA
DST16,Kandhamal,CRP013,Wheat,2017-18,Annual,1161.23,1113.97,2306.82,2.0708098063682145,synthetic_prototype,2024_25_project_crop_structure,SEA03,CALCULATED_FROM_PRODUCTION_AND_HARVESTED_AREA
DST16,Kandhamal,CRP013,Wheat,2018-19,Annual,1202.87,1156.58,2273.92,1.9660723858271802,synthetic_prototype,2024_25_project_crop_structure,SEA03,CALCULATED_FROM_PRODUCTION_AND_HARVESTED_AREA
DST16,Kandhamal,CRP013,Wheat,2019-20,Annual,1317.68,1285.09,2486.35,1.9347672147476054,synthetic_prototype,2024_25_project_crop_structure,SEA03,CALCULATED_FROM_PRODUCTION_AND_HARVESTED_AREA
DST16,Kandhamal,CRP013,Wheat,2020-21,Annual,1307.76,1250.59,2309.05,1.8463685140613633,synthetic_prototype,2024_25_project_crop_structure,SEA03,CALCULATED_FROM_PRODUCTION_AND_HARVESTED_AREA
DST16,Kandhamal,CRP013,Wheat,2021-22,Annual,1285.12,1240.9,2240.56,1.8055927149649447,synthetic_prototype,2024_25_project_crop_structure,SEA03,CALCULATED_FROM_PRODUCTION_AND_HARVESTED_AREA
DST16,Kandhamal,CRP013,Wheat,2022-23,Annual,1201.23,1171.54,2086.48,1.780972053877802,synthetic_prototype,2024_25_project_crop_structure,SEA03,CALCULATED_FROM_PRODUCTION_AND_HARVESTED_AREA
DST16,Kandhamal,CRP013,Wheat,2023-24,Annual,1184.07,1139.61,2213.59,1.9424101227612958,synthetic_prototype,2024_25_project_crop_structure,SEA03,CALCULATED_FROM_PRODUCTION_AND_HARVESTED_AREA
DST16,Kandhamal,CRP013,Wheat,2024-25,Annual,1220.09,1185.15,2437.07,2.056338860059908,synthetic_prototype,2024_25_project_crop_structure,SEA03,CALCULATED_FROM_PRODUCTION_AND_HARVESTED_AREA
DST17,Kendrapara,CRP001,Groundnut,2015-16,Annual,4137.23,3959.5,7623.36,1.9253340068190428,synthetic_prototype,2024_25_project_crop_structure,SEA03,CALCULATED_FROM_PRODUCTION_AND_HARVESTED_AREA
DST17,Kendrapara,CRP001,Groundnut,2016-17,Annual,4119.66,3993.77,7409.84,1.8553497071689156,synthetic_prototype,2024_25_project_crop_structure,SEA03,CALCULATED_FROM_PRODUCTION_AND_HARVESTED_AREA
DST17,Kendrapara,CRP001,Groundnut,2017-18,Annual,3864.64,3779.15,6559.36,1.7356707196062606,synthetic_prototype,2024_25_project_crop_structure,SEA03,CALCULATED_FROM_PRODUCTION_AND_HARVESTED_AREA
DST17,Kendrapara,CRP001,Groundnut,2018-19,Annual,4445.73,4286.22,7596.69,1.772351862480227,synthetic_prototype,2024_25_project_crop_structure,SEA03,CALCULATED_FROM_PRODUCTION_AND_HARVESTED_AREA
DST17,Kendrapara,CRP001,Groundnut,2019-20,Annual,4399.25,4301.11,8000.29,1.8600524050768292,synthetic_prototype,2024_25_project_crop_structure,SEA03,CALCULATED_FROM_PRODUCTION_AND_HARVESTED_AREA
DST17,Kendrapara,CRP001,Groundnut,2020-21,Annual,4461.37,4303.68,7932.21,1.843122629935311,synthetic_prototype,2024_25_project_crop_structure,SEA03,CALCULATED_FROM_PRODUCTION_AND_HARVESTED_AREA
DST17,Kendrapara,CRP001,Groundnut,2021-22,Annual,4451.95,4314.1,8658.67,2.0070628868130083,synthetic_prototype,2024_25_project_crop_structure,SEA03,CALCULATED_FROM_PRODUCTION_AND_HARVESTED_AREA
DST17,Kendrapara,CRP001,Groundnut,2022-23,Annual,4240.41,4054.62,7870.65,1.941156014620359,synthetic_prototype,2024_25_project_crop_structure,SEA03,CALCULATED_FROM_PRODUCTION_AND_HARVESTED_AREA
DST17,Kendrapara,CRP001,Groundnut,2023-24,Annual,4194.17,4108.79,7721.97,1.8793781137512504,synthetic_prototype,2024_25_project_crop_structure,SEA03,CALCULATED_FROM_PRODUCTION_AND_HARVESTED_AREA
DST17,Kendrapara,CRP001,Groundnut,2024-25,Annual,4289.3,4189.64,6986.81,1.6676397017404836,synthetic_prototype,2024_25_project_crop_structure,SEA03,CALCULATED_FROM_PRODUCTION_AND_HARVESTED_AREA
DST17,Kendrapara,CRP004,Maize,2015-16,Annual,6637.05,6503.68,20609.06,3.1688305697697303,synthetic_prototype,2024_25_project_crop_structure,SEA03,CALCULATED_FROM_PRODUCTION_AND_HARVESTED_AREA
DST17,Kendrapara,CRP004,Maize,2016-17,Annual,6440.47,6286.9,17813.05,2.83335984348407,synthetic_prototype,2024_25_project_crop_structure,SEA03,CALCULATED_FROM_PRODUCTION_AND_HARVESTED_AREA
DST17,Kendrapara,CRP004,Maize,2017-18,Annual,7075.55,6840.74,20164.66,2.9477308010536873,synthetic_prototype,2024_25_project_crop_structure,SEA03,CALCULATED_FROM_PRODUCTION_AND_HARVESTED_AREA
DST17,Kendrapara,CRP004,Maize,2018-19,Annual,6953.77,6777.89,18849.44,2.7810188716547475,synthetic_prototype,2024_25_project_crop_structure,SEA03,CALCULATED_FROM_PRODUCTION_AND_HARVESTED_AREA
DST17,Kendrapara,CRP004,Maize,2019-20,Annual,7268.91,7092.27,22051.88,3.109283769512441,synthetic_prototype,2024_25_project_crop_structure,SEA03,CALCULATED_FROM_PRODUCTION_AND_HARVESTED_AREA
DST17,Kendrapara,CRP004,Maize,2020-21,Annual,6982.78,6764.93,21055.09,3.112388450434816,synthetic_prototype,2024_25_project_crop_structure,SEA03,CALCULATED_FROM_PRODUCTION_AND_HARVESTED_AREA
DST17,Kendrapara,CRP004,Maize,2021-22,Annual,6670.97,6391.1,21008.34,3.287124282204941,synthetic_prototype,2024_25_project_crop_structure,SEA03,CALCULATED_FROM_PRODUCTION_AND_HARVESTED_AREA
DST17,Kendrapara,CRP004,Maize,2022-23,Annual,6731.7,6579.2,20140.12,3.0611806906614785,synthetic_prototype,2024_25_project_crop_structure,SEA03,CALCULATED_FROM_PRODUCTION_AND_HARVESTED_AREA
DST17,Kendrapara,CRP004,Maize,2023-24,Annual,6643.86,6427.51,17841.67,2.7758292091338634,synthetic_prototype,2024_25_project_crop_structure,SEA03,CALCULATED_FROM_PRODUCTION_AND_HARVESTED_AREA
DST17,Kendrapara,CRP004,Maize,2024-25,Annual,6764.74,6476.37,17275.5,2.6674664974360636,synthetic_prototype,2024_25_project_crop_structure,SEA03,CALCULATED_FROM_PRODUCTION_AND_HARVESTED_AREA
DST17,Kendrapara,CRP005,Moong(Green Gram),2015-16,Annual,478.7,463.1,426.26,0.9204491470524724,synthetic_prototype,2024_25_project_crop_structure,SEA03,CALCULATED_FROM_PRODUCTION_AND_HARVESTED_AREA
DST17,Kendrapara,CRP005,Moong(Green Gram),2016-17,Annual,474.84,456.33,384.78,0.8432055749128919,synthetic_prototype,2024_25_project_crop_structure,SEA03,CALCULATED_FROM_PRODUCTION_AND_HARVESTED_AREA
DST17,Kendrapara,CRP005,Moong(Green Gram),2017-18,Annual,486.6,472.49,406.89,0.8611610827742385,synthetic_prototype,2024_25_project_crop_structure,SEA03,CALCULATED_FROM_PRODUCTION_AND_HARVESTED_AREA
DST17,Kendrapara,CRP005,Moong(Green Gram),2018-19,Annual,491.3,474.52,407.43,0.8586150214954059,synthetic_prototype,2024_25_project_crop_structure,SEA03,CALCULATED_FROM_PRODUCTION_AND_HARVESTED_AREA
DST17,Kendrapara,CRP005,Moong(Green Gram),2019-20,Annual,487.9,474.05,387.35,0.8171079000105474,synthetic_prototype,2024_25_project_crop_structure,SEA03,CALCULATED_FROM_PRODUCTION_AND_HARVESTED_AREA
DST17,Kendrapara,CRP005,Moong(Green Gram),2020-21,Annual,501.9,486.64,408.53,0.839491204997534,synthetic_prototype,2024_25_project_crop_structure,SEA03,CALCULATED_FROM_PRODUCTION_AND_HARVESTED_AREA
DST17,Kendrapara,CRP005,Moong(Green Gram),2021-22,Annual,501.41,479.35,421.46,0.8792322937310941,synthetic_prototype,2024_25_project_crop_structure,SEA03,CALCULATED_FROM_PRODUCTION_AND_HARVESTED_AREA
DST17,Kendrapara,CRP005,Moong(Green Gram),2022-23,Annual,492.84,479.23,454.57,0.948542453519187,synthetic_prototype,2024_25_project_crop_structure,SEA03,CALCULATED_FROM_PRODUCTION_AND_HARVESTED_AREA
DST17,Kendrapara,CRP005,Moong(Green Gram),2023-24,Annual,476.81,457.76,427.48,0.9338518000699056,synthetic_prototype,2024_25_project_crop_structure,SEA03,CALCULATED_FROM_PRODUCTION_AND_HARVESTED_AREA
DST17,Kendrapara,CRP005,Moong(Green Gram),2024-25,Annual,478.57,458.84,426.02,0.9284717984482609,synthetic_prototype,2024_25_project_crop_structure,SEA03,CALCULATED_FROM_PRODUCTION_AND_HARVESTED_AREA
DST17,Kendrapara,CRP007,Ragi,2015-16,Annual,7384.58,7214.01,11652.08,1.6152015314644699,synthetic_prototype,2024_25_project_crop_structure,SEA03,CALCULATED_FROM_PRODUCTION_AND_HARVESTED_AREA
DST17,Kendrapara,CRP007,Ragi,2016-17,Annual,7024.68,6784.49,10502.8,1.5480603553104213,synthetic_prototype,2024_25_project_crop_structure,SEA03,CALCULATED_FROM_PRODUCTION_AND_HARVESTED_AREA
DST17,Kendrapara,CRP007,Ragi,2017-18,Annual,6791.95,6636.75,10675.76,1.6085825140317174,synthetic_prototype,2024_25_project_crop_structure,SEA03,CALCULATED_FROM_PRODUCTION_AND_HARVESTED_AREA
DST17,Kendrapara,CRP007,Ragi,2018-19,Annual,7451.85,7118.8,11188.91,1.5717410237680507,synthetic_prototype,2024_25_project_crop_structure,SEA03,CALCULATED_FROM_PRODUCTION_AND_HARVESTED_AREA
DST17,Kendrapara,CRP007,Ragi,2019-20,Annual,7464.3,7132.6,12252.5,1.7178167849031207,synthetic_prototype,2024_25_project_crop_structure,SEA03,CALCULATED_FROM_PRODUCTION_AND_HARVESTED_AREA
DST17,Kendrapara,CRP007,Ragi,2020-21,Annual,7524.44,7243.85,12288.69,1.6964307654078976,synthetic_prototype,2024_25_project_crop_structure,SEA03,CALCULATED_FROM_PRODUCTION_AND_HARVESTED_AREA
DST17,Kendrapara,CRP007,Ragi,2021-22,Annual,7767.21,7441.47,11979.16,1.609784088358886,synthetic_prototype,2024_25_project_crop_structure,SEA03,CALCULATED_FROM_PRODUCTION_AND_HARVESTED_AREA
DST17,Kendrapara,CRP007,Ragi,2022-23,Annual,7081.86,6860.71,10834.7,1.5792388834391777,synthetic_prototype,2024_25_project_crop_structure,SEA03,CALCULATED_FROM_PRODUCTION_AND_HARVESTED_AREA
DST17,Kendrapara,CRP007,Ragi,2023-24,Annual,7100.04,6917.1,9965.22,1.4406644403001256,synthetic_prototype,2024_25_project_crop_structure,SEA03,CALCULATED_FROM_PRODUCTION_AND_HARVESTED_AREA
DST17,Kendrapara,CRP007,Ragi,2024-25,Annual,7064.19,6812.32,10337.97,1.5175402799633604,synthetic_prototype,2024_25_project_crop_structure,SEA03,CALCULATED_FROM_PRODUCTION_AND_HARVESTED_AREA
DST17,Kendrapara,CRP009,Rice,2015-16,Annual,56035.55,54440.76,129508.2,2.3788830280841045,synthetic_prototype,2024_25_project_crop_structure,SEA03,CALCULATED_FROM_PRODUCTION_AND_HARVESTED_AREA
DST17,Kendrapara,CRP009,Rice,2016-17,Annual,52956.13,51535.85,133724.18,2.594779750406756,synthetic_prototype,2024_25_project_crop_structure,SEA03,CALCULATED_FROM_PRODUCTION_AND_HARVESTED_AREA
DST17,Kendrapara,CRP009,Rice,2017-18,Annual,52827.84,50579.07,134132.22,2.651931322580664,synthetic_prototype,2024_25_project_crop_structure,SEA03,CALCULATED_FROM_PRODUCTION_AND_HARVESTED_AREA
DST17,Kendrapara,CRP009,Rice,2018-19,Annual,57960.16,55733.85,145720.31,2.614574625653889,synthetic_prototype,2024_25_project_crop_structure,SEA03,CALCULATED_FROM_PRODUCTION_AND_HARVESTED_AREA
DST17,Kendrapara,CRP009,Rice,2019-20,Annual,58266.11,55827.3,153279.79,2.7456063610455814,synthetic_prototype,2024_25_project_crop_structure,SEA03,CALCULATED_FROM_PRODUCTION_AND_HARVESTED_AREA
DST17,Kendrapara,CRP009,Rice,2020-21,Annual,57850.05,56063.53,161535.79,2.8812989478186624,synthetic_prototype,2024_25_project_crop_structure,SEA03,CALCULATED_FROM_PRODUCTION_AND_HARVESTED_AREA
DST17,Kendrapara,CRP009,Rice,2021-22,Annual,55657.79,54370.89,130175.61,2.3942151765402406,synthetic_prototype,2024_25_project_crop_structure,SEA03,CALCULATED_FROM_PRODUCTION_AND_HARVESTED_AREA
DST17,Kendrapara,CRP009,Rice,2022-23,Annual,57135.49,55501.84,141023.17,2.540873780040446,synthetic_prototype,2024_25_project_crop_structure,SEA03,CALCULATED_FROM_PRODUCTION_AND_HARVESTED_AREA
DST17,Kendrapara,CRP009,Rice,2023-24,Annual,55617.28,53274.36,124524.16,2.3374125939757886,synthetic_prototype,2024_25_project_crop_structure,SEA03,CALCULATED_FROM_PRODUCTION_AND_HARVESTED_AREA
DST17,Kendrapara,CRP009,Rice,2024-25,Annual,57966.44,55849.99,136169.83,2.4381352619758747,synthetic_prototype,2024_25_project_crop_structure,SEA03,CALCULATED_FROM_PRODUCTION_AND_HARVESTED_AREA
DST17,Kendrapara,CRP010,Sesamum,2015-16,Annual,4991.55,4783.83,4352.83,0.9099048252132705,synthetic_prototype,2024_25_project_crop_structure,SEA03,CALCULATED_FROM_PRODUCTION_AND_HARVESTED_AREA
DST17,Kendrapara,CRP010,Sesamum,2016-17,Annual,5047.58,4847.6,4244.03,0.8754909646010396,synthetic_prototype,2024_25_project_crop_structure,SEA03,CALCULATED_FROM_PRODUCTION_AND_HARVESTED_AREA
DST17,Kendrapara,CRP010,Sesamum,2017-18,Annual,5165.16,5039.09,4906.26,0.9736400818401736,synthetic_prototype,2024_25_project_crop_structure,SEA03,CALCULATED_FROM_PRODUCTION_AND_HARVESTED_AREA
DST17,Kendrapara,CRP010,Sesamum,2018-19,Annual,5324.71,5108.65,4553.68,0.8913666037015651,synthetic_prototype,2024_25_project_crop_structure,SEA03,CALCULATED_FROM_PRODUCTION_AND_HARVESTED_AREA
DST17,Kendrapara,CRP010,Sesamum,2019-20,Annual,5558.22,5414.88,4764.26,0.8798459060957953,synthetic_prototype,2024_25_project_crop_structure,SEA03,CALCULATED_FROM_PRODUCTION_AND_HARVESTED_AREA
DST17,Kendrapara,CRP010,Sesamum,2020-21,Annual,5196.89,4971.87,4649.98,0.9352577601586525,synthetic_prototype,2024_25_project_crop_structure,SEA03,CALCULATED_FROM_PRODUCTION_AND_HARVESTED_AREA
DST17,Kendrapara,CRP010,Sesamum,2021-22,Annual,5374.81,5208.67,4769.29,0.9156444927399893,synthetic_prototype,2024_25_project_crop_structure,SEA03,CALCULATED_FROM_PRODUCTION_AND_HARVESTED_AREA
DST17,Kendrapara,CRP010,Sesamum,2022-23,Annual,4647.69,4452.08,3782.8,0.8496702664821837,synthetic_prototype,2024_25_project_crop_structure,SEA03,CALCULATED_FROM_PRODUCTION_AND_HARVESTED_AREA
DST17,Kendrapara,CRP010,Sesamum,2023-24,Annual,4769.4,4555.07,3753.58,0.8240444164414598,synthetic_prototype,2024_25_project_crop_structure,SEA03,CALCULATED_FROM_PRODUCTION_AND_HARVESTED_AREA
DST17,Kendrapara,CRP010,Sesamum,2024-25,Annual,5056.66,4829.21,4282.78,0.8868489877226295,synthetic_prototype,2024_25_project_crop_structure,SEA03,CALCULATED_FROM_PRODUCTION_AND_HARVESTED_AREA
DST17,Kendrapara,CRP012,Urad,2015-16,Annual,3257.17,3166.34,2769.25,0.874590220885944,synthetic_prototype,2024_25_project_crop_structure,SEA03,CALCULATED_FROM_PRODUCTION_AND_HARVESTED_AREA
DST17,Kendrapara,CRP012,Urad,2016-17,Annual,3409.14,3322.8,3051.59,0.9183790778861202,synthetic_prototype,2024_25_project_crop_structure,SEA03,CALCULATED_FROM_PRODUCTION_AND_HARVESTED_AREA
DST17,Kendrapara,CRP012,Urad,2017-18,Annual,3286.96,3199.46,3018.69,0.9434998405981009,synthetic_prototype,2024_25_project_crop_structure,SEA03,CALCULATED_FROM_PRODUCTION_AND_HARVESTED_AREA
DST17,Kendrapara,CRP012,Urad,2018-19,Annual,3590.44,3463.19,3213.21,0.9278179943924532,synthetic_prototype,2024_25_project_crop_structure,SEA03,CALCULATED_FROM_PRODUCTION_AND_HARVESTED_AREA
DST17,Kendrapara,CRP012,Urad,2019-20,Annual,3742.93,3610.44,3254.37,0.9013776714195499,synthetic_prototype,2024_25_project_crop_structure,SEA03,CALCULATED_FROM_PRODUCTION_AND_HARVESTED_AREA
DST17,Kendrapara,CRP012,Urad,2020-21,Annual,3511.83,3363.68,2805.89,0.8341726918137278,synthetic_prototype,2024_25_project_crop_structure,SEA03,CALCULATED_FROM_PRODUCTION_AND_HARVESTED_AREA
DST17,Kendrapara,CRP012,Urad,2021-22,Annual,3405.65,3255.52,2607.58,0.8009718877475794,synthetic_prototype,2024_25_project_crop_structure,SEA03,CALCULATED_FROM_PRODUCTION_AND_HARVESTED_AREA
DST17,Kendrapara,CRP012,Urad,2022-23,Annual,3473.73,3347.58,2788.16,0.8328882356807007,synthetic_prototype,2024_25_project_crop_structure,SEA03,CALCULATED_FROM_PRODUCTION_AND_HARVESTED_AREA
DST17,Kendrapara,CRP012,Urad,2023-24,Annual,3461.47,3369.48,2897.06,0.8597943896387573,synthetic_prototype,2024_25_project_crop_structure,SEA03,CALCULATED_FROM_PRODUCTION_AND_HARVESTED_AREA
DST17,Kendrapara,CRP012,Urad,2024-25,Annual,3318.7,3208.69,2849.65,0.8881038679336427,synthetic_prototype,2024_25_project_crop_structure,SEA03,CALCULATED_FROM_PRODUCTION_AND_HARVESTED_AREA
DST17,Kendrapara,CRP002,Horse Gram,2015-16,Annual,1254.66,1204.38,897.97,0.745586940998688,synthetic_prototype,2024_25_project_crop_structure,SEA03,CALCULATED_FROM_PRODUCTION_AND_HARVESTED_AREA
DST17,Kendrapara,CRP002,Horse Gram,2016-17,Annual,1228.07,1201.08,902.93,0.7517650780963799,synthetic_prototype,2024_25_project_crop_structure,SEA03,CALCULATED_FROM_PRODUCTION_AND_HARVESTED_AREA
DST17,Kendrapara,CRP002,Horse Gram,2017-18,Annual,1255.27,1220.25,856.48,0.7018889571809056,synthetic_prototype,2024_25_project_crop_structure,SEA03,CALCULATED_FROM_PRODUCTION_AND_HARVESTED_AREA
DST17,Kendrapara,CRP002,Horse Gram,2018-19,Annual,1252.53,1222.78,919.29,0.7518032679631659,synthetic_prototype,2024_25_project_crop_structure,SEA03,CALCULATED_FROM_PRODUCTION_AND_HARVESTED_AREA
DST17,Kendrapara,CRP002,Horse Gram,2019-20,Annual,1297.84,1262.85,982.69,0.7781525913608109,synthetic_prototype,2024_25_project_crop_structure,SEA03,CALCULATED_FROM_PRODUCTION_AND_HARVESTED_AREA
DST17,Kendrapara,CRP002,Horse Gram,2020-21,Annual,1362.21,1302.28,1088.24,0.8356421046165188,synthetic_prototype,2024_25_project_crop_structure,SEA03,CALCULATED_FROM_PRODUCTION_AND_HARVESTED_AREA
DST17,Kendrapara,CRP002,Horse Gram,2021-22,Annual,1347.62,1296.47,1118.16,0.8624650011184216,synthetic_prototype,2024_25_project_crop_structure,SEA03,CALCULATED_FROM_PRODUCTION_AND_HARVESTED_AREA
DST17,Kendrapara,CRP002,Horse Gram,2022-23,Annual,1292.91,1235.82,983.54,0.7958602385460666,synthetic_prototype,2024_25_project_crop_structure,SEA03,CALCULATED_FROM_PRODUCTION_AND_HARVESTED_AREA
DST17,Kendrapara,CRP002,Horse Gram,2023-24,Annual,1249.47,1207.25,930.43,0.7707020086974529,synthetic_prototype,2024_25_project_crop_structure,SEA03,CALCULATED_FROM_PRODUCTION_AND_HARVESTED_AREA
DST17,Kendrapara,CRP002,Horse Gram,2024-25,Annual,1220.36,1188.02,907.11,0.7635477517213515,synthetic_prototype,2024_25_project_crop_structure,SEA03,CALCULATED_FROM_PRODUCTION_AND_HARVESTED_AREA
DST17,Kendrapara,CRP006,Potato,2015-16,Annual,6978.8,6834.45,86068.72,12.59336449897212,synthetic_prototype,2024_25_project_crop_structure,SEA03,CALCULATED_FROM_PRODUCTION_AND_HARVESTED_AREA
DST17,Kendrapara,CRP006,Potato,2016-17,Annual,6461.89,6202.61,72780.61,11.733868484396085,synthetic_prototype,2024_25_project_crop_structure,SEA03,CALCULATED_FROM_PRODUCTION_AND_HARVESTED_AREA
DST17,Kendrapara,CRP006,Potato,2017-18,Annual,6649.98,6503.03,82318.44,12.658474587999748,synthetic_prototype,2024_25_project_crop_structure,SEA03,CALCULATED_FROM_PRODUCTION_AND_HARVESTED_AREA
DST17,Kendrapara,CRP006,Potato,2018-19,Annual,6830.58,6677.15,93695.6,14.032274248743851,synthetic_prototype,2024_25_project_crop_structure,SEA03,CALCULATED_FROM_PRODUCTION_AND_HARVESTED_AREA
DST17,Kendrapara,CRP006,Potato,2019-20,Annual,7360.27,7149.75,97486.66,13.634974649463269,synthetic_prototype,2024_25_project_crop_structure,SEA03,CALCULATED_FROM_PRODUCTION_AND_HARVESTED_AREA
DST17,Kendrapara,CRP006,Potato,2020-21,Annual,7064.92,6891.35,88415.55,12.829931726004338,synthetic_prototype,2024_25_project_crop_structure,SEA03,CALCULATED_FROM_PRODUCTION_AND_HARVESTED_AREA
DST17,Kendrapara,CRP006,Potato,2021-22,Annual,7363.52,7152.09,95916.84,13.4110225123006,synthetic_prototype,2024_25_project_crop_structure,SEA03,CALCULATED_FROM_PRODUCTION_AND_HARVESTED_AREA
DST17,Kendrapara,CRP006,Potato,2022-23,Annual,6897.75,6614.95,87723.08,13.26133682038413,synthetic_prototype,2024_25_project_crop_structure,SEA03,CALCULATED_FROM_PRODUCTION_AND_HARVESTED_AREA
DST17,Kendrapara,CRP006,Potato,2023-24,Annual,6856.96,6691.93,83380.81,12.4599046911728,synthetic_prototype,2024_25_project_crop_structure,SEA03,CALCULATED_FROM_PRODUCTION_AND_HARVESTED_AREA
DST17,Kendrapara,CRP006,Potato,2024-25,Annual,6998.58,6791.71,78095.09,11.498590193044166,synthetic_prototype,2024_25_project_crop_structure,SEA03,CALCULATED_FROM_PRODUCTION_AND_HARVESTED_AREA
DST17,Kendrapara,CRP008,Rapeseed &Mustard,2015-16,Annual,5996.47,5852.81,4933.56,0.8429386909877478,synthetic_prototype,2024_25_project_crop_structure,SEA03,CALCULATED_FROM_PRODUCTION_AND_HARVESTED_AREA
DST17,Kendrapara,CRP008,Rapeseed &Mustard,2016-17,Annual,5634.65,5509.95,4744.29,0.8610404813110827,synthetic_prototype,2024_25_project_crop_structure,SEA03,CALCULATED_FROM_PRODUCTION_AND_HARVESTED_AREA
DST17,Kendrapara,CRP008,Rapeseed &Mustard,2017-18,Annual,5580.27,5447.74,5067.72,0.930242632724763,synthetic_prototype,2024_25_project_crop_structure,SEA03,CALCULATED_FROM_PRODUCTION_AND_HARVESTED_AREA
DST17,Kendrapara,CRP008,Rapeseed &Mustard,2018-19,Annual,5510.98,5365.48,5176.06,0.9646965415955331,synthetic_prototype,2024_25_project_crop_structure,SEA03,CALCULATED_FROM_PRODUCTION_AND_HARVESTED_AREA
DST17,Kendrapara,CRP008,Rapeseed &Mustard,2019-20,Annual,5949.58,5823.67,5740.8,0.985770141508705,synthetic_prototype,2024_25_project_crop_structure,SEA03,CALCULATED_FROM_PRODUCTION_AND_HARVESTED_AREA
DST17,Kendrapara,CRP008,Rapeseed &Mustard,2020-21,Annual,5628.55,5427.72,4997.54,0.9207438850935568,synthetic_prototype,2024_25_project_crop_structure,SEA03,CALCULATED_FROM_PRODUCTION_AND_HARVESTED_AREA
DST17,Kendrapara,CRP008,Rapeseed &Mustard,2021-22,Annual,5679.82,5433.17,5112.98,0.9410675535644936,synthetic_prototype,2024_25_project_crop_structure,SEA03,CALCULATED_FROM_PRODUCTION_AND_HARVESTED_AREA
DST17,Kendrapara,CRP008,Rapeseed &Mustard,2022-23,Annual,5802.82,5614.75,4995.15,0.8896478026626297,synthetic_prototype,2024_25_project_crop_structure,SEA03,CALCULATED_FROM_PRODUCTION_AND_HARVESTED_AREA
DST17,Kendrapara,CRP008,Rapeseed &Mustard,2023-24,Annual,5631.88,5431.3,4962.72,0.9137259956179921,synthetic_prototype,2024_25_project_crop_structure,SEA03,CALCULATED_FROM_PRODUCTION_AND_HARVESTED_AREA
DST17,Kendrapara,CRP008,Rapeseed &Mustard,2024-25,Annual,5507.05,5300.13,5060.94,0.9548709182604954,synthetic_prototype,2024_25_project_crop_structure,SEA03,CALCULATED_FROM_PRODUCTION_AND_HARVESTED_AREA
DST17,Kendrapara,CRP011,Sugarcane,2015-16,Annual,11062.79,10832.39,530581.48,48.981017116259665,synthetic_prototype,2024_25_project_crop_structure,SEA03,CALCULATED_FROM_PRODUCTION_AND_HARVESTED_AREA
DST17,Kendrapara,CRP011,Sugarcane,2016-17,Annual,11070.68,10840.82,543329.62,50.118867391950054,synthetic_prototype,2024_25_project_crop_structure,SEA03,CALCULATED_FROM_PRODUCTION_AND_HARVESTED_AREA
DST17,Kendrapara,CRP011,Sugarcane,2017-18,Annual,11225.92,10853.66,583710.74,53.780083400438194,synthetic_prototype,2024_25_project_crop_structure,SEA03,CALCULATED_FROM_PRODUCTION_AND_HARVESTED_AREA
DST17,Kendrapara,CRP011,Sugarcane,2018-19,Annual,11232.51,10888.6,588709.9,54.06662931873703,synthetic_prototype,2024_25_project_crop_structure,SEA03,CALCULATED_FROM_PRODUCTION_AND_HARVESTED_AREA
DST17,Kendrapara,CRP011,Sugarcane,2019-20,Annual,12058.66,11566.73,577107.63,49.89375821861494,synthetic_prototype,2024_25_project_crop_structure,SEA03,CALCULATED_FROM_PRODUCTION_AND_HARVESTED_AREA
DST17,Kendrapara,CRP011,Sugarcane,2020-21,Annual,11618.4,11120.34,527934.02,47.47462937284292,synthetic_prototype,2024_25_project_crop_structure,SEA03,CALCULATED_FROM_PRODUCTION_AND_HARVESTED_AREA
DST17,Kendrapara,CRP011,Sugarcane,2021-22,Annual,12045.81,11678.19,559220.31,47.88587186884269,synthetic_prototype,2024_25_project_crop_structure,SEA03,CALCULATED_FROM_PRODUCTION_AND_HARVESTED_AREA
DST17,Kendrapara,CRP011,Sugarcane,2022-23,Annual,10940.49,10577.74,502436.81,47.49944789718787,synthetic_prototype,2024_25_project_crop_structure,SEA03,CALCULATED_FROM_PRODUCTION_AND_HARVESTED_AREA
DST17,Kendrapara,CRP011,Sugarcane,2023-24,Annual,10997.57,10558.1,475977.42,45.081730614409786,synthetic_prototype,2024_25_project_crop_structure,SEA03,CALCULATED_FROM_PRODUCTION_AND_HARVESTED_AREA
DST17,Kendrapara,CRP011,Sugarcane,2024-25,Annual,11648.55,11351.84,547880.66,48.26359955742858,synthetic_prototype,2024_25_project_crop_structure,SEA03,CALCULATED_FROM_PRODUCTION_AND_HARVESTED_AREA
DST17,Kendrapara,CRP003,Jute,2015-16,Annual,4886.94,4772.25,12056.61,2.5263994970925667,synthetic_prototype,2024_25_project_crop_structure,SEA03,CALCULATED_FROM_PRODUCTION_AND_HARVESTED_AREA
DST17,Kendrapara,CRP003,Jute,2016-17,Annual,4860.35,4648.88,12178.41,2.619643871211991,synthetic_prototype,2024_25_project_crop_structure,SEA03,CALCULATED_FROM_PRODUCTION_AND_HARVESTED_AREA
DST17,Kendrapara,CRP003,Jute,2017-18,Annual,4775.92,4609.34,11576.24,2.511474527806584,synthetic_prototype,2024_25_project_crop_structure,SEA03,CALCULATED_FROM_PRODUCTION_AND_HARVESTED_AREA
DST17,Kendrapara,CRP003,Jute,2018-19,Annual,5074.48,4946.02,12598.12,2.5471227370694014,synthetic_prototype,2024_25_project_crop_structure,SEA03,CALCULATED_FROM_PRODUCTION_AND_HARVESTED_AREA
DST17,Kendrapara,CRP003,Jute,2019-20,Annual,4936.58,4721.5,12853.25,2.72228105474955,synthetic_prototype,2024_25_project_crop_structure,SEA03,CALCULATED_FROM_PRODUCTION_AND_HARVESTED_AREA
DST17,Kendrapara,CRP003,Jute,2020-21,Annual,4974.51,4823.39,13273.28,2.751857096357541,synthetic_prototype,2024_25_project_crop_structure,SEA03,CALCULATED_FROM_PRODUCTION_AND_HARVESTED_AREA
DST17,Kendrapara,CRP003,Jute,2021-22,Annual,5057.67,4900.55,13930.13,2.8425646100947852,synthetic_prototype,2024_25_project_crop_structure,SEA03,CALCULATED_FROM_PRODUCTION_AND_HARVESTED_AREA
DST17,Kendrapara,CRP003,Jute,2022-23,Annual,4439.96,4340.26,11696.05,2.694780957822803,synthetic_prototype,2024_25_project_crop_structure,SEA03,CALCULATED_FROM_PRODUCTION_AND_HARVESTED_AREA
DST17,Kendrapara,CRP003,Jute,2023-24,Annual,4631.38,4533.98,12297.75,2.7123520615441623,synthetic_prototype,2024_25_project_crop_structure,SEA03,CALCULATED_FROM_PRODUCTION_AND_HARVESTED_AREA
DST17,Kendrapara,CRP003,Jute,2024-25,Annual,4970.6,4802.6,12376.61,2.577064506725524,synthetic_prototype,2024_25_project_crop_structure,SEA03,CALCULATED_FROM_PRODUCTION_AND_HARVESTED_AREA
DST17,Kendrapara,CRP013,Wheat,2015-16,Annual,1579.67,1545.37,5203.58,3.3672065589470486,synthetic_prototype,2024_25_project_crop_structure,SEA03,CALCULATED_FROM_PRODUCTION_AND_HARVESTED_AREA
DST17,Kendrapara,CRP013,Wheat,2016-17,Annual,1662.91,1610.49,5196.94,3.2269309340635455,synthetic_prototype,2024_25_project_crop_structure,SEA03,CALCULATED_FROM_PRODUCTION_AND_HARVESTED_AREA
DST17,Kendrapara,CRP013,Wheat,2017-18,Annual,1710.91,1640.57,5110.37,3.114996617029447,synthetic_prototype,2024_25_project_crop_structure,SEA03,CALCULATED_FROM_PRODUCTION_AND_HARVESTED_AREA
DST17,Kendrapara,CRP013,Wheat,2018-19,Annual,1732.92,1660.41,5046.4,3.03924934202998,synthetic_prototype,2024_25_project_crop_structure,SEA03,CALCULATED_FROM_PRODUCTION_AND_HARVESTED_AREA
DST17,Kendrapara,CRP013,Wheat,2019-20,Annual,1797.13,1754.48,5096.98,2.9051228854133417,synthetic_prototype,2024_25_project_crop_structure,SEA03,CALCULATED_FROM_PRODUCTION_AND_HARVESTED_AREA
DST17,Kendrapara,CRP013,Wheat,2020-21,Annual,1812.23,1739.99,4742.36,2.725509916723659,synthetic_prototype,2024_25_project_crop_structure,SEA03,CALCULATED_FROM_PRODUCTION_AND_HARVESTED_AREA
DST17,Kendrapara,CRP013,Wheat,2021-22,Annual,1711.29,1661.92,5132.55,3.0883255511697314,synthetic_prototype,2024_25_project_crop_structure,SEA03,CALCULATED_FROM_PRODUCTION_AND_HARVESTED_AREA
DST17,Kendrapara,CRP013,Wheat,2022-23,Annual,1663.1,1596.74,4721.97,2.9572566604456583,synthetic_prototype,2024_25_project_crop_structure,SEA03,CALCULATED_FROM_PRODUCTION_AND_HARVESTED_AREA
DST17,Kendrapara,CRP013,Wheat,2023-24,Annual,1642.46,1587.46,4811.19,3.0307472314263033,synthetic_prototype,2024_25_project_crop_structure,SEA03,CALCULATED_FROM_PRODUCTION_AND_HARVESTED_AREA
DST17,Kendrapara,CRP013,Wheat,2024-25,Annual,1691.91,1620.71,5212.87,3.216411325900377,synthetic_prototype,2024_25_project_crop_structure,SEA03,CALCULATED_FROM_PRODUCTION_AND_HARVESTED_AREA
DST18,Kendujhar,CRP001,Groundnut,2015-16,Annual,3310.76,3178.48,5037.0,1.5847197402532027,synthetic_prototype,2024_25_project_crop_structure,SEA03,CALCULATED_FROM_PRODUCTION_AND_HARVESTED_AREA
DST18,Kendujhar,CRP001,Groundnut,2016-17,Annual,3299.11,3188.16,5067.94,1.5896128174244706,synthetic_prototype,2024_25_project_crop_structure,SEA03,CALCULATED_FROM_PRODUCTION_AND_HARVESTED_AREA
DST18,Kendujhar,CRP001,Groundnut,2017-18,Annual,3268.58,3165.18,4840.18,1.5291958119285476,synthetic_prototype,2024_25_project_crop_structure,SEA03,CALCULATED_FROM_PRODUCTION_AND_HARVESTED_AREA
DST18,Kendujhar,CRP001,Groundnut,2018-19,Annual,3358.53,3227.94,4935.6,1.5290247030613953,synthetic_prototype,2024_25_project_crop_structure,SEA03,CALCULATED_FROM_PRODUCTION_AND_HARVESTED_AREA
DST18,Kendujhar,CRP001,Groundnut,2019-20,Annual,3583.61,3466.89,5537.28,1.5971894118359682,synthetic_prototype,2024_25_project_crop_structure,SEA03,CALCULATED_FROM_PRODUCTION_AND_HARVESTED_AREA
DST18,Kendujhar,CRP001,Groundnut,2020-21,Annual,3673.08,3512.82,5949.95,1.6937816341287055,synthetic_prototype,2024_25_project_crop_structure,SEA03,CALCULATED_FROM_PRODUCTION_AND_HARVESTED_AREA
DST18,Kendujhar,CRP001,Groundnut,2021-22,Annual,3418.16,3306.87,5734.08,1.7339901477832513,synthetic_prototype,2024_25_project_crop_structure,SEA03,CALCULATED_FROM_PRODUCTION_AND_HARVESTED_AREA
DST18,Kendujhar,CRP001,Groundnut,2022-23,Annual,3276.82,3191.96,5404.35,1.693113322222083,synthetic_prototype,2024_25_project_crop_structure,SEA03,CALCULATED_FROM_PRODUCTION_AND_HARVESTED_AREA
DST18,Kendujhar,CRP001,Groundnut,2023-24,Annual,3183.49,3092.25,5168.47,1.6714269544829816,synthetic_prototype,2024_25_project_crop_structure,SEA03,CALCULATED_FROM_PRODUCTION_AND_HARVESTED_AREA
DST18,Kendujhar,CRP001,Groundnut,2024-25,Annual,3344.33,3221.82,5257.57,1.6318633567362546,synthetic_prototype,2024_25_project_crop_structure,SEA03,CALCULATED_FROM_PRODUCTION_AND_HARVESTED_AREA
DST18,Kendujhar,CRP004,Maize,2015-16,Annual,12339.08,12069.69,51847.0,4.295636424796329,synthetic_prototype,2024_25_project_crop_structure,SEA03,CALCULATED_FROM_PRODUCTION_AND_HARVESTED_AREA
DST18,Kendujhar,CRP004,Maize,2016-17,Annual,12541.96,12218.36,50279.88,4.115108737997571,synthetic_prototype,2024_25_project_crop_structure,SEA03,CALCULATED_FROM_PRODUCTION_AND_HARVESTED_AREA
DST18,Kendujhar,CRP004,Maize,2017-18,Annual,12544.72,12157.71,51003.78,4.1951798488366645,synthetic_prototype,2024_25_project_crop_structure,SEA03,CALCULATED_FROM_PRODUCTION_AND_HARVESTED_AREA
DST18,Kendujhar,CRP004,Maize,2018-19,Annual,13269.03,12927.85,58213.83,4.502978453493814,synthetic_prototype,2024_25_project_crop_structure,SEA03,CALCULATED_FROM_PRODUCTION_AND_HARVESTED_AREA
DST18,Kendujhar,CRP004,Maize,2019-20,Annual,12964.12,12690.3,60351.33,4.75570553887615,synthetic_prototype,2024_25_project_crop_structure,SEA03,CALCULATED_FROM_PRODUCTION_AND_HARVESTED_AREA
DST18,Kendujhar,CRP004,Maize,2020-21,Annual,12939.55,12550.88,58436.78,4.655990655635303,synthetic_prototype,2024_25_project_crop_structure,SEA03,CALCULATED_FROM_PRODUCTION_AND_HARVESTED_AREA
DST18,Kendujhar,CRP004,Maize,2021-22,Annual,12237.54,11821.99,53660.59,4.5390488403390625,synthetic_prototype,2024_25_project_crop_structure,SEA03,CALCULATED_FROM_PRODUCTION_AND_HARVESTED_AREA
DST18,Kendujhar,CRP004,Maize,2022-23,Annual,12700.87,12159.77,57917.0,4.763001273872779,synthetic_prototype,2024_25_project_crop_structure,SEA03,CALCULATED_FROM_PRODUCTION_AND_HARVESTED_AREA
DST18,Kendujhar,CRP004,Maize,2023-24,Annual,11785.1,11376.91,49391.34,4.341366856202606,synthetic_prototype,2024_25_project_crop_structure,SEA03,CALCULATED_FROM_PRODUCTION_AND_HARVESTED_AREA
DST18,Kendujhar,CRP004,Maize,2024-25,Annual,12355.11,11941.76,49005.97,4.103747688782893,synthetic_prototype,2024_25_project_crop_structure,SEA03,CALCULATED_FROM_PRODUCTION_AND_HARVESTED_AREA
DST18,Kendujhar,CRP005,Moong(Green Gram),2015-16,Annual,7004.92,6764.27,5304.57,0.7842043561241641,synthetic_prototype,2024_25_project_crop_structure,SEA03,CALCULATED_FROM_PRODUCTION_AND_HARVESTED_AREA
DST18,Kendujhar,CRP005,Moong(Green Gram),2016-17,Annual,7409.96,7138.84,5749.33,0.8053591339769486,synthetic_prototype,2024_25_project_crop_structure,SEA03,CALCULATED_FROM_PRODUCTION_AND_HARVESTED_AREA
DST18,Kendujhar,CRP005,Moong(Green Gram),2017-18,Annual,7955.92,7758.44,5682.98,0.7324900366568536,synthetic_prototype,2024_25_project_crop_structure,SEA03,CALCULATED_FROM_PRODUCTION_AND_HARVESTED_AREA
DST18,Kendujhar,CRP005,Moong(Green Gram),2018-19,Annual,7394.57,7167.97,5442.4,0.7592665705911157,synthetic_prototype,2024_25_project_crop_structure,SEA03,CALCULATED_FROM_PRODUCTION_AND_HARVESTED_AREA
DST18,Kendujhar,CRP005,Moong(Green Gram),2019-20,Annual,7673.01,7488.85,5885.06,0.7858429531904098,synthetic_prototype,2024_25_project_crop_structure,SEA03,CALCULATED_FROM_PRODUCTION_AND_HARVESTED_AREA
DST18,Kendujhar,CRP005,Moong(Green Gram),2020-21,Annual,7904.07,7716.99,6196.9,0.8030203486074233,synthetic_prototype,2024_25_project_crop_structure,SEA03,CALCULATED_FROM_PRODUCTION_AND_HARVESTED_AREA
DST18,Kendujhar,CRP005,Moong(Green Gram),2021-22,Annual,7837.47,7632.69,6265.6,0.8208901448899406,synthetic_prototype,2024_25_project_crop_structure,SEA03,CALCULATED_FROM_PRODUCTION_AND_HARVESTED_AREA
DST18,Kendujhar,CRP005,Moong(Green Gram),2022-23,Annual,7622.98,7463.02,6280.63,0.8415668187945362,synthetic_prototype,2024_25_project_crop_structure,SEA03,CALCULATED_FROM_PRODUCTION_AND_HARVESTED_AREA
DST18,Kendujhar,CRP005,Moong(Green Gram),2023-24,Annual,7193.03,6921.93,5843.15,0.8441504031390088,synthetic_prototype,2024_25_project_crop_structure,SEA03,CALCULATED_FROM_PRODUCTION_AND_HARVESTED_AREA
DST18,Kendujhar,CRP005,Moong(Green Gram),2024-25,Annual,7572.3,7393.82,6017.94,0.8139148640350996,synthetic_prototype,2024_25_project_crop_structure,SEA03,CALCULATED_FROM_PRODUCTION_AND_HARVESTED_AREA
DST18,Kendujhar,CRP007,Ragi,2015-16,Annual,4064.36,3890.28,4407.83,1.1330366965873921,synthetic_prototype,2024_25_project_crop_structure,SEA03,CALCULATED_FROM_PRODUCTION_AND_HARVESTED_AREA
DST18,Kendujhar,CRP007,Ragi,2016-17,Annual,3864.16,3710.92,4113.36,1.1084475008892671,synthetic_prototype,2024_25_project_crop_structure,SEA03,CALCULATED_FROM_PRODUCTION_AND_HARVESTED_AREA
DST18,Kendujhar,CRP007,Ragi,2017-18,Annual,4273.07,4170.53,4983.09,1.194833750146864,synthetic_prototype,2024_25_project_crop_structure,SEA03,CALCULATED_FROM_PRODUCTION_AND_HARVESTED_AREA
DST18,Kendujhar,CRP007,Ragi,2018-19,Annual,4481.83,4307.0,5269.57,1.2234896679823541,synthetic_prototype,2024_25_project_crop_structure,SEA03,CALCULATED_FROM_PRODUCTION_AND_HARVESTED_AREA
DST18,Kendujhar,CRP007,Ragi,2019-20,Annual,4468.64,4310.77,5543.77,1.2860277862191674,synthetic_prototype,2024_25_project_crop_structure,SEA03,CALCULATED_FROM_PRODUCTION_AND_HARVESTED_AREA
DST18,Kendujhar,CRP007,Ragi,2020-21,Annual,4299.15,4120.12,4769.53,1.1576191955574109,synthetic_prototype,2024_25_project_crop_structure,SEA03,CALCULATED_FROM_PRODUCTION_AND_HARVESTED_AREA
DST18,Kendujhar,CRP007,Ragi,2021-22,Annual,4543.93,4357.47,5076.38,1.1649833504304103,synthetic_prototype,2024_25_project_crop_structure,SEA03,CALCULATED_FROM_PRODUCTION_AND_HARVESTED_AREA
DST18,Kendujhar,CRP007,Ragi,2022-23,Annual,4147.22,4052.24,4581.91,1.1307104218901152,synthetic_prototype,2024_25_project_crop_structure,SEA03,CALCULATED_FROM_PRODUCTION_AND_HARVESTED_AREA
DST18,Kendujhar,CRP007,Ragi,2023-24,Annual,4231.26,4094.38,4193.64,1.0242429867281493,synthetic_prototype,2024_25_project_crop_structure,SEA03,CALCULATED_FROM_PRODUCTION_AND_HARVESTED_AREA
DST18,Kendujhar,CRP007,Ragi,2024-25,Annual,4064.78,3976.91,4318.73,1.0859511530308705,synthetic_prototype,2024_25_project_crop_structure,SEA03,CALCULATED_FROM_PRODUCTION_AND_HARVESTED_AREA
DST18,Kendujhar,CRP009,Rice,2015-16,Annual,46392.7,44983.89,111696.44,2.483032036580207,synthetic_prototype,2024_25_project_crop_structure,SEA03,CALCULATED_FROM_PRODUCTION_AND_HARVESTED_AREA
DST18,Kendujhar,CRP009,Rice,2016-17,Annual,44962.53,43276.18,113367.47,2.619627471740805,synthetic_prototype,2024_25_project_crop_structure,SEA03,CALCULATED_FROM_PRODUCTION_AND_HARVESTED_AREA
DST18,Kendujhar,CRP009,Rice,2017-18,Annual,45130.08,43487.87,119050.3,2.737551873660402,synthetic_prototype,2024_25_project_crop_structure,SEA03,CALCULATED_FROM_PRODUCTION_AND_HARVESTED_AREA
DST18,Kendujhar,CRP009,Rice,2018-19,Annual,46089.99,44431.86,120441.29,2.7106965587306044,synthetic_prototype,2024_25_project_crop_structure,SEA03,CALCULATED_FROM_PRODUCTION_AND_HARVESTED_AREA
DST18,Kendujhar,CRP009,Rice,2019-20,Annual,49193.3,48197.22,126580.08,2.626294213649667,synthetic_prototype,2024_25_project_crop_structure,SEA03,CALCULATED_FROM_PRODUCTION_AND_HARVESTED_AREA
DST18,Kendujhar,CRP009,Rice,2020-21,Annual,47698.51,45659.38,116812.7,2.558350551409152,synthetic_prototype,2024_25_project_crop_structure,SEA03,CALCULATED_FROM_PRODUCTION_AND_HARVESTED_AREA
DST18,Kendujhar,CRP009,Rice,2021-22,Annual,44772.56,43701.72,107741.66,2.4653871746924376,synthetic_prototype,2024_25_project_crop_structure,SEA03,CALCULATED_FROM_PRODUCTION_AND_HARVESTED_AREA
DST18,Kendujhar,CRP009,Rice,2022-23,Annual,45049.54,43350.5,111513.39,2.572366870047635,synthetic_prototype,2024_25_project_crop_structure,SEA03,CALCULATED_FROM_PRODUCTION_AND_HARVESTED_AREA
DST18,Kendujhar,CRP009,Rice,2023-24,Annual,44969.1,43505.86,107458.46,2.4699766881978658,synthetic_prototype,2024_25_project_crop_structure,SEA03,CALCULATED_FROM_PRODUCTION_AND_HARVESTED_AREA
DST18,Kendujhar,CRP009,Rice,2024-25,Annual,45034.34,44101.17,107619.65,2.440290132892166,synthetic_prototype,2024_25_project_crop_structure,SEA03,CALCULATED_FROM_PRODUCTION_AND_HARVESTED_AREA
DST18,Kendujhar,CRP010,Sesamum,2015-16,Annual,4518.4,4373.77,2075.33,0.4744945436088317,synthetic_prototype,2024_25_project_crop_structure,SEA03,CALCULATED_FROM_PRODUCTION_AND_HARVESTED_AREA
DST18,Kendujhar,CRP010,Sesamum,2016-17,Annual,4118.87,3965.87,1832.69,0.46211550050808525,synthetic_prototype,2024_25_project_crop_structure,SEA03,CALCULATED_FROM_PRODUCTION_AND_HARVESTED_AREA
DST18,Kendujhar,CRP010,Sesamum,2017-18,Annual,4389.24,4225.95,2001.63,0.47365207823093036,synthetic_prototype,2024_25_project_crop_structure,SEA03,CALCULATED_FROM_PRODUCTION_AND_HARVESTED_AREA
DST18,Kendujhar,CRP010,Sesamum,2018-19,Annual,4499.21,4317.33,2165.16,0.5015044020262523,synthetic_prototype,2024_25_project_crop_structure,SEA03,CALCULATED_FROM_PRODUCTION_AND_HARVESTED_AREA
DST18,Kendujhar,CRP010,Sesamum,2019-20,Annual,4353.51,4203.5,1968.42,0.46828119424289283,synthetic_prototype,2024_25_project_crop_structure,SEA03,CALCULATED_FROM_PRODUCTION_AND_HARVESTED_AREA
DST18,Kendujhar,CRP010,Sesamum,2020-21,Annual,4681.15,4493.1,1978.74,0.4403952727515523,synthetic_prototype,2024_25_project_crop_structure,SEA03,CALCULATED_FROM_PRODUCTION_AND_HARVESTED_AREA
DST18,Kendujhar,CRP010,Sesamum,2021-22,Annual,4589.74,4469.59,2067.61,0.46259500312109164,synthetic_prototype,2024_25_project_crop_structure,SEA03,CALCULATED_FROM_PRODUCTION_AND_HARVESTED_AREA
DST18,Kendujhar,CRP010,Sesamum,2022-23,Annual,4323.3,4165.21,1830.37,0.43944242907320397,synthetic_prototype,2024_25_project_crop_structure,SEA03,CALCULATED_FROM_PRODUCTION_AND_HARVESTED_AREA
DST18,Kendujhar,CRP010,Sesamum,2023-24,Annual,4174.15,3988.27,1775.77,0.44524819031810786,synthetic_prototype,2024_25_project_crop_structure,SEA03,CALCULATED_FROM_PRODUCTION_AND_HARVESTED_AREA
DST18,Kendujhar,CRP010,Sesamum,2024-25,Annual,4515.66,4408.88,2121.37,0.4811584801582261,synthetic_prototype,2024_25_project_crop_structure,SEA03,CALCULATED_FROM_PRODUCTION_AND_HARVESTED_AREA
DST18,Kendujhar,CRP012,Urad,2015-16,Annual,2691.33,2608.25,1684.43,0.6458084922840985,synthetic_prototype,2024_25_project_crop_structure,SEA03,CALCULATED_FROM_PRODUCTION_AND_HARVESTED_AREA
DST18,Kendujhar,CRP012,Urad,2016-17,Annual,2747.41,2686.46,1792.48,0.6672275038526537,synthetic_prototype,2024_25_project_crop_structure,SEA03,CALCULATED_FROM_PRODUCTION_AND_HARVESTED_AREA
DST18,Kendujhar,CRP012,Urad,2017-18,Annual,2655.58,2589.52,1633.23,0.630707621489697,synthetic_prototype,2024_25_project_crop_structure,SEA03,CALCULATED_FROM_PRODUCTION_AND_HARVESTED_AREA
DST18,Kendujhar,CRP012,Urad,2018-19,Annual,2730.57,2624.91,1726.67,0.65780160081679,synthetic_prototype,2024_25_project_crop_structure,SEA03,CALCULATED_FROM_PRODUCTION_AND_HARVESTED_AREA
DST18,Kendujhar,CRP012,Urad,2019-20,Annual,2764.52,2678.35,1706.1,0.636996658390427,synthetic_prototype,2024_25_project_crop_structure,SEA03,CALCULATED_FROM_PRODUCTION_AND_HARVESTED_AREA
DST18,Kendujhar,CRP012,Urad,2020-21,Annual,2758.95,2701.96,1518.5,0.56199943744541,synthetic_prototype,2024_25_project_crop_structure,SEA03,CALCULATED_FROM_PRODUCTION_AND_HARVESTED_AREA
DST18,Kendujhar,CRP012,Urad,2021-22,Annual,2916.73,2853.57,1622.96,0.5687472183966049,synthetic_prototype,2024_25_project_crop_structure,SEA03,CALCULATED_FROM_PRODUCTION_AND_HARVESTED_AREA
DST18,Kendujhar,CRP012,Urad,2022-23,Annual,2687.14,2624.81,1574.63,0.599902469131099,synthetic_prototype,2024_25_project_crop_structure,SEA03,CALCULATED_FROM_PRODUCTION_AND_HARVESTED_AREA
DST18,Kendujhar,CRP012,Urad,2023-24,Annual,2607.13,2513.27,1564.32,0.6224241724924102,synthetic_prototype,2024_25_project_crop_structure,SEA03,CALCULATED_FROM_PRODUCTION_AND_HARVESTED_AREA
DST18,Kendujhar,CRP012,Urad,2024-25,Annual,2603.78,2542.25,1683.37,0.662157537614318,synthetic_prototype,2024_25_project_crop_structure,SEA03,CALCULATED_FROM_PRODUCTION_AND_HARVESTED_AREA
DST18,Kendujhar,CRP002,Horse Gram,2015-16,Annual,3727.97,3582.54,1947.89,0.5437175858469131,synthetic_prototype,2024_25_project_crop_structure,SEA03,CALCULATED_FROM_PRODUCTION_AND_HARVESTED_AREA
DST18,Kendujhar,CRP002,Horse Gram,2016-17,Annual,3618.1,3475.74,1712.89,0.4928130412516472,synthetic_prototype,2024_25_project_crop_structure,SEA03,CALCULATED_FROM_PRODUCTION_AND_HARVESTED_AREA
DST18,Kendujhar,CRP002,Horse Gram,2017-18,Annual,3735.0,3629.54,1726.49,0.47567735856334414,synthetic_prototype,2024_25_project_crop_structure,SEA03,CALCULATED_FROM_PRODUCTION_AND_HARVESTED_AREA
DST18,Kendujhar,CRP002,Horse Gram,2018-19,Annual,3814.71,3720.18,1854.83,0.4985860899203802,synthetic_prototype,2024_25_project_crop_structure,SEA03,CALCULATED_FROM_PRODUCTION_AND_HARVESTED_AREA
DST18,Kendujhar,CRP002,Horse Gram,2019-20,Annual,4016.15,3862.39,1970.82,0.5102591918475348,synthetic_prototype,2024_25_project_crop_structure,SEA03,CALCULATED_FROM_PRODUCTION_AND_HARVESTED_AREA
DST18,Kendujhar,CRP002,Horse Gram,2020-21,Annual,4034.36,3931.49,2242.88,0.5704910860767801,synthetic_prototype,2024_25_project_crop_structure,SEA03,CALCULATED_FROM_PRODUCTION_AND_HARVESTED_AREA
DST18,Kendujhar,CRP002,Horse Gram,2021-22,Annual,3779.91,3657.54,2044.49,0.5589795326913718,synthetic_prototype,2024_25_project_crop_structure,SEA03,CALCULATED_FROM_PRODUCTION_AND_HARVESTED_AREA
DST18,Kendujhar,CRP002,Horse Gram,2022-23,Annual,3715.22,3581.85,1958.34,0.5467398132250094,synthetic_prototype,2024_25_project_crop_structure,SEA03,CALCULATED_FROM_PRODUCTION_AND_HARVESTED_AREA
DST18,Kendujhar,CRP002,Horse Gram,2023-24,Annual,3638.86,3540.08,1946.19,0.5497587625138415,synthetic_prototype,2024_25_project_crop_structure,SEA03,CALCULATED_FROM_PRODUCTION_AND_HARVESTED_AREA
DST18,Kendujhar,CRP002,Horse Gram,2024-25,Annual,3695.38,3598.19,1816.1,0.5047259872324696,synthetic_prototype,2024_25_project_crop_structure,SEA03,CALCULATED_FROM_PRODUCTION_AND_HARVESTED_AREA
DST18,Kendujhar,CRP006,Potato,2015-16,Annual,1068.45,1042.84,20401.0,19.562924322043653,synthetic_prototype,2024_25_project_crop_structure,SEA03,CALCULATED_FROM_PRODUCTION_AND_HARVESTED_AREA
DST18,Kendujhar,CRP006,Potato,2016-17,Annual,996.72,961.84,19973.74,20.76617732679032,synthetic_prototype,2024_25_project_crop_structure,SEA03,CALCULATED_FROM_PRODUCTION_AND_HARVESTED_AREA
DST18,Kendujhar,CRP006,Potato,2017-18,Annual,1092.54,1055.69,21441.86,20.31075410395097,synthetic_prototype,2024_25_project_crop_structure,SEA03,CALCULATED_FROM_PRODUCTION_AND_HARVESTED_AREA
DST18,Kendujhar,CRP006,Potato,2018-19,Annual,1081.02,1035.06,21342.12,20.619210480551853,synthetic_prototype,2024_25_project_crop_structure,SEA03,CALCULATED_FROM_PRODUCTION_AND_HARVESTED_AREA
DST18,Kendujhar,CRP006,Potato,2019-20,Annual,1064.82,1033.84,22776.84,22.03130078155227,synthetic_prototype,2024_25_project_crop_structure,SEA03,CALCULATED_FROM_PRODUCTION_AND_HARVESTED_AREA
DST18,Kendujhar,CRP006,Potato,2020-21,Annual,1155.59,1124.36,25287.28,22.490376747660893,synthetic_prototype,2024_25_project_crop_structure,SEA03,CALCULATED_FROM_PRODUCTION_AND_HARVESTED_AREA
DST18,Kendujhar,CRP006,Potato,2021-22,Annual,1091.82,1062.45,22577.83,21.250722386935855,synthetic_prototype,2024_25_project_crop_structure,SEA03,CALCULATED_FROM_PRODUCTION_AND_HARVESTED_AREA
DST18,Kendujhar,CRP006,Potato,2022-23,Annual,1096.25,1063.25,22326.41,20.998269456853986,synthetic_prototype,2024_25_project_crop_structure,SEA03,CALCULATED_FROM_PRODUCTION_AND_HARVESTED_AREA
DST18,Kendujhar,CRP006,Potato,2023-24,Annual,991.27,961.31,19216.26,19.989659943202504,synthetic_prototype,2024_25_project_crop_structure,SEA03,CALCULATED_FROM_PRODUCTION_AND_HARVESTED_AREA
DST18,Kendujhar,CRP006,Potato,2024-25,Annual,1055.28,1009.58,18354.61,18.1804413716595,synthetic_prototype,2024_25_project_crop_structure,SEA03,CALCULATED_FROM_PRODUCTION_AND_HARVESTED_AREA
DST18,Kendujhar,CRP008,Rapeseed &Mustard,2015-16,Annual,874.44,851.72,838.63,0.9846310994223453,synthetic_prototype,2024_25_project_crop_structure,SEA03,CALCULATED_FROM_PRODUCTION_AND_HARVESTED_AREA
DST18,Kendujhar,CRP008,Rapeseed &Mustard,2016-17,Annual,904.89,868.36,913.7,1.0522133677276706,synthetic_prototype,2024_25_project_crop_structure,SEA03,CALCULATED_FROM_PRODUCTION_AND_HARVESTED_AREA
DST18,Kendujhar,CRP008,Rapeseed &Mustard,2017-18,Annual,916.58,878.95,923.54,1.0507309858353717,synthetic_prototype,2024_25_project_crop_structure,SEA03,CALCULATED_FROM_PRODUCTION_AND_HARVESTED_AREA
DST18,Kendujhar,CRP008,Rapeseed &Mustard,2018-19,Annual,939.12,899.49,943.67,1.049116721697851,synthetic_prototype,2024_25_project_crop_structure,SEA03,CALCULATED_FROM_PRODUCTION_AND_HARVESTED_AREA
DST18,Kendujhar,CRP008,Rapeseed &Mustard,2019-20,Annual,1003.07,974.53,1061.32,1.0890583152904476,synthetic_prototype,2024_25_project_crop_structure,SEA03,CALCULATED_FROM_PRODUCTION_AND_HARVESTED_AREA
DST18,Kendujhar,CRP008,Rapeseed &Mustard,2020-21,Annual,953.66,912.11,1020.18,1.1184835162425584,synthetic_prototype,2024_25_project_crop_structure,SEA03,CALCULATED_FROM_PRODUCTION_AND_HARVESTED_AREA
DST18,Kendujhar,CRP008,Rapeseed &Mustard,2021-22,Annual,958.95,925.78,1024.94,1.1071096804856446,synthetic_prototype,2024_25_project_crop_structure,SEA03,CALCULATED_FROM_PRODUCTION_AND_HARVESTED_AREA
DST18,Kendujhar,CRP008,Rapeseed &Mustard,2022-23,Annual,942.18,906.5,963.58,1.0629674572531715,synthetic_prototype,2024_25_project_crop_structure,SEA03,CALCULATED_FROM_PRODUCTION_AND_HARVESTED_AREA
DST18,Kendujhar,CRP008,Rapeseed &Mustard,2023-24,Annual,889.2,858.86,918.17,1.0690566564981487,synthetic_prototype,2024_25_project_crop_structure,SEA03,CALCULATED_FROM_PRODUCTION_AND_HARVESTED_AREA
DST18,Kendujhar,CRP008,Rapeseed &Mustard,2024-25,Annual,932.38,890.69,906.9,1.0181993735194061,synthetic_prototype,2024_25_project_crop_structure,SEA03,CALCULATED_FROM_PRODUCTION_AND_HARVESTED_AREA
DST18,Kendujhar,CRP011,Sugarcane,2015-16,Annual,6843.17,6654.91,448564.27,67.40350658386065,synthetic_prototype,2024_25_project_crop_structure,SEA03,CALCULATED_FROM_PRODUCTION_AND_HARVESTED_AREA
DST18,Kendujhar,CRP011,Sugarcane,2016-17,Annual,7091.3,6785.58,489631.83,72.15769764706923,synthetic_prototype,2024_25_project_crop_structure,SEA03,CALCULATED_FROM_PRODUCTION_AND_HARVESTED_AREA
DST18,Kendujhar,CRP011,Sugarcane,2017-18,Annual,6800.86,6520.14,472434.61,72.4577401712233,synthetic_prototype,2024_25_project_crop_structure,SEA03,CALCULATED_FROM_PRODUCTION_AND_HARVESTED_AREA
DST18,Kendujhar,CRP011,Sugarcane,2018-19,Annual,7165.63,7014.44,495074.64,70.57935344803008,synthetic_prototype,2024_25_project_crop_structure,SEA03,CALCULATED_FROM_PRODUCTION_AND_HARVESTED_AREA
DST18,Kendujhar,CRP011,Sugarcane,2019-20,Annual,7116.14,6922.0,442977.03,63.99552585957816,synthetic_prototype,2024_25_project_crop_structure,SEA03,CALCULATED_FROM_PRODUCTION_AND_HARVESTED_AREA
DST18,Kendujhar,CRP011,Sugarcane,2020-21,Annual,7568.8,7310.44,480597.61,65.74127001931484,synthetic_prototype,2024_25_project_crop_structure,SEA03,CALCULATED_FROM_PRODUCTION_AND_HARVESTED_AREA
DST18,Kendujhar,CRP011,Sugarcane,2021-22,Annual,7277.62,7027.54,436573.96,62.12329776849367,synthetic_prototype,2024_25_project_crop_structure,SEA03,CALCULATED_FROM_PRODUCTION_AND_HARVESTED_AREA
DST18,Kendujhar,CRP011,Sugarcane,2022-23,Annual,6846.61,6620.16,428834.39,64.77704315303558,synthetic_prototype,2024_25_project_crop_structure,SEA03,CALCULATED_FROM_PRODUCTION_AND_HARVESTED_AREA
DST18,Kendujhar,CRP011,Sugarcane,2023-24,Annual,6379.79,6180.59,401519.8,64.96463929818998,synthetic_prototype,2024_25_project_crop_structure,SEA03,CALCULATED_FROM_PRODUCTION_AND_HARVESTED_AREA
DST18,Kendujhar,CRP011,Sugarcane,2024-25,Annual,6849.09,6554.17,484101.73,73.8616377054608,synthetic_prototype,2024_25_project_crop_structure,SEA03,CALCULATED_FROM_PRODUCTION_AND_HARVESTED_AREA
DST18,Kendujhar,CRP003,Jute,2015-16,Annual,1009.73,987.95,2331.16,2.3595930968166403,synthetic_prototype,2024_25_project_crop_structure,SEA03,CALCULATED_FROM_PRODUCTION_AND_HARVESTED_AREA
DST18,Kendujhar,CRP003,Jute,2016-17,Annual,987.89,966.39,2192.63,2.268887302227879,synthetic_prototype,2024_25_project_crop_structure,SEA03,CALCULATED_FROM_PRODUCTION_AND_HARVESTED_AREA
DST18,Kendujhar,CRP003,Jute,2017-18,Annual,1005.03,981.72,2224.31,2.2657274986757936,synthetic_prototype,2024_25_project_crop_structure,SEA03,CALCULATED_FROM_PRODUCTION_AND_HARVESTED_AREA
DST18,Kendujhar,CRP003,Jute,2018-19,Annual,1052.09,1012.66,2562.97,2.5309284458752197,synthetic_prototype,2024_25_project_crop_structure,SEA03,CALCULATED_FROM_PRODUCTION_AND_HARVESTED_AREA
DST18,Kendujhar,CRP003,Jute,2019-20,Annual,1044.26,1017.01,2641.1,2.5969262839106793,synthetic_prototype,2024_25_project_crop_structure,SEA03,CALCULATED_FROM_PRODUCTION_AND_HARVESTED_AREA
DST18,Kendujhar,CRP003,Jute,2020-21,Annual,1041.98,1013.56,2673.92,2.6381467303366355,synthetic_prototype,2024_25_project_crop_structure,SEA03,CALCULATED_FROM_PRODUCTION_AND_HARVESTED_AREA
DST18,Kendujhar,CRP003,Jute,2021-22,Annual,1053.29,1029.71,2736.5,2.6575443571491,synthetic_prototype,2024_25_project_crop_structure,SEA03,CALCULATED_FROM_PRODUCTION_AND_HARVESTED_AREA
DST18,Kendujhar,CRP003,Jute,2022-23,Annual,1031.75,998.71,2556.45,2.5597520801834364,synthetic_prototype,2024_25_project_crop_structure,SEA03,CALCULATED_FROM_PRODUCTION_AND_HARVESTED_AREA
DST18,Kendujhar,CRP003,Jute,2023-24,Annual,1023.37,993.22,2348.22,2.3642496123718812,synthetic_prototype,2024_25_project_crop_structure,SEA03,CALCULATED_FROM_PRODUCTION_AND_HARVESTED_AREA
DST18,Kendujhar,CRP003,Jute,2024-25,Annual,1006.83,983.49,2278.16,2.316403827186855,synthetic_prototype,2024_25_project_crop_structure,SEA03,CALCULATED_FROM_PRODUCTION_AND_HARVESTED_AREA
DST18,Kendujhar,CRP013,Wheat,2015-16,Annual,853.28,822.87,2390.12,2.9046143376231965,synthetic_prototype,2024_25_project_crop_structure,SEA03,CALCULATED_FROM_PRODUCTION_AND_HARVESTED_AREA
DST18,Kendujhar,CRP013,Wheat,2016-17,Annual,828.45,791.58,2527.19,3.192589504535233,synthetic_prototype,2024_25_project_crop_structure,SEA03,CALCULATED_FROM_PRODUCTION_AND_HARVESTED_AREA
DST18,Kendujhar,CRP013,Wheat,2017-18,Annual,895.22,862.28,2861.42,3.318434847149418,synthetic_prototype,2024_25_project_crop_structure,SEA03,CALCULATED_FROM_PRODUCTION_AND_HARVESTED_AREA
DST18,Kendujhar,CRP013,Wheat,2018-19,Annual,906.44,886.81,2602.1,2.934224918528208,synthetic_prototype,2024_25_project_crop_structure,SEA03,CALCULATED_FROM_PRODUCTION_AND_HARVESTED_AREA
DST18,Kendujhar,CRP013,Wheat,2019-20,Annual,905.15,866.27,2521.2,2.910408994886121,synthetic_prototype,2024_25_project_crop_structure,SEA03,CALCULATED_FROM_PRODUCTION_AND_HARVESTED_AREA
DST18,Kendujhar,CRP013,Wheat,2020-21,Annual,916.08,895.92,2520.57,2.81338735601393,synthetic_prototype,2024_25_project_crop_structure,SEA03,CALCULATED_FROM_PRODUCTION_AND_HARVESTED_AREA
DST18,Kendujhar,CRP013,Wheat,2021-22,Annual,868.21,842.81,2616.91,3.104982143069019,synthetic_prototype,2024_25_project_crop_structure,SEA03,CALCULATED_FROM_PRODUCTION_AND_HARVESTED_AREA
DST18,Kendujhar,CRP013,Wheat,2022-23,Annual,849.26,813.56,2173.57,2.671677565268696,synthetic_prototype,2024_25_project_crop_structure,SEA03,CALCULATED_FROM_PRODUCTION_AND_HARVESTED_AREA
DST18,Kendujhar,CRP013,Wheat,2023-24,Annual,830.52,808.46,2467.18,3.051703238255448,synthetic_prototype,2024_25_project_crop_structure,SEA03,CALCULATED_FROM_PRODUCTION_AND_HARVESTED_AREA
DST18,Kendujhar,CRP013,Wheat,2024-25,Annual,853.84,823.26,2506.27,3.0443237859242522,synthetic_prototype,2024_25_project_crop_structure,SEA03,CALCULATED_FROM_PRODUCTION_AND_HARVESTED_AREA
DST19,Khordha,CRP001,Groundnut,2015-16,Annual,4529.66,4403.83,6701.03,1.5216368479255558,synthetic_prototype,2024_25_project_crop_structure,SEA03,CALCULATED_FROM_PRODUCTION_AND_HARVESTED_AREA
DST19,Khordha,CRP001,Groundnut,2016-17,Annual,4323.99,4233.75,6303.79,1.48893770298199,synthetic_prototype,2024_25_project_crop_structure,SEA03,CALCULATED_FROM_PRODUCTION_AND_HARVESTED_AREA
DST19,Khordha,CRP001,Groundnut,2017-18,Annual,4732.28,4637.27,6556.85,1.4139461364121562,synthetic_prototype,2024_25_project_crop_structure,SEA03,CALCULATED_FROM_PRODUCTION_AND_HARVESTED_AREA
DST19,Khordha,CRP001,Groundnut,2018-19,Annual,4754.66,4648.36,6348.54,1.3657591064375394,synthetic_prototype,2024_25_project_crop_structure,SEA03,CALCULATED_FROM_PRODUCTION_AND_HARVESTED_AREA
DST19,Khordha,CRP001,Groundnut,2019-20,Annual,4975.7,4810.53,7591.04,1.5780049183769773,synthetic_prototype,2024_25_project_crop_structure,SEA03,CALCULATED_FROM_PRODUCTION_AND_HARVESTED_AREA
DST19,Khordha,CRP001,Groundnut,2020-21,Annual,4912.01,4716.76,7724.86,1.6377470975839346,synthetic_prototype,2024_25_project_crop_structure,SEA03,CALCULATED_FROM_PRODUCTION_AND_HARVESTED_AREA
DST19,Khordha,CRP001,Groundnut,2021-22,Annual,4673.08,4547.73,7349.29,1.616034812972626,synthetic_prototype,2024_25_project_crop_structure,SEA03,CALCULATED_FROM_PRODUCTION_AND_HARVESTED_AREA
DST19,Khordha,CRP001,Groundnut,2022-23,Annual,4651.18,4500.55,7106.4,1.5790070102543021,synthetic_prototype,2024_25_project_crop_structure,SEA03,CALCULATED_FROM_PRODUCTION_AND_HARVESTED_AREA
DST19,Khordha,CRP001,Groundnut,2023-24,Annual,4577.51,4395.06,6898.58,1.5696213476039005,synthetic_prototype,2024_25_project_crop_structure,SEA03,CALCULATED_FROM_PRODUCTION_AND_HARVESTED_AREA
DST19,Khordha,CRP001,Groundnut,2024-25,Annual,4640.77,4433.78,6414.87,1.4468173883232818,synthetic_prototype,2024_25_project_crop_structure,SEA03,CALCULATED_FROM_PRODUCTION_AND_HARVESTED_AREA
DST19,Khordha,CRP004,Maize,2015-16,Annual,3425.87,3325.48,8054.99,2.4222037119453432,synthetic_prototype,2024_25_project_crop_structure,SEA03,CALCULATED_FROM_PRODUCTION_AND_HARVESTED_AREA
DST19,Khordha,CRP004,Maize,2016-17,Annual,3602.08,3503.39,8255.51,2.3564347674680812,synthetic_prototype,2024_25_project_crop_structure,SEA03,CALCULATED_FROM_PRODUCTION_AND_HARVESTED_AREA
DST19,Khordha,CRP004,Maize,2017-18,Annual,3473.1,3344.23,7980.4,2.386319122787607,synthetic_prototype,2024_25_project_crop_structure,SEA03,CALCULATED_FROM_PRODUCTION_AND_HARVESTED_AREA
DST19,Khordha,CRP004,Maize,2018-19,Annual,3471.38,3368.71,9120.08,2.707291515149716,synthetic_prototype,2024_25_project_crop_structure,SEA03,CALCULATED_FROM_PRODUCTION_AND_HARVESTED_AREA
DST19,Khordha,CRP004,Maize,2019-20,Annual,3826.51,3709.15,10080.65,2.7177790059717184,synthetic_prototype,2024_25_project_crop_structure,SEA03,CALCULATED_FROM_PRODUCTION_AND_HARVESTED_AREA
DST19,Khordha,CRP004,Maize,2020-21,Annual,3550.74,3394.51,9592.48,2.825880613107635,synthetic_prototype,2024_25_project_crop_structure,SEA03,CALCULATED_FROM_PRODUCTION_AND_HARVESTED_AREA
DST19,Khordha,CRP004,Maize,2021-22,Annual,3530.08,3424.21,9502.58,2.775116012160469,synthetic_prototype,2024_25_project_crop_structure,SEA03,CALCULATED_FROM_PRODUCTION_AND_HARVESTED_AREA
DST19,Khordha,CRP004,Maize,2022-23,Annual,3364.75,3238.99,8503.1,2.6252319395861057,synthetic_prototype,2024_25_project_crop_structure,SEA03,CALCULATED_FROM_PRODUCTION_AND_HARVESTED_AREA
DST19,Khordha,CRP004,Maize,2023-24,Annual,3411.75,3280.91,7976.9,2.4313071678284377,synthetic_prototype,2024_25_project_crop_structure,SEA03,CALCULATED_FROM_PRODUCTION_AND_HARVESTED_AREA
DST19,Khordha,CRP004,Maize,2024-25,Annual,3361.06,3228.36,7554.93,2.3401758168234026,synthetic_prototype,2024_25_project_crop_structure,SEA03,CALCULATED_FROM_PRODUCTION_AND_HARVESTED_AREA
DST19,Khordha,CRP005,Moong(Green Gram),2015-16,Annual,4528.38,4335.83,4351.14,1.00353104249936,synthetic_prototype,2024_25_project_crop_structure,SEA03,CALCULATED_FROM_PRODUCTION_AND_HARVESTED_AREA
DST19,Khordha,CRP005,Moong(Green Gram),2016-17,Annual,4287.58,4196.71,4073.99,0.9707580461837962,synthetic_prototype,2024_25_project_crop_structure,SEA03,CALCULATED_FROM_PRODUCTION_AND_HARVESTED_AREA
DST19,Khordha,CRP005,Moong(Green Gram),2017-18,Annual,4553.47,4364.36,3995.02,0.9153736172084797,synthetic_prototype,2024_25_project_crop_structure,SEA03,CALCULATED_FROM_PRODUCTION_AND_HARVESTED_AREA
DST19,Khordha,CRP005,Moong(Green Gram),2018-19,Annual,4609.45,4497.5,3850.93,0.8562379099499722,synthetic_prototype,2024_25_project_crop_structure,SEA03,CALCULATED_FROM_PRODUCTION_AND_HARVESTED_AREA
DST19,Khordha,CRP005,Moong(Green Gram),2019-20,Annual,4620.27,4446.82,3928.61,0.8834650379372226,synthetic_prototype,2024_25_project_crop_structure,SEA03,CALCULATED_FROM_PRODUCTION_AND_HARVESTED_AREA
DST19,Khordha,CRP005,Moong(Green Gram),2020-21,Annual,4730.13,4537.05,4314.45,0.9509372830363341,synthetic_prototype,2024_25_project_crop_structure,SEA03,CALCULATED_FROM_PRODUCTION_AND_HARVESTED_AREA
DST19,Khordha,CRP005,Moong(Green Gram),2021-22,Annual,4835.11,4725.86,4699.49,0.9944200632265874,synthetic_prototype,2024_25_project_crop_structure,SEA03,CALCULATED_FROM_PRODUCTION_AND_HARVESTED_AREA
DST19,Khordha,CRP005,Moong(Green Gram),2022-23,Annual,4351.05,4167.85,4119.31,0.9883537075470566,synthetic_prototype,2024_25_project_crop_structure,SEA03,CALCULATED_FROM_PRODUCTION_AND_HARVESTED_AREA
DST19,Khordha,CRP005,Moong(Green Gram),2023-24,Annual,4390.98,4296.39,4476.64,1.0419538263518908,synthetic_prototype,2024_25_project_crop_structure,SEA03,CALCULATED_FROM_PRODUCTION_AND_HARVESTED_AREA
DST19,Khordha,CRP005,Moong(Green Gram),2024-25,Annual,4634.34,4473.23,4180.43,0.934543942520282,synthetic_prototype,2024_25_project_crop_structure,SEA03,CALCULATED_FROM_PRODUCTION_AND_HARVESTED_AREA
DST19,Khordha,CRP007,Ragi,2015-16,Annual,681.18,655.58,816.21,1.2450196772323743,synthetic_prototype,2024_25_project_crop_structure,SEA03,CALCULATED_FROM_PRODUCTION_AND_HARVESTED_AREA
DST19,Khordha,CRP007,Ragi,2016-17,Annual,612.77,589.3,844.84,1.4336331240454778,synthetic_prototype,2024_25_project_crop_structure,SEA03,CALCULATED_FROM_PRODUCTION_AND_HARVESTED_AREA
DST19,Khordha,CRP007,Ragi,2017-18,Annual,648.88,632.03,911.56,1.442273309811243,synthetic_prototype,2024_25_project_crop_structure,SEA03,CALCULATED_FROM_PRODUCTION_AND_HARVESTED_AREA
DST19,Khordha,CRP007,Ragi,2018-19,Annual,708.24,685.52,1037.94,1.5140914925895672,synthetic_prototype,2024_25_project_crop_structure,SEA03,CALCULATED_FROM_PRODUCTION_AND_HARVESTED_AREA
DST19,Khordha,CRP007,Ragi,2019-20,Annual,705.09,682.51,1068.67,1.565793907781571,synthetic_prototype,2024_25_project_crop_structure,SEA03,CALCULATED_FROM_PRODUCTION_AND_HARVESTED_AREA
DST19,Khordha,CRP007,Ragi,2020-21,Annual,673.14,654.54,932.26,1.4242979802609468,synthetic_prototype,2024_25_project_crop_structure,SEA03,CALCULATED_FROM_PRODUCTION_AND_HARVESTED_AREA
DST19,Khordha,CRP007,Ragi,2021-22,Annual,652.47,633.58,913.83,1.4423277249913191,synthetic_prototype,2024_25_project_crop_structure,SEA03,CALCULATED_FROM_PRODUCTION_AND_HARVESTED_AREA
DST19,Khordha,CRP007,Ragi,2022-23,Annual,666.89,650.45,899.9,1.3835037281881772,synthetic_prototype,2024_25_project_crop_structure,SEA03,CALCULATED_FROM_PRODUCTION_AND_HARVESTED_AREA
DST19,Khordha,CRP007,Ragi,2023-24,Annual,623.55,610.87,775.57,1.2696154664658603,synthetic_prototype,2024_25_project_crop_structure,SEA03,CALCULATED_FROM_PRODUCTION_AND_HARVESTED_AREA
DST19,Khordha,CRP007,Ragi,2024-25,Annual,630.72,615.6,809.87,1.3155782975958414,synthetic_prototype,2024_25_project_crop_structure,SEA03,CALCULATED_FROM_PRODUCTION_AND_HARVESTED_AREA
DST19,Khordha,CRP009,Rice,2015-16,Annual,63893.94,62477.97,217127.76,3.4752691228604258,synthetic_prototype,2024_25_project_crop_structure,SEA03,CALCULATED_FROM_PRODUCTION_AND_HARVESTED_AREA
DST19,Khordha,CRP009,Rice,2016-17,Annual,62627.65,60198.89,200726.14,3.334382743602083,synthetic_prototype,2024_25_project_crop_structure,SEA03,CALCULATED_FROM_PRODUCTION_AND_HARVESTED_AREA
DST19,Khordha,CRP009,Rice,2017-18,Annual,60160.91,58040.67,210562.96,3.627851987235847,synthetic_prototype,2024_25_project_crop_structure,SEA03,CALCULATED_FROM_PRODUCTION_AND_HARVESTED_AREA
DST19,Khordha,CRP009,Rice,2018-19,Annual,64777.08,63385.96,226885.84,3.579433679003994,synthetic_prototype,2024_25_project_crop_structure,SEA03,CALCULATED_FROM_PRODUCTION_AND_HARVESTED_AREA
DST19,Khordha,CRP009,Rice,2019-20,Annual,65123.44,62818.1,226192.97,3.600761086374787,synthetic_prototype,2024_25_project_crop_structure,SEA03,CALCULATED_FROM_PRODUCTION_AND_HARVESTED_AREA
DST19,Khordha,CRP009,Rice,2020-21,Annual,62730.07,61019.35,226537.74,3.7125557712430566,synthetic_prototype,2024_25_project_crop_structure,SEA03,CALCULATED_FROM_PRODUCTION_AND_HARVESTED_AREA
DST19,Khordha,CRP009,Rice,2021-22,Annual,64562.68,62809.68,216401.99,3.445360492204386,synthetic_prototype,2024_25_project_crop_structure,SEA03,CALCULATED_FROM_PRODUCTION_AND_HARVESTED_AREA
DST19,Khordha,CRP009,Rice,2022-23,Annual,60089.76,57911.49,192623.47,3.3261701607055874,synthetic_prototype,2024_25_project_crop_structure,SEA03,CALCULATED_FROM_PRODUCTION_AND_HARVESTED_AREA
DST19,Khordha,CRP009,Rice,2023-24,Annual,59637.84,57528.27,203218.77,3.5325027156213804,synthetic_prototype,2024_25_project_crop_structure,SEA03,CALCULATED_FROM_PRODUCTION_AND_HARVESTED_AREA
DST19,Khordha,CRP009,Rice,2024-25,Annual,64219.25,62680.36,203696.92,3.249772656060048,synthetic_prototype,2024_25_project_crop_structure,SEA03,CALCULATED_FROM_PRODUCTION_AND_HARVESTED_AREA
DST19,Khordha,CRP010,Sesamum,2015-16,Annual,2424.33,2335.08,1268.74,0.5433389862445827,synthetic_prototype,2024_25_project_crop_structure,SEA03,CALCULATED_FROM_PRODUCTION_AND_HARVESTED_AREA
DST19,Khordha,CRP010,Sesamum,2016-17,Annual,2322.4,2251.94,1278.25,0.5676216950718047,synthetic_prototype,2024_25_project_crop_structure,SEA03,CALCULATED_FROM_PRODUCTION_AND_HARVESTED_AREA
DST19,Khordha,CRP010,Sesamum,2017-18,Annual,2345.72,2254.14,1364.62,0.6053838714543018,synthetic_prototype,2024_25_project_crop_structure,SEA03,CALCULATED_FROM_PRODUCTION_AND_HARVESTED_AREA
DST19,Khordha,CRP010,Sesamum,2018-19,Annual,2270.17,2178.21,1291.6,0.5929639474614476,synthetic_prototype,2024_25_project_crop_structure,SEA03,CALCULATED_FROM_PRODUCTION_AND_HARVESTED_AREA
DST19,Khordha,CRP010,Sesamum,2019-20,Annual,2607.21,2515.51,1442.9,0.57360137705674,synthetic_prototype,2024_25_project_crop_structure,SEA03,CALCULATED_FROM_PRODUCTION_AND_HARVESTED_AREA
DST19,Khordha,CRP010,Sesamum,2020-21,Annual,2481.73,2427.64,1400.86,0.5770460200029658,synthetic_prototype,2024_25_project_crop_structure,SEA03,CALCULATED_FROM_PRODUCTION_AND_HARVESTED_AREA
DST19,Khordha,CRP010,Sesamum,2021-22,Annual,2391.66,2315.43,1241.35,0.5361207205573046,synthetic_prototype,2024_25_project_crop_structure,SEA03,CALCULATED_FROM_PRODUCTION_AND_HARVESTED_AREA
DST19,Khordha,CRP010,Sesamum,2022-23,Annual,2335.73,2256.18,1172.27,0.519581770957991,synthetic_prototype,2024_25_project_crop_structure,SEA03,CALCULATED_FROM_PRODUCTION_AND_HARVESTED_AREA
DST19,Khordha,CRP010,Sesamum,2023-24,Annual,2360.94,2269.66,1191.97,0.5251755769586635,synthetic_prototype,2024_25_project_crop_structure,SEA03,CALCULATED_FROM_PRODUCTION_AND_HARVESTED_AREA
DST19,Khordha,CRP010,Sesamum,2024-25,Annual,2282.84,2223.63,1291.16,0.5806541555924322,synthetic_prototype,2024_25_project_crop_structure,SEA03,CALCULATED_FROM_PRODUCTION_AND_HARVESTED_AREA
DST19,Khordha,CRP012,Urad,2015-16,Annual,247.46,239.2,181.5,0.7587792642140468,synthetic_prototype,2024_25_project_crop_structure,SEA03,CALCULATED_FROM_PRODUCTION_AND_HARVESTED_AREA
DST19,Khordha,CRP012,Urad,2016-17,Annual,245.0,235.95,183.33,0.7769866497139225,synthetic_prototype,2024_25_project_crop_structure,SEA03,CALCULATED_FROM_PRODUCTION_AND_HARVESTED_AREA
DST19,Khordha,CRP012,Urad,2017-18,Annual,236.32,225.85,175.58,0.777418640690724,synthetic_prototype,2024_25_project_crop_structure,SEA03,CALCULATED_FROM_PRODUCTION_AND_HARVESTED_AREA
DST19,Khordha,CRP012,Urad,2018-19,Annual,248.69,242.69,190.3,0.7841278997898554,synthetic_prototype,2024_25_project_crop_structure,SEA03,CALCULATED_FROM_PRODUCTION_AND_HARVESTED_AREA
DST19,Khordha,CRP012,Urad,2019-20,Annual,248.78,239.49,179.96,0.7514301223433129,synthetic_prototype,2024_25_project_crop_structure,SEA03,CALCULATED_FROM_PRODUCTION_AND_HARVESTED_AREA
DST19,Khordha,CRP012,Urad,2020-21,Annual,247.9,240.14,161.12,0.6709419505288582,synthetic_prototype,2024_25_project_crop_structure,SEA03,CALCULATED_FROM_PRODUCTION_AND_HARVESTED_AREA
DST19,Khordha,CRP012,Urad,2021-22,Annual,237.73,229.04,158.42,0.6916695773663989,synthetic_prototype,2024_25_project_crop_structure,SEA03,CALCULATED_FROM_PRODUCTION_AND_HARVESTED_AREA
DST19,Khordha,CRP012,Urad,2022-23,Annual,231.48,226.27,167.96,0.7422990232907588,synthetic_prototype,2024_25_project_crop_structure,SEA03,CALCULATED_FROM_PRODUCTION_AND_HARVESTED_AREA
DST19,Khordha,CRP012,Urad,2023-24,Annual,232.87,223.3,164.77,0.7378862516793552,synthetic_prototype,2024_25_project_crop_structure,SEA03,CALCULATED_FROM_PRODUCTION_AND_HARVESTED_AREA
DST19,Khordha,CRP012,Urad,2024-25,Annual,230.21,223.04,166.96,0.7485652797704448,synthetic_prototype,2024_25_project_crop_structure,SEA03,CALCULATED_FROM_PRODUCTION_AND_HARVESTED_AREA
DST19,Khordha,CRP002,Horse Gram,2015-16,Annual,3618.27,3525.11,2626.48,0.7450774585757607,synthetic_prototype,2024_25_project_crop_structure,SEA03,CALCULATED_FROM_PRODUCTION_AND_HARVESTED_AREA
DST19,Khordha,CRP002,Horse Gram,2016-17,Annual,3600.87,3459.35,2392.54,0.6916154768959487,synthetic_prototype,2024_25_project_crop_structure,SEA03,CALCULATED_FROM_PRODUCTION_AND_HARVESTED_AREA
DST19,Khordha,CRP002,Horse Gram,2017-18,Annual,3717.61,3572.9,2426.04,0.6790114472837191,synthetic_prototype,2024_25_project_crop_structure,SEA03,CALCULATED_FROM_PRODUCTION_AND_HARVESTED_AREA
DST19,Khordha,CRP002,Horse Gram,2018-19,Annual,3846.03,3706.34,2535.51,0.6841007570811097,synthetic_prototype,2024_25_project_crop_structure,SEA03,CALCULATED_FROM_PRODUCTION_AND_HARVESTED_AREA
DST19,Khordha,CRP002,Horse Gram,2019-20,Annual,3875.78,3710.88,2771.0,0.7467231492260595,synthetic_prototype,2024_25_project_crop_structure,SEA03,CALCULATED_FROM_PRODUCTION_AND_HARVESTED_AREA
DST19,Khordha,CRP002,Horse Gram,2020-21,Annual,3922.58,3757.45,2718.95,0.7236157500432474,synthetic_prototype,2024_25_project_crop_structure,SEA03,CALCULATED_FROM_PRODUCTION_AND_HARVESTED_AREA
DST19,Khordha,CRP002,Horse Gram,2021-22,Annual,3618.6,3513.56,2800.56,0.797071915663885,synthetic_prototype,2024_25_project_crop_structure,SEA03,CALCULATED_FROM_PRODUCTION_AND_HARVESTED_AREA
DST19,Khordha,CRP002,Horse Gram,2022-23,Annual,3880.61,3767.22,2708.38,0.7189333248390061,synthetic_prototype,2024_25_project_crop_structure,SEA03,CALCULATED_FROM_PRODUCTION_AND_HARVESTED_AREA
DST19,Khordha,CRP002,Horse Gram,2023-24,Annual,3666.53,3513.35,2685.3,0.7643132622710519,synthetic_prototype,2024_25_project_crop_structure,SEA03,CALCULATED_FROM_PRODUCTION_AND_HARVESTED_AREA
DST19,Khordha,CRP002,Horse Gram,2024-25,Annual,3682.18,3571.89,2370.47,0.6636458569552813,synthetic_prototype,2024_25_project_crop_structure,SEA03,CALCULATED_FROM_PRODUCTION_AND_HARVESTED_AREA
DST19,Khordha,CRP006,Potato,2015-16,Annual,1308.83,1262.42,21252.45,16.83469051504254,synthetic_prototype,2024_25_project_crop_structure,SEA03,CALCULATED_FROM_PRODUCTION_AND_HARVESTED_AREA
DST19,Khordha,CRP006,Potato,2016-17,Annual,1291.87,1247.46,21582.13,17.300859346191462,synthetic_prototype,2024_25_project_crop_structure,SEA03,CALCULATED_FROM_PRODUCTION_AND_HARVESTED_AREA
DST19,Khordha,CRP006,Potato,2017-18,Annual,1331.54,1303.67,23224.89,17.8150068652343,synthetic_prototype,2024_25_project_crop_structure,SEA03,CALCULATED_FROM_PRODUCTION_AND_HARVESTED_AREA
DST19,Khordha,CRP006,Potato,2018-19,Annual,1460.72,1424.08,27158.82,19.071133644177294,synthetic_prototype,2024_25_project_crop_structure,SEA03,CALCULATED_FROM_PRODUCTION_AND_HARVESTED_AREA
DST19,Khordha,CRP006,Potato,2019-20,Annual,1373.05,1318.5,25479.7,19.324762988244217,synthetic_prototype,2024_25_project_crop_structure,SEA03,CALCULATED_FROM_PRODUCTION_AND_HARVESTED_AREA
DST19,Khordha,CRP006,Potato,2020-21,Annual,1473.49,1420.36,26402.93,18.588899997183812,synthetic_prototype,2024_25_project_crop_structure,SEA03,CALCULATED_FROM_PRODUCTION_AND_HARVESTED_AREA
DST19,Khordha,CRP006,Potato,2021-22,Annual,1316.76,1289.04,25034.21,19.420817042139888,synthetic_prototype,2024_25_project_crop_structure,SEA03,CALCULATED_FROM_PRODUCTION_AND_HARVESTED_AREA
DST19,Khordha,CRP006,Potato,2022-23,Annual,1347.69,1316.84,21562.46,16.374396282008444,synthetic_prototype,2024_25_project_crop_structure,SEA03,CALCULATED_FROM_PRODUCTION_AND_HARVESTED_AREA
DST19,Khordha,CRP006,Potato,2023-24,Annual,1216.33,1168.26,19536.03,16.72233064557547,synthetic_prototype,2024_25_project_crop_structure,SEA03,CALCULATED_FROM_PRODUCTION_AND_HARVESTED_AREA
DST19,Khordha,CRP006,Potato,2024-25,Annual,1282.86,1245.44,20335.81,16.328213322199385,synthetic_prototype,2024_25_project_crop_structure,SEA03,CALCULATED_FROM_PRODUCTION_AND_HARVESTED_AREA
DST19,Khordha,CRP008,Rapeseed &Mustard,2015-16,Annual,718.72,692.5,623.42,0.9002454873646208,synthetic_prototype,2024_25_project_crop_structure,SEA03,CALCULATED_FROM_PRODUCTION_AND_HARVESTED_AREA
DST19,Khordha,CRP008,Rapeseed &Mustard,2016-17,Annual,702.81,679.36,659.75,0.971134597268017,synthetic_prototype,2024_25_project_crop_structure,SEA03,CALCULATED_FROM_PRODUCTION_AND_HARVESTED_AREA
DST19,Khordha,CRP008,Rapeseed &Mustard,2017-18,Annual,709.29,682.5,639.43,0.9368937728937728,synthetic_prototype,2024_25_project_crop_structure,SEA03,CALCULATED_FROM_PRODUCTION_AND_HARVESTED_AREA
DST19,Khordha,CRP008,Rapeseed &Mustard,2018-19,Annual,779.51,759.6,795.7,1.0475250131648237,synthetic_prototype,2024_25_project_crop_structure,SEA03,CALCULATED_FROM_PRODUCTION_AND_HARVESTED_AREA
DST19,Khordha,CRP008,Rapeseed &Mustard,2019-20,Annual,763.09,731.89,740.61,1.0119143587151076,synthetic_prototype,2024_25_project_crop_structure,SEA03,CALCULATED_FROM_PRODUCTION_AND_HARVESTED_AREA
DST19,Khordha,CRP008,Rapeseed &Mustard,2020-21,Annual,721.93,699.37,676.7,0.9675851123153696,synthetic_prototype,2024_25_project_crop_structure,SEA03,CALCULATED_FROM_PRODUCTION_AND_HARVESTED_AREA
DST19,Khordha,CRP008,Rapeseed &Mustard,2021-22,Annual,763.07,743.6,660.63,0.888421194190425,synthetic_prototype,2024_25_project_crop_structure,SEA03,CALCULATED_FROM_PRODUCTION_AND_HARVESTED_AREA
DST19,Khordha,CRP008,Rapeseed &Mustard,2022-23,Annual,724.07,698.64,648.26,0.9278884690255353,synthetic_prototype,2024_25_project_crop_structure,SEA03,CALCULATED_FROM_PRODUCTION_AND_HARVESTED_AREA
DST19,Khordha,CRP008,Rapeseed &Mustard,2023-24,Annual,735.43,710.47,649.78,0.9145776739341562,synthetic_prototype,2024_25_project_crop_structure,SEA03,CALCULATED_FROM_PRODUCTION_AND_HARVESTED_AREA
DST19,Khordha,CRP008,Rapeseed &Mustard,2024-25,Annual,747.38,727.94,676.8,0.9297469571667993,synthetic_prototype,2024_25_project_crop_structure,SEA03,CALCULATED_FROM_PRODUCTION_AND_HARVESTED_AREA
DST19,Khordha,CRP011,Sugarcane,2015-16,Annual,8582.52,8326.32,443092.11,53.21583965064999,synthetic_prototype,2024_25_project_crop_structure,SEA03,CALCULATED_FROM_PRODUCTION_AND_HARVESTED_AREA
DST19,Khordha,CRP011,Sugarcane,2016-17,Annual,8687.04,8318.83,471298.4,56.6544093340049,synthetic_prototype,2024_25_project_crop_structure,SEA03,CALCULATED_FROM_PRODUCTION_AND_HARVESTED_AREA
DST19,Khordha,CRP011,Sugarcane,2017-18,Annual,8243.34,8036.36,450238.39,56.025164377902435,synthetic_prototype,2024_25_project_crop_structure,SEA03,CALCULATED_FROM_PRODUCTION_AND_HARVESTED_AREA
DST19,Khordha,CRP011,Sugarcane,2018-19,Annual,8546.84,8239.13,455440.3,55.2777174289033,synthetic_prototype,2024_25_project_crop_structure,SEA03,CALCULATED_FROM_PRODUCTION_AND_HARVESTED_AREA
DST19,Khordha,CRP011,Sugarcane,2019-20,Annual,9403.27,9095.52,515333.96,56.65799866307809,synthetic_prototype,2024_25_project_crop_structure,SEA03,CALCULATED_FROM_PRODUCTION_AND_HARVESTED_AREA
DST19,Khordha,CRP011,Sugarcane,2020-21,Annual,9090.09,8880.49,473786.83,53.35142880629335,synthetic_prototype,2024_25_project_crop_structure,SEA03,CALCULATED_FROM_PRODUCTION_AND_HARVESTED_AREA
DST19,Khordha,CRP011,Sugarcane,2021-22,Annual,8140.45,7802.28,392802.21,50.34454159553362,synthetic_prototype,2024_25_project_crop_structure,SEA03,CALCULATED_FROM_PRODUCTION_AND_HARVESTED_AREA
DST19,Khordha,CRP011,Sugarcane,2022-23,Annual,8344.11,8084.49,438522.15,54.2424011904276,synthetic_prototype,2024_25_project_crop_structure,SEA03,CALCULATED_FROM_PRODUCTION_AND_HARVESTED_AREA
DST19,Khordha,CRP011,Sugarcane,2023-24,Annual,8377.53,8050.44,444718.7,55.24153959286698,synthetic_prototype,2024_25_project_crop_structure,SEA03,CALCULATED_FROM_PRODUCTION_AND_HARVESTED_AREA
DST19,Khordha,CRP011,Sugarcane,2024-25,Annual,8734.4,8392.32,492182.8,58.64681041714329,synthetic_prototype,2024_25_project_crop_structure,SEA03,CALCULATED_FROM_PRODUCTION_AND_HARVESTED_AREA
DST19,Khordha,CRP003,Jute,2015-16,Annual,1214.92,1177.47,2761.88,2.345605408205729,synthetic_prototype,2024_25_project_crop_structure,SEA03,CALCULATED_FROM_PRODUCTION_AND_HARVESTED_AREA
DST19,Khordha,CRP003,Jute,2016-17,Annual,1319.91,1269.28,2806.84,2.2113639228539017,synthetic_prototype,2024_25_project_crop_structure,SEA03,CALCULATED_FROM_PRODUCTION_AND_HARVESTED_AREA
DST19,Khordha,CRP003,Jute,2017-18,Annual,1276.4,1219.77,2747.83,2.2527443698402156,synthetic_prototype,2024_25_project_crop_structure,SEA03,CALCULATED_FROM_PRODUCTION_AND_HARVESTED_AREA
DST19,Khordha,CRP003,Jute,2018-19,Annual,1311.44,1282.3,2816.56,2.196490680807923,synthetic_prototype,2024_25_project_crop_structure,SEA03,CALCULATED_FROM_PRODUCTION_AND_HARVESTED_AREA
DST19,Khordha,CRP003,Jute,2019-20,Annual,1413.68,1384.7,3089.57,2.2312197587925184,synthetic_prototype,2024_25_project_crop_structure,SEA03,CALCULATED_FROM_PRODUCTION_AND_HARVESTED_AREA
DST19,Khordha,CRP003,Jute,2020-21,Annual,1415.44,1368.13,3103.21,2.268212816033564,synthetic_prototype,2024_25_project_crop_structure,SEA03,CALCULATED_FROM_PRODUCTION_AND_HARVESTED_AREA
DST19,Khordha,CRP003,Jute,2021-22,Annual,1323.32,1291.71,3059.99,2.3689450418437574,synthetic_prototype,2024_25_project_crop_structure,SEA03,CALCULATED_FROM_PRODUCTION_AND_HARVESTED_AREA
DST19,Khordha,CRP003,Jute,2022-23,Annual,1328.55,1280.25,2784.44,2.1749189611404023,synthetic_prototype,2024_25_project_crop_structure,SEA03,CALCULATED_FROM_PRODUCTION_AND_HARVESTED_AREA
DST19,Khordha,CRP003,Jute,2023-24,Annual,1312.05,1261.85,2871.6,2.275706304235844,synthetic_prototype,2024_25_project_crop_structure,SEA03,CALCULATED_FROM_PRODUCTION_AND_HARVESTED_AREA
DST19,Khordha,CRP003,Jute,2024-25,Annual,1417.19,1355.1,2885.68,2.1294959781565934,synthetic_prototype,2024_25_project_crop_structure,SEA03,CALCULATED_FROM_PRODUCTION_AND_HARVESTED_AREA
DST19,Khordha,CRP013,Wheat,2015-16,Annual,864.29,845.99,1726.04,2.0402605231740325,synthetic_prototype,2024_25_project_crop_structure,SEA03,CALCULATED_FROM_PRODUCTION_AND_HARVESTED_AREA
DST19,Khordha,CRP013,Wheat,2016-17,Annual,817.64,792.38,1693.8,2.1376107423206037,synthetic_prototype,2024_25_project_crop_structure,SEA03,CALCULATED_FROM_PRODUCTION_AND_HARVESTED_AREA
DST19,Khordha,CRP013,Wheat,2017-18,Annual,797.62,780.56,1631.56,2.090242902531516,synthetic_prototype,2024_25_project_crop_structure,SEA03,CALCULATED_FROM_PRODUCTION_AND_HARVESTED_AREA
DST19,Khordha,CRP013,Wheat,2018-19,Annual,840.19,814.66,1488.71,1.8274003878918814,synthetic_prototype,2024_25_project_crop_structure,SEA03,CALCULATED_FROM_PRODUCTION_AND_HARVESTED_AREA
DST19,Khordha,CRP013,Wheat,2019-20,Annual,827.76,803.82,1459.68,1.815928939314772,synthetic_prototype,2024_25_project_crop_structure,SEA03,CALCULATED_FROM_PRODUCTION_AND_HARVESTED_AREA
DST19,Khordha,CRP013,Wheat,2020-21,Annual,845.99,825.91,1443.82,1.748156578803986,synthetic_prototype,2024_25_project_crop_structure,SEA03,CALCULATED_FROM_PRODUCTION_AND_HARVESTED_AREA
DST19,Khordha,CRP013,Wheat,2021-22,Annual,799.6,779.99,1321.25,1.6939319734868397,synthetic_prototype,2024_25_project_crop_structure,SEA03,CALCULATED_FROM_PRODUCTION_AND_HARVESTED_AREA
DST19,Khordha,CRP013,Wheat,2022-23,Annual,860.96,822.56,1462.2,1.7776210853919472,synthetic_prototype,2024_25_project_crop_structure,SEA03,CALCULATED_FROM_PRODUCTION_AND_HARVESTED_AREA
DST19,Khordha,CRP013,Wheat,2023-24,Annual,803.73,786.53,1491.0,1.8956683152581593,synthetic_prototype,2024_25_project_crop_structure,SEA03,CALCULATED_FROM_PRODUCTION_AND_HARVESTED_AREA
DST19,Khordha,CRP013,Wheat,2024-25,Annual,819.14,794.64,1622.03,2.0412136313299105,synthetic_prototype,2024_25_project_crop_structure,SEA03,CALCULATED_FROM_PRODUCTION_AND_HARVESTED_AREA
DST20,Koraput,CRP001,Groundnut,2015-16,Annual,8262.0,7969.12,14349.94,1.8006931756580402,synthetic_prototype,2024_25_project_crop_structure,SEA03,CALCULATED_FROM_PRODUCTION_AND_HARVESTED_AREA
DST20,Koraput,CRP001,Groundnut,2016-17,Annual,8174.22,7839.76,13703.56,1.7479565700990845,synthetic_prototype,2024_25_project_crop_structure,SEA03,CALCULATED_FROM_PRODUCTION_AND_HARVESTED_AREA
DST20,Koraput,CRP001,Groundnut,2017-18,Annual,8552.66,8332.76,13837.28,1.660587848443973,synthetic_prototype,2024_25_project_crop_structure,SEA03,CALCULATED_FROM_PRODUCTION_AND_HARVESTED_AREA
DST20,Koraput,CRP001,Groundnut,2018-19,Annual,8802.63,8565.6,15315.59,1.7880346969272438,synthetic_prototype,2024_25_project_crop_structure,SEA03,CALCULATED_FROM_PRODUCTION_AND_HARVESTED_AREA
DST20,Koraput,CRP001,Groundnut,2019-20,Annual,7969.99,7714.48,13908.42,1.8028979270151715,synthetic_prototype,2024_25_project_crop_structure,SEA03,CALCULATED_FROM_PRODUCTION_AND_HARVESTED_AREA
DST20,Koraput,CRP001,Groundnut,2020-21,Annual,7896.48,7560.12,13947.17,1.8448344735268754,synthetic_prototype,2024_25_project_crop_structure,SEA03,CALCULATED_FROM_PRODUCTION_AND_HARVESTED_AREA
DST20,Koraput,CRP001,Groundnut,2021-22,Annual,8025.52,7832.84,15211.95,1.9420733731315845,synthetic_prototype,2024_25_project_crop_structure,SEA03,CALCULATED_FROM_PRODUCTION_AND_HARVESTED_AREA
DST20,Koraput,CRP001,Groundnut,2022-23,Annual,7730.24,7509.01,13989.76,1.8630631734409728,synthetic_prototype,2024_25_project_crop_structure,SEA03,CALCULATED_FROM_PRODUCTION_AND_HARVESTED_AREA
DST20,Koraput,CRP001,Groundnut,2023-24,Annual,8001.0,7754.55,15195.07,1.9595037752029454,synthetic_prototype,2024_25_project_crop_structure,SEA03,CALCULATED_FROM_PRODUCTION_AND_HARVESTED_AREA
DST20,Koraput,CRP001,Groundnut,2024-25,Annual,8030.88,7834.67,14356.21,1.8323949828135708,synthetic_prototype,2024_25_project_crop_structure,SEA03,CALCULATED_FROM_PRODUCTION_AND_HARVESTED_AREA
DST20,Koraput,CRP004,Maize,2015-16,Annual,4024.49,3875.36,11312.86,2.9191765410181247,synthetic_prototype,2024_25_project_crop_structure,SEA03,CALCULATED_FROM_PRODUCTION_AND_HARVESTED_AREA
DST20,Koraput,CRP004,Maize,2016-17,Annual,3807.14,3713.48,9663.68,2.6023245042386116,synthetic_prototype,2024_25_project_crop_structure,SEA03,CALCULATED_FROM_PRODUCTION_AND_HARVESTED_AREA
DST20,Koraput,CRP004,Maize,2017-18,Annual,3931.89,3787.97,10066.41,2.657468248164584,synthetic_prototype,2024_25_project_crop_structure,SEA03,CALCULATED_FROM_PRODUCTION_AND_HARVESTED_AREA
DST20,Koraput,CRP004,Maize,2018-19,Annual,4305.95,4184.31,12821.86,3.064271050663072,synthetic_prototype,2024_25_project_crop_structure,SEA03,CALCULATED_FROM_PRODUCTION_AND_HARVESTED_AREA
DST20,Koraput,CRP004,Maize,2019-20,Annual,4067.85,3981.99,12158.35,3.053335141474489,synthetic_prototype,2024_25_project_crop_structure,SEA03,CALCULATED_FROM_PRODUCTION_AND_HARVESTED_AREA
DST20,Koraput,CRP004,Maize,2020-21,Annual,3976.15,3819.16,11768.44,3.081421045465495,synthetic_prototype,2024_25_project_crop_structure,SEA03,CALCULATED_FROM_PRODUCTION_AND_HARVESTED_AREA
DST20,Koraput,CRP004,Maize,2021-22,Annual,4024.18,3893.58,11844.64,3.042094935766056,synthetic_prototype,2024_25_project_crop_structure,SEA03,CALCULATED_FROM_PRODUCTION_AND_HARVESTED_AREA
DST20,Koraput,CRP004,Maize,2022-23,Annual,3877.49,3777.81,10447.02,2.7653640601300755,synthetic_prototype,2024_25_project_crop_structure,SEA03,CALCULATED_FROM_PRODUCTION_AND_HARVESTED_AREA
DST20,Koraput,CRP004,Maize,2023-24,Annual,3990.26,3881.99,10435.79,2.6882578265271166,synthetic_prototype,2024_25_project_crop_structure,SEA03,CALCULATED_FROM_PRODUCTION_AND_HARVESTED_AREA
DST20,Koraput,CRP004,Maize,2024-25,Annual,4013.97,3903.68,10287.66,2.635374825805394,synthetic_prototype,2024_25_project_crop_structure,SEA03,CALCULATED_FROM_PRODUCTION_AND_HARVESTED_AREA
DST20,Koraput,CRP005,Moong(Green Gram),2015-16,Annual,1592.88,1526.81,1804.98,1.1821903183762223,synthetic_prototype,2024_25_project_crop_structure,SEA03,CALCULATED_FROM_PRODUCTION_AND_HARVESTED_AREA
DST20,Koraput,CRP005,Moong(Green Gram),2016-17,Annual,1550.38,1514.81,1756.17,1.1593335137740048,synthetic_prototype,2024_25_project_crop_structure,SEA03,CALCULATED_FROM_PRODUCTION_AND_HARVESTED_AREA
DST20,Koraput,CRP005,Moong(Green Gram),2017-18,Annual,1595.95,1561.5,1766.86,1.1315145693243676,synthetic_prototype,2024_25_project_crop_structure,SEA03,CALCULATED_FROM_PRODUCTION_AND_HARVESTED_AREA
DST20,Koraput,CRP005,Moong(Green Gram),2018-19,Annual,1636.14,1563.24,1718.3,1.0991914229420945,synthetic_prototype,2024_25_project_crop_structure,SEA03,CALCULATED_FROM_PRODUCTION_AND_HARVESTED_AREA
DST20,Koraput,CRP005,Moong(Green Gram),2019-20,Annual,1695.9,1622.62,1892.76,1.166483834785717,synthetic_prototype,2024_25_project_crop_structure,SEA03,CALCULATED_FROM_PRODUCTION_AND_HARVESTED_AREA
DST20,Koraput,CRP005,Moong(Green Gram),2020-21,Annual,1703.56,1630.31,2028.61,1.2443093644766945,synthetic_prototype,2024_25_project_crop_structure,SEA03,CALCULATED_FROM_PRODUCTION_AND_HARVESTED_AREA
DST20,Koraput,CRP005,Moong(Green Gram),2021-22,Annual,1598.27,1552.7,2020.32,1.301165711341534,synthetic_prototype,2024_25_project_crop_structure,SEA03,CALCULATED_FROM_PRODUCTION_AND_HARVESTED_AREA
DST20,Koraput,CRP005,Moong(Green Gram),2022-23,Annual,1712.31,1659.18,2107.57,1.2702479538085079,synthetic_prototype,2024_25_project_crop_structure,SEA03,CALCULATED_FROM_PRODUCTION_AND_HARVESTED_AREA
DST20,Koraput,CRP005,Moong(Green Gram),2023-24,Annual,1603.27,1534.7,1827.43,1.190740861406138,synthetic_prototype,2024_25_project_crop_structure,SEA03,CALCULATED_FROM_PRODUCTION_AND_HARVESTED_AREA
DST20,Koraput,CRP005,Moong(Green Gram),2024-25,Annual,1633.6,1562.55,1934.9,1.2382963745160156,synthetic_prototype,2024_25_project_crop_structure,SEA03,CALCULATED_FROM_PRODUCTION_AND_HARVESTED_AREA
DST20,Koraput,CRP007,Ragi,2015-16,Annual,4120.2,3944.85,4222.24,1.070316995576511,synthetic_prototype,2024_25_project_crop_structure,SEA03,CALCULATED_FROM_PRODUCTION_AND_HARVESTED_AREA
DST20,Koraput,CRP007,Ragi,2016-17,Annual,3931.2,3756.05,4311.47,1.1478734308648713,synthetic_prototype,2024_25_project_crop_structure,SEA03,CALCULATED_FROM_PRODUCTION_AND_HARVESTED_AREA
DST20,Koraput,CRP007,Ragi,2017-18,Annual,4175.55,4022.42,4862.55,1.2088618294459554,synthetic_prototype,2024_25_project_crop_structure,SEA03,CALCULATED_FROM_PRODUCTION_AND_HARVESTED_AREA
DST20,Koraput,CRP007,Ragi,2018-19,Annual,4124.61,4006.04,5329.98,1.3304859661910513,synthetic_prototype,2024_25_project_crop_structure,SEA03,CALCULATED_FROM_PRODUCTION_AND_HARVESTED_AREA
DST20,Koraput,CRP007,Ragi,2019-20,Annual,4238.44,4057.4,5308.54,1.3083600335190022,synthetic_prototype,2024_25_project_crop_structure,SEA03,CALCULATED_FROM_PRODUCTION_AND_HARVESTED_AREA
DST20,Koraput,CRP007,Ragi,2020-21,Annual,4355.97,4183.29,5494.68,1.3134829285084229,synthetic_prototype,2024_25_project_crop_structure,SEA03,CALCULATED_FROM_PRODUCTION_AND_HARVESTED_AREA
DST20,Koraput,CRP007,Ragi,2021-22,Annual,3944.66,3823.39,4697.2,1.228543256115646,synthetic_prototype,2024_25_project_crop_structure,SEA03,CALCULATED_FROM_PRODUCTION_AND_HARVESTED_AREA
DST20,Koraput,CRP007,Ragi,2022-23,Annual,3793.41,3663.98,4574.97,1.2486339990938815,synthetic_prototype,2024_25_project_crop_structure,SEA03,CALCULATED_FROM_PRODUCTION_AND_HARVESTED_AREA
DST20,Koraput,CRP007,Ragi,2023-24,Annual,4180.89,4077.76,4541.79,1.1137953189986658,synthetic_prototype,2024_25_project_crop_structure,SEA03,CALCULATED_FROM_PRODUCTION_AND_HARVESTED_AREA
DST20,Koraput,CRP007,Ragi,2024-25,Annual,4318.34,4204.12,4926.35,1.1717910050141291,synthetic_prototype,2024_25_project_crop_structure,SEA03,CALCULATED_FROM_PRODUCTION_AND_HARVESTED_AREA
DST20,Koraput,CRP009,Rice,2015-16,Annual,20081.81,19542.73,44368.93,2.270354755962959,synthetic_prototype,2024_25_project_crop_structure,SEA03,CALCULATED_FROM_PRODUCTION_AND_HARVESTED_AREA
DST20,Koraput,CRP009,Rice,2016-17,Annual,20479.69,19933.41,45814.13,2.2983588859106394,synthetic_prototype,2024_25_project_crop_structure,SEA03,CALCULATED_FROM_PRODUCTION_AND_HARVESTED_AREA
DST20,Koraput,CRP009,Rice,2017-18,Annual,20744.75,20228.57,49234.65,2.4339164854460797,synthetic_prototype,2024_25_project_crop_structure,SEA03,CALCULATED_FROM_PRODUCTION_AND_HARVESTED_AREA
DST20,Koraput,CRP009,Rice,2018-19,Annual,21448.97,20644.89,46458.97,2.2503859308526226,synthetic_prototype,2024_25_project_crop_structure,SEA03,CALCULATED_FROM_PRODUCTION_AND_HARVESTED_AREA
DST20,Koraput,CRP009,Rice,2019-20,Annual,21403.75,20581.45,50005.24,2.429626678392436,synthetic_prototype,2024_25_project_crop_structure,SEA03,CALCULATED_FROM_PRODUCTION_AND_HARVESTED_AREA
DST20,Koraput,CRP009,Rice,2020-21,Annual,20146.16,19357.77,43976.51,2.271775622915243,synthetic_prototype,2024_25_project_crop_structure,SEA03,CALCULATED_FROM_PRODUCTION_AND_HARVESTED_AREA
DST20,Koraput,CRP009,Rice,2021-22,Annual,20100.74,19607.25,44429.13,2.265954175113797,synthetic_prototype,2024_25_project_crop_structure,SEA03,CALCULATED_FROM_PRODUCTION_AND_HARVESTED_AREA
DST20,Koraput,CRP009,Rice,2022-23,Annual,21446.81,20893.41,44744.86,2.1415776553468295,synthetic_prototype,2024_25_project_crop_structure,SEA03,CALCULATED_FROM_PRODUCTION_AND_HARVESTED_AREA
DST20,Koraput,CRP009,Rice,2023-24,Annual,20579.47,20150.59,42690.88,2.1185920610761273,synthetic_prototype,2024_25_project_crop_structure,SEA03,CALCULATED_FROM_PRODUCTION_AND_HARVESTED_AREA
DST20,Koraput,CRP009,Rice,2024-25,Annual,21113.6,20243.12,44875.71,2.216837621868566,synthetic_prototype,2024_25_project_crop_structure,SEA03,CALCULATED_FROM_PRODUCTION_AND_HARVESTED_AREA
DST20,Koraput,CRP010,Sesamum,2015-16,Annual,1935.32,1874.91,1084.92,0.5786517752852137,synthetic_prototype,2024_25_project_crop_structure,SEA03,CALCULATED_FROM_PRODUCTION_AND_HARVESTED_AREA
DST20,Koraput,CRP010,Sesamum,2016-17,Annual,1937.64,1894.42,1253.66,0.6617645506276327,synthetic_prototype,2024_25_project_crop_structure,SEA03,CALCULATED_FROM_PRODUCTION_AND_HARVESTED_AREA
DST20,Koraput,CRP010,Sesamum,2017-18,Annual,2001.28,1920.78,1343.8,0.6996116161142869,synthetic_prototype,2024_25_project_crop_structure,SEA03,CALCULATED_FROM_PRODUCTION_AND_HARVESTED_AREA
DST20,Koraput,CRP010,Sesamum,2018-19,Annual,2091.56,2049.63,1282.86,0.625898332869835,synthetic_prototype,2024_25_project_crop_structure,SEA03,CALCULATED_FROM_PRODUCTION_AND_HARVESTED_AREA
DST20,Koraput,CRP010,Sesamum,2019-20,Annual,2011.18,1933.96,1248.95,0.6457992926430743,synthetic_prototype,2024_25_project_crop_structure,SEA03,CALCULATED_FROM_PRODUCTION_AND_HARVESTED_AREA
DST20,Koraput,CRP010,Sesamum,2020-21,Annual,2085.69,2021.49,1157.36,0.5725281846558726,synthetic_prototype,2024_25_project_crop_structure,SEA03,CALCULATED_FROM_PRODUCTION_AND_HARVESTED_AREA
DST20,Koraput,CRP010,Sesamum,2021-22,Annual,2091.27,2026.84,1282.66,0.6328373231236802,synthetic_prototype,2024_25_project_crop_structure,SEA03,CALCULATED_FROM_PRODUCTION_AND_HARVESTED_AREA
DST20,Koraput,CRP010,Sesamum,2022-23,Annual,1774.8,1731.77,1074.08,0.6202209300311242,synthetic_prototype,2024_25_project_crop_structure,SEA03,CALCULATED_FROM_PRODUCTION_AND_HARVESTED_AREA
DST20,Koraput,CRP010,Sesamum,2023-24,Annual,2022.66,1975.57,1176.25,0.5953977839307137,synthetic_prototype,2024_25_project_crop_structure,SEA03,CALCULATED_FROM_PRODUCTION_AND_HARVESTED_AREA
DST20,Koraput,CRP010,Sesamum,2024-25,Annual,2003.42,1943.81,1236.93,0.6363430582207109,synthetic_prototype,2024_25_project_crop_structure,SEA03,CALCULATED_FROM_PRODUCTION_AND_HARVESTED_AREA
DST20,Koraput,CRP012,Urad,2015-16,Annual,2957.72,2876.07,2166.47,0.7532744335151785,synthetic_prototype,2024_25_project_crop_structure,SEA03,CALCULATED_FROM_PRODUCTION_AND_HARVESTED_AREA
DST20,Koraput,CRP012,Urad,2016-17,Annual,2936.41,2876.87,2398.24,0.8336282139964614,synthetic_prototype,2024_25_project_crop_structure,SEA03,CALCULATED_FROM_PRODUCTION_AND_HARVESTED_AREA
DST20,Koraput,CRP012,Urad,2017-18,Annual,3019.73,2903.45,2313.49,0.7968072465515162,synthetic_prototype,2024_25_project_crop_structure,SEA03,CALCULATED_FROM_PRODUCTION_AND_HARVESTED_AREA
DST20,Koraput,CRP012,Urad,2018-19,Annual,2927.25,2831.92,2332.61,0.8236849911014436,synthetic_prototype,2024_25_project_crop_structure,SEA03,CALCULATED_FROM_PRODUCTION_AND_HARVESTED_AREA
DST20,Koraput,CRP012,Urad,2019-20,Annual,3260.96,3180.38,2470.88,0.7769134505939542,synthetic_prototype,2024_25_project_crop_structure,SEA03,CALCULATED_FROM_PRODUCTION_AND_HARVESTED_AREA
DST20,Koraput,CRP012,Urad,2020-21,Annual,3213.5,3143.19,2399.98,0.7635491332054378,synthetic_prototype,2024_25_project_crop_structure,SEA03,CALCULATED_FROM_PRODUCTION_AND_HARVESTED_AREA
DST20,Koraput,CRP012,Urad,2021-22,Annual,3053.97,2920.82,2188.42,0.7492484987092666,synthetic_prototype,2024_25_project_crop_structure,SEA03,CALCULATED_FROM_PRODUCTION_AND_HARVESTED_AREA
DST20,Koraput,CRP012,Urad,2022-23,Annual,3084.33,2959.58,2268.0,0.7663249515133904,synthetic_prototype,2024_25_project_crop_structure,SEA03,CALCULATED_FROM_PRODUCTION_AND_HARVESTED_AREA
DST20,Koraput,CRP012,Urad,2023-24,Annual,2809.36,2722.23,2117.5,0.7778549204145131,synthetic_prototype,2024_25_project_crop_structure,SEA03,CALCULATED_FROM_PRODUCTION_AND_HARVESTED_AREA
DST20,Koraput,CRP012,Urad,2024-25,Annual,3121.83,3028.22,2494.52,0.8237578511468784,synthetic_prototype,2024_25_project_crop_structure,SEA03,CALCULATED_FROM_PRODUCTION_AND_HARVESTED_AREA
DST20,Koraput,CRP002,Horse Gram,2015-16,Annual,3345.07,3239.06,2554.48,0.7886485585324138,synthetic_prototype,2024_25_project_crop_structure,SEA03,CALCULATED_FROM_PRODUCTION_AND_HARVESTED_AREA
DST20,Koraput,CRP002,Horse Gram,2016-17,Annual,3234.91,3149.83,2308.63,0.7329379680808171,synthetic_prototype,2024_25_project_crop_structure,SEA03,CALCULATED_FROM_PRODUCTION_AND_HARVESTED_AREA
DST20,Koraput,CRP002,Horse Gram,2017-18,Annual,3277.06,3178.44,2345.21,0.7378493852330074,synthetic_prototype,2024_25_project_crop_structure,SEA03,CALCULATED_FROM_PRODUCTION_AND_HARVESTED_AREA
DST20,Koraput,CRP002,Horse Gram,2018-19,Annual,3501.05,3346.16,2317.87,0.6926955076864226,synthetic_prototype,2024_25_project_crop_structure,SEA03,CALCULATED_FROM_PRODUCTION_AND_HARVESTED_AREA
DST20,Koraput,CRP002,Horse Gram,2019-20,Annual,3220.89,3137.33,2326.55,0.7415700611666609,synthetic_prototype,2024_25_project_crop_structure,SEA03,CALCULATED_FROM_PRODUCTION_AND_HARVESTED_AREA
DST20,Koraput,CRP002,Horse Gram,2020-21,Annual,3317.23,3222.42,2561.56,0.7949181050266569,synthetic_prototype,2024_25_project_crop_structure,SEA03,CALCULATED_FROM_PRODUCTION_AND_HARVESTED_AREA
DST20,Koraput,CRP002,Horse Gram,2021-22,Annual,3398.33,3312.67,2649.26,0.7997355607410337,synthetic_prototype,2024_25_project_crop_structure,SEA03,CALCULATED_FROM_PRODUCTION_AND_HARVESTED_AREA
DST20,Koraput,CRP002,Horse Gram,2022-23,Annual,3180.85,3038.23,2535.47,0.8345220737073887,synthetic_prototype,2024_25_project_crop_structure,SEA03,CALCULATED_FROM_PRODUCTION_AND_HARVESTED_AREA
DST20,Koraput,CRP002,Horse Gram,2023-24,Annual,3137.12,3071.56,2263.67,0.7369773014364037,synthetic_prototype,2024_25_project_crop_structure,SEA03,CALCULATED_FROM_PRODUCTION_AND_HARVESTED_AREA
DST20,Koraput,CRP002,Horse Gram,2024-25,Annual,3311.36,3191.73,2366.86,0.7415602196927685,synthetic_prototype,2024_25_project_crop_structure,SEA03,CALCULATED_FROM_PRODUCTION_AND_HARVESTED_AREA
DST20,Koraput,CRP006,Potato,2015-16,Annual,822.09,790.52,10524.81,13.31378080250974,synthetic_prototype,2024_25_project_crop_structure,SEA03,CALCULATED_FROM_PRODUCTION_AND_HARVESTED_AREA
DST20,Koraput,CRP006,Potato,2016-17,Annual,876.72,857.98,11219.5,13.076645143243432,synthetic_prototype,2024_25_project_crop_structure,SEA03,CALCULATED_FROM_PRODUCTION_AND_HARVESTED_AREA
DST20,Koraput,CRP006,Potato,2017-18,Annual,901.77,870.12,12581.4,14.459384912425872,synthetic_prototype,2024_25_project_crop_structure,SEA03,CALCULATED_FROM_PRODUCTION_AND_HARVESTED_AREA
DST20,Koraput,CRP006,Potato,2018-19,Annual,904.72,866.15,12511.01,14.444391848986896,synthetic_prototype,2024_25_project_crop_structure,SEA03,CALCULATED_FROM_PRODUCTION_AND_HARVESTED_AREA
DST20,Koraput,CRP006,Potato,2019-20,Annual,836.95,808.16,11823.26,14.629850524648585,synthetic_prototype,2024_25_project_crop_structure,SEA03,CALCULATED_FROM_PRODUCTION_AND_HARVESTED_AREA
DST20,Koraput,CRP006,Potato,2020-21,Annual,883.36,858.72,13303.2,15.491894913359419,synthetic_prototype,2024_25_project_crop_structure,SEA03,CALCULATED_FROM_PRODUCTION_AND_HARVESTED_AREA
DST20,Koraput,CRP006,Potato,2021-22,Annual,873.95,836.59,12249.31,14.641951254497423,synthetic_prototype,2024_25_project_crop_structure,SEA03,CALCULATED_FROM_PRODUCTION_AND_HARVESTED_AREA
DST20,Koraput,CRP006,Potato,2022-23,Annual,852.22,827.01,11410.54,13.797342232862965,synthetic_prototype,2024_25_project_crop_structure,SEA03,CALCULATED_FROM_PRODUCTION_AND_HARVESTED_AREA
DST20,Koraput,CRP006,Potato,2023-24,Annual,863.69,832.45,11114.78,13.351889002342483,synthetic_prototype,2024_25_project_crop_structure,SEA03,CALCULATED_FROM_PRODUCTION_AND_HARVESTED_AREA
DST20,Koraput,CRP006,Potato,2024-25,Annual,857.7,824.77,11482.22,13.921723632042871,synthetic_prototype,2024_25_project_crop_structure,SEA03,CALCULATED_FROM_PRODUCTION_AND_HARVESTED_AREA
DST20,Koraput,CRP008,Rapeseed &Mustard,2015-16,Annual,2885.26,2822.52,3473.23,1.2305422105069228,synthetic_prototype,2024_25_project_crop_structure,SEA03,CALCULATED_FROM_PRODUCTION_AND_HARVESTED_AREA
DST20,Koraput,CRP008,Rapeseed &Mustard,2016-17,Annual,2903.46,2837.53,3576.91,1.2605716943961824,synthetic_prototype,2024_25_project_crop_structure,SEA03,CALCULATED_FROM_PRODUCTION_AND_HARVESTED_AREA
DST20,Koraput,CRP008,Rapeseed &Mustard,2017-18,Annual,2950.3,2826.59,3748.66,1.3262128571883434,synthetic_prototype,2024_25_project_crop_structure,SEA03,CALCULATED_FROM_PRODUCTION_AND_HARVESTED_AREA
DST20,Koraput,CRP008,Rapeseed &Mustard,2018-19,Annual,3054.2,2986.74,3941.09,1.3195289847793916,synthetic_prototype,2024_25_project_crop_structure,SEA03,CALCULATED_FROM_PRODUCTION_AND_HARVESTED_AREA
DST20,Koraput,CRP008,Rapeseed &Mustard,2019-20,Annual,3220.07,3086.04,4365.65,1.4146446578787053,synthetic_prototype,2024_25_project_crop_structure,SEA03,CALCULATED_FROM_PRODUCTION_AND_HARVESTED_AREA
DST20,Koraput,CRP008,Rapeseed &Mustard,2020-21,Annual,3132.4,3040.83,4082.32,1.342501882709655,synthetic_prototype,2024_25_project_crop_structure,SEA03,CALCULATED_FROM_PRODUCTION_AND_HARVESTED_AREA
DST20,Koraput,CRP008,Rapeseed &Mustard,2021-22,Annual,2929.93,2812.52,3533.11,1.2562079558545363,synthetic_prototype,2024_25_project_crop_structure,SEA03,CALCULATED_FROM_PRODUCTION_AND_HARVESTED_AREA
DST20,Koraput,CRP008,Rapeseed &Mustard,2022-23,Annual,2893.55,2766.78,3296.23,1.191359631051258,synthetic_prototype,2024_25_project_crop_structure,SEA03,CALCULATED_FROM_PRODUCTION_AND_HARVESTED_AREA
DST20,Koraput,CRP008,Rapeseed &Mustard,2023-24,Annual,2920.6,2804.76,3455.59,1.232044809538071,synthetic_prototype,2024_25_project_crop_structure,SEA03,CALCULATED_FROM_PRODUCTION_AND_HARVESTED_AREA
DST20,Koraput,CRP008,Rapeseed &Mustard,2024-25,Annual,2964.24,2833.87,3465.56,1.2229071905203839,synthetic_prototype,2024_25_project_crop_structure,SEA03,CALCULATED_FROM_PRODUCTION_AND_HARVESTED_AREA
DST20,Koraput,CRP011,Sugarcane,2015-16,Annual,8404.08,8140.8,531797.88,65.32501474056603,synthetic_prototype,2024_25_project_crop_structure,SEA03,CALCULATED_FROM_PRODUCTION_AND_HARVESTED_AREA
DST20,Koraput,CRP011,Sugarcane,2016-17,Annual,8922.8,8547.0,597029.01,69.85246402246402,synthetic_prototype,2024_25_project_crop_structure,SEA03,CALCULATED_FROM_PRODUCTION_AND_HARVESTED_AREA
DST20,Koraput,CRP011,Sugarcane,2017-18,Annual,8483.23,8176.59,563513.3,68.91788630712804,synthetic_prototype,2024_25_project_crop_structure,SEA03,CALCULATED_FROM_PRODUCTION_AND_HARVESTED_AREA
DST20,Koraput,CRP011,Sugarcane,2018-19,Annual,9268.98,8932.45,557517.95,62.41489736858308,synthetic_prototype,2024_25_project_crop_structure,SEA03,CALCULATED_FROM_PRODUCTION_AND_HARVESTED_AREA
DST20,Koraput,CRP011,Sugarcane,2019-20,Annual,9257.68,9030.02,580678.36,64.30532379773244,synthetic_prototype,2024_25_project_crop_structure,SEA03,CALCULATED_FROM_PRODUCTION_AND_HARVESTED_AREA
DST20,Koraput,CRP011,Sugarcane,2020-21,Annual,9335.75,9127.27,498457.12,54.611852174856224,synthetic_prototype,2024_25_project_crop_structure,SEA03,CALCULATED_FROM_PRODUCTION_AND_HARVESTED_AREA
DST20,Koraput,CRP011,Sugarcane,2021-22,Annual,8839.71,8564.34,473563.91,55.29485167566911,synthetic_prototype,2024_25_project_crop_structure,SEA03,CALCULATED_FROM_PRODUCTION_AND_HARVESTED_AREA
DST20,Koraput,CRP011,Sugarcane,2022-23,Annual,8189.34,7850.47,472832.2,60.22979515876119,synthetic_prototype,2024_25_project_crop_structure,SEA03,CALCULATED_FROM_PRODUCTION_AND_HARVESTED_AREA
DST20,Koraput,CRP011,Sugarcane,2023-24,Annual,8529.34,8282.69,506683.86,61.173828792336785,synthetic_prototype,2024_25_project_crop_structure,SEA03,CALCULATED_FROM_PRODUCTION_AND_HARVESTED_AREA
DST20,Koraput,CRP011,Sugarcane,2024-25,Annual,8847.04,8583.83,514840.26,59.977918947602646,synthetic_prototype,2024_25_project_crop_structure,SEA03,CALCULATED_FROM_PRODUCTION_AND_HARVESTED_AREA
DST20,Koraput,CRP003,Jute,2015-16,Annual,4213.87,4057.24,8451.83,2.0831476570279306,synthetic_prototype,2024_25_project_crop_structure,SEA03,CALCULATED_FROM_PRODUCTION_AND_HARVESTED_AREA
DST20,Koraput,CRP003,Jute,2016-17,Annual,4266.37,4079.18,7958.35,1.9509680867233121,synthetic_prototype,2024_25_project_crop_structure,SEA03,CALCULATED_FROM_PRODUCTION_AND_HARVESTED_AREA
DST20,Koraput,CRP003,Jute,2017-18,Annual,4402.89,4219.93,9059.6,2.14686025597581,synthetic_prototype,2024_25_project_crop_structure,SEA03,CALCULATED_FROM_PRODUCTION_AND_HARVESTED_AREA
DST20,Koraput,CRP003,Jute,2018-19,Annual,4462.15,4321.02,9192.26,2.127335675372944,synthetic_prototype,2024_25_project_crop_structure,SEA03,CALCULATED_FROM_PRODUCTION_AND_HARVESTED_AREA
DST20,Koraput,CRP003,Jute,2019-20,Annual,4413.04,4270.1,9496.71,2.2240017798178027,synthetic_prototype,2024_25_project_crop_structure,SEA03,CALCULATED_FROM_PRODUCTION_AND_HARVESTED_AREA
DST20,Koraput,CRP003,Jute,2020-21,Annual,4503.44,4329.8,10198.44,2.355406716245554,synthetic_prototype,2024_25_project_crop_structure,SEA03,CALCULATED_FROM_PRODUCTION_AND_HARVESTED_AREA
DST20,Koraput,CRP003,Jute,2021-22,Annual,4379.63,4283.66,9323.77,2.1765896453033156,synthetic_prototype,2024_25_project_crop_structure,SEA03,CALCULATED_FROM_PRODUCTION_AND_HARVESTED_AREA
DST20,Koraput,CRP003,Jute,2022-23,Annual,4335.83,4186.17,8947.95,2.137502777001412,synthetic_prototype,2024_25_project_crop_structure,SEA03,CALCULATED_FROM_PRODUCTION_AND_HARVESTED_AREA
DST20,Koraput,CRP003,Jute,2023-24,Annual,4333.79,4142.95,8617.35,2.0800033792346033,synthetic_prototype,2024_25_project_crop_structure,SEA03,CALCULATED_FROM_PRODUCTION_AND_HARVESTED_AREA
DST20,Koraput,CRP003,Jute,2024-25,Annual,4493.46,4331.32,9118.82,2.105321241561464,synthetic_prototype,2024_25_project_crop_structure,SEA03,CALCULATED_FROM_PRODUCTION_AND_HARVESTED_AREA
DST20,Koraput,CRP013,Wheat,2015-16,Annual,2938.14,2844.37,5531.03,1.9445536269894563,synthetic_prototype,2024_25_project_crop_structure,SEA03,CALCULATED_FROM_PRODUCTION_AND_HARVESTED_AREA
DST20,Koraput,CRP013,Wheat,2016-17,Annual,2942.53,2819.12,5712.52,2.0263486478049892,synthetic_prototype,2024_25_project_crop_structure,SEA03,CALCULATED_FROM_PRODUCTION_AND_HARVESTED_AREA
DST20,Koraput,CRP013,Wheat,2017-18,Annual,3109.17,2983.63,5558.41,1.86296893381552,synthetic_prototype,2024_25_project_crop_structure,SEA03,CALCULATED_FROM_PRODUCTION_AND_HARVESTED_AREA
DST20,Koraput,CRP013,Wheat,2018-19,Annual,3209.49,3143.33,6038.61,1.9210868728386774,synthetic_prototype,2024_25_project_crop_structure,SEA03,CALCULATED_FROM_PRODUCTION_AND_HARVESTED_AREA
DST20,Koraput,CRP013,Wheat,2019-20,Annual,3408.04,3306.21,6215.46,1.8799350313500958,synthetic_prototype,2024_25_project_crop_structure,SEA03,CALCULATED_FROM_PRODUCTION_AND_HARVESTED_AREA
DST20,Koraput,CRP013,Wheat,2020-21,Annual,3156.85,3092.78,5584.32,1.805598846345359,synthetic_prototype,2024_25_project_crop_structure,SEA03,CALCULATED_FROM_PRODUCTION_AND_HARVESTED_AREA
DST20,Koraput,CRP013,Wheat,2021-22,Annual,3168.39,3046.78,5186.09,1.7021544056348012,synthetic_prototype,2024_25_project_crop_structure,SEA03,CALCULATED_FROM_PRODUCTION_AND_HARVESTED_AREA
DST20,Koraput,CRP013,Wheat,2022-23,Annual,2997.9,2923.29,5738.62,1.9630690078644266,synthetic_prototype,2024_25_project_crop_structure,SEA03,CALCULATED_FROM_PRODUCTION_AND_HARVESTED_AREA
DST20,Koraput,CRP013,Wheat,2023-24,Annual,2986.11,2879.13,5406.1,1.8776852729817688,synthetic_prototype,2024_25_project_crop_structure,SEA03,CALCULATED_FROM_PRODUCTION_AND_HARVESTED_AREA
DST20,Koraput,CRP013,Wheat,2024-25,Annual,3198.68,3078.5,6121.99,1.9886275783660874,synthetic_prototype,2024_25_project_crop_structure,SEA03,CALCULATED_FROM_PRODUCTION_AND_HARVESTED_AREA
DST21,Malkangiri,CRP001,Groundnut,2015-16,Annual,548.61,528.94,991.4,1.8743146670699888,synthetic_prototype,2024_25_project_crop_structure,SEA03,CALCULATED_FROM_PRODUCTION_AND_HARVESTED_AREA
DST21,Malkangiri,CRP001,Groundnut,2016-17,Annual,539.75,523.55,840.32,1.6050424983287177,synthetic_prototype,2024_25_project_crop_structure,SEA03,CALCULATED_FROM_PRODUCTION_AND_HARVESTED_AREA
DST21,Malkangiri,CRP001,Groundnut,2017-18,Annual,515.72,502.2,817.41,1.6276583034647552,synthetic_prototype,2024_25_project_crop_structure,SEA03,CALCULATED_FROM_PRODUCTION_AND_HARVESTED_AREA
DST21,Malkangiri,CRP001,Groundnut,2018-19,Annual,540.6,522.72,871.41,1.667068411386593,synthetic_prototype,2024_25_project_crop_structure,SEA03,CALCULATED_FROM_PRODUCTION_AND_HARVESTED_AREA
DST21,Malkangiri,CRP001,Groundnut,2019-20,Annual,535.67,519.2,961.15,1.8512134052388287,synthetic_prototype,2024_25_project_crop_structure,SEA03,CALCULATED_FROM_PRODUCTION_AND_HARVESTED_AREA
DST21,Malkangiri,CRP001,Groundnut,2020-21,Annual,553.26,534.89,1004.35,1.8776757838060163,synthetic_prototype,2024_25_project_crop_structure,SEA03,CALCULATED_FROM_PRODUCTION_AND_HARVESTED_AREA
DST21,Malkangiri,CRP001,Groundnut,2021-22,Annual,521.01,498.97,997.21,1.9985369861915545,synthetic_prototype,2024_25_project_crop_structure,SEA03,CALCULATED_FROM_PRODUCTION_AND_HARVESTED_AREA
DST21,Malkangiri,CRP001,Groundnut,2022-23,Annual,526.33,512.71,1011.2,1.9722650231124808,synthetic_prototype,2024_25_project_crop_structure,SEA03,CALCULATED_FROM_PRODUCTION_AND_HARVESTED_AREA
DST21,Malkangiri,CRP001,Groundnut,2023-24,Annual,509.16,496.62,941.77,1.8963593894728363,synthetic_prototype,2024_25_project_crop_structure,SEA03,CALCULATED_FROM_PRODUCTION_AND_HARVESTED_AREA
DST21,Malkangiri,CRP001,Groundnut,2024-25,Annual,545.39,525.08,923.96,1.759655671516721,synthetic_prototype,2024_25_project_crop_structure,SEA03,CALCULATED_FROM_PRODUCTION_AND_HARVESTED_AREA
DST21,Malkangiri,CRP004,Maize,2015-16,Annual,6271.9,6088.1,14027.29,2.304050524794271,synthetic_prototype,2024_25_project_crop_structure,SEA03,CALCULATED_FROM_PRODUCTION_AND_HARVESTED_AREA
DST21,Malkangiri,CRP004,Maize,2016-17,Annual,6551.58,6411.25,16401.26,2.558200038993956,synthetic_prototype,2024_25_project_crop_structure,SEA03,CALCULATED_FROM_PRODUCTION_AND_HARVESTED_AREA
DST21,Malkangiri,CRP004,Maize,2017-18,Annual,6854.06,6562.35,15684.7,2.3901041547616324,synthetic_prototype,2024_25_project_crop_structure,SEA03,CALCULATED_FROM_PRODUCTION_AND_HARVESTED_AREA
DST21,Malkangiri,CRP004,Maize,2018-19,Annual,7043.85,6896.31,18580.79,2.694308985529943,synthetic_prototype,2024_25_project_crop_structure,SEA03,CALCULATED_FROM_PRODUCTION_AND_HARVESTED_AREA
DST21,Malkangiri,CRP004,Maize,2019-20,Annual,6762.11,6504.4,17786.75,2.734571982042925,synthetic_prototype,2024_25_project_crop_structure,SEA03,CALCULATED_FROM_PRODUCTION_AND_HARVESTED_AREA
DST21,Malkangiri,CRP004,Maize,2020-21,Annual,6639.9,6463.21,17662.49,2.7327736527205526,synthetic_prototype,2024_25_project_crop_structure,SEA03,CALCULATED_FROM_PRODUCTION_AND_HARVESTED_AREA
DST21,Malkangiri,CRP004,Maize,2021-22,Annual,6578.0,6356.95,17008.67,2.6756022935527257,synthetic_prototype,2024_25_project_crop_structure,SEA03,CALCULATED_FROM_PRODUCTION_AND_HARVESTED_AREA
DST21,Malkangiri,CRP004,Maize,2022-23,Annual,6161.9,5974.37,15208.69,2.545655859948413,synthetic_prototype,2024_25_project_crop_structure,SEA03,CALCULATED_FROM_PRODUCTION_AND_HARVESTED_AREA
DST21,Malkangiri,CRP004,Maize,2023-24,Annual,6565.38,6394.34,15563.6,2.433965037830331,synthetic_prototype,2024_25_project_crop_structure,SEA03,CALCULATED_FROM_PRODUCTION_AND_HARVESTED_AREA
DST21,Malkangiri,CRP004,Maize,2024-25,Annual,6419.73,6200.97,15085.69,2.4327951917200052,synthetic_prototype,2024_25_project_crop_structure,SEA03,CALCULATED_FROM_PRODUCTION_AND_HARVESTED_AREA
DST21,Malkangiri,CRP005,Moong(Green Gram),2015-16,Annual,3715.92,3595.8,4460.9,1.2405862395016407,synthetic_prototype,2024_25_project_crop_structure,SEA03,CALCULATED_FROM_PRODUCTION_AND_HARVESTED_AREA
DST21,Malkangiri,CRP005,Moong(Green Gram),2016-17,Annual,3834.81,3744.35,4417.12,1.1796760452414972,synthetic_prototype,2024_25_project_crop_structure,SEA03,CALCULATED_FROM_PRODUCTION_AND_HARVESTED_AREA
DST21,Malkangiri,CRP005,Moong(Green Gram),2017-18,Annual,3605.29,3490.2,4223.96,1.2102343705231793,synthetic_prototype,2024_25_project_crop_structure,SEA03,CALCULATED_FROM_PRODUCTION_AND_HARVESTED_AREA
DST21,Malkangiri,CRP005,Moong(Green Gram),2018-19,Annual,4053.87,3936.72,4771.72,1.2121055091548296,synthetic_prototype,2024_25_project_crop_structure,SEA03,CALCULATED_FROM_PRODUCTION_AND_HARVESTED_AREA
DST21,Malkangiri,CRP005,Moong(Green Gram),2019-20,Annual,3913.01,3738.27,4764.83,1.2746083081211361,synthetic_prototype,2024_25_project_crop_structure,SEA03,CALCULATED_FROM_PRODUCTION_AND_HARVESTED_AREA
DST21,Malkangiri,CRP005,Moong(Green Gram),2020-21,Annual,4139.25,4028.11,5344.91,1.3269026913366317,synthetic_prototype,2024_25_project_crop_structure,SEA03,CALCULATED_FROM_PRODUCTION_AND_HARVESTED_AREA
DST21,Malkangiri,CRP005,Moong(Green Gram),2021-22,Annual,4047.93,3943.95,5456.99,1.3836356951786914,synthetic_prototype,2024_25_project_crop_structure,SEA03,CALCULATED_FROM_PRODUCTION_AND_HARVESTED_AREA
DST21,Malkangiri,CRP005,Moong(Green Gram),2022-23,Annual,3842.68,3744.76,4797.57,1.2811421826765932,synthetic_prototype,2024_25_project_crop_structure,SEA03,CALCULATED_FROM_PRODUCTION_AND_HARVESTED_AREA
DST21,Malkangiri,CRP005,Moong(Green Gram),2023-24,Annual,3651.95,3558.09,4418.47,1.2418095101585402,synthetic_prototype,2024_25_project_crop_structure,SEA03,CALCULATED_FROM_PRODUCTION_AND_HARVESTED_AREA
DST21,Malkangiri,CRP005,Moong(Green Gram),2024-25,Annual,3881.87,3729.54,4351.03,1.1666398537085,synthetic_prototype,2024_25_project_crop_structure,SEA03,CALCULATED_FROM_PRODUCTION_AND_HARVESTED_AREA
DST21,Malkangiri,CRP007,Ragi,2015-16,Annual,3859.42,3696.01,5777.34,1.563128887638291,synthetic_prototype,2024_25_project_crop_structure,SEA03,CALCULATED_FROM_PRODUCTION_AND_HARVESTED_AREA
DST21,Malkangiri,CRP007,Ragi,2016-17,Annual,4043.59,3878.0,6157.57,1.5878210417741103,synthetic_prototype,2024_25_project_crop_structure,SEA03,CALCULATED_FROM_PRODUCTION_AND_HARVESTED_AREA
DST21,Malkangiri,CRP007,Ragi,2017-18,Annual,4064.57,3981.91,6790.1,1.7052369340341698,synthetic_prototype,2024_25_project_crop_structure,SEA03,CALCULATED_FROM_PRODUCTION_AND_HARVESTED_AREA
DST21,Malkangiri,CRP007,Ragi,2018-19,Annual,4036.18,3913.89,6813.12,1.7407540835332624,synthetic_prototype,2024_25_project_crop_structure,SEA03,CALCULATED_FROM_PRODUCTION_AND_HARVESTED_AREA
DST21,Malkangiri,CRP007,Ragi,2019-20,Annual,4321.47,4186.78,7162.53,1.710749072079259,synthetic_prototype,2024_25_project_crop_structure,SEA03,CALCULATED_FROM_PRODUCTION_AND_HARVESTED_AREA
DST21,Malkangiri,CRP007,Ragi,2020-21,Annual,4172.72,4045.46,6938.88,1.7152264513800655,synthetic_prototype,2024_25_project_crop_structure,SEA03,CALCULATED_FROM_PRODUCTION_AND_HARVESTED_AREA
DST21,Malkangiri,CRP007,Ragi,2021-22,Annual,4193.56,4022.5,6546.91,1.627572405220634,synthetic_prototype,2024_25_project_crop_structure,SEA03,CALCULATED_FROM_PRODUCTION_AND_HARVESTED_AREA
DST21,Malkangiri,CRP007,Ragi,2022-23,Annual,3868.77,3759.53,5864.79,1.5599795719145744,synthetic_prototype,2024_25_project_crop_structure,SEA03,CALCULATED_FROM_PRODUCTION_AND_HARVESTED_AREA
DST21,Malkangiri,CRP007,Ragi,2023-24,Annual,4090.02,3919.21,5856.03,1.4941863283671963,synthetic_prototype,2024_25_project_crop_structure,SEA03,CALCULATED_FROM_PRODUCTION_AND_HARVESTED_AREA
DST21,Malkangiri,CRP007,Ragi,2024-25,Annual,4301.62,4117.0,6803.23,1.6524726742773863,synthetic_prototype,2024_25_project_crop_structure,SEA03,CALCULATED_FROM_PRODUCTION_AND_HARVESTED_AREA
DST21,Malkangiri,CRP009,Rice,2015-16,Annual,48370.78,46702.83,135143.99,2.8937002318703167,synthetic_prototype,2024_25_project_crop_structure,SEA03,CALCULATED_FROM_PRODUCTION_AND_HARVESTED_AREA
DST21,Malkangiri,CRP009,Rice,2016-17,Annual,49657.54,48138.83,150977.0,3.1362831211311115,synthetic_prototype,2024_25_project_crop_structure,SEA03,CALCULATED_FROM_PRODUCTION_AND_HARVESTED_AREA
DST21,Malkangiri,CRP009,Rice,2017-18,Annual,52076.92,49857.5,169042.62,3.390515368801083,synthetic_prototype,2024_25_project_crop_structure,SEA03,CALCULATED_FROM_PRODUCTION_AND_HARVESTED_AREA
DST21,Malkangiri,CRP009,Rice,2018-19,Annual,52540.82,50744.39,174546.52,3.439720528712632,synthetic_prototype,2024_25_project_crop_structure,SEA03,CALCULATED_FROM_PRODUCTION_AND_HARVESTED_AREA
DST21,Malkangiri,CRP009,Rice,2019-20,Annual,53007.02,51124.77,162602.98,3.180512694727038,synthetic_prototype,2024_25_project_crop_structure,SEA03,CALCULATED_FROM_PRODUCTION_AND_HARVESTED_AREA
DST21,Malkangiri,CRP009,Rice,2020-21,Annual,54519.14,52824.09,166927.89,3.1600712856577373,synthetic_prototype,2024_25_project_crop_structure,SEA03,CALCULATED_FROM_PRODUCTION_AND_HARVESTED_AREA
DST21,Malkangiri,CRP009,Rice,2021-22,Annual,54423.43,52027.74,151459.21,2.9111241426208405,synthetic_prototype,2024_25_project_crop_structure,SEA03,CALCULATED_FROM_PRODUCTION_AND_HARVESTED_AREA
DST21,Malkangiri,CRP009,Rice,2022-23,Annual,50744.76,49170.94,157645.82,3.2060770040190407,synthetic_prototype,2024_25_project_crop_structure,SEA03,CALCULATED_FROM_PRODUCTION_AND_HARVESTED_AREA
DST21,Malkangiri,CRP009,Rice,2023-24,Annual,50711.97,49139.26,148946.63,3.0311125971371973,synthetic_prototype,2024_25_project_crop_structure,SEA03,CALCULATED_FROM_PRODUCTION_AND_HARVESTED_AREA
DST21,Malkangiri,CRP009,Rice,2024-25,Annual,50989.33,49818.14,150928.89,3.029597050391685,synthetic_prototype,2024_25_project_crop_structure,SEA03,CALCULATED_FROM_PRODUCTION_AND_HARVESTED_AREA
DST21,Malkangiri,CRP010,Sesamum,2015-16,Annual,1734.44,1659.09,987.01,0.5949104629646372,synthetic_prototype,2024_25_project_crop_structure,SEA03,CALCULATED_FROM_PRODUCTION_AND_HARVESTED_AREA
DST21,Malkangiri,CRP010,Sesamum,2016-17,Annual,1829.29,1755.08,1076.43,0.613322469631014,synthetic_prototype,2024_25_project_crop_structure,SEA03,CALCULATED_FROM_PRODUCTION_AND_HARVESTED_AREA
DST21,Malkangiri,CRP010,Sesamum,2017-18,Annual,1832.58,1789.03,1152.73,0.6443324035930085,synthetic_prototype,2024_25_project_crop_structure,SEA03,CALCULATED_FROM_PRODUCTION_AND_HARVESTED_AREA
DST21,Malkangiri,CRP010,Sesamum,2018-19,Annual,1909.16,1862.81,1094.3,0.5874458479394034,synthetic_prototype,2024_25_project_crop_structure,SEA03,CALCULATED_FROM_PRODUCTION_AND_HARVESTED_AREA
DST21,Malkangiri,CRP010,Sesamum,2019-20,Annual,2016.87,1972.78,1177.85,0.5970508622350186,synthetic_prototype,2024_25_project_crop_structure,SEA03,CALCULATED_FROM_PRODUCTION_AND_HARVESTED_AREA
DST21,Malkangiri,CRP010,Sesamum,2020-21,Annual,1927.05,1869.71,1088.05,0.5819351664161821,synthetic_prototype,2024_25_project_crop_structure,SEA03,CALCULATED_FROM_PRODUCTION_AND_HARVESTED_AREA
DST21,Malkangiri,CRP010,Sesamum,2021-22,Annual,1963.45,1887.12,1040.29,0.5512580016109203,synthetic_prototype,2024_25_project_crop_structure,SEA03,CALCULATED_FROM_PRODUCTION_AND_HARVESTED_AREA
DST21,Malkangiri,CRP010,Sesamum,2022-23,Annual,1858.0,1788.79,983.85,0.5500086650752744,synthetic_prototype,2024_25_project_crop_structure,SEA03,CALCULATED_FROM_PRODUCTION_AND_HARVESTED_AREA
DST21,Malkangiri,CRP010,Sesamum,2023-24,Annual,1940.69,1890.83,1102.66,0.5831618918675926,synthetic_prototype,2024_25_project_crop_structure,SEA03,CALCULATED_FROM_PRODUCTION_AND_HARVESTED_AREA
DST21,Malkangiri,CRP010,Sesamum,2024-25,Annual,1975.02,1890.21,1100.26,0.5820834722067918,synthetic_prototype,2024_25_project_crop_structure,SEA03,CALCULATED_FROM_PRODUCTION_AND_HARVESTED_AREA
DST21,Malkangiri,CRP012,Urad,2015-16,Annual,2236.72,2189.71,1756.76,0.8022797539400195,synthetic_prototype,2024_25_project_crop_structure,SEA03,CALCULATED_FROM_PRODUCTION_AND_HARVESTED_AREA
DST21,Malkangiri,CRP012,Urad,2016-17,Annual,2169.37,2085.19,1772.84,0.8502054968611973,synthetic_prototype,2024_25_project_crop_structure,SEA03,CALCULATED_FROM_PRODUCTION_AND_HARVESTED_AREA
DST21,Malkangiri,CRP012,Urad,2017-18,Annual,2326.67,2247.01,1967.32,0.8755279237742599,synthetic_prototype,2024_25_project_crop_structure,SEA03,CALCULATED_FROM_PRODUCTION_AND_HARVESTED_AREA
DST21,Malkangiri,CRP012,Urad,2018-19,Annual,2260.25,2200.27,1850.52,0.8410422357256155,synthetic_prototype,2024_25_project_crop_structure,SEA03,CALCULATED_FROM_PRODUCTION_AND_HARVESTED_AREA
DST21,Malkangiri,CRP012,Urad,2019-20,Annual,2272.37,2175.97,1751.75,0.8050432680597619,synthetic_prototype,2024_25_project_crop_structure,SEA03,CALCULATED_FROM_PRODUCTION_AND_HARVESTED_AREA
DST21,Malkangiri,CRP012,Urad,2020-21,Annual,2261.05,2161.44,1675.48,0.7751684062476867,synthetic_prototype,2024_25_project_crop_structure,SEA03,CALCULATED_FROM_PRODUCTION_AND_HARVESTED_AREA
DST21,Malkangiri,CRP012,Urad,2021-22,Annual,2084.71,2021.68,1577.0,0.7800443195757983,synthetic_prototype,2024_25_project_crop_structure,SEA03,CALCULATED_FROM_PRODUCTION_AND_HARVESTED_AREA
DST21,Malkangiri,CRP012,Urad,2022-23,Annual,2181.52,2103.28,1632.03,0.7759451903693279,synthetic_prototype,2024_25_project_crop_structure,SEA03,CALCULATED_FROM_PRODUCTION_AND_HARVESTED_AREA
DST21,Malkangiri,CRP012,Urad,2023-24,Annual,2220.97,2124.06,1718.96,0.8092803404800242,synthetic_prototype,2024_25_project_crop_structure,SEA03,CALCULATED_FROM_PRODUCTION_AND_HARVESTED_AREA
DST21,Malkangiri,CRP012,Urad,2024-25,Annual,2070.96,2010.04,1777.37,0.8842460846550317,synthetic_prototype,2024_25_project_crop_structure,SEA03,CALCULATED_FROM_PRODUCTION_AND_HARVESTED_AREA
DST21,Malkangiri,CRP002,Horse Gram,2015-16,Annual,2356.68,2289.49,1795.67,0.7843100428479706,synthetic_prototype,2024_25_project_crop_structure,SEA03,CALCULATED_FROM_PRODUCTION_AND_HARVESTED_AREA
DST21,Malkangiri,CRP002,Horse Gram,2016-17,Annual,2338.94,2291.73,1763.12,0.7693401927801268,synthetic_prototype,2024_25_project_crop_structure,SEA03,CALCULATED_FROM_PRODUCTION_AND_HARVESTED_AREA
DST21,Malkangiri,CRP002,Horse Gram,2017-18,Annual,2471.75,2365.83,1839.88,0.7776890140035422,synthetic_prototype,2024_25_project_crop_structure,SEA03,CALCULATED_FROM_PRODUCTION_AND_HARVESTED_AREA
DST21,Malkangiri,CRP002,Horse Gram,2018-19,Annual,2517.28,2456.9,2017.18,0.8210264968049168,synthetic_prototype,2024_25_project_crop_structure,SEA03,CALCULATED_FROM_PRODUCTION_AND_HARVESTED_AREA
DST21,Malkangiri,CRP002,Horse Gram,2019-20,Annual,2628.32,2543.41,2209.14,0.868574079680429,synthetic_prototype,2024_25_project_crop_structure,SEA03,CALCULATED_FROM_PRODUCTION_AND_HARVESTED_AREA
DST21,Malkangiri,CRP002,Horse Gram,2020-21,Annual,2615.22,2502.47,2139.02,0.8547634936682558,synthetic_prototype,2024_25_project_crop_structure,SEA03,CALCULATED_FROM_PRODUCTION_AND_HARVESTED_AREA
DST21,Malkangiri,CRP002,Horse Gram,2021-22,Annual,2478.17,2398.64,2111.5,0.8802904979488377,synthetic_prototype,2024_25_project_crop_structure,SEA03,CALCULATED_FROM_PRODUCTION_AND_HARVESTED_AREA
DST21,Malkangiri,CRP002,Horse Gram,2022-23,Annual,2318.64,2265.18,1842.7,0.8134894357181328,synthetic_prototype,2024_25_project_crop_structure,SEA03,CALCULATED_FROM_PRODUCTION_AND_HARVESTED_AREA
DST21,Malkangiri,CRP002,Horse Gram,2023-24,Annual,2418.15,2352.22,1819.06,0.7733375279523175,synthetic_prototype,2024_25_project_crop_structure,SEA03,CALCULATED_FROM_PRODUCTION_AND_HARVESTED_AREA
DST21,Malkangiri,CRP002,Horse Gram,2024-25,Annual,2508.63,2398.4,1797.49,0.7494538025350234,synthetic_prototype,2024_25_project_crop_structure,SEA03,CALCULATED_FROM_PRODUCTION_AND_HARVESTED_AREA
DST21,Malkangiri,CRP006,Potato,2015-16,Annual,4003.36,3843.12,44927.39,11.69034274235517,synthetic_prototype,2024_25_project_crop_structure,SEA03,CALCULATED_FROM_PRODUCTION_AND_HARVESTED_AREA
DST21,Malkangiri,CRP006,Potato,2016-17,Annual,3829.0,3699.05,43407.72,11.734829212906016,synthetic_prototype,2024_25_project_crop_structure,SEA03,CALCULATED_FROM_PRODUCTION_AND_HARVESTED_AREA
DST21,Malkangiri,CRP006,Potato,2017-18,Annual,4023.83,3938.96,48934.97,12.423322399821274,synthetic_prototype,2024_25_project_crop_structure,SEA03,CALCULATED_FROM_PRODUCTION_AND_HARVESTED_AREA
DST21,Malkangiri,CRP006,Potato,2018-19,Annual,4238.12,4102.47,50285.37,12.25734009023832,synthetic_prototype,2024_25_project_crop_structure,SEA03,CALCULATED_FROM_PRODUCTION_AND_HARVESTED_AREA
DST21,Malkangiri,CRP006,Potato,2019-20,Annual,4264.89,4092.75,53703.14,13.121529533931954,synthetic_prototype,2024_25_project_crop_structure,SEA03,CALCULATED_FROM_PRODUCTION_AND_HARVESTED_AREA
DST21,Malkangiri,CRP006,Potato,2020-21,Annual,4224.34,4087.22,55137.91,13.49032104951532,synthetic_prototype,2024_25_project_crop_structure,SEA03,CALCULATED_FROM_PRODUCTION_AND_HARVESTED_AREA
DST21,Malkangiri,CRP006,Potato,2021-22,Annual,4201.97,4031.32,51056.29,12.664906283797862,synthetic_prototype,2024_25_project_crop_structure,SEA03,CALCULATED_FROM_PRODUCTION_AND_HARVESTED_AREA
DST21,Malkangiri,CRP006,Potato,2022-23,Annual,3894.49,3788.62,42614.55,11.248040183496894,synthetic_prototype,2024_25_project_crop_structure,SEA03,CALCULATED_FROM_PRODUCTION_AND_HARVESTED_AREA
DST21,Malkangiri,CRP006,Potato,2023-24,Annual,4118.37,3972.02,42272.76,10.642635233458039,synthetic_prototype,2024_25_project_crop_structure,SEA03,CALCULATED_FROM_PRODUCTION_AND_HARVESTED_AREA
DST21,Malkangiri,CRP006,Potato,2024-25,Annual,4197.22,4100.44,49066.21,11.966084127557044,synthetic_prototype,2024_25_project_crop_structure,SEA03,CALCULATED_FROM_PRODUCTION_AND_HARVESTED_AREA
DST21,Malkangiri,CRP008,Rapeseed &Mustard,2015-16,Annual,918.66,892.21,827.76,0.9277636430885106,synthetic_prototype,2024_25_project_crop_structure,SEA03,CALCULATED_FROM_PRODUCTION_AND_HARVESTED_AREA
DST21,Malkangiri,CRP008,Rapeseed &Mustard,2016-17,Annual,942.02,920.61,850.31,0.9236375881209198,synthetic_prototype,2024_25_project_crop_structure,SEA03,CALCULATED_FROM_PRODUCTION_AND_HARVESTED_AREA
DST21,Malkangiri,CRP008,Rapeseed &Mustard,2017-18,Annual,952.43,911.25,913.67,1.0026556927297667,synthetic_prototype,2024_25_project_crop_structure,SEA03,CALCULATED_FROM_PRODUCTION_AND_HARVESTED_AREA
DST21,Malkangiri,CRP008,Rapeseed &Mustard,2018-19,Annual,925.83,905.09,893.19,0.9868521362516435,synthetic_prototype,2024_25_project_crop_structure,SEA03,CALCULATED_FROM_PRODUCTION_AND_HARVESTED_AREA
DST21,Malkangiri,CRP008,Rapeseed &Mustard,2019-20,Annual,998.23,974.88,994.12,1.0197357623502379,synthetic_prototype,2024_25_project_crop_structure,SEA03,CALCULATED_FROM_PRODUCTION_AND_HARVESTED_AREA
DST21,Malkangiri,CRP008,Rapeseed &Mustard,2020-21,Annual,894.6,876.37,864.64,0.9866152424204389,synthetic_prototype,2024_25_project_crop_structure,SEA03,CALCULATED_FROM_PRODUCTION_AND_HARVESTED_AREA
DST21,Malkangiri,CRP008,Rapeseed &Mustard,2021-22,Annual,928.61,895.99,808.43,0.9022756950412393,synthetic_prototype,2024_25_project_crop_structure,SEA03,CALCULATED_FROM_PRODUCTION_AND_HARVESTED_AREA
DST21,Malkangiri,CRP008,Rapeseed &Mustard,2022-23,Annual,926.92,895.28,790.67,0.8831538736484675,synthetic_prototype,2024_25_project_crop_structure,SEA03,CALCULATED_FROM_PRODUCTION_AND_HARVESTED_AREA
DST21,Malkangiri,CRP008,Rapeseed &Mustard,2023-24,Annual,912.74,882.34,782.23,0.8865403359249269,synthetic_prototype,2024_25_project_crop_structure,SEA03,CALCULATED_FROM_PRODUCTION_AND_HARVESTED_AREA
DST21,Malkangiri,CRP008,Rapeseed &Mustard,2024-25,Annual,886.84,866.12,758.75,0.8760333441093613,synthetic_prototype,2024_25_project_crop_structure,SEA03,CALCULATED_FROM_PRODUCTION_AND_HARVESTED_AREA
DST21,Malkangiri,CRP011,Sugarcane,2015-16,Annual,5975.14,5816.96,422067.75,72.55813173891516,synthetic_prototype,2024_25_project_crop_structure,SEA03,CALCULATED_FROM_PRODUCTION_AND_HARVESTED_AREA
DST21,Malkangiri,CRP011,Sugarcane,2016-17,Annual,6208.6,6027.63,455455.0,75.56120730701785,synthetic_prototype,2024_25_project_crop_structure,SEA03,CALCULATED_FROM_PRODUCTION_AND_HARVESTED_AREA
DST21,Malkangiri,CRP011,Sugarcane,2017-18,Annual,6508.78,6228.55,468351.53,75.19431167767779,synthetic_prototype,2024_25_project_crop_structure,SEA03,CALCULATED_FROM_PRODUCTION_AND_HARVESTED_AREA
DST21,Malkangiri,CRP011,Sugarcane,2018-19,Annual,6463.96,6263.04,460811.99,73.57640858113632,synthetic_prototype,2024_25_project_crop_structure,SEA03,CALCULATED_FROM_PRODUCTION_AND_HARVESTED_AREA
DST21,Malkangiri,CRP011,Sugarcane,2019-20,Annual,6986.69,6701.22,513177.17,76.57966310612098,synthetic_prototype,2024_25_project_crop_structure,SEA03,CALCULATED_FROM_PRODUCTION_AND_HARVESTED_AREA
DST21,Malkangiri,CRP011,Sugarcane,2020-21,Annual,6256.22,6057.79,397587.46,65.6324270072089,synthetic_prototype,2024_25_project_crop_structure,SEA03,CALCULATED_FROM_PRODUCTION_AND_HARVESTED_AREA
DST21,Malkangiri,CRP011,Sugarcane,2021-22,Annual,6056.27,5922.4,405925.62,68.54073010941511,synthetic_prototype,2024_25_project_crop_structure,SEA03,CALCULATED_FROM_PRODUCTION_AND_HARVESTED_AREA
DST21,Malkangiri,CRP011,Sugarcane,2022-23,Annual,6020.48,5861.97,398080.27,67.90895722768967,synthetic_prototype,2024_25_project_crop_structure,SEA03,CALCULATED_FROM_PRODUCTION_AND_HARVESTED_AREA
DST21,Malkangiri,CRP011,Sugarcane,2023-24,Annual,6243.28,6076.25,459111.84,75.55841843242132,synthetic_prototype,2024_25_project_crop_structure,SEA03,CALCULATED_FROM_PRODUCTION_AND_HARVESTED_AREA
DST21,Malkangiri,CRP011,Sugarcane,2024-25,Annual,6166.7,5984.76,461999.03,77.19591595987141,synthetic_prototype,2024_25_project_crop_structure,SEA03,CALCULATED_FROM_PRODUCTION_AND_HARVESTED_AREA
DST21,Malkangiri,CRP003,Jute,2015-16,Annual,4532.66,4334.97,9616.82,2.2184282705531984,synthetic_prototype,2024_25_project_crop_structure,SEA03,CALCULATED_FROM_PRODUCTION_AND_HARVESTED_AREA
DST21,Malkangiri,CRP003,Jute,2016-17,Annual,4381.38,4212.6,9303.49,2.2084911930874043,synthetic_prototype,2024_25_project_crop_structure,SEA03,CALCULATED_FROM_PRODUCTION_AND_HARVESTED_AREA
DST21,Malkangiri,CRP003,Jute,2017-18,Annual,4795.4,4642.28,10066.52,2.1684430926182827,synthetic_prototype,2024_25_project_crop_structure,SEA03,CALCULATED_FROM_PRODUCTION_AND_HARVESTED_AREA
DST21,Malkangiri,CRP003,Jute,2018-19,Annual,4655.86,4494.89,10575.44,2.352769478229723,synthetic_prototype,2024_25_project_crop_structure,SEA03,CALCULATED_FROM_PRODUCTION_AND_HARVESTED_AREA
DST21,Malkangiri,CRP003,Jute,2019-20,Annual,5061.08,4916.42,11271.3,2.292582814324244,synthetic_prototype,2024_25_project_crop_structure,SEA03,CALCULATED_FROM_PRODUCTION_AND_HARVESTED_AREA
DST21,Malkangiri,CRP003,Jute,2020-21,Annual,4669.35,4570.28,11339.38,2.481112754579588,synthetic_prototype,2024_25_project_crop_structure,SEA03,CALCULATED_FROM_PRODUCTION_AND_HARVESTED_AREA
DST21,Malkangiri,CRP003,Jute,2021-22,Annual,4782.09,4612.6,11024.48,2.3900793478732165,synthetic_prototype,2024_25_project_crop_structure,SEA03,CALCULATED_FROM_PRODUCTION_AND_HARVESTED_AREA
DST21,Malkangiri,CRP003,Jute,2022-23,Annual,4717.64,4601.09,10415.97,2.263804881017324,synthetic_prototype,2024_25_project_crop_structure,SEA03,CALCULATED_FROM_PRODUCTION_AND_HARVESTED_AREA
DST21,Malkangiri,CRP003,Jute,2023-24,Annual,4637.56,4446.33,9569.4,2.152201928331905,synthetic_prototype,2024_25_project_crop_structure,SEA03,CALCULATED_FROM_PRODUCTION_AND_HARVESTED_AREA
DST21,Malkangiri,CRP003,Jute,2024-25,Annual,4645.08,4501.84,10096.25,2.2426940984130934,synthetic_prototype,2024_25_project_crop_structure,SEA03,CALCULATED_FROM_PRODUCTION_AND_HARVESTED_AREA
DST21,Malkangiri,CRP013,Wheat,2015-16,Annual,2105.6,2023.08,7037.57,3.478641477351365,synthetic_prototype,2024_25_project_crop_structure,SEA03,CALCULATED_FROM_PRODUCTION_AND_HARVESTED_AREA
DST21,Malkangiri,CRP013,Wheat,2016-17,Annual,1926.59,1850.12,6644.84,3.591572438544527,synthetic_prototype,2024_25_project_crop_structure,SEA03,CALCULATED_FROM_PRODUCTION_AND_HARVESTED_AREA
DST21,Malkangiri,CRP013,Wheat,2017-18,Annual,2026.47,1975.64,6732.83,3.407923508331477,synthetic_prototype,2024_25_project_crop_structure,SEA03,CALCULATED_FROM_PRODUCTION_AND_HARVESTED_AREA
DST21,Malkangiri,CRP013,Wheat,2018-19,Annual,2138.37,2064.44,6812.2,3.299781054426382,synthetic_prototype,2024_25_project_crop_structure,SEA03,CALCULATED_FROM_PRODUCTION_AND_HARVESTED_AREA
DST21,Malkangiri,CRP013,Wheat,2019-20,Annual,2223.14,2155.61,6755.43,3.133883216351752,synthetic_prototype,2024_25_project_crop_structure,SEA03,CALCULATED_FROM_PRODUCTION_AND_HARVESTED_AREA
DST21,Malkangiri,CRP013,Wheat,2020-21,Annual,2136.33,2052.31,6492.53,3.163523054509309,synthetic_prototype,2024_25_project_crop_structure,SEA03,CALCULATED_FROM_PRODUCTION_AND_HARVESTED_AREA
DST21,Malkangiri,CRP013,Wheat,2021-22,Annual,2019.88,1948.17,6102.44,3.132396043466432,synthetic_prototype,2024_25_project_crop_structure,SEA03,CALCULATED_FROM_PRODUCTION_AND_HARVESTED_AREA
DST21,Malkangiri,CRP013,Wheat,2022-23,Annual,2110.7,2057.21,6774.83,3.2932126520870497,synthetic_prototype,2024_25_project_crop_structure,SEA03,CALCULATED_FROM_PRODUCTION_AND_HARVESTED_AREA
DST21,Malkangiri,CRP013,Wheat,2023-24,Annual,2035.83,1965.1,6783.51,3.451992265024681,synthetic_prototype,2024_25_project_crop_structure,SEA03,CALCULATED_FROM_PRODUCTION_AND_HARVESTED_AREA
DST21,Malkangiri,CRP013,Wheat,2024-25,Annual,2171.63,2085.44,7104.64,3.4067822617768915,synthetic_prototype,2024_25_project_crop_structure,SEA03,CALCULATED_FROM_PRODUCTION_AND_HARVESTED_AREA
DST22,Mayurbhanj,CRP001,Groundnut,2015-16,Annual,7189.99,6961.47,8897.08,1.2780461597909636,synthetic_prototype,2024_25_project_crop_structure,SEA03,CALCULATED_FROM_PRODUCTION_AND_HARVESTED_AREA
DST22,Mayurbhanj,CRP001,Groundnut,2016-17,Annual,6825.18,6571.2,8105.48,1.2334855125395665,synthetic_prototype,2024_25_project_crop_structure,SEA03,CALCULATED_FROM_PRODUCTION_AND_HARVESTED_AREA
DST22,Mayurbhanj,CRP001,Groundnut,2017-18,Annual,7655.98,7453.73,8696.95,1.1667916600145163,synthetic_prototype,2024_25_project_crop_structure,SEA03,CALCULATED_FROM_PRODUCTION_AND_HARVESTED_AREA
DST22,Mayurbhanj,CRP001,Groundnut,2018-19,Annual,8036.27,7832.43,9399.01,1.2000120013839894,synthetic_prototype,2024_25_project_crop_structure,SEA03,CALCULATED_FROM_PRODUCTION_AND_HARVESTED_AREA
DST22,Mayurbhanj,CRP001,Groundnut,2019-20,Annual,8019.33,7818.71,9893.19,1.2653225404190718,synthetic_prototype,2024_25_project_crop_structure,SEA03,CALCULATED_FROM_PRODUCTION_AND_HARVESTED_AREA
DST22,Mayurbhanj,CRP001,Groundnut,2020-21,Annual,7791.25,7523.05,9836.05,1.307455088029456,synthetic_prototype,2024_25_project_crop_structure,SEA03,CALCULATED_FROM_PRODUCTION_AND_HARVESTED_AREA
DST22,Mayurbhanj,CRP001,Groundnut,2021-22,Annual,7155.54,6973.25,9472.59,1.3584182411357688,synthetic_prototype,2024_25_project_crop_structure,SEA03,CALCULATED_FROM_PRODUCTION_AND_HARVESTED_AREA
DST22,Mayurbhanj,CRP001,Groundnut,2022-23,Annual,7110.75,6932.69,9644.69,1.391190144085485,synthetic_prototype,2024_25_project_crop_structure,SEA03,CALCULATED_FROM_PRODUCTION_AND_HARVESTED_AREA
DST22,Mayurbhanj,CRP001,Groundnut,2023-24,Annual,7273.32,6957.25,8785.57,1.2627934888066406,synthetic_prototype,2024_25_project_crop_structure,SEA03,CALCULATED_FROM_PRODUCTION_AND_HARVESTED_AREA
DST22,Mayurbhanj,CRP001,Groundnut,2024-25,Annual,7582.81,7276.76,9023.57,1.2400532654643,synthetic_prototype,2024_25_project_crop_structure,SEA03,CALCULATED_FROM_PRODUCTION_AND_HARVESTED_AREA
DST22,Mayurbhanj,CRP004,Maize,2015-16,Annual,1155.64,1106.65,4134.37,3.735932770071838,synthetic_prototype,2024_25_project_crop_structure,SEA03,CALCULATED_FROM_PRODUCTION_AND_HARVESTED_AREA
DST22,Mayurbhanj,CRP004,Maize,2016-17,Annual,1098.99,1065.62,4004.16,3.757587132373642,synthetic_prototype,2024_25_project_crop_structure,SEA03,CALCULATED_FROM_PRODUCTION_AND_HARVESTED_AREA
DST22,Mayurbhanj,CRP004,Maize,2017-18,Annual,1249.05,1195.7,4346.39,3.6350171447687547,synthetic_prototype,2024_25_project_crop_structure,SEA03,CALCULATED_FROM_PRODUCTION_AND_HARVESTED_AREA
DST22,Mayurbhanj,CRP004,Maize,2018-19,Annual,1197.25,1149.25,4902.63,4.265938655644986,synthetic_prototype,2024_25_project_crop_structure,SEA03,CALCULATED_FROM_PRODUCTION_AND_HARVESTED_AREA
DST22,Mayurbhanj,CRP004,Maize,2019-20,Annual,1269.27,1240.44,5279.84,4.256425139466641,synthetic_prototype,2024_25_project_crop_structure,SEA03,CALCULATED_FROM_PRODUCTION_AND_HARVESTED_AREA
DST22,Mayurbhanj,CRP004,Maize,2020-21,Annual,1230.54,1203.9,4778.55,3.9692250186892597,synthetic_prototype,2024_25_project_crop_structure,SEA03,CALCULATED_FROM_PRODUCTION_AND_HARVESTED_AREA
DST22,Mayurbhanj,CRP004,Maize,2021-22,Annual,1140.13,1104.58,4446.8,4.025783555740644,synthetic_prototype,2024_25_project_crop_structure,SEA03,CALCULATED_FROM_PRODUCTION_AND_HARVESTED_AREA
DST22,Mayurbhanj,CRP004,Maize,2022-23,Annual,1189.01,1136.28,4488.06,3.9497835040658997,synthetic_prototype,2024_25_project_crop_structure,SEA03,CALCULATED_FROM_PRODUCTION_AND_HARVESTED_AREA
DST22,Mayurbhanj,CRP004,Maize,2023-24,Annual,1143.75,1097.95,3977.86,3.6229882963705085,synthetic_prototype,2024_25_project_crop_structure,SEA03,CALCULATED_FROM_PRODUCTION_AND_HARVESTED_AREA
DST22,Mayurbhanj,CRP004,Maize,2024-25,Annual,1232.84,1181.89,4546.96,3.84719390129369,synthetic_prototype,2024_25_project_crop_structure,SEA03,CALCULATED_FROM_PRODUCTION_AND_HARVESTED_AREA
DST22,Mayurbhanj,CRP005,Moong(Green Gram),2015-16,Annual,4708.43,4531.63,3913.15,0.8635193076222022,synthetic_prototype,2024_25_project_crop_structure,SEA03,CALCULATED_FROM_PRODUCTION_AND_HARVESTED_AREA
DST22,Mayurbhanj,CRP005,Moong(Green Gram),2016-17,Annual,4817.61,4689.85,3775.16,0.8049639114257384,synthetic_prototype,2024_25_project_crop_structure,SEA03,CALCULATED_FROM_PRODUCTION_AND_HARVESTED_AREA
DST22,Mayurbhanj,CRP005,Moong(Green Gram),2017-18,Annual,5010.68,4813.71,3943.72,0.8192682982564383,synthetic_prototype,2024_25_project_crop_structure,SEA03,CALCULATED_FROM_PRODUCTION_AND_HARVESTED_AREA
DST22,Mayurbhanj,CRP005,Moong(Green Gram),2018-19,Annual,4987.14,4772.13,3808.89,0.7981530260072546,synthetic_prototype,2024_25_project_crop_structure,SEA03,CALCULATED_FROM_PRODUCTION_AND_HARVESTED_AREA
DST22,Mayurbhanj,CRP005,Moong(Green Gram),2019-20,Annual,5189.45,4983.83,4021.16,0.8068413248445473,synthetic_prototype,2024_25_project_crop_structure,SEA03,CALCULATED_FROM_PRODUCTION_AND_HARVESTED_AREA
DST22,Mayurbhanj,CRP005,Moong(Green Gram),2020-21,Annual,4851.3,4721.36,3900.94,0.826232272057204,synthetic_prototype,2024_25_project_crop_structure,SEA03,CALCULATED_FROM_PRODUCTION_AND_HARVESTED_AREA
DST22,Mayurbhanj,CRP005,Moong(Green Gram),2021-22,Annual,4902.46,4718.32,4156.24,0.8808728530493904,synthetic_prototype,2024_25_project_crop_structure,SEA03,CALCULATED_FROM_PRODUCTION_AND_HARVESTED_AREA
DST22,Mayurbhanj,CRP005,Moong(Green Gram),2022-23,Annual,4616.84,4436.51,3985.45,0.898329993621112,synthetic_prototype,2024_25_project_crop_structure,SEA03,CALCULATED_FROM_PRODUCTION_AND_HARVESTED_AREA
DST22,Mayurbhanj,CRP005,Moong(Green Gram),2023-24,Annual,4493.79,4328.1,3691.41,0.852893879531434,synthetic_prototype,2024_25_project_crop_structure,SEA03,CALCULATED_FROM_PRODUCTION_AND_HARVESTED_AREA
DST22,Mayurbhanj,CRP005,Moong(Green Gram),2024-25,Annual,5097.69,4948.5,4009.27,0.8101990502172376,synthetic_prototype,2024_25_project_crop_structure,SEA03,CALCULATED_FROM_PRODUCTION_AND_HARVESTED_AREA
DST22,Mayurbhanj,CRP007,Ragi,2015-16,Annual,3369.56,3260.5,2770.92,0.8498451157797884,synthetic_prototype,2024_25_project_crop_structure,SEA03,CALCULATED_FROM_PRODUCTION_AND_HARVESTED_AREA
DST22,Mayurbhanj,CRP007,Ragi,2016-17,Annual,3436.09,3360.61,3410.04,1.0147086392053823,synthetic_prototype,2024_25_project_crop_structure,SEA03,CALCULATED_FROM_PRODUCTION_AND_HARVESTED_AREA
DST22,Mayurbhanj,CRP007,Ragi,2017-18,Annual,3674.79,3515.92,3496.96,0.9946073858335798,synthetic_prototype,2024_25_project_crop_structure,SEA03,CALCULATED_FROM_PRODUCTION_AND_HARVESTED_AREA
DST22,Mayurbhanj,CRP007,Ragi,2018-19,Annual,3722.46,3645.29,3908.0,1.0720683402417914,synthetic_prototype,2024_25_project_crop_structure,SEA03,CALCULATED_FROM_PRODUCTION_AND_HARVESTED_AREA
DST22,Mayurbhanj,CRP007,Ragi,2019-20,Annual,3666.61,3537.02,3700.52,1.0462253535462056,synthetic_prototype,2024_25_project_crop_structure,SEA03,CALCULATED_FROM_PRODUCTION_AND_HARVESTED_AREA
DST22,Mayurbhanj,CRP007,Ragi,2020-21,Annual,3386.98,3267.71,3305.31,1.0115065290371543,synthetic_prototype,2024_25_project_crop_structure,SEA03,CALCULATED_FROM_PRODUCTION_AND_HARVESTED_AREA
DST22,Mayurbhanj,CRP007,Ragi,2021-22,Annual,3347.73,3278.15,3148.57,0.9604716074615256,synthetic_prototype,2024_25_project_crop_structure,SEA03,CALCULATED_FROM_PRODUCTION_AND_HARVESTED_AREA
DST22,Mayurbhanj,CRP007,Ragi,2022-23,Annual,3505.65,3361.67,3182.42,0.9466782878747765,synthetic_prototype,2024_25_project_crop_structure,SEA03,CALCULATED_FROM_PRODUCTION_AND_HARVESTED_AREA
DST22,Mayurbhanj,CRP007,Ragi,2023-24,Annual,3380.57,3279.56,3085.11,0.9407085096781276,synthetic_prototype,2024_25_project_crop_structure,SEA03,CALCULATED_FROM_PRODUCTION_AND_HARVESTED_AREA
DST22,Mayurbhanj,CRP007,Ragi,2024-25,Annual,3494.25,3405.57,3227.59,0.9477385577157421,synthetic_prototype,2024_25_project_crop_structure,SEA03,CALCULATED_FROM_PRODUCTION_AND_HARVESTED_AREA
DST22,Mayurbhanj,CRP009,Rice,2015-16,Annual,62565.7,59838.01,189708.39,3.170365959696855,synthetic_prototype,2024_25_project_crop_structure,SEA03,CALCULATED_FROM_PRODUCTION_AND_HARVESTED_AREA
DST22,Mayurbhanj,CRP009,Rice,2016-17,Annual,55392.46,54258.35,198493.45,3.6583023626778184,synthetic_prototype,2024_25_project_crop_structure,SEA03,CALCULATED_FROM_PRODUCTION_AND_HARVESTED_AREA
DST22,Mayurbhanj,CRP009,Rice,2017-18,Annual,63142.62,60807.43,229501.12,3.774228248094024,synthetic_prototype,2024_25_project_crop_structure,SEA03,CALCULATED_FROM_PRODUCTION_AND_HARVESTED_AREA
DST22,Mayurbhanj,CRP009,Rice,2018-19,Annual,59529.26,57797.18,203435.7,3.5198205171947836,synthetic_prototype,2024_25_project_crop_structure,SEA03,CALCULATED_FROM_PRODUCTION_AND_HARVESTED_AREA
DST22,Mayurbhanj,CRP009,Rice,2019-20,Annual,59695.88,57613.73,205785.32,3.571810400055681,synthetic_prototype,2024_25_project_crop_structure,SEA03,CALCULATED_FROM_PRODUCTION_AND_HARVESTED_AREA
DST22,Mayurbhanj,CRP009,Rice,2020-21,Annual,59734.77,58030.17,187960.73,3.2390173938832167,synthetic_prototype,2024_25_project_crop_structure,SEA03,CALCULATED_FROM_PRODUCTION_AND_HARVESTED_AREA
DST22,Mayurbhanj,CRP009,Rice,2021-22,Annual,56771.12,54643.36,171030.82,3.1299469871545234,synthetic_prototype,2024_25_project_crop_structure,SEA03,CALCULATED_FROM_PRODUCTION_AND_HARVESTED_AREA
DST22,Mayurbhanj,CRP009,Rice,2022-23,Annual,57510.22,55492.4,180693.11,3.2561776026987475,synthetic_prototype,2024_25_project_crop_structure,SEA03,CALCULATED_FROM_PRODUCTION_AND_HARVESTED_AREA
DST22,Mayurbhanj,CRP009,Rice,2023-24,Annual,58802.16,56852.78,181102.44,3.185463226248567,synthetic_prototype,2024_25_project_crop_structure,SEA03,CALCULATED_FROM_PRODUCTION_AND_HARVESTED_AREA
DST22,Mayurbhanj,CRP009,Rice,2024-25,Annual,63167.72,60446.24,214608.52,3.5504031350833403,synthetic_prototype,2024_25_project_crop_structure,SEA03,CALCULATED_FROM_PRODUCTION_AND_HARVESTED_AREA
DST22,Mayurbhanj,CRP010,Sesamum,2015-16,Annual,5270.09,5138.16,2448.84,0.47659862674576114,synthetic_prototype,2024_25_project_crop_structure,SEA03,CALCULATED_FROM_PRODUCTION_AND_HARVESTED_AREA
DST22,Mayurbhanj,CRP010,Sesamum,2016-17,Annual,5451.5,5257.54,2741.95,0.5215271781099144,synthetic_prototype,2024_25_project_crop_structure,SEA03,CALCULATED_FROM_PRODUCTION_AND_HARVESTED_AREA
DST22,Mayurbhanj,CRP010,Sesamum,2017-18,Annual,5503.83,5338.21,2751.24,0.5153862437034137,synthetic_prototype,2024_25_project_crop_structure,SEA03,CALCULATED_FROM_PRODUCTION_AND_HARVESTED_AREA
DST22,Mayurbhanj,CRP010,Sesamum,2018-19,Annual,5720.19,5530.26,2663.62,0.4816446243033781,synthetic_prototype,2024_25_project_crop_structure,SEA03,CALCULATED_FROM_PRODUCTION_AND_HARVESTED_AREA
DST22,Mayurbhanj,CRP010,Sesamum,2019-20,Annual,5709.34,5531.49,2798.36,0.505896241338229,synthetic_prototype,2024_25_project_crop_structure,SEA03,CALCULATED_FROM_PRODUCTION_AND_HARVESTED_AREA
DST22,Mayurbhanj,CRP010,Sesamum,2020-21,Annual,5436.59,5222.03,2340.75,0.4482452226433016,synthetic_prototype,2024_25_project_crop_structure,SEA03,CALCULATED_FROM_PRODUCTION_AND_HARVESTED_AREA
DST22,Mayurbhanj,CRP010,Sesamum,2021-22,Annual,5742.3,5526.81,2350.29,0.4252525417012707,synthetic_prototype,2024_25_project_crop_structure,SEA03,CALCULATED_FROM_PRODUCTION_AND_HARVESTED_AREA
DST22,Mayurbhanj,CRP010,Sesamum,2022-23,Annual,5297.98,5070.9,2240.86,0.44190577609497333,synthetic_prototype,2024_25_project_crop_structure,SEA03,CALCULATED_FROM_PRODUCTION_AND_HARVESTED_AREA
DST22,Mayurbhanj,CRP010,Sesamum,2023-24,Annual,5270.98,5095.38,2431.67,0.47723035377145573,synthetic_prototype,2024_25_project_crop_structure,SEA03,CALCULATED_FROM_PRODUCTION_AND_HARVESTED_AREA
DST22,Mayurbhanj,CRP010,Sesamum,2024-25,Annual,5506.25,5340.61,2676.11,0.5010869544864726,synthetic_prototype,2024_25_project_crop_structure,SEA03,CALCULATED_FROM_PRODUCTION_AND_HARVESTED_AREA
DST22,Mayurbhanj,CRP012,Urad,2015-16,Annual,5600.26,5355.3,6531.79,1.2196870390080854,synthetic_prototype,2024_25_project_crop_structure,SEA03,CALCULATED_FROM_PRODUCTION_AND_HARVESTED_AREA
DST22,Mayurbhanj,CRP012,Urad,2016-17,Annual,5321.8,5126.34,6391.18,1.2467335369874024,synthetic_prototype,2024_25_project_crop_structure,SEA03,CALCULATED_FROM_PRODUCTION_AND_HARVESTED_AREA
DST22,Mayurbhanj,CRP012,Urad,2017-18,Annual,5629.32,5454.42,7378.48,1.352752446639606,synthetic_prototype,2024_25_project_crop_structure,SEA03,CALCULATED_FROM_PRODUCTION_AND_HARVESTED_AREA
DST22,Mayurbhanj,CRP012,Urad,2018-19,Annual,5650.29,5531.4,6761.98,1.2224717069819575,synthetic_prototype,2024_25_project_crop_structure,SEA03,CALCULATED_FROM_PRODUCTION_AND_HARVESTED_AREA
DST22,Mayurbhanj,CRP012,Urad,2019-20,Annual,5674.14,5510.51,6451.59,1.1707791111893455,synthetic_prototype,2024_25_project_crop_structure,SEA03,CALCULATED_FROM_PRODUCTION_AND_HARVESTED_AREA
DST22,Mayurbhanj,CRP012,Urad,2020-21,Annual,5804.08,5643.99,6355.29,1.1260278632669443,synthetic_prototype,2024_25_project_crop_structure,SEA03,CALCULATED_FROM_PRODUCTION_AND_HARVESTED_AREA
DST22,Mayurbhanj,CRP012,Urad,2021-22,Annual,5558.79,5358.15,6344.32,1.184050465179213,synthetic_prototype,2024_25_project_crop_structure,SEA03,CALCULATED_FROM_PRODUCTION_AND_HARVESTED_AREA
DST22,Mayurbhanj,CRP012,Urad,2022-23,Annual,5223.34,5016.84,6219.82,1.2397883926934086,synthetic_prototype,2024_25_project_crop_structure,SEA03,CALCULATED_FROM_PRODUCTION_AND_HARVESTED_AREA
DST22,Mayurbhanj,CRP012,Urad,2023-24,Annual,5617.46,5496.49,6807.11,1.2384467178144598,synthetic_prototype,2024_25_project_crop_structure,SEA03,CALCULATED_FROM_PRODUCTION_AND_HARVESTED_AREA
DST22,Mayurbhanj,CRP012,Urad,2024-25,Annual,5222.33,5054.81,6340.23,1.2542964028321537,synthetic_prototype,2024_25_project_crop_structure,SEA03,CALCULATED_FROM_PRODUCTION_AND_HARVESTED_AREA
DST22,Mayurbhanj,CRP002,Horse Gram,2015-16,Annual,1865.28,1813.23,1157.51,0.6383690982390541,synthetic_prototype,2024_25_project_crop_structure,SEA03,CALCULATED_FROM_PRODUCTION_AND_HARVESTED_AREA
DST22,Mayurbhanj,CRP002,Horse Gram,2016-17,Annual,1832.27,1750.79,1074.53,0.6137400830482239,synthetic_prototype,2024_25_project_crop_structure,SEA03,CALCULATED_FROM_PRODUCTION_AND_HARVESTED_AREA
DST22,Mayurbhanj,CRP002,Horse Gram,2017-18,Annual,2046.07,2001.08,1239.85,0.6195904211725668,synthetic_prototype,2024_25_project_crop_structure,SEA03,CALCULATED_FROM_PRODUCTION_AND_HARVESTED_AREA
DST22,Mayurbhanj,CRP002,Horse Gram,2018-19,Annual,2192.98,2138.73,1403.01,0.6560014588096674,synthetic_prototype,2024_25_project_crop_structure,SEA03,CALCULATED_FROM_PRODUCTION_AND_HARVESTED_AREA
DST22,Mayurbhanj,CRP002,Horse Gram,2019-20,Annual,2044.98,1979.69,1379.82,0.6969879122488875,synthetic_prototype,2024_25_project_crop_structure,SEA03,CALCULATED_FROM_PRODUCTION_AND_HARVESTED_AREA
DST22,Mayurbhanj,CRP002,Horse Gram,2020-21,Annual,2224.19,2159.94,1529.26,0.70801040769651,synthetic_prototype,2024_25_project_crop_structure,SEA03,CALCULATED_FROM_PRODUCTION_AND_HARVESTED_AREA
DST22,Mayurbhanj,CRP002,Horse Gram,2021-22,Annual,1961.36,1904.31,1377.88,0.7235586642931037,synthetic_prototype,2024_25_project_crop_structure,SEA03,CALCULATED_FROM_PRODUCTION_AND_HARVESTED_AREA
DST22,Mayurbhanj,CRP002,Horse Gram,2022-23,Annual,1927.76,1888.73,1289.0,0.6824691724068553,synthetic_prototype,2024_25_project_crop_structure,SEA03,CALCULATED_FROM_PRODUCTION_AND_HARVESTED_AREA
DST22,Mayurbhanj,CRP002,Horse Gram,2023-24,Annual,1969.05,1903.82,1295.49,0.6804687417928166,synthetic_prototype,2024_25_project_crop_structure,SEA03,CALCULATED_FROM_PRODUCTION_AND_HARVESTED_AREA
DST22,Mayurbhanj,CRP002,Horse Gram,2024-25,Annual,1904.45,1848.58,1163.15,0.6292126929859677,synthetic_prototype,2024_25_project_crop_structure,SEA03,CALCULATED_FROM_PRODUCTION_AND_HARVESTED_AREA
DST22,Mayurbhanj,CRP006,Potato,2015-16,Annual,4150.97,4057.77,61966.54,15.27108239254566,synthetic_prototype,2024_25_project_crop_structure,SEA03,CALCULATED_FROM_PRODUCTION_AND_HARVESTED_AREA
DST22,Mayurbhanj,CRP006,Potato,2016-17,Annual,4159.86,4013.43,66659.61,16.609137321443256,synthetic_prototype,2024_25_project_crop_structure,SEA03,CALCULATED_FROM_PRODUCTION_AND_HARVESTED_AREA
DST22,Mayurbhanj,CRP006,Potato,2017-18,Annual,4284.88,4149.25,70250.29,16.930840513345785,synthetic_prototype,2024_25_project_crop_structure,SEA03,CALCULATED_FROM_PRODUCTION_AND_HARVESTED_AREA
DST22,Mayurbhanj,CRP006,Potato,2018-19,Annual,4311.72,4119.68,74059.18,17.976925392263475,synthetic_prototype,2024_25_project_crop_structure,SEA03,CALCULATED_FROM_PRODUCTION_AND_HARVESTED_AREA
DST22,Mayurbhanj,CRP006,Potato,2019-20,Annual,4523.43,4322.59,81439.88,18.84052847945329,synthetic_prototype,2024_25_project_crop_structure,SEA03,CALCULATED_FROM_PRODUCTION_AND_HARVESTED_AREA
DST22,Mayurbhanj,CRP006,Potato,2020-21,Annual,4403.09,4233.34,78402.7,18.520293668828867,synthetic_prototype,2024_25_project_crop_structure,SEA03,CALCULATED_FROM_PRODUCTION_AND_HARVESTED_AREA
DST22,Mayurbhanj,CRP006,Potato,2021-22,Annual,4605.98,4490.55,76570.06,17.051376780127153,synthetic_prototype,2024_25_project_crop_structure,SEA03,CALCULATED_FROM_PRODUCTION_AND_HARVESTED_AREA
DST22,Mayurbhanj,CRP006,Potato,2022-23,Annual,4224.89,4080.89,69710.75,17.08224186390714,synthetic_prototype,2024_25_project_crop_structure,SEA03,CALCULATED_FROM_PRODUCTION_AND_HARVESTED_AREA
DST22,Mayurbhanj,CRP006,Potato,2023-24,Annual,4279.48,4186.96,66450.3,15.870774977549344,synthetic_prototype,2024_25_project_crop_structure,SEA03,CALCULATED_FROM_PRODUCTION_AND_HARVESTED_AREA
DST22,Mayurbhanj,CRP006,Potato,2024-25,Annual,4444.38,4253.66,69149.28,16.25641917783744,synthetic_prototype,2024_25_project_crop_structure,SEA03,CALCULATED_FROM_PRODUCTION_AND_HARVESTED_AREA
DST22,Mayurbhanj,CRP008,Rapeseed &Mustard,2015-16,Annual,842.25,823.55,752.06,0.9131928844636027,synthetic_prototype,2024_25_project_crop_structure,SEA03,CALCULATED_FROM_PRODUCTION_AND_HARVESTED_AREA
DST22,Mayurbhanj,CRP008,Rapeseed &Mustard,2016-17,Annual,893.64,872.24,829.63,0.9511487663945702,synthetic_prototype,2024_25_project_crop_structure,SEA03,CALCULATED_FROM_PRODUCTION_AND_HARVESTED_AREA
DST22,Mayurbhanj,CRP008,Rapeseed &Mustard,2017-18,Annual,911.92,890.57,943.27,1.0591755841764263,synthetic_prototype,2024_25_project_crop_structure,SEA03,CALCULATED_FROM_PRODUCTION_AND_HARVESTED_AREA
DST22,Mayurbhanj,CRP008,Rapeseed &Mustard,2018-19,Annual,949.75,911.61,981.08,1.0762058336349976,synthetic_prototype,2024_25_project_crop_structure,SEA03,CALCULATED_FROM_PRODUCTION_AND_HARVESTED_AREA
DST22,Mayurbhanj,CRP008,Rapeseed &Mustard,2019-20,Annual,928.84,889.04,897.3,1.0092909205435077,synthetic_prototype,2024_25_project_crop_structure,SEA03,CALCULATED_FROM_PRODUCTION_AND_HARVESTED_AREA
DST22,Mayurbhanj,CRP008,Rapeseed &Mustard,2020-21,Annual,925.98,891.22,880.7,0.9881959561051143,synthetic_prototype,2024_25_project_crop_structure,SEA03,CALCULATED_FROM_PRODUCTION_AND_HARVESTED_AREA
DST22,Mayurbhanj,CRP008,Rapeseed &Mustard,2021-22,Annual,891.84,869.39,815.96,0.9385431164379623,synthetic_prototype,2024_25_project_crop_structure,SEA03,CALCULATED_FROM_PRODUCTION_AND_HARVESTED_AREA
DST22,Mayurbhanj,CRP008,Rapeseed &Mustard,2022-23,Annual,953.35,924.21,914.06,0.989017647504355,synthetic_prototype,2024_25_project_crop_structure,SEA03,CALCULATED_FROM_PRODUCTION_AND_HARVESTED_AREA
DST22,Mayurbhanj,CRP008,Rapeseed &Mustard,2023-24,Annual,932.57,908.74,831.23,0.9147060765455466,synthetic_prototype,2024_25_project_crop_structure,SEA03,CALCULATED_FROM_PRODUCTION_AND_HARVESTED_AREA
DST22,Mayurbhanj,CRP008,Rapeseed &Mustard,2024-25,Annual,946.49,908.61,910.99,1.0026193856550114,synthetic_prototype,2024_25_project_crop_structure,SEA03,CALCULATED_FROM_PRODUCTION_AND_HARVESTED_AREA
DST22,Mayurbhanj,CRP011,Sugarcane,2015-16,Annual,10817.22,10430.6,716175.49,68.66100607826971,synthetic_prototype,2024_25_project_crop_structure,SEA03,CALCULATED_FROM_PRODUCTION_AND_HARVESTED_AREA
DST22,Mayurbhanj,CRP011,Sugarcane,2016-17,Annual,10974.15,10517.35,793100.87,75.40881210571104,synthetic_prototype,2024_25_project_crop_structure,SEA03,CALCULATED_FROM_PRODUCTION_AND_HARVESTED_AREA
DST22,Mayurbhanj,CRP011,Sugarcane,2017-18,Annual,12189.34,11859.54,934197.45,78.7718115542424,synthetic_prototype,2024_25_project_crop_structure,SEA03,CALCULATED_FROM_PRODUCTION_AND_HARVESTED_AREA
DST22,Mayurbhanj,CRP011,Sugarcane,2018-19,Annual,11601.39,11137.69,856383.28,76.89056527879659,synthetic_prototype,2024_25_project_crop_structure,SEA03,CALCULATED_FROM_PRODUCTION_AND_HARVESTED_AREA
DST22,Mayurbhanj,CRP011,Sugarcane,2019-20,Annual,12164.42,11696.85,823802.34,70.42941817668859,synthetic_prototype,2024_25_project_crop_structure,SEA03,CALCULATED_FROM_PRODUCTION_AND_HARVESTED_AREA
DST22,Mayurbhanj,CRP011,Sugarcane,2020-21,Annual,11373.22,10987.48,743452.77,67.66362896678766,synthetic_prototype,2024_25_project_crop_structure,SEA03,CALCULATED_FROM_PRODUCTION_AND_HARVESTED_AREA
DST22,Mayurbhanj,CRP011,Sugarcane,2021-22,Annual,10921.62,10701.9,736342.29,68.8048187704987,synthetic_prototype,2024_25_project_crop_structure,SEA03,CALCULATED_FROM_PRODUCTION_AND_HARVESTED_AREA
DST22,Mayurbhanj,CRP011,Sugarcane,2022-23,Annual,11165.19,10845.35,786859.06,72.55266635009474,synthetic_prototype,2024_25_project_crop_structure,SEA03,CALCULATED_FROM_PRODUCTION_AND_HARVESTED_AREA
DST22,Mayurbhanj,CRP011,Sugarcane,2023-24,Annual,10928.43,10587.6,791196.35,74.72858343722845,synthetic_prototype,2024_25_project_crop_structure,SEA03,CALCULATED_FROM_PRODUCTION_AND_HARVESTED_AREA
DST22,Mayurbhanj,CRP011,Sugarcane,2024-25,Annual,11550.65,11098.04,872313.94,78.60072048758158,synthetic_prototype,2024_25_project_crop_structure,SEA03,CALCULATED_FROM_PRODUCTION_AND_HARVESTED_AREA
DST22,Mayurbhanj,CRP003,Jute,2015-16,Annual,413.47,395.75,675.08,1.7058243840808591,synthetic_prototype,2024_25_project_crop_structure,SEA03,CALCULATED_FROM_PRODUCTION_AND_HARVESTED_AREA
DST22,Mayurbhanj,CRP003,Jute,2016-17,Annual,393.29,380.57,640.57,1.6831857476942482,synthetic_prototype,2024_25_project_crop_structure,SEA03,CALCULATED_FROM_PRODUCTION_AND_HARVESTED_AREA
DST22,Mayurbhanj,CRP003,Jute,2017-18,Annual,433.05,423.07,720.29,1.702531495969934,synthetic_prototype,2024_25_project_crop_structure,SEA03,CALCULATED_FROM_PRODUCTION_AND_HARVESTED_AREA
DST22,Mayurbhanj,CRP003,Jute,2018-19,Annual,449.68,432.56,741.01,1.713080266321435,synthetic_prototype,2024_25_project_crop_structure,SEA03,CALCULATED_FROM_PRODUCTION_AND_HARVESTED_AREA
DST22,Mayurbhanj,CRP003,Jute,2019-20,Annual,431.4,415.63,748.68,1.8013136684069966,synthetic_prototype,2024_25_project_crop_structure,SEA03,CALCULATED_FROM_PRODUCTION_AND_HARVESTED_AREA
DST22,Mayurbhanj,CRP003,Jute,2020-21,Annual,452.4,439.61,874.08,1.9883078182934875,synthetic_prototype,2024_25_project_crop_structure,SEA03,CALCULATED_FROM_PRODUCTION_AND_HARVESTED_AREA
DST22,Mayurbhanj,CRP003,Jute,2021-22,Annual,386.39,376.9,697.24,1.8499336694083313,synthetic_prototype,2024_25_project_crop_structure,SEA03,CALCULATED_FROM_PRODUCTION_AND_HARVESTED_AREA
DST22,Mayurbhanj,CRP003,Jute,2022-23,Annual,395.54,386.46,708.33,1.8328675671479586,synthetic_prototype,2024_25_project_crop_structure,SEA03,CALCULATED_FROM_PRODUCTION_AND_HARVESTED_AREA
DST22,Mayurbhanj,CRP003,Jute,2023-24,Annual,407.23,392.84,679.87,1.7306537012524184,synthetic_prototype,2024_25_project_crop_structure,SEA03,CALCULATED_FROM_PRODUCTION_AND_HARVESTED_AREA
DST22,Mayurbhanj,CRP003,Jute,2024-25,Annual,391.38,382.22,610.53,1.597326147245042,synthetic_prototype,2024_25_project_crop_structure,SEA03,CALCULATED_FROM_PRODUCTION_AND_HARVESTED_AREA
DST22,Mayurbhanj,CRP013,Wheat,2015-16,Annual,3140.99,3028.7,6947.47,2.293878561759171,synthetic_prototype,2024_25_project_crop_structure,SEA03,CALCULATED_FROM_PRODUCTION_AND_HARVESTED_AREA
DST22,Mayurbhanj,CRP013,Wheat,2016-17,Annual,3039.93,2943.33,6767.0,2.299096601468405,synthetic_prototype,2024_25_project_crop_structure,SEA03,CALCULATED_FROM_PRODUCTION_AND_HARVESTED_AREA
DST22,Mayurbhanj,CRP013,Wheat,2017-18,Annual,3326.8,3235.77,7402.16,2.287603877902323,synthetic_prototype,2024_25_project_crop_structure,SEA03,CALCULATED_FROM_PRODUCTION_AND_HARVESTED_AREA
DST22,Mayurbhanj,CRP013,Wheat,2018-19,Annual,3531.08,3426.09,7136.0,2.082840789354629,synthetic_prototype,2024_25_project_crop_structure,SEA03,CALCULATED_FROM_PRODUCTION_AND_HARVESTED_AREA
DST22,Mayurbhanj,CRP013,Wheat,2019-20,Annual,3324.29,3181.52,6889.12,2.165354924690085,synthetic_prototype,2024_25_project_crop_structure,SEA03,CALCULATED_FROM_PRODUCTION_AND_HARVESTED_AREA
DST22,Mayurbhanj,CRP013,Wheat,2020-21,Annual,3117.38,2981.57,5884.86,1.973745375758409,synthetic_prototype,2024_25_project_crop_structure,SEA03,CALCULATED_FROM_PRODUCTION_AND_HARVESTED_AREA
DST22,Mayurbhanj,CRP013,Wheat,2021-22,Annual,3244.61,3125.63,6543.62,2.0935363430732363,synthetic_prototype,2024_25_project_crop_structure,SEA03,CALCULATED_FROM_PRODUCTION_AND_HARVESTED_AREA
DST22,Mayurbhanj,CRP013,Wheat,2022-23,Annual,3229.79,3156.25,7311.91,2.3166447524752476,synthetic_prototype,2024_25_project_crop_structure,SEA03,CALCULATED_FROM_PRODUCTION_AND_HARVESTED_AREA
DST22,Mayurbhanj,CRP013,Wheat,2023-24,Annual,3375.03,3292.15,7391.52,2.245195389031484,synthetic_prototype,2024_25_project_crop_structure,SEA03,CALCULATED_FROM_PRODUCTION_AND_HARVESTED_AREA
DST22,Mayurbhanj,CRP013,Wheat,2024-25,Annual,3146.53,3053.57,7091.11,2.32223594022734,synthetic_prototype,2024_25_project_crop_structure,SEA03,CALCULATED_FROM_PRODUCTION_AND_HARVESTED_AREA
DST23,Nabarangpur,CRP001,Groundnut,2015-16,Annual,4017.84,3904.8,4701.98,1.2041538619135421,synthetic_prototype,2024_25_project_crop_structure,SEA03,CALCULATED_FROM_PRODUCTION_AND_HARVESTED_AREA
DST23,Nabarangpur,CRP001,Groundnut,2016-17,Annual,4070.49,3918.66,4686.08,1.195837352564397,synthetic_prototype,2024_25_project_crop_structure,SEA03,CALCULATED_FROM_PRODUCTION_AND_HARVESTED_AREA
DST23,Nabarangpur,CRP001,Groundnut,2017-18,Annual,4408.27,4240.29,4737.98,1.1173716892005028,synthetic_prototype,2024_25_project_crop_structure,SEA03,CALCULATED_FROM_PRODUCTION_AND_HARVESTED_AREA
DST23,Nabarangpur,CRP001,Groundnut,2018-19,Annual,4439.02,4319.29,5317.77,1.2311676224564687,synthetic_prototype,2024_25_project_crop_structure,SEA03,CALCULATED_FROM_PRODUCTION_AND_HARVESTED_AREA
DST23,Nabarangpur,CRP001,Groundnut,2019-20,Annual,4255.63,4147.8,5400.82,1.3020926756352764,synthetic_prototype,2024_25_project_crop_structure,SEA03,CALCULATED_FROM_PRODUCTION_AND_HARVESTED_AREA
DST23,Nabarangpur,CRP001,Groundnut,2020-21,Annual,4098.89,3969.21,5059.71,1.2747398096850506,synthetic_prototype,2024_25_project_crop_structure,SEA03,CALCULATED_FROM_PRODUCTION_AND_HARVESTED_AREA
DST23,Nabarangpur,CRP001,Groundnut,2021-22,Annual,4543.76,4452.69,6013.98,1.3506397256489897,synthetic_prototype,2024_25_project_crop_structure,SEA03,CALCULATED_FROM_PRODUCTION_AND_HARVESTED_AREA
DST23,Nabarangpur,CRP001,Groundnut,2022-23,Annual,4190.52,4067.21,5439.21,1.337331979415865,synthetic_prototype,2024_25_project_crop_structure,SEA03,CALCULATED_FROM_PRODUCTION_AND_HARVESTED_AREA
DST23,Nabarangpur,CRP001,Groundnut,2023-24,Annual,4168.26,4036.87,5103.16,1.2641378097387332,synthetic_prototype,2024_25_project_crop_structure,SEA03,CALCULATED_FROM_PRODUCTION_AND_HARVESTED_AREA
DST23,Nabarangpur,CRP001,Groundnut,2024-25,Annual,4204.31,4095.58,4675.14,1.1415086507893877,synthetic_prototype,2024_25_project_crop_structure,SEA03,CALCULATED_FROM_PRODUCTION_AND_HARVESTED_AREA
DST23,Nabarangpur,CRP004,Maize,2015-16,Annual,5847.46,5646.68,22289.8,3.947416889216318,synthetic_prototype,2024_25_project_crop_structure,SEA03,CALCULATED_FROM_PRODUCTION_AND_HARVESTED_AREA
DST23,Nabarangpur,CRP004,Maize,2016-17,Annual,5808.68,5675.7,22919.9,4.038250788449003,synthetic_prototype,2024_25_project_crop_structure,SEA03,CALCULATED_FROM_PRODUCTION_AND_HARVESTED_AREA
DST23,Nabarangpur,CRP004,Maize,2017-18,Annual,6457.81,6319.67,24071.18,3.808929896655996,synthetic_prototype,2024_25_project_crop_structure,SEA03,CALCULATED_FROM_PRODUCTION_AND_HARVESTED_AREA
DST23,Nabarangpur,CRP004,Maize,2018-19,Annual,6200.13,5924.91,24846.61,4.19358437512131,synthetic_prototype,2024_25_project_crop_structure,SEA03,CALCULATED_FROM_PRODUCTION_AND_HARVESTED_AREA
DST23,Nabarangpur,CRP004,Maize,2019-20,Annual,6302.58,6127.46,24917.72,4.066565918014969,synthetic_prototype,2024_25_project_crop_structure,SEA03,CALCULATED_FROM_PRODUCTION_AND_HARVESTED_AREA
DST23,Nabarangpur,CRP004,Maize,2020-21,Annual,6215.42,5942.41,25710.12,4.326547646493594,synthetic_prototype,2024_25_project_crop_structure,SEA03,CALCULATED_FROM_PRODUCTION_AND_HARVESTED_AREA
DST23,Nabarangpur,CRP004,Maize,2021-22,Annual,5783.92,5587.58,22743.22,4.0703166666070105,synthetic_prototype,2024_25_project_crop_structure,SEA03,CALCULATED_FROM_PRODUCTION_AND_HARVESTED_AREA
DST23,Nabarangpur,CRP004,Maize,2022-23,Annual,6108.23,5936.14,22841.61,3.8478893691860367,synthetic_prototype,2024_25_project_crop_structure,SEA03,CALCULATED_FROM_PRODUCTION_AND_HARVESTED_AREA
DST23,Nabarangpur,CRP004,Maize,2023-24,Annual,5697.96,5567.52,20536.19,3.6885704945828657,synthetic_prototype,2024_25_project_crop_structure,SEA03,CALCULATED_FROM_PRODUCTION_AND_HARVESTED_AREA
DST23,Nabarangpur,CRP004,Maize,2024-25,Annual,6230.86,5957.18,22149.71,3.7181535558771093,synthetic_prototype,2024_25_project_crop_structure,SEA03,CALCULATED_FROM_PRODUCTION_AND_HARVESTED_AREA
DST23,Nabarangpur,CRP005,Moong(Green Gram),2015-16,Annual,4170.3,3997.84,4132.49,1.0336806875712885,synthetic_prototype,2024_25_project_crop_structure,SEA03,CALCULATED_FROM_PRODUCTION_AND_HARVESTED_AREA
DST23,Nabarangpur,CRP005,Moong(Green Gram),2016-17,Annual,3934.62,3808.5,3891.18,1.0217093343836157,synthetic_prototype,2024_25_project_crop_structure,SEA03,CALCULATED_FROM_PRODUCTION_AND_HARVESTED_AREA
DST23,Nabarangpur,CRP005,Moong(Green Gram),2017-18,Annual,4126.19,3968.77,4006.42,1.0094865663669097,synthetic_prototype,2024_25_project_crop_structure,SEA03,CALCULATED_FROM_PRODUCTION_AND_HARVESTED_AREA
DST23,Nabarangpur,CRP005,Moong(Green Gram),2018-19,Annual,4438.21,4252.94,4081.73,0.9597431423909109,synthetic_prototype,2024_25_project_crop_structure,SEA03,CALCULATED_FROM_PRODUCTION_AND_HARVESTED_AREA
DST23,Nabarangpur,CRP005,Moong(Green Gram),2019-20,Annual,4313.33,4188.92,4340.46,1.0361763891408764,synthetic_prototype,2024_25_project_crop_structure,SEA03,CALCULATED_FROM_PRODUCTION_AND_HARVESTED_AREA
DST23,Nabarangpur,CRP005,Moong(Green Gram),2020-21,Annual,4430.46,4329.01,4446.71,1.0271886643828496,synthetic_prototype,2024_25_project_crop_structure,SEA03,CALCULATED_FROM_PRODUCTION_AND_HARVESTED_AREA
DST23,Nabarangpur,CRP005,Moong(Green Gram),2021-22,Annual,4060.77,3894.0,4193.51,1.0769157678479713,synthetic_prototype,2024_25_project_crop_structure,SEA03,CALCULATED_FROM_PRODUCTION_AND_HARVESTED_AREA
DST23,Nabarangpur,CRP005,Moong(Green Gram),2022-23,Annual,4132.8,3968.33,4392.32,1.106843432879826,synthetic_prototype,2024_25_project_crop_structure,SEA03,CALCULATED_FROM_PRODUCTION_AND_HARVESTED_AREA
DST23,Nabarangpur,CRP005,Moong(Green Gram),2023-24,Annual,4231.39,4078.25,4172.73,1.023166799485073,synthetic_prototype,2024_25_project_crop_structure,SEA03,CALCULATED_FROM_PRODUCTION_AND_HARVESTED_AREA
DST23,Nabarangpur,CRP005,Moong(Green Gram),2024-25,Annual,4287.47,4185.63,3780.57,0.9032260376574136,synthetic_prototype,2024_25_project_crop_structure,SEA03,CALCULATED_FROM_PRODUCTION_AND_HARVESTED_AREA
DST23,Nabarangpur,CRP007,Ragi,2015-16,Annual,1865.94,1808.59,3165.72,1.7503801303778082,synthetic_prototype,2024_25_project_crop_structure,SEA03,CALCULATED_FROM_PRODUCTION_AND_HARVESTED_AREA
DST23,Nabarangpur,CRP007,Ragi,2016-17,Annual,1889.09,1834.22,3245.84,1.7696023377784562,synthetic_prototype,2024_25_project_crop_structure,SEA03,CALCULATED_FROM_PRODUCTION_AND_HARVESTED_AREA
DST23,Nabarangpur,CRP007,Ragi,2017-18,Annual,1955.01,1897.03,3230.93,1.7031517688175726,synthetic_prototype,2024_25_project_crop_structure,SEA03,CALCULATED_FROM_PRODUCTION_AND_HARVESTED_AREA
DST23,Nabarangpur,CRP007,Ragi,2018-19,Annual,1986.48,1936.94,3438.74,1.7753466808471092,synthetic_prototype,2024_25_project_crop_structure,SEA03,CALCULATED_FROM_PRODUCTION_AND_HARVESTED_AREA
DST23,Nabarangpur,CRP007,Ragi,2019-20,Annual,1993.43,1916.16,3569.78,1.8629863894455578,synthetic_prototype,2024_25_project_crop_structure,SEA03,CALCULATED_FROM_PRODUCTION_AND_HARVESTED_AREA
DST23,Nabarangpur,CRP007,Ragi,2020-21,Annual,1913.96,1850.05,3309.85,1.7890597551417529,synthetic_prototype,2024_25_project_crop_structure,SEA03,CALCULATED_FROM_PRODUCTION_AND_HARVESTED_AREA
DST23,Nabarangpur,CRP007,Ragi,2021-22,Annual,1927.64,1841.95,2947.56,1.600238877276799,synthetic_prototype,2024_25_project_crop_structure,SEA03,CALCULATED_FROM_PRODUCTION_AND_HARVESTED_AREA
DST23,Nabarangpur,CRP007,Ragi,2022-23,Annual,1851.84,1808.72,2795.32,1.5454686186916715,synthetic_prototype,2024_25_project_crop_structure,SEA03,CALCULATED_FROM_PRODUCTION_AND_HARVESTED_AREA
DST23,Nabarangpur,CRP007,Ragi,2023-24,Annual,1856.14,1773.08,2975.39,1.678091231078124,synthetic_prototype,2024_25_project_crop_structure,SEA03,CALCULATED_FROM_PRODUCTION_AND_HARVESTED_AREA
DST23,Nabarangpur,CRP007,Ragi,2024-25,Annual,2094.09,2023.08,3529.06,1.7443996282895387,synthetic_prototype,2024_25_project_crop_structure,SEA03,CALCULATED_FROM_PRODUCTION_AND_HARVESTED_AREA
DST23,Nabarangpur,CRP009,Rice,2015-16,Annual,49227.98,47644.39,136408.59,2.863056699854904,synthetic_prototype,2024_25_project_crop_structure,SEA03,CALCULATED_FROM_PRODUCTION_AND_HARVESTED_AREA
DST23,Nabarangpur,CRP009,Rice,2016-17,Annual,46067.29,44635.25,137554.73,3.0817510823844385,synthetic_prototype,2024_25_project_crop_structure,SEA03,CALCULATED_FROM_PRODUCTION_AND_HARVESTED_AREA
DST23,Nabarangpur,CRP009,Rice,2017-18,Annual,49397.35,47343.94,140722.55,2.972345563128037,synthetic_prototype,2024_25_project_crop_structure,SEA03,CALCULATED_FROM_PRODUCTION_AND_HARVESTED_AREA
DST23,Nabarangpur,CRP009,Rice,2018-19,Annual,48109.14,46787.11,148574.99,3.175553907903266,synthetic_prototype,2024_25_project_crop_structure,SEA03,CALCULATED_FROM_PRODUCTION_AND_HARVESTED_AREA
DST23,Nabarangpur,CRP009,Rice,2019-20,Annual,50461.38,48868.76,136361.26,2.790356456762971,synthetic_prototype,2024_25_project_crop_structure,SEA03,CALCULATED_FROM_PRODUCTION_AND_HARVESTED_AREA
DST23,Nabarangpur,CRP009,Rice,2020-21,Annual,48076.54,45949.67,134787.72,2.933377323493292,synthetic_prototype,2024_25_project_crop_structure,SEA03,CALCULATED_FROM_PRODUCTION_AND_HARVESTED_AREA
DST23,Nabarangpur,CRP009,Rice,2021-22,Annual,45872.3,44034.67,121870.83,2.7676108393681615,synthetic_prototype,2024_25_project_crop_structure,SEA03,CALCULATED_FROM_PRODUCTION_AND_HARVESTED_AREA
DST23,Nabarangpur,CRP009,Rice,2022-23,Annual,50294.69,48237.18,126805.15,2.628784477036178,synthetic_prototype,2024_25_project_crop_structure,SEA03,CALCULATED_FROM_PRODUCTION_AND_HARVESTED_AREA
DST23,Nabarangpur,CRP009,Rice,2023-24,Annual,47262.74,45720.1,126871.1,2.774952373245028,synthetic_prototype,2024_25_project_crop_structure,SEA03,CALCULATED_FROM_PRODUCTION_AND_HARVESTED_AREA
DST23,Nabarangpur,CRP009,Rice,2024-25,Annual,48368.9,46273.62,138554.41,2.9942418596167752,synthetic_prototype,2024_25_project_crop_structure,SEA03,CALCULATED_FROM_PRODUCTION_AND_HARVESTED_AREA
DST23,Nabarangpur,CRP010,Sesamum,2015-16,Annual,2444.33,2394.7,1324.86,0.5532467532467532,synthetic_prototype,2024_25_project_crop_structure,SEA03,CALCULATED_FROM_PRODUCTION_AND_HARVESTED_AREA
DST23,Nabarangpur,CRP010,Sesamum,2016-17,Annual,2456.63,2366.32,1548.25,0.6542859799181852,synthetic_prototype,2024_25_project_crop_structure,SEA03,CALCULATED_FROM_PRODUCTION_AND_HARVESTED_AREA
DST23,Nabarangpur,CRP010,Sesamum,2017-18,Annual,2474.67,2373.69,1514.38,0.6379855836271796,synthetic_prototype,2024_25_project_crop_structure,SEA03,CALCULATED_FROM_PRODUCTION_AND_HARVESTED_AREA
DST23,Nabarangpur,CRP010,Sesamum,2018-19,Annual,2645.6,2586.89,1685.77,0.6516589418181677,synthetic_prototype,2024_25_project_crop_structure,SEA03,CALCULATED_FROM_PRODUCTION_AND_HARVESTED_AREA
DST23,Nabarangpur,CRP010,Sesamum,2019-20,Annual,2613.62,2527.08,1487.36,0.5885686246577077,synthetic_prototype,2024_25_project_crop_structure,SEA03,CALCULATED_FROM_PRODUCTION_AND_HARVESTED_AREA
DST23,Nabarangpur,CRP010,Sesamum,2020-21,Annual,2395.08,2304.85,1356.29,0.5884504414603987,synthetic_prototype,2024_25_project_crop_structure,SEA03,CALCULATED_FROM_PRODUCTION_AND_HARVESTED_AREA
DST23,Nabarangpur,CRP010,Sesamum,2021-22,Annual,2533.92,2428.04,1412.93,0.5819220441178894,synthetic_prototype,2024_25_project_crop_structure,SEA03,CALCULATED_FROM_PRODUCTION_AND_HARVESTED_AREA
DST23,Nabarangpur,CRP010,Sesamum,2022-23,Annual,2435.64,2385.42,1364.14,0.5718657511046273,synthetic_prototype,2024_25_project_crop_structure,SEA03,CALCULATED_FROM_PRODUCTION_AND_HARVESTED_AREA
DST23,Nabarangpur,CRP010,Sesamum,2023-24,Annual,2577.61,2484.6,1468.38,0.590992513885535,synthetic_prototype,2024_25_project_crop_structure,SEA03,CALCULATED_FROM_PRODUCTION_AND_HARVESTED_AREA
DST23,Nabarangpur,CRP010,Sesamum,2024-25,Annual,2520.66,2426.37,1512.87,0.6235116655745001,synthetic_prototype,2024_25_project_crop_structure,SEA03,CALCULATED_FROM_PRODUCTION_AND_HARVESTED_AREA
DST23,Nabarangpur,CRP012,Urad,2015-16,Annual,3173.36,3095.37,2139.07,0.6910547042841406,synthetic_prototype,2024_25_project_crop_structure,SEA03,CALCULATED_FROM_PRODUCTION_AND_HARVESTED_AREA
DST23,Nabarangpur,CRP012,Urad,2016-17,Annual,3433.16,3304.32,2204.92,0.667284040286655,synthetic_prototype,2024_25_project_crop_structure,SEA03,CALCULATED_FROM_PRODUCTION_AND_HARVESTED_AREA
DST23,Nabarangpur,CRP012,Urad,2017-18,Annual,3258.81,3183.24,2083.93,0.6546568904638042,synthetic_prototype,2024_25_project_crop_structure,SEA03,CALCULATED_FROM_PRODUCTION_AND_HARVESTED_AREA
DST23,Nabarangpur,CRP012,Urad,2018-19,Annual,3669.66,3555.07,2272.49,0.6392251066786308,synthetic_prototype,2024_25_project_crop_structure,SEA03,CALCULATED_FROM_PRODUCTION_AND_HARVESTED_AREA
DST23,Nabarangpur,CRP012,Urad,2019-20,Annual,3656.34,3529.45,2170.72,0.6150306705010695,synthetic_prototype,2024_25_project_crop_structure,SEA03,CALCULATED_FROM_PRODUCTION_AND_HARVESTED_AREA
DST23,Nabarangpur,CRP012,Urad,2020-21,Annual,3446.29,3368.13,1911.07,0.5673979329776463,synthetic_prototype,2024_25_project_crop_structure,SEA03,CALCULATED_FROM_PRODUCTION_AND_HARVESTED_AREA
DST23,Nabarangpur,CRP012,Urad,2021-22,Annual,3374.91,3249.15,1938.15,0.5965098564239878,synthetic_prototype,2024_25_project_crop_structure,SEA03,CALCULATED_FROM_PRODUCTION_AND_HARVESTED_AREA
DST23,Nabarangpur,CRP012,Urad,2022-23,Annual,3202.66,3105.86,1998.86,0.6435769802888732,synthetic_prototype,2024_25_project_crop_structure,SEA03,CALCULATED_FROM_PRODUCTION_AND_HARVESTED_AREA
DST23,Nabarangpur,CRP012,Urad,2023-24,Annual,3355.98,3232.81,2161.73,0.6686845190407107,synthetic_prototype,2024_25_project_crop_structure,SEA03,CALCULATED_FROM_PRODUCTION_AND_HARVESTED_AREA
DST23,Nabarangpur,CRP012,Urad,2024-25,Annual,3345.78,3242.49,2300.45,0.7094701911185539,synthetic_prototype,2024_25_project_crop_structure,SEA03,CALCULATED_FROM_PRODUCTION_AND_HARVESTED_AREA
DST23,Nabarangpur,CRP002,Horse Gram,2015-16,Annual,3006.58,2930.46,1443.83,0.4926973922182865,synthetic_prototype,2024_25_project_crop_structure,SEA03,CALCULATED_FROM_PRODUCTION_AND_HARVESTED_AREA
DST23,Nabarangpur,CRP002,Horse Gram,2016-17,Annual,2999.58,2906.65,1368.32,0.47075499286119754,synthetic_prototype,2024_25_project_crop_structure,SEA03,CALCULATED_FROM_PRODUCTION_AND_HARVESTED_AREA
DST23,Nabarangpur,CRP002,Horse Gram,2017-18,Annual,2983.06,2902.89,1494.85,0.514952340598507,synthetic_prototype,2024_25_project_crop_structure,SEA03,CALCULATED_FROM_PRODUCTION_AND_HARVESTED_AREA
DST23,Nabarangpur,CRP002,Horse Gram,2018-19,Annual,2914.63,2810.16,1522.62,0.5418267998975147,synthetic_prototype,2024_25_project_crop_structure,SEA03,CALCULATED_FROM_PRODUCTION_AND_HARVESTED_AREA
DST23,Nabarangpur,CRP002,Horse Gram,2019-20,Annual,3000.49,2910.27,1693.76,0.581994110512083,synthetic_prototype,2024_25_project_crop_structure,SEA03,CALCULATED_FROM_PRODUCTION_AND_HARVESTED_AREA
DST23,Nabarangpur,CRP002,Horse Gram,2020-21,Annual,2938.05,2849.35,1704.71,0.598280309544282,synthetic_prototype,2024_25_project_crop_structure,SEA03,CALCULATED_FROM_PRODUCTION_AND_HARVESTED_AREA
DST23,Nabarangpur,CRP002,Horse Gram,2021-22,Annual,2760.95,2654.05,1441.4,0.5430945159284867,synthetic_prototype,2024_25_project_crop_structure,SEA03,CALCULATED_FROM_PRODUCTION_AND_HARVESTED_AREA
DST23,Nabarangpur,CRP002,Horse Gram,2022-23,Annual,2885.95,2772.38,1484.41,0.5354280437746629,synthetic_prototype,2024_25_project_crop_structure,SEA03,CALCULATED_FROM_PRODUCTION_AND_HARVESTED_AREA
DST23,Nabarangpur,CRP002,Horse Gram,2023-24,Annual,2940.59,2815.09,1491.64,0.5298729347907172,synthetic_prototype,2024_25_project_crop_structure,SEA03,CALCULATED_FROM_PRODUCTION_AND_HARVESTED_AREA
DST23,Nabarangpur,CRP002,Horse Gram,2024-25,Annual,2986.66,2877.24,1420.05,0.4935458981523961,synthetic_prototype,2024_25_project_crop_structure,SEA03,CALCULATED_FROM_PRODUCTION_AND_HARVESTED_AREA
DST23,Nabarangpur,CRP006,Potato,2015-16,Annual,3484.19,3373.25,58783.51,17.426372192988957,synthetic_prototype,2024_25_project_crop_structure,SEA03,CALCULATED_FROM_PRODUCTION_AND_HARVESTED_AREA
DST23,Nabarangpur,CRP006,Potato,2016-17,Annual,3667.27,3513.16,58251.04,16.580810438465654,synthetic_prototype,2024_25_project_crop_structure,SEA03,CALCULATED_FROM_PRODUCTION_AND_HARVESTED_AREA
DST23,Nabarangpur,CRP006,Potato,2017-18,Annual,3633.59,3540.62,69127.42,19.52410029881772,synthetic_prototype,2024_25_project_crop_structure,SEA03,CALCULATED_FROM_PRODUCTION_AND_HARVESTED_AREA
DST23,Nabarangpur,CRP006,Potato,2018-19,Annual,3725.86,3568.07,67157.09,18.821685112679962,synthetic_prototype,2024_25_project_crop_structure,SEA03,CALCULATED_FROM_PRODUCTION_AND_HARVESTED_AREA
DST23,Nabarangpur,CRP006,Potato,2019-20,Annual,3741.26,3603.23,72364.02,20.083097665150436,synthetic_prototype,2024_25_project_crop_structure,SEA03,CALCULATED_FROM_PRODUCTION_AND_HARVESTED_AREA
DST23,Nabarangpur,CRP006,Potato,2020-21,Annual,3803.3,3637.19,73070.71,20.089879824809813,synthetic_prototype,2024_25_project_crop_structure,SEA03,CALCULATED_FROM_PRODUCTION_AND_HARVESTED_AREA
DST23,Nabarangpur,CRP006,Potato,2021-22,Annual,3635.58,3515.58,64526.65,18.354482048481334,synthetic_prototype,2024_25_project_crop_structure,SEA03,CALCULATED_FROM_PRODUCTION_AND_HARVESTED_AREA
DST23,Nabarangpur,CRP006,Potato,2022-23,Annual,3288.78,3193.34,57391.05,17.972107573888156,synthetic_prototype,2024_25_project_crop_structure,SEA03,CALCULATED_FROM_PRODUCTION_AND_HARVESTED_AREA
DST23,Nabarangpur,CRP006,Potato,2023-24,Annual,3549.05,3464.65,61120.76,17.64125092000635,synthetic_prototype,2024_25_project_crop_structure,SEA03,CALCULATED_FROM_PRODUCTION_AND_HARVESTED_AREA
DST23,Nabarangpur,CRP006,Potato,2024-25,Annual,3579.27,3490.59,57486.32,16.46894078078491,synthetic_prototype,2024_25_project_crop_structure,SEA03,CALCULATED_FROM_PRODUCTION_AND_HARVESTED_AREA
DST23,Nabarangpur,CRP008,Rapeseed &Mustard,2015-16,Annual,3683.14,3586.14,4451.28,1.2412454616941893,synthetic_prototype,2024_25_project_crop_structure,SEA03,CALCULATED_FROM_PRODUCTION_AND_HARVESTED_AREA
DST23,Nabarangpur,CRP008,Rapeseed &Mustard,2016-17,Annual,3712.12,3589.02,4763.93,1.3273623440382054,synthetic_prototype,2024_25_project_crop_structure,SEA03,CALCULATED_FROM_PRODUCTION_AND_HARVESTED_AREA
DST23,Nabarangpur,CRP008,Rapeseed &Mustard,2017-18,Annual,3906.22,3735.15,4893.75,1.3101883458495642,synthetic_prototype,2024_25_project_crop_structure,SEA03,CALCULATED_FROM_PRODUCTION_AND_HARVESTED_AREA
DST23,Nabarangpur,CRP008,Rapeseed &Mustard,2018-19,Annual,3853.03,3723.56,5328.57,1.4310417987087625,synthetic_prototype,2024_25_project_crop_structure,SEA03,CALCULATED_FROM_PRODUCTION_AND_HARVESTED_AREA
DST23,Nabarangpur,CRP008,Rapeseed &Mustard,2019-20,Annual,3879.01,3773.74,5115.74,1.355615384207709,synthetic_prototype,2024_25_project_crop_structure,SEA03,CALCULATED_FROM_PRODUCTION_AND_HARVESTED_AREA
DST23,Nabarangpur,CRP008,Rapeseed &Mustard,2020-21,Annual,3573.45,3494.39,4508.82,1.2903024562226884,synthetic_prototype,2024_25_project_crop_structure,SEA03,CALCULATED_FROM_PRODUCTION_AND_HARVESTED_AREA
DST23,Nabarangpur,CRP008,Rapeseed &Mustard,2021-22,Annual,3753.15,3626.66,4456.64,1.228855200101471,synthetic_prototype,2024_25_project_crop_structure,SEA03,CALCULATED_FROM_PRODUCTION_AND_HARVESTED_AREA
DST23,Nabarangpur,CRP008,Rapeseed &Mustard,2022-23,Annual,3715.09,3603.66,4023.97,1.116634199674775,synthetic_prototype,2024_25_project_crop_structure,SEA03,CALCULATED_FROM_PRODUCTION_AND_HARVESTED_AREA
DST23,Nabarangpur,CRP008,Rapeseed &Mustard,2023-24,Annual,3585.8,3462.15,4149.87,1.1986395736753173,synthetic_prototype,2024_25_project_crop_structure,SEA03,CALCULATED_FROM_PRODUCTION_AND_HARVESTED_AREA
DST23,Nabarangpur,CRP008,Rapeseed &Mustard,2024-25,Annual,3881.78,3797.41,4739.79,1.2481638801182913,synthetic_prototype,2024_25_project_crop_structure,SEA03,CALCULATED_FROM_PRODUCTION_AND_HARVESTED_AREA
DST23,Nabarangpur,CRP011,Sugarcane,2015-16,Annual,8872.39,8558.41,531152.6,62.06206526679605,synthetic_prototype,2024_25_project_crop_structure,SEA03,CALCULATED_FROM_PRODUCTION_AND_HARVESTED_AREA
DST23,Nabarangpur,CRP011,Sugarcane,2016-17,Annual,9620.35,9362.93,580200.25,61.96780815407143,synthetic_prototype,2024_25_project_crop_structure,SEA03,CALCULATED_FROM_PRODUCTION_AND_HARVESTED_AREA
DST23,Nabarangpur,CRP011,Sugarcane,2017-18,Annual,9174.78,8762.1,599393.15,68.40747651818629,synthetic_prototype,2024_25_project_crop_structure,SEA03,CALCULATED_FROM_PRODUCTION_AND_HARVESTED_AREA
DST23,Nabarangpur,CRP011,Sugarcane,2018-19,Annual,9749.34,9479.59,601557.8,63.45820863560555,synthetic_prototype,2024_25_project_crop_structure,SEA03,CALCULATED_FROM_PRODUCTION_AND_HARVESTED_AREA
DST23,Nabarangpur,CRP011,Sugarcane,2019-20,Annual,9594.83,9357.81,559301.12,59.76837743018933,synthetic_prototype,2024_25_project_crop_structure,SEA03,CALCULATED_FROM_PRODUCTION_AND_HARVESTED_AREA
DST23,Nabarangpur,CRP011,Sugarcane,2020-21,Annual,9114.21,8817.11,476138.45,54.001645663942035,synthetic_prototype,2024_25_project_crop_structure,SEA03,CALCULATED_FROM_PRODUCTION_AND_HARVESTED_AREA
DST23,Nabarangpur,CRP011,Sugarcane,2021-22,Annual,9039.0,8822.04,507136.0,57.48511682105272,synthetic_prototype,2024_25_project_crop_structure,SEA03,CALCULATED_FROM_PRODUCTION_AND_HARVESTED_AREA
DST23,Nabarangpur,CRP011,Sugarcane,2022-23,Annual,9076.7,8880.12,519202.32,58.46793962243753,synthetic_prototype,2024_25_project_crop_structure,SEA03,CALCULATED_FROM_PRODUCTION_AND_HARVESTED_AREA
DST23,Nabarangpur,CRP011,Sugarcane,2023-24,Annual,9370.47,8998.38,550802.83,61.21133248429162,synthetic_prototype,2024_25_project_crop_structure,SEA03,CALCULATED_FROM_PRODUCTION_AND_HARVESTED_AREA
DST23,Nabarangpur,CRP011,Sugarcane,2024-25,Annual,9548.27,9302.04,595087.55,63.97387562298162,synthetic_prototype,2024_25_project_crop_structure,SEA03,CALCULATED_FROM_PRODUCTION_AND_HARVESTED_AREA
DST23,Nabarangpur,CRP003,Jute,2015-16,Annual,3200.15,3082.45,4952.26,1.6065986471800031,synthetic_prototype,2024_25_project_crop_structure,SEA03,CALCULATED_FROM_PRODUCTION_AND_HARVESTED_AREA
DST23,Nabarangpur,CRP003,Jute,2016-17,Annual,3422.3,3338.88,5492.4,1.6449827487061528,synthetic_prototype,2024_25_project_crop_structure,SEA03,CALCULATED_FROM_PRODUCTION_AND_HARVESTED_AREA
DST23,Nabarangpur,CRP003,Jute,2017-18,Annual,3112.17,3029.77,4747.49,1.5669473260346494,synthetic_prototype,2024_25_project_crop_structure,SEA03,CALCULATED_FROM_PRODUCTION_AND_HARVESTED_AREA
DST23,Nabarangpur,CRP003,Jute,2018-19,Annual,3181.32,3104.97,5209.91,1.6779260347120908,synthetic_prototype,2024_25_project_crop_structure,SEA03,CALCULATED_FROM_PRODUCTION_AND_HARVESTED_AREA
DST23,Nabarangpur,CRP003,Jute,2019-20,Annual,3134.98,3007.13,4921.85,1.6367267128458032,synthetic_prototype,2024_25_project_crop_structure,SEA03,CALCULATED_FROM_PRODUCTION_AND_HARVESTED_AREA
DST23,Nabarangpur,CRP003,Jute,2020-21,Annual,3404.7,3293.07,5922.34,1.7984251777217004,synthetic_prototype,2024_25_project_crop_structure,SEA03,CALCULATED_FROM_PRODUCTION_AND_HARVESTED_AREA
DST23,Nabarangpur,CRP003,Jute,2021-22,Annual,3169.64,3045.77,5261.25,1.7273956996096225,synthetic_prototype,2024_25_project_crop_structure,SEA03,CALCULATED_FROM_PRODUCTION_AND_HARVESTED_AREA
DST23,Nabarangpur,CRP003,Jute,2022-23,Annual,2941.91,2872.93,4552.88,1.584751455830807,synthetic_prototype,2024_25_project_crop_structure,SEA03,CALCULATED_FROM_PRODUCTION_AND_HARVESTED_AREA
DST23,Nabarangpur,CRP003,Jute,2023-24,Annual,3153.26,3017.76,4641.49,1.5380580297969353,synthetic_prototype,2024_25_project_crop_structure,SEA03,CALCULATED_FROM_PRODUCTION_AND_HARVESTED_AREA
DST23,Nabarangpur,CRP003,Jute,2024-25,Annual,3188.14,3095.08,5011.15,1.6190696201713686,synthetic_prototype,2024_25_project_crop_structure,SEA03,CALCULATED_FROM_PRODUCTION_AND_HARVESTED_AREA
DST23,Nabarangpur,CRP013,Wheat,2015-16,Annual,4807.41,4614.94,10847.92,2.3506091086774696,synthetic_prototype,2024_25_project_crop_structure,SEA03,CALCULATED_FROM_PRODUCTION_AND_HARVESTED_AREA
DST23,Nabarangpur,CRP013,Wheat,2016-17,Annual,5054.62,4838.28,11436.22,2.3636953628148847,synthetic_prototype,2024_25_project_crop_structure,SEA03,CALCULATED_FROM_PRODUCTION_AND_HARVESTED_AREA
DST23,Nabarangpur,CRP013,Wheat,2017-18,Annual,5364.7,5149.47,11669.72,2.266198268948066,synthetic_prototype,2024_25_project_crop_structure,SEA03,CALCULATED_FROM_PRODUCTION_AND_HARVESTED_AREA
DST23,Nabarangpur,CRP013,Wheat,2018-19,Annual,5327.6,5193.81,10481.7,2.018113870164677,synthetic_prototype,2024_25_project_crop_structure,SEA03,CALCULATED_FROM_PRODUCTION_AND_HARVESTED_AREA
DST23,Nabarangpur,CRP013,Wheat,2019-20,Annual,5122.38,4975.41,10448.49,2.1000259275115014,synthetic_prototype,2024_25_project_crop_structure,SEA03,CALCULATED_FROM_PRODUCTION_AND_HARVESTED_AREA
DST23,Nabarangpur,CRP013,Wheat,2020-21,Annual,5117.7,4910.38,10137.77,2.0645591583543434,synthetic_prototype,2024_25_project_crop_structure,SEA03,CALCULATED_FROM_PRODUCTION_AND_HARVESTED_AREA
DST23,Nabarangpur,CRP013,Wheat,2021-22,Annual,4942.34,4828.25,10701.33,2.2163993165225495,synthetic_prototype,2024_25_project_crop_structure,SEA03,CALCULATED_FROM_PRODUCTION_AND_HARVESTED_AREA
DST23,Nabarangpur,CRP013,Wheat,2022-23,Annual,4942.63,4747.69,11036.93,2.324694746287142,synthetic_prototype,2024_25_project_crop_structure,SEA03,CALCULATED_FROM_PRODUCTION_AND_HARVESTED_AREA
DST23,Nabarangpur,CRP013,Wheat,2023-24,Annual,4922.95,4816.22,11255.19,2.336934359310829,synthetic_prototype,2024_25_project_crop_structure,SEA03,CALCULATED_FROM_PRODUCTION_AND_HARVESTED_AREA
DST23,Nabarangpur,CRP013,Wheat,2024-25,Annual,5241.84,5026.52,11706.37,2.3289214008896812,synthetic_prototype,2024_25_project_crop_structure,SEA03,CALCULATED_FROM_PRODUCTION_AND_HARVESTED_AREA
DST24,Nayagarh,CRP001,Groundnut,2015-16,Annual,2422.71,2363.62,3967.1,1.6784000812313316,synthetic_prototype,2024_25_project_crop_structure,SEA03,CALCULATED_FROM_PRODUCTION_AND_HARVESTED_AREA
DST24,Nayagarh,CRP001,Groundnut,2016-17,Annual,2505.15,2411.9,3896.89,1.6156930220987602,synthetic_prototype,2024_25_project_crop_structure,SEA03,CALCULATED_FROM_PRODUCTION_AND_HARVESTED_AREA
DST24,Nayagarh,CRP001,Groundnut,2017-18,Annual,2652.38,2554.28,4023.57,1.5752266783594593,synthetic_prototype,2024_25_project_crop_structure,SEA03,CALCULATED_FROM_PRODUCTION_AND_HARVESTED_AREA
DST24,Nayagarh,CRP001,Groundnut,2018-19,Annual,2562.45,2487.89,3954.42,1.5894673799886652,synthetic_prototype,2024_25_project_crop_structure,SEA03,CALCULATED_FROM_PRODUCTION_AND_HARVESTED_AREA
DST24,Nayagarh,CRP001,Groundnut,2019-20,Annual,2714.23,2612.45,4011.7,1.535608337001665,synthetic_prototype,2024_25_project_crop_structure,SEA03,CALCULATED_FROM_PRODUCTION_AND_HARVESTED_AREA
DST24,Nayagarh,CRP001,Groundnut,2020-21,Annual,2469.89,2406.98,4362.74,1.812536871930801,synthetic_prototype,2024_25_project_crop_structure,SEA03,CALCULATED_FROM_PRODUCTION_AND_HARVESTED_AREA
DST24,Nayagarh,CRP001,Groundnut,2021-22,Annual,2633.31,2560.47,4508.03,1.7606259788242002,synthetic_prototype,2024_25_project_crop_structure,SEA03,CALCULATED_FROM_PRODUCTION_AND_HARVESTED_AREA
DST24,Nayagarh,CRP001,Groundnut,2022-23,Annual,2508.06,2409.69,4106.81,1.7042897634135512,synthetic_prototype,2024_25_project_crop_structure,SEA03,CALCULATED_FROM_PRODUCTION_AND_HARVESTED_AREA
DST24,Nayagarh,CRP001,Groundnut,2023-24,Annual,2341.45,2252.97,3402.22,1.5101044399170873,synthetic_prototype,2024_25_project_crop_structure,SEA03,CALCULATED_FROM_PRODUCTION_AND_HARVESTED_AREA
DST24,Nayagarh,CRP001,Groundnut,2024-25,Annual,2597.27,2514.17,3879.57,1.543081812287952,synthetic_prototype,2024_25_project_crop_structure,SEA03,CALCULATED_FROM_PRODUCTION_AND_HARVESTED_AREA
DST24,Nayagarh,CRP004,Maize,2015-16,Annual,3013.26,2898.6,7935.25,2.737614710549921,synthetic_prototype,2024_25_project_crop_structure,SEA03,CALCULATED_FROM_PRODUCTION_AND_HARVESTED_AREA
DST24,Nayagarh,CRP004,Maize,2016-17,Annual,2994.27,2916.47,8199.12,2.811316420192905,synthetic_prototype,2024_25_project_crop_structure,SEA03,CALCULATED_FROM_PRODUCTION_AND_HARVESTED_AREA
DST24,Nayagarh,CRP004,Maize,2017-18,Annual,3092.8,2976.77,8233.16,2.7658032028003507,synthetic_prototype,2024_25_project_crop_structure,SEA03,CALCULATED_FROM_PRODUCTION_AND_HARVESTED_AREA
DST24,Nayagarh,CRP004,Maize,2018-19,Annual,3169.63,3062.0,9554.11,3.1202188112344875,synthetic_prototype,2024_25_project_crop_structure,SEA03,CALCULATED_FROM_PRODUCTION_AND_HARVESTED_AREA
DST24,Nayagarh,CRP004,Maize,2019-20,Annual,3043.83,2907.58,9119.93,3.1366050117279665,synthetic_prototype,2024_25_project_crop_structure,SEA03,CALCULATED_FROM_PRODUCTION_AND_HARVESTED_AREA
DST24,Nayagarh,CRP004,Maize,2020-21,Annual,3086.99,2982.29,8924.65,2.992549349660831,synthetic_prototype,2024_25_project_crop_structure,SEA03,CALCULATED_FROM_PRODUCTION_AND_HARVESTED_AREA
DST24,Nayagarh,CRP004,Maize,2021-22,Annual,3022.5,2924.98,9017.57,3.0829509945367146,synthetic_prototype,2024_25_project_crop_structure,SEA03,CALCULATED_FROM_PRODUCTION_AND_HARVESTED_AREA
DST24,Nayagarh,CRP004,Maize,2022-23,Annual,2991.17,2885.86,8439.8,2.924535493752295,synthetic_prototype,2024_25_project_crop_structure,SEA03,CALCULATED_FROM_PRODUCTION_AND_HARVESTED_AREA
DST24,Nayagarh,CRP004,Maize,2023-24,Annual,2919.74,2808.44,7568.6,2.694948085057897,synthetic_prototype,2024_25_project_crop_structure,SEA03,CALCULATED_FROM_PRODUCTION_AND_HARVESTED_AREA
DST24,Nayagarh,CRP004,Maize,2024-25,Annual,3055.26,2934.0,7500.44,2.5563871847307427,synthetic_prototype,2024_25_project_crop_structure,SEA03,CALCULATED_FROM_PRODUCTION_AND_HARVESTED_AREA
DST24,Nayagarh,CRP005,Moong(Green Gram),2015-16,Annual,2010.66,1947.61,1364.08,0.7003866277129405,synthetic_prototype,2024_25_project_crop_structure,SEA03,CALCULATED_FROM_PRODUCTION_AND_HARVESTED_AREA
DST24,Nayagarh,CRP005,Moong(Green Gram),2016-17,Annual,2026.76,1953.73,1294.25,0.6624507992404273,synthetic_prototype,2024_25_project_crop_structure,SEA03,CALCULATED_FROM_PRODUCTION_AND_HARVESTED_AREA
DST24,Nayagarh,CRP005,Moong(Green Gram),2017-18,Annual,2162.54,2076.86,1337.19,0.6438517762391303,synthetic_prototype,2024_25_project_crop_structure,SEA03,CALCULATED_FROM_PRODUCTION_AND_HARVESTED_AREA
DST24,Nayagarh,CRP005,Moong(Green Gram),2018-19,Annual,2256.6,2200.66,1376.19,0.6253533030999792,synthetic_prototype,2024_25_project_crop_structure,SEA03,CALCULATED_FROM_PRODUCTION_AND_HARVESTED_AREA
DST24,Nayagarh,CRP005,Moong(Green Gram),2019-20,Annual,2156.57,2113.03,1523.19,0.7208558326195085,synthetic_prototype,2024_25_project_crop_structure,SEA03,CALCULATED_FROM_PRODUCTION_AND_HARVESTED_AREA
DST24,Nayagarh,CRP005,Moong(Green Gram),2020-21,Annual,2212.2,2121.35,1544.53,0.7280882456926014,synthetic_prototype,2024_25_project_crop_structure,SEA03,CALCULATED_FROM_PRODUCTION_AND_HARVESTED_AREA
DST24,Nayagarh,CRP005,Moong(Green Gram),2021-22,Annual,2064.97,2007.62,1426.39,0.7104880405654458,synthetic_prototype,2024_25_project_crop_structure,SEA03,CALCULATED_FROM_PRODUCTION_AND_HARVESTED_AREA
DST24,Nayagarh,CRP005,Moong(Green Gram),2022-23,Annual,1981.15,1907.1,1400.55,0.7343872896020135,synthetic_prototype,2024_25_project_crop_structure,SEA03,CALCULATED_FROM_PRODUCTION_AND_HARVESTED_AREA
DST24,Nayagarh,CRP005,Moong(Green Gram),2023-24,Annual,1999.19,1942.12,1386.57,0.7139466150392355,synthetic_prototype,2024_25_project_crop_structure,SEA03,CALCULATED_FROM_PRODUCTION_AND_HARVESTED_AREA
DST24,Nayagarh,CRP005,Moong(Green Gram),2024-25,Annual,2133.32,2073.35,1334.95,0.6438613837509345,synthetic_prototype,2024_25_project_crop_structure,SEA03,CALCULATED_FROM_PRODUCTION_AND_HARVESTED_AREA
DST24,Nayagarh,CRP007,Ragi,2015-16,Annual,3120.5,3004.89,4548.23,1.5136094832090359,synthetic_prototype,2024_25_project_crop_structure,SEA03,CALCULATED_FROM_PRODUCTION_AND_HARVESTED_AREA
DST24,Nayagarh,CRP007,Ragi,2016-17,Annual,3015.54,2903.87,4719.3,1.6251760581568735,synthetic_prototype,2024_25_project_crop_structure,SEA03,CALCULATED_FROM_PRODUCTION_AND_HARVESTED_AREA
DST24,Nayagarh,CRP007,Ragi,2017-18,Annual,3342.51,3262.94,5328.62,1.63307324069704,synthetic_prototype,2024_25_project_crop_structure,SEA03,CALCULATED_FROM_PRODUCTION_AND_HARVESTED_AREA
DST24,Nayagarh,CRP007,Ragi,2018-19,Annual,3175.42,3108.07,5243.47,1.6870501629628676,synthetic_prototype,2024_25_project_crop_structure,SEA03,CALCULATED_FROM_PRODUCTION_AND_HARVESTED_AREA
DST24,Nayagarh,CRP007,Ragi,2019-20,Annual,3314.88,3176.22,5544.34,1.7455780770853406,synthetic_prototype,2024_25_project_crop_structure,SEA03,CALCULATED_FROM_PRODUCTION_AND_HARVESTED_AREA
DST24,Nayagarh,CRP007,Ragi,2020-21,Annual,3397.59,3325.78,5601.98,1.6844108750428468,synthetic_prototype,2024_25_project_crop_structure,SEA03,CALCULATED_FROM_PRODUCTION_AND_HARVESTED_AREA
DST24,Nayagarh,CRP007,Ragi,2021-22,Annual,3027.22,2944.48,4607.47,1.56478223659186,synthetic_prototype,2024_25_project_crop_structure,SEA03,CALCULATED_FROM_PRODUCTION_AND_HARVESTED_AREA
DST24,Nayagarh,CRP007,Ragi,2022-23,Annual,3358.12,3256.05,4787.49,1.4703367577279218,synthetic_prototype,2024_25_project_crop_structure,SEA03,CALCULATED_FROM_PRODUCTION_AND_HARVESTED_AREA
DST24,Nayagarh,CRP007,Ragi,2023-24,Annual,3060.89,2978.15,4353.38,1.461773248493192,synthetic_prototype,2024_25_project_crop_structure,SEA03,CALCULATED_FROM_PRODUCTION_AND_HARVESTED_AREA
DST24,Nayagarh,CRP007,Ragi,2024-25,Annual,3236.32,3110.35,4671.23,1.5018341987236161,synthetic_prototype,2024_25_project_crop_structure,SEA03,CALCULATED_FROM_PRODUCTION_AND_HARVESTED_AREA
DST24,Nayagarh,CRP009,Rice,2015-16,Annual,67798.13,65290.96,161164.78,2.468408796562342,synthetic_prototype,2024_25_project_crop_structure,SEA03,CALCULATED_FROM_PRODUCTION_AND_HARVESTED_AREA
DST24,Nayagarh,CRP009,Rice,2016-17,Annual,70848.19,67681.8,157677.93,2.329694688971038,synthetic_prototype,2024_25_project_crop_structure,SEA03,CALCULATED_FROM_PRODUCTION_AND_HARVESTED_AREA
DST24,Nayagarh,CRP009,Rice,2017-18,Annual,71471.27,68569.81,180667.6,2.6347980255450616,synthetic_prototype,2024_25_project_crop_structure,SEA03,CALCULATED_FROM_PRODUCTION_AND_HARVESTED_AREA
DST24,Nayagarh,CRP009,Rice,2018-19,Annual,72963.87,71257.62,185724.58,2.606382026231019,synthetic_prototype,2024_25_project_crop_structure,SEA03,CALCULATED_FROM_PRODUCTION_AND_HARVESTED_AREA
DST24,Nayagarh,CRP009,Rice,2019-20,Annual,72425.46,69614.08,173268.08,2.488980390173942,synthetic_prototype,2024_25_project_crop_structure,SEA03,CALCULATED_FROM_PRODUCTION_AND_HARVESTED_AREA
DST24,Nayagarh,CRP009,Rice,2020-21,Annual,69644.61,67555.08,165828.78,2.454719615460451,synthetic_prototype,2024_25_project_crop_structure,SEA03,CALCULATED_FROM_PRODUCTION_AND_HARVESTED_AREA
DST24,Nayagarh,CRP009,Rice,2021-22,Annual,67386.69,64607.51,142863.56,2.2112531499820993,synthetic_prototype,2024_25_project_crop_structure,SEA03,CALCULATED_FROM_PRODUCTION_AND_HARVESTED_AREA
DST24,Nayagarh,CRP009,Rice,2022-23,Annual,64108.28,61739.2,143275.76,2.320661103480447,synthetic_prototype,2024_25_project_crop_structure,SEA03,CALCULATED_FROM_PRODUCTION_AND_HARVESTED_AREA
DST24,Nayagarh,CRP009,Rice,2023-24,Annual,68456.47,66336.62,161748.38,2.438296976843258,synthetic_prototype,2024_25_project_crop_structure,SEA03,CALCULATED_FROM_PRODUCTION_AND_HARVESTED_AREA
DST24,Nayagarh,CRP009,Rice,2024-25,Annual,67293.58,65086.17,163671.01,2.514681844084542,synthetic_prototype,2024_25_project_crop_structure,SEA03,CALCULATED_FROM_PRODUCTION_AND_HARVESTED_AREA
DST24,Nayagarh,CRP010,Sesamum,2015-16,Annual,1997.07,1942.96,1023.68,0.526866224729279,synthetic_prototype,2024_25_project_crop_structure,SEA03,CALCULATED_FROM_PRODUCTION_AND_HARVESTED_AREA
DST24,Nayagarh,CRP010,Sesamum,2016-17,Annual,2010.03,1944.84,1046.66,0.5381728059891817,synthetic_prototype,2024_25_project_crop_structure,SEA03,CALCULATED_FROM_PRODUCTION_AND_HARVESTED_AREA
DST24,Nayagarh,CRP010,Sesamum,2017-18,Annual,2027.18,1974.78,1094.86,0.5544212519875631,synthetic_prototype,2024_25_project_crop_structure,SEA03,CALCULATED_FROM_PRODUCTION_AND_HARVESTED_AREA
DST24,Nayagarh,CRP010,Sesamum,2018-19,Annual,2128.31,2056.48,1083.26,0.5267544542130241,synthetic_prototype,2024_25_project_crop_structure,SEA03,CALCULATED_FROM_PRODUCTION_AND_HARVESTED_AREA
DST24,Nayagarh,CRP010,Sesamum,2019-20,Annual,2120.36,2034.06,1063.08,0.5226394501637119,synthetic_prototype,2024_25_project_crop_structure,SEA03,CALCULATED_FROM_PRODUCTION_AND_HARVESTED_AREA
DST24,Nayagarh,CRP010,Sesamum,2020-21,Annual,1886.44,1815.87,869.17,0.4786521061529735,synthetic_prototype,2024_25_project_crop_structure,SEA03,CALCULATED_FROM_PRODUCTION_AND_HARVESTED_AREA
DST24,Nayagarh,CRP010,Sesamum,2021-22,Annual,2075.59,2033.77,1029.39,0.5061486795458681,synthetic_prototype,2024_25_project_crop_structure,SEA03,CALCULATED_FROM_PRODUCTION_AND_HARVESTED_AREA
DST24,Nayagarh,CRP010,Sesamum,2022-23,Annual,1947.17,1900.42,948.5,0.4991001989034003,synthetic_prototype,2024_25_project_crop_structure,SEA03,CALCULATED_FROM_PRODUCTION_AND_HARVESTED_AREA
DST24,Nayagarh,CRP010,Sesamum,2023-24,Annual,2039.12,1971.35,990.2,0.502295381337662,synthetic_prototype,2024_25_project_crop_structure,SEA03,CALCULATED_FROM_PRODUCTION_AND_HARVESTED_AREA
DST24,Nayagarh,CRP010,Sesamum,2024-25,Annual,2028.31,1986.21,1036.68,0.5219387678040086,synthetic_prototype,2024_25_project_crop_structure,SEA03,CALCULATED_FROM_PRODUCTION_AND_HARVESTED_AREA
DST24,Nayagarh,CRP012,Urad,2015-16,Annual,892.55,871.96,810.59,0.9296183311161063,synthetic_prototype,2024_25_project_crop_structure,SEA03,CALCULATED_FROM_PRODUCTION_AND_HARVESTED_AREA
DST24,Nayagarh,CRP012,Urad,2016-17,Annual,935.93,895.77,831.57,0.9283298168056533,synthetic_prototype,2024_25_project_crop_structure,SEA03,CALCULATED_FROM_PRODUCTION_AND_HARVESTED_AREA
DST24,Nayagarh,CRP012,Urad,2017-18,Annual,993.38,972.48,880.87,0.9057975485357025,synthetic_prototype,2024_25_project_crop_structure,SEA03,CALCULATED_FROM_PRODUCTION_AND_HARVESTED_AREA
DST24,Nayagarh,CRP012,Urad,2018-19,Annual,931.18,905.36,796.92,0.8802244411063002,synthetic_prototype,2024_25_project_crop_structure,SEA03,CALCULATED_FROM_PRODUCTION_AND_HARVESTED_AREA
DST24,Nayagarh,CRP012,Urad,2019-20,Annual,919.49,888.88,717.7,0.8074205742057421,synthetic_prototype,2024_25_project_crop_structure,SEA03,CALCULATED_FROM_PRODUCTION_AND_HARVESTED_AREA
DST24,Nayagarh,CRP012,Urad,2020-21,Annual,925.23,899.15,685.71,0.7626202524606573,synthetic_prototype,2024_25_project_crop_structure,SEA03,CALCULATED_FROM_PRODUCTION_AND_HARVESTED_AREA
DST24,Nayagarh,CRP012,Urad,2021-22,Annual,890.54,853.78,714.48,0.8368432148797115,synthetic_prototype,2024_25_project_crop_structure,SEA03,CALCULATED_FROM_PRODUCTION_AND_HARVESTED_AREA
DST24,Nayagarh,CRP012,Urad,2022-23,Annual,881.3,852.29,690.94,0.8106865034201974,synthetic_prototype,2024_25_project_crop_structure,SEA03,CALCULATED_FROM_PRODUCTION_AND_HARVESTED_AREA
DST24,Nayagarh,CRP012,Urad,2023-24,Annual,886.34,853.27,735.78,0.8623061867873006,synthetic_prototype,2024_25_project_crop_structure,SEA03,CALCULATED_FROM_PRODUCTION_AND_HARVESTED_AREA
DST24,Nayagarh,CRP012,Urad,2024-25,Annual,980.69,956.67,843.65,0.8818610388117115,synthetic_prototype,2024_25_project_crop_structure,SEA03,CALCULATED_FROM_PRODUCTION_AND_HARVESTED_AREA
DST24,Nayagarh,CRP002,Horse Gram,2015-16,Annual,3217.64,3096.66,2741.39,0.8852731652813031,synthetic_prototype,2024_25_project_crop_structure,SEA03,CALCULATED_FROM_PRODUCTION_AND_HARVESTED_AREA
DST24,Nayagarh,CRP002,Horse Gram,2016-17,Annual,3383.41,3261.36,3164.58,0.9703252630804327,synthetic_prototype,2024_25_project_crop_structure,SEA03,CALCULATED_FROM_PRODUCTION_AND_HARVESTED_AREA
DST24,Nayagarh,CRP002,Horse Gram,2017-18,Annual,3499.83,3362.17,3025.69,0.8999217767096845,synthetic_prototype,2024_25_project_crop_structure,SEA03,CALCULATED_FROM_PRODUCTION_AND_HARVESTED_AREA
DST24,Nayagarh,CRP002,Horse Gram,2018-19,Annual,3487.46,3330.61,3286.94,0.9868882877310763,synthetic_prototype,2024_25_project_crop_structure,SEA03,CALCULATED_FROM_PRODUCTION_AND_HARVESTED_AREA
DST24,Nayagarh,CRP002,Horse Gram,2019-20,Annual,3374.74,3298.46,3354.39,1.0169563978341407,synthetic_prototype,2024_25_project_crop_structure,SEA03,CALCULATED_FROM_PRODUCTION_AND_HARVESTED_AREA
DST24,Nayagarh,CRP002,Horse Gram,2020-21,Annual,3227.69,3086.65,3122.6,1.011646931138937,synthetic_prototype,2024_25_project_crop_structure,SEA03,CALCULATED_FROM_PRODUCTION_AND_HARVESTED_AREA
DST24,Nayagarh,CRP002,Horse Gram,2021-22,Annual,3108.06,3002.42,3112.87,1.036786991826593,synthetic_prototype,2024_25_project_crop_structure,SEA03,CALCULATED_FROM_PRODUCTION_AND_HARVESTED_AREA
DST24,Nayagarh,CRP002,Horse Gram,2022-23,Annual,3162.17,3078.91,3035.27,0.985826152761854,synthetic_prototype,2024_25_project_crop_structure,SEA03,CALCULATED_FROM_PRODUCTION_AND_HARVESTED_AREA
DST24,Nayagarh,CRP002,Horse Gram,2023-24,Annual,3275.73,3162.62,2870.83,0.9077378882066135,synthetic_prototype,2024_25_project_crop_structure,SEA03,CALCULATED_FROM_PRODUCTION_AND_HARVESTED_AREA
DST24,Nayagarh,CRP002,Horse Gram,2024-25,Annual,3526.9,3426.45,2797.61,0.816474777101665,synthetic_prototype,2024_25_project_crop_structure,SEA03,CALCULATED_FROM_PRODUCTION_AND_HARVESTED_AREA
DST24,Nayagarh,CRP006,Potato,2015-16,Annual,8151.32,7794.5,134077.83,17.201594714221564,synthetic_prototype,2024_25_project_crop_structure,SEA03,CALCULATED_FROM_PRODUCTION_AND_HARVESTED_AREA
DST24,Nayagarh,CRP006,Potato,2016-17,Annual,8600.08,8380.89,145909.45,17.409779868247885,synthetic_prototype,2024_25_project_crop_structure,SEA03,CALCULATED_FROM_PRODUCTION_AND_HARVESTED_AREA
DST24,Nayagarh,CRP006,Potato,2017-18,Annual,8236.01,7986.76,155342.72,19.45002979931787,synthetic_prototype,2024_25_project_crop_structure,SEA03,CALCULATED_FROM_PRODUCTION_AND_HARVESTED_AREA
DST24,Nayagarh,CRP006,Potato,2018-19,Annual,8510.26,8175.3,157851.71,19.308369111836875,synthetic_prototype,2024_25_project_crop_structure,SEA03,CALCULATED_FROM_PRODUCTION_AND_HARVESTED_AREA
DST24,Nayagarh,CRP006,Potato,2019-20,Annual,8431.78,8198.29,160069.67,19.524763090839674,synthetic_prototype,2024_25_project_crop_structure,SEA03,CALCULATED_FROM_PRODUCTION_AND_HARVESTED_AREA
DST24,Nayagarh,CRP006,Potato,2020-21,Annual,7755.38,7507.92,140358.28,18.694695734637556,synthetic_prototype,2024_25_project_crop_structure,SEA03,CALCULATED_FROM_PRODUCTION_AND_HARVESTED_AREA
DST24,Nayagarh,CRP006,Potato,2021-22,Annual,8035.01,7767.92,139573.2,17.96789874252052,synthetic_prototype,2024_25_project_crop_structure,SEA03,CALCULATED_FROM_PRODUCTION_AND_HARVESTED_AREA
DST24,Nayagarh,CRP006,Potato,2022-23,Annual,8046.14,7764.35,140349.05,18.07608492661974,synthetic_prototype,2024_25_project_crop_structure,SEA03,CALCULATED_FROM_PRODUCTION_AND_HARVESTED_AREA
DST24,Nayagarh,CRP006,Potato,2023-24,Annual,8343.19,8095.35,140237.73,17.32324482573329,synthetic_prototype,2024_25_project_crop_structure,SEA03,CALCULATED_FROM_PRODUCTION_AND_HARVESTED_AREA
DST24,Nayagarh,CRP006,Potato,2024-25,Annual,8803.84,8492.23,152104.41,17.911009240211346,synthetic_prototype,2024_25_project_crop_structure,SEA03,CALCULATED_FROM_PRODUCTION_AND_HARVESTED_AREA
DST24,Nayagarh,CRP008,Rapeseed &Mustard,2015-16,Annual,3149.03,3013.09,2470.35,0.8198726224573444,synthetic_prototype,2024_25_project_crop_structure,SEA03,CALCULATED_FROM_PRODUCTION_AND_HARVESTED_AREA
DST24,Nayagarh,CRP008,Rapeseed &Mustard,2016-17,Annual,3378.22,3294.91,2757.94,0.8370304499971168,synthetic_prototype,2024_25_project_crop_structure,SEA03,CALCULATED_FROM_PRODUCTION_AND_HARVESTED_AREA
DST24,Nayagarh,CRP008,Rapeseed &Mustard,2017-18,Annual,3470.03,3358.77,3029.43,0.9019462481801374,synthetic_prototype,2024_25_project_crop_structure,SEA03,CALCULATED_FROM_PRODUCTION_AND_HARVESTED_AREA
DST24,Nayagarh,CRP008,Rapeseed &Mustard,2018-19,Annual,3437.71,3291.67,2683.66,0.8152882883156574,synthetic_prototype,2024_25_project_crop_structure,SEA03,CALCULATED_FROM_PRODUCTION_AND_HARVESTED_AREA
DST24,Nayagarh,CRP008,Rapeseed &Mustard,2019-20,Annual,3397.49,3317.84,3000.86,0.9044619390929038,synthetic_prototype,2024_25_project_crop_structure,SEA03,CALCULATED_FROM_PRODUCTION_AND_HARVESTED_AREA
DST24,Nayagarh,CRP008,Rapeseed &Mustard,2020-21,Annual,3360.43,3215.49,2754.03,0.8564884356661039,synthetic_prototype,2024_25_project_crop_structure,SEA03,CALCULATED_FROM_PRODUCTION_AND_HARVESTED_AREA
DST24,Nayagarh,CRP008,Rapeseed &Mustard,2021-22,Annual,3196.75,3075.54,2517.13,0.818435136593899,synthetic_prototype,2024_25_project_crop_structure,SEA03,CALCULATED_FROM_PRODUCTION_AND_HARVESTED_AREA
DST24,Nayagarh,CRP008,Rapeseed &Mustard,2022-23,Annual,3184.12,3061.36,2363.91,0.7721764183238821,synthetic_prototype,2024_25_project_crop_structure,SEA03,CALCULATED_FROM_PRODUCTION_AND_HARVESTED_AREA
DST24,Nayagarh,CRP008,Rapeseed &Mustard,2023-24,Annual,3440.05,3289.49,2523.35,0.7670945952108078,synthetic_prototype,2024_25_project_crop_structure,SEA03,CALCULATED_FROM_PRODUCTION_AND_HARVESTED_AREA
DST24,Nayagarh,CRP008,Rapeseed &Mustard,2024-25,Annual,3348.33,3231.15,2641.1,0.817386998437089,synthetic_prototype,2024_25_project_crop_structure,SEA03,CALCULATED_FROM_PRODUCTION_AND_HARVESTED_AREA
DST24,Nayagarh,CRP011,Sugarcane,2015-16,Annual,4921.84,4727.01,306886.08,64.92181738562009,synthetic_prototype,2024_25_project_crop_structure,SEA03,CALCULATED_FROM_PRODUCTION_AND_HARVESTED_AREA
DST24,Nayagarh,CRP011,Sugarcane,2016-17,Annual,5164.87,5018.23,313299.76,62.4323237476162,synthetic_prototype,2024_25_project_crop_structure,SEA03,CALCULATED_FROM_PRODUCTION_AND_HARVESTED_AREA
DST24,Nayagarh,CRP011,Sugarcane,2017-18,Annual,5175.92,4982.08,323851.9,65.0033520136168,synthetic_prototype,2024_25_project_crop_structure,SEA03,CALCULATED_FROM_PRODUCTION_AND_HARVESTED_AREA
DST24,Nayagarh,CRP011,Sugarcane,2018-19,Annual,5329.68,5168.46,337140.66,65.23038970989424,synthetic_prototype,2024_25_project_crop_structure,SEA03,CALCULATED_FROM_PRODUCTION_AND_HARVESTED_AREA
DST24,Nayagarh,CRP011,Sugarcane,2019-20,Annual,5360.92,5133.19,322513.2,62.82900106951039,synthetic_prototype,2024_25_project_crop_structure,SEA03,CALCULATED_FROM_PRODUCTION_AND_HARVESTED_AREA
DST24,Nayagarh,CRP011,Sugarcane,2020-21,Annual,5276.97,5044.77,270870.54,53.69333785286543,synthetic_prototype,2024_25_project_crop_structure,SEA03,CALCULATED_FROM_PRODUCTION_AND_HARVESTED_AREA
DST24,Nayagarh,CRP011,Sugarcane,2021-22,Annual,4817.4,4625.12,272102.9,58.83153301968382,synthetic_prototype,2024_25_project_crop_structure,SEA03,CALCULATED_FROM_PRODUCTION_AND_HARVESTED_AREA
DST24,Nayagarh,CRP011,Sugarcane,2022-23,Annual,5097.94,4979.16,298116.84,59.872918323572655,synthetic_prototype,2024_25_project_crop_structure,SEA03,CALCULATED_FROM_PRODUCTION_AND_HARVESTED_AREA
DST24,Nayagarh,CRP011,Sugarcane,2023-24,Annual,5227.31,5006.94,322984.67,64.50739773194806,synthetic_prototype,2024_25_project_crop_structure,SEA03,CALCULATED_FROM_PRODUCTION_AND_HARVESTED_AREA
DST24,Nayagarh,CRP011,Sugarcane,2024-25,Annual,5408.89,5260.72,346787.69,65.92019533447893,synthetic_prototype,2024_25_project_crop_structure,SEA03,CALCULATED_FROM_PRODUCTION_AND_HARVESTED_AREA
DST24,Nayagarh,CRP003,Jute,2015-16,Annual,957.89,920.04,2097.89,2.280216077561845,synthetic_prototype,2024_25_project_crop_structure,SEA03,CALCULATED_FROM_PRODUCTION_AND_HARVESTED_AREA
DST24,Nayagarh,CRP003,Jute,2016-17,Annual,993.55,959.5,2343.58,2.442501302761855,synthetic_prototype,2024_25_project_crop_structure,SEA03,CALCULATED_FROM_PRODUCTION_AND_HARVESTED_AREA
DST24,Nayagarh,CRP003,Jute,2017-18,Annual,1043.35,1020.7,2678.39,2.62407171548937,synthetic_prototype,2024_25_project_crop_structure,SEA03,CALCULATED_FROM_PRODUCTION_AND_HARVESTED_AREA
DST24,Nayagarh,CRP003,Jute,2018-19,Annual,1036.03,995.07,2715.49,2.7289436924035493,synthetic_prototype,2024_25_project_crop_structure,SEA03,CALCULATED_FROM_PRODUCTION_AND_HARVESTED_AREA
DST24,Nayagarh,CRP003,Jute,2019-20,Annual,1048.13,1020.92,2653.85,2.5994691062962816,synthetic_prototype,2024_25_project_crop_structure,SEA03,CALCULATED_FROM_PRODUCTION_AND_HARVESTED_AREA
DST24,Nayagarh,CRP003,Jute,2020-21,Annual,1047.19,1000.48,2764.85,2.7635235087158163,synthetic_prototype,2024_25_project_crop_structure,SEA03,CALCULATED_FROM_PRODUCTION_AND_HARVESTED_AREA
DST24,Nayagarh,CRP003,Jute,2021-22,Annual,988.75,960.51,2611.48,2.7188472790496716,synthetic_prototype,2024_25_project_crop_structure,SEA03,CALCULATED_FROM_PRODUCTION_AND_HARVESTED_AREA
DST24,Nayagarh,CRP003,Jute,2022-23,Annual,973.91,952.97,2212.77,2.321972360095281,synthetic_prototype,2024_25_project_crop_structure,SEA03,CALCULATED_FROM_PRODUCTION_AND_HARVESTED_AREA
DST24,Nayagarh,CRP003,Jute,2023-24,Annual,1038.41,995.36,2431.56,2.4428950329529013,synthetic_prototype,2024_25_project_crop_structure,SEA03,CALCULATED_FROM_PRODUCTION_AND_HARVESTED_AREA
DST24,Nayagarh,CRP003,Jute,2024-25,Annual,1083.87,1053.63,2741.77,2.6022133006843005,synthetic_prototype,2024_25_project_crop_structure,SEA03,CALCULATED_FROM_PRODUCTION_AND_HARVESTED_AREA
DST24,Nayagarh,CRP013,Wheat,2015-16,Annual,4905.09,4799.83,11362.89,2.367352593737695,synthetic_prototype,2024_25_project_crop_structure,SEA03,CALCULATED_FROM_PRODUCTION_AND_HARVESTED_AREA
DST24,Nayagarh,CRP013,Wheat,2016-17,Annual,4945.9,4763.96,11224.33,2.3560924105156213,synthetic_prototype,2024_25_project_crop_structure,SEA03,CALCULATED_FROM_PRODUCTION_AND_HARVESTED_AREA
DST24,Nayagarh,CRP013,Wheat,2017-18,Annual,5201.95,5040.59,11233.11,2.2285307870705613,synthetic_prototype,2024_25_project_crop_structure,SEA03,CALCULATED_FROM_PRODUCTION_AND_HARVESTED_AREA
DST24,Nayagarh,CRP013,Wheat,2018-19,Annual,5633.96,5473.57,11915.49,2.1769137875280666,synthetic_prototype,2024_25_project_crop_structure,SEA03,CALCULATED_FROM_PRODUCTION_AND_HARVESTED_AREA
DST24,Nayagarh,CRP013,Wheat,2019-20,Annual,5867.96,5637.11,11711.6,2.077589403080657,synthetic_prototype,2024_25_project_crop_structure,SEA03,CALCULATED_FROM_PRODUCTION_AND_HARVESTED_AREA
DST24,Nayagarh,CRP013,Wheat,2020-21,Annual,5402.78,5203.91,11368.3,2.184568910684466,synthetic_prototype,2024_25_project_crop_structure,SEA03,CALCULATED_FROM_PRODUCTION_AND_HARVESTED_AREA
DST24,Nayagarh,CRP013,Wheat,2021-22,Annual,5018.02,4800.58,10720.32,2.2331301634385845,synthetic_prototype,2024_25_project_crop_structure,SEA03,CALCULATED_FROM_PRODUCTION_AND_HARVESTED_AREA
DST24,Nayagarh,CRP013,Wheat,2022-23,Annual,5253.12,5046.45,10962.48,2.1723151918675505,synthetic_prototype,2024_25_project_crop_structure,SEA03,CALCULATED_FROM_PRODUCTION_AND_HARVESTED_AREA
DST24,Nayagarh,CRP013,Wheat,2023-24,Annual,5173.68,5000.71,11691.55,2.3379780071229885,synthetic_prototype,2024_25_project_crop_structure,SEA03,CALCULATED_FROM_PRODUCTION_AND_HARVESTED_AREA
DST24,Nayagarh,CRP013,Wheat,2024-25,Annual,5334.78,5223.52,12324.85,2.3594913008852267,synthetic_prototype,2024_25_project_crop_structure,SEA03,CALCULATED_FROM_PRODUCTION_AND_HARVESTED_AREA
DST25,Nuapada,CRP001,Groundnut,2015-16,Annual,4099.21,3947.6,6264.6,1.586938899584558,synthetic_prototype,2024_25_project_crop_structure,SEA03,CALCULATED_FROM_PRODUCTION_AND_HARVESTED_AREA
DST25,Nuapada,CRP001,Groundnut,2016-17,Annual,4059.32,3893.13,6159.05,1.5820303971354668,synthetic_prototype,2024_25_project_crop_structure,SEA03,CALCULATED_FROM_PRODUCTION_AND_HARVESTED_AREA
DST25,Nuapada,CRP001,Groundnut,2017-18,Annual,4007.91,3838.23,6242.63,1.626434580522793,synthetic_prototype,2024_25_project_crop_structure,SEA03,CALCULATED_FROM_PRODUCTION_AND_HARVESTED_AREA
DST25,Nuapada,CRP001,Groundnut,2018-19,Annual,4389.19,4203.69,6814.27,1.6210210553109294,synthetic_prototype,2024_25_project_crop_structure,SEA03,CALCULATED_FROM_PRODUCTION_AND_HARVESTED_AREA
DST25,Nuapada,CRP001,Groundnut,2019-20,Annual,4411.73,4287.53,7670.58,1.789044041674344,synthetic_prototype,2024_25_project_crop_structure,SEA03,CALCULATED_FROM_PRODUCTION_AND_HARVESTED_AREA
DST25,Nuapada,CRP001,Groundnut,2020-21,Annual,4119.57,3975.69,6947.14,1.7474048529940716,synthetic_prototype,2024_25_project_crop_structure,SEA03,CALCULATED_FROM_PRODUCTION_AND_HARVESTED_AREA
DST25,Nuapada,CRP001,Groundnut,2021-22,Annual,3823.77,3709.0,6739.86,1.81716365597196,synthetic_prototype,2024_25_project_crop_structure,SEA03,CALCULATED_FROM_PRODUCTION_AND_HARVESTED_AREA
DST25,Nuapada,CRP001,Groundnut,2022-23,Annual,4038.98,3888.13,6623.21,1.703443557699974,synthetic_prototype,2024_25_project_crop_structure,SEA03,CALCULATED_FROM_PRODUCTION_AND_HARVESTED_AREA
DST25,Nuapada,CRP001,Groundnut,2023-24,Annual,3916.86,3772.85,5833.74,1.546242230674424,synthetic_prototype,2024_25_project_crop_structure,SEA03,CALCULATED_FROM_PRODUCTION_AND_HARVESTED_AREA
DST25,Nuapada,CRP001,Groundnut,2024-25,Annual,4382.62,4207.76,6731.33,1.5997419054318687,synthetic_prototype,2024_25_project_crop_structure,SEA03,CALCULATED_FROM_PRODUCTION_AND_HARVESTED_AREA
DST25,Nuapada,CRP004,Maize,2015-16,Annual,1224.22,1182.2,4712.66,3.9863474877347316,synthetic_prototype,2024_25_project_crop_structure,SEA03,CALCULATED_FROM_PRODUCTION_AND_HARVESTED_AREA
DST25,Nuapada,CRP004,Maize,2016-17,Annual,1249.89,1210.06,5014.37,4.143901955274945,synthetic_prototype,2024_25_project_crop_structure,SEA03,CALCULATED_FROM_PRODUCTION_AND_HARVESTED_AREA
DST25,Nuapada,CRP004,Maize,2017-18,Annual,1201.18,1175.03,5528.09,4.704637328408636,synthetic_prototype,2024_25_project_crop_structure,SEA03,CALCULATED_FROM_PRODUCTION_AND_HARVESTED_AREA
DST25,Nuapada,CRP004,Maize,2018-19,Annual,1270.86,1239.55,5641.55,4.55128877415191,synthetic_prototype,2024_25_project_crop_structure,SEA03,CALCULATED_FROM_PRODUCTION_AND_HARVESTED_AREA
DST25,Nuapada,CRP004,Maize,2019-20,Annual,1225.15,1197.01,5585.63,4.666318577121327,synthetic_prototype,2024_25_project_crop_structure,SEA03,CALCULATED_FROM_PRODUCTION_AND_HARVESTED_AREA
DST25,Nuapada,CRP004,Maize,2020-21,Annual,1208.96,1160.14,4992.46,4.303325460720258,synthetic_prototype,2024_25_project_crop_structure,SEA03,CALCULATED_FROM_PRODUCTION_AND_HARVESTED_AREA
DST25,Nuapada,CRP004,Maize,2021-22,Annual,1195.72,1148.26,5108.24,4.448678870639053,synthetic_prototype,2024_25_project_crop_structure,SEA03,CALCULATED_FROM_PRODUCTION_AND_HARVESTED_AREA
DST25,Nuapada,CRP004,Maize,2022-23,Annual,1213.54,1168.33,4827.89,4.1322999495005694,synthetic_prototype,2024_25_project_crop_structure,SEA03,CALCULATED_FROM_PRODUCTION_AND_HARVESTED_AREA
DST25,Nuapada,CRP004,Maize,2023-24,Annual,1149.88,1120.28,4697.47,4.193121362516514,synthetic_prototype,2024_25_project_crop_structure,SEA03,CALCULATED_FROM_PRODUCTION_AND_HARVESTED_AREA
DST25,Nuapada,CRP004,Maize,2024-25,Annual,1292.49,1240.43,4901.69,3.951605491644026,synthetic_prototype,2024_25_project_crop_structure,SEA03,CALCULATED_FROM_PRODUCTION_AND_HARVESTED_AREA
DST25,Nuapada,CRP005,Moong(Green Gram),2015-16,Annual,1647.61,1597.98,1045.26,0.6541133180640558,synthetic_prototype,2024_25_project_crop_structure,SEA03,CALCULATED_FROM_PRODUCTION_AND_HARVESTED_AREA
DST25,Nuapada,CRP005,Moong(Green Gram),2016-17,Annual,1667.89,1603.55,1002.9,0.6254248386392691,synthetic_prototype,2024_25_project_crop_structure,SEA03,CALCULATED_FROM_PRODUCTION_AND_HARVESTED_AREA
DST25,Nuapada,CRP005,Moong(Green Gram),2017-18,Annual,1757.91,1696.23,1089.67,0.6424069849018117,synthetic_prototype,2024_25_project_crop_structure,SEA03,CALCULATED_FROM_PRODUCTION_AND_HARVESTED_AREA
DST25,Nuapada,CRP005,Moong(Green Gram),2018-19,Annual,1846.34,1792.19,1234.57,0.6888611140559873,synthetic_prototype,2024_25_project_crop_structure,SEA03,CALCULATED_FROM_PRODUCTION_AND_HARVESTED_AREA
DST25,Nuapada,CRP005,Moong(Green Gram),2019-20,Annual,1798.58,1728.4,1266.15,0.732556121268225,synthetic_prototype,2024_25_project_crop_structure,SEA03,CALCULATED_FROM_PRODUCTION_AND_HARVESTED_AREA
DST25,Nuapada,CRP005,Moong(Green Gram),2020-21,Annual,1776.03,1718.36,1232.99,0.7175388160804489,synthetic_prototype,2024_25_project_crop_structure,SEA03,CALCULATED_FROM_PRODUCTION_AND_HARVESTED_AREA
DST25,Nuapada,CRP005,Moong(Green Gram),2021-22,Annual,1610.19,1558.72,1163.6,0.7465099568877026,synthetic_prototype,2024_25_project_crop_structure,SEA03,CALCULATED_FROM_PRODUCTION_AND_HARVESTED_AREA
DST25,Nuapada,CRP005,Moong(Green Gram),2022-23,Annual,1590.91,1554.66,1109.27,0.713512922439633,synthetic_prototype,2024_25_project_crop_structure,SEA03,CALCULATED_FROM_PRODUCTION_AND_HARVESTED_AREA
DST25,Nuapada,CRP005,Moong(Green Gram),2023-24,Annual,1656.07,1611.2,1052.88,0.6534756703078451,synthetic_prototype,2024_25_project_crop_structure,SEA03,CALCULATED_FROM_PRODUCTION_AND_HARVESTED_AREA
DST25,Nuapada,CRP005,Moong(Green Gram),2024-25,Annual,1805.54,1744.89,1182.34,0.6776014533867464,synthetic_prototype,2024_25_project_crop_structure,SEA03,CALCULATED_FROM_PRODUCTION_AND_HARVESTED_AREA
DST25,Nuapada,CRP007,Ragi,2015-16,Annual,1754.58,1706.25,2413.96,1.4147750915750916,synthetic_prototype,2024_25_project_crop_structure,SEA03,CALCULATED_FROM_PRODUCTION_AND_HARVESTED_AREA
DST25,Nuapada,CRP007,Ragi,2016-17,Annual,1856.97,1816.52,2498.85,1.375624821086473,synthetic_prototype,2024_25_project_crop_structure,SEA03,CALCULATED_FROM_PRODUCTION_AND_HARVESTED_AREA
DST25,Nuapada,CRP007,Ragi,2017-18,Annual,1772.45,1711.33,2640.25,1.5428058878182467,synthetic_prototype,2024_25_project_crop_structure,SEA03,CALCULATED_FROM_PRODUCTION_AND_HARVESTED_AREA
DST25,Nuapada,CRP007,Ragi,2018-19,Annual,1934.68,1888.69,2930.89,1.5518110436334178,synthetic_prototype,2024_25_project_crop_structure,SEA03,CALCULATED_FROM_PRODUCTION_AND_HARVESTED_AREA
DST25,Nuapada,CRP007,Ragi,2019-20,Annual,1909.7,1835.96,2901.97,1.5806281182596569,synthetic_prototype,2024_25_project_crop_structure,SEA03,CALCULATED_FROM_PRODUCTION_AND_HARVESTED_AREA
DST25,Nuapada,CRP007,Ragi,2020-21,Annual,1880.66,1799.11,2705.18,1.5036212349439444,synthetic_prototype,2024_25_project_crop_structure,SEA03,CALCULATED_FROM_PRODUCTION_AND_HARVESTED_AREA
DST25,Nuapada,CRP007,Ragi,2021-22,Annual,1813.97,1770.15,2381.86,1.3455695844984887,synthetic_prototype,2024_25_project_crop_structure,SEA03,CALCULATED_FROM_PRODUCTION_AND_HARVESTED_AREA
DST25,Nuapada,CRP007,Ragi,2022-23,Annual,1853.11,1790.41,2623.79,1.4654688032350132,synthetic_prototype,2024_25_project_crop_structure,SEA03,CALCULATED_FROM_PRODUCTION_AND_HARVESTED_AREA
DST25,Nuapada,CRP007,Ragi,2023-24,Annual,1787.91,1713.15,2275.89,1.3284826197355746,synthetic_prototype,2024_25_project_crop_structure,SEA03,CALCULATED_FROM_PRODUCTION_AND_HARVESTED_AREA
DST25,Nuapada,CRP007,Ragi,2024-25,Annual,1918.06,1861.55,2622.0,1.4085036662995891,synthetic_prototype,2024_25_project_crop_structure,SEA03,CALCULATED_FROM_PRODUCTION_AND_HARVESTED_AREA
DST25,Nuapada,CRP009,Rice,2015-16,Annual,72450.46,70872.32,171485.45,2.4196392893586665,synthetic_prototype,2024_25_project_crop_structure,SEA03,CALCULATED_FROM_PRODUCTION_AND_HARVESTED_AREA
DST25,Nuapada,CRP009,Rice,2016-17,Annual,74991.33,71736.42,179955.07,2.5085593900559857,synthetic_prototype,2024_25_project_crop_structure,SEA03,CALCULATED_FROM_PRODUCTION_AND_HARVESTED_AREA
DST25,Nuapada,CRP009,Rice,2017-18,Annual,78476.94,75070.05,206965.19,2.7569608652185527,synthetic_prototype,2024_25_project_crop_structure,SEA03,CALCULATED_FROM_PRODUCTION_AND_HARVESTED_AREA
DST25,Nuapada,CRP009,Rice,2018-19,Annual,79572.18,77163.6,200893.53,2.60347534329658,synthetic_prototype,2024_25_project_crop_structure,SEA03,CALCULATED_FROM_PRODUCTION_AND_HARVESTED_AREA
DST25,Nuapada,CRP009,Rice,2019-20,Annual,76163.95,74395.8,186906.53,2.512326367886359,synthetic_prototype,2024_25_project_crop_structure,SEA03,CALCULATED_FROM_PRODUCTION_AND_HARVESTED_AREA
DST25,Nuapada,CRP009,Rice,2020-21,Annual,69554.99,67582.29,158960.52,2.352103191531391,synthetic_prototype,2024_25_project_crop_structure,SEA03,CALCULATED_FROM_PRODUCTION_AND_HARVESTED_AREA
DST25,Nuapada,CRP009,Rice,2021-22,Annual,70078.68,68307.51,150550.65,2.204013145845896,synthetic_prototype,2024_25_project_crop_structure,SEA03,CALCULATED_FROM_PRODUCTION_AND_HARVESTED_AREA
DST25,Nuapada,CRP009,Rice,2022-23,Annual,71996.43,68815.03,161973.46,2.353751208129968,synthetic_prototype,2024_25_project_crop_structure,SEA03,CALCULATED_FROM_PRODUCTION_AND_HARVESTED_AREA
DST25,Nuapada,CRP009,Rice,2023-24,Annual,73617.77,71169.03,174895.59,2.457467665359497,synthetic_prototype,2024_25_project_crop_structure,SEA03,CALCULATED_FROM_PRODUCTION_AND_HARVESTED_AREA
DST25,Nuapada,CRP009,Rice,2024-25,Annual,70241.59,67843.72,164420.55,2.4235190817956322,synthetic_prototype,2024_25_project_crop_structure,SEA03,CALCULATED_FROM_PRODUCTION_AND_HARVESTED_AREA
DST25,Nuapada,CRP010,Sesamum,2015-16,Annual,3392.55,3312.05,2791.4,0.8428012862124665,synthetic_prototype,2024_25_project_crop_structure,SEA03,CALCULATED_FROM_PRODUCTION_AND_HARVESTED_AREA
DST25,Nuapada,CRP010,Sesamum,2016-17,Annual,3420.54,3323.64,2591.21,0.7796301645184196,synthetic_prototype,2024_25_project_crop_structure,SEA03,CALCULATED_FROM_PRODUCTION_AND_HARVESTED_AREA
DST25,Nuapada,CRP010,Sesamum,2017-18,Annual,3658.29,3503.9,2954.71,0.843263220982334,synthetic_prototype,2024_25_project_crop_structure,SEA03,CALCULATED_FROM_PRODUCTION_AND_HARVESTED_AREA
DST25,Nuapada,CRP010,Sesamum,2018-19,Annual,3694.38,3539.73,2912.3,0.8227463676608103,synthetic_prototype,2024_25_project_crop_structure,SEA03,CALCULATED_FROM_PRODUCTION_AND_HARVESTED_AREA
DST25,Nuapada,CRP010,Sesamum,2019-20,Annual,3572.21,3473.61,2603.67,0.7495573769075976,synthetic_prototype,2024_25_project_crop_structure,SEA03,CALCULATED_FROM_PRODUCTION_AND_HARVESTED_AREA
DST25,Nuapada,CRP010,Sesamum,2020-21,Annual,3343.33,3212.01,2359.61,0.7346210005572834,synthetic_prototype,2024_25_project_crop_structure,SEA03,CALCULATED_FROM_PRODUCTION_AND_HARVESTED_AREA
DST25,Nuapada,CRP010,Sesamum,2021-22,Annual,3439.81,3288.33,2633.93,0.800993209319016,synthetic_prototype,2024_25_project_crop_structure,SEA03,CALCULATED_FROM_PRODUCTION_AND_HARVESTED_AREA
DST25,Nuapada,CRP010,Sesamum,2022-23,Annual,3375.81,3304.14,2450.75,0.7417209924518937,synthetic_prototype,2024_25_project_crop_structure,SEA03,CALCULATED_FROM_PRODUCTION_AND_HARVESTED_AREA
DST25,Nuapada,CRP010,Sesamum,2023-24,Annual,3166.9,3102.73,2541.35,0.8190690134172164,synthetic_prototype,2024_25_project_crop_structure,SEA03,CALCULATED_FROM_PRODUCTION_AND_HARVESTED_AREA
DST25,Nuapada,CRP010,Sesamum,2024-25,Annual,3543.33,3456.88,2746.14,0.7943984170697276,synthetic_prototype,2024_25_project_crop_structure,SEA03,CALCULATED_FROM_PRODUCTION_AND_HARVESTED_AREA
DST25,Nuapada,CRP012,Urad,2015-16,Annual,278.28,266.61,276.61,1.0375079704437193,synthetic_prototype,2024_25_project_crop_structure,SEA03,CALCULATED_FROM_PRODUCTION_AND_HARVESTED_AREA
DST25,Nuapada,CRP012,Urad,2016-17,Annual,286.28,275.93,268.29,0.9723118182147646,synthetic_prototype,2024_25_project_crop_structure,SEA03,CALCULATED_FROM_PRODUCTION_AND_HARVESTED_AREA
DST25,Nuapada,CRP012,Urad,2017-18,Annual,273.82,261.91,251.02,0.9584208315833683,synthetic_prototype,2024_25_project_crop_structure,SEA03,CALCULATED_FROM_PRODUCTION_AND_HARVESTED_AREA
DST25,Nuapada,CRP012,Urad,2018-19,Annual,291.47,281.37,245.72,0.8732985037495113,synthetic_prototype,2024_25_project_crop_structure,SEA03,CALCULATED_FROM_PRODUCTION_AND_HARVESTED_AREA
DST25,Nuapada,CRP012,Urad,2019-20,Annual,278.09,267.82,246.26,0.9194981704129639,synthetic_prototype,2024_25_project_crop_structure,SEA03,CALCULATED_FROM_PRODUCTION_AND_HARVESTED_AREA
DST25,Nuapada,CRP012,Urad,2020-21,Annual,279.26,267.62,240.52,0.8987370151707645,synthetic_prototype,2024_25_project_crop_structure,SEA03,CALCULATED_FROM_PRODUCTION_AND_HARVESTED_AREA
DST25,Nuapada,CRP012,Urad,2021-22,Annual,268.83,258.47,225.35,0.8718613378728671,synthetic_prototype,2024_25_project_crop_structure,SEA03,CALCULATED_FROM_PRODUCTION_AND_HARVESTED_AREA
DST25,Nuapada,CRP012,Urad,2022-23,Annual,275.67,265.27,233.94,0.8818939194028727,synthetic_prototype,2024_25_project_crop_structure,SEA03,CALCULATED_FROM_PRODUCTION_AND_HARVESTED_AREA
DST25,Nuapada,CRP012,Urad,2023-24,Annual,282.31,272.03,255.96,0.9409256332022204,synthetic_prototype,2024_25_project_crop_structure,SEA03,CALCULATED_FROM_PRODUCTION_AND_HARVESTED_AREA
DST25,Nuapada,CRP012,Urad,2024-25,Annual,283.29,277.03,267.03,0.9639028264086922,synthetic_prototype,2024_25_project_crop_structure,SEA03,CALCULATED_FROM_PRODUCTION_AND_HARVESTED_AREA
DST25,Nuapada,CRP002,Horse Gram,2015-16,Annual,2131.56,2066.61,1674.59,0.8103077019853769,synthetic_prototype,2024_25_project_crop_structure,SEA03,CALCULATED_FROM_PRODUCTION_AND_HARVESTED_AREA
DST25,Nuapada,CRP002,Horse Gram,2016-17,Annual,2178.7,2090.6,1827.97,0.8743757772888167,synthetic_prototype,2024_25_project_crop_structure,SEA03,CALCULATED_FROM_PRODUCTION_AND_HARVESTED_AREA
DST25,Nuapada,CRP002,Horse Gram,2017-18,Annual,2469.83,2408.24,2276.52,0.9453044547055112,synthetic_prototype,2024_25_project_crop_structure,SEA03,CALCULATED_FROM_PRODUCTION_AND_HARVESTED_AREA
DST25,Nuapada,CRP002,Horse Gram,2018-19,Annual,2287.98,2205.52,2054.44,0.9314991475933113,synthetic_prototype,2024_25_project_crop_structure,SEA03,CALCULATED_FROM_PRODUCTION_AND_HARVESTED_AREA
DST25,Nuapada,CRP002,Horse Gram,2019-20,Annual,2359.14,2279.89,2282.77,1.0012632188395054,synthetic_prototype,2024_25_project_crop_structure,SEA03,CALCULATED_FROM_PRODUCTION_AND_HARVESTED_AREA
DST25,Nuapada,CRP002,Horse Gram,2020-21,Annual,2368.69,2316.47,2197.47,0.9486287325111052,synthetic_prototype,2024_25_project_crop_structure,SEA03,CALCULATED_FROM_PRODUCTION_AND_HARVESTED_AREA
DST25,Nuapada,CRP002,Horse Gram,2021-22,Annual,2219.26,2134.52,2084.89,0.9767488709405393,synthetic_prototype,2024_25_project_crop_structure,SEA03,CALCULATED_FROM_PRODUCTION_AND_HARVESTED_AREA
DST25,Nuapada,CRP002,Horse Gram,2022-23,Annual,2195.86,2122.7,2092.0,0.985537287416969,synthetic_prototype,2024_25_project_crop_structure,SEA03,CALCULATED_FROM_PRODUCTION_AND_HARVESTED_AREA
DST25,Nuapada,CRP002,Horse Gram,2023-24,Annual,2315.73,2237.03,2053.28,0.9178598409498309,synthetic_prototype,2024_25_project_crop_structure,SEA03,CALCULATED_FROM_PRODUCTION_AND_HARVESTED_AREA
DST25,Nuapada,CRP002,Horse Gram,2024-25,Annual,2294.03,2231.25,1869.74,0.8379787114845938,synthetic_prototype,2024_25_project_crop_structure,SEA03,CALCULATED_FROM_PRODUCTION_AND_HARVESTED_AREA
DST25,Nuapada,CRP006,Potato,2015-16,Annual,3026.67,2894.64,38476.85,13.292447420059144,synthetic_prototype,2024_25_project_crop_structure,SEA03,CALCULATED_FROM_PRODUCTION_AND_HARVESTED_AREA
DST25,Nuapada,CRP006,Potato,2016-17,Annual,3100.08,2987.6,40896.62,13.688786986209667,synthetic_prototype,2024_25_project_crop_structure,SEA03,CALCULATED_FROM_PRODUCTION_AND_HARVESTED_AREA
DST25,Nuapada,CRP006,Potato,2017-18,Annual,3168.16,3081.17,42671.87,13.849242333269505,synthetic_prototype,2024_25_project_crop_structure,SEA03,CALCULATED_FROM_PRODUCTION_AND_HARVESTED_AREA
DST25,Nuapada,CRP006,Potato,2018-19,Annual,3182.78,3050.26,45518.46,14.922813137240759,synthetic_prototype,2024_25_project_crop_structure,SEA03,CALCULATED_FROM_PRODUCTION_AND_HARVESTED_AREA
DST25,Nuapada,CRP006,Potato,2019-20,Annual,3276.9,3158.94,49189.99,15.571675941929888,synthetic_prototype,2024_25_project_crop_structure,SEA03,CALCULATED_FROM_PRODUCTION_AND_HARVESTED_AREA
DST25,Nuapada,CRP006,Potato,2020-21,Annual,3035.85,2931.38,45075.78,15.37698285449174,synthetic_prototype,2024_25_project_crop_structure,SEA03,CALCULATED_FROM_PRODUCTION_AND_HARVESTED_AREA
DST25,Nuapada,CRP006,Potato,2021-22,Annual,3129.21,2991.0,44437.93,14.857214978268138,synthetic_prototype,2024_25_project_crop_structure,SEA03,CALCULATED_FROM_PRODUCTION_AND_HARVESTED_AREA
DST25,Nuapada,CRP006,Potato,2022-23,Annual,3075.39,2996.65,41798.71,13.948479135034122,synthetic_prototype,2024_25_project_crop_structure,SEA03,CALCULATED_FROM_PRODUCTION_AND_HARVESTED_AREA
DST25,Nuapada,CRP006,Potato,2023-24,Annual,3009.62,2894.5,37511.18,12.959467956469165,synthetic_prototype,2024_25_project_crop_structure,SEA03,CALCULATED_FROM_PRODUCTION_AND_HARVESTED_AREA
DST25,Nuapada,CRP006,Potato,2024-25,Annual,3104.53,3009.29,40139.06,13.33838214329626,synthetic_prototype,2024_25_project_crop_structure,SEA03,CALCULATED_FROM_PRODUCTION_AND_HARVESTED_AREA
DST25,Nuapada,CRP008,Rapeseed &Mustard,2015-16,Annual,5269.08,5109.46,6345.83,1.2419766472386513,synthetic_prototype,2024_25_project_crop_structure,SEA03,CALCULATED_FROM_PRODUCTION_AND_HARVESTED_AREA
DST25,Nuapada,CRP008,Rapeseed &Mustard,2016-17,Annual,5229.23,5028.0,6387.77,1.27043953858393,synthetic_prototype,2024_25_project_crop_structure,SEA03,CALCULATED_FROM_PRODUCTION_AND_HARVESTED_AREA
DST25,Nuapada,CRP008,Rapeseed &Mustard,2017-18,Annual,5029.54,4838.78,6428.55,1.3285476917735464,synthetic_prototype,2024_25_project_crop_structure,SEA03,CALCULATED_FROM_PRODUCTION_AND_HARVESTED_AREA
DST25,Nuapada,CRP008,Rapeseed &Mustard,2018-19,Annual,5109.51,4905.67,6428.24,1.3103694296599648,synthetic_prototype,2024_25_project_crop_structure,SEA03,CALCULATED_FROM_PRODUCTION_AND_HARVESTED_AREA
DST25,Nuapada,CRP008,Rapeseed &Mustard,2019-20,Annual,5262.67,5124.2,6431.1,1.2550446899028143,synthetic_prototype,2024_25_project_crop_structure,SEA03,CALCULATED_FROM_PRODUCTION_AND_HARVESTED_AREA
DST25,Nuapada,CRP008,Rapeseed &Mustard,2020-21,Annual,5009.94,4850.78,5648.72,1.1644972561113884,synthetic_prototype,2024_25_project_crop_structure,SEA03,CALCULATED_FROM_PRODUCTION_AND_HARVESTED_AREA
DST25,Nuapada,CRP008,Rapeseed &Mustard,2021-22,Annual,5262.56,5143.67,5862.06,1.1396648696358826,synthetic_prototype,2024_25_project_crop_structure,SEA03,CALCULATED_FROM_PRODUCTION_AND_HARVESTED_AREA
DST25,Nuapada,CRP008,Rapeseed &Mustard,2022-23,Annual,4972.33,4824.43,5697.23,1.1809125637640092,synthetic_prototype,2024_25_project_crop_structure,SEA03,CALCULATED_FROM_PRODUCTION_AND_HARVESTED_AREA
DST25,Nuapada,CRP008,Rapeseed &Mustard,2023-24,Annual,4826.36,4676.68,5473.49,1.170379414456409,synthetic_prototype,2024_25_project_crop_structure,SEA03,CALCULATED_FROM_PRODUCTION_AND_HARVESTED_AREA
DST25,Nuapada,CRP008,Rapeseed &Mustard,2024-25,Annual,5254.02,5139.17,6272.84,1.220593986966767,synthetic_prototype,2024_25_project_crop_structure,SEA03,CALCULATED_FROM_PRODUCTION_AND_HARVESTED_AREA
DST25,Nuapada,CRP011,Sugarcane,2015-16,Annual,5127.92,4960.4,350613.05,70.68241472461898,synthetic_prototype,2024_25_project_crop_structure,SEA03,CALCULATED_FROM_PRODUCTION_AND_HARVESTED_AREA
DST25,Nuapada,CRP011,Sugarcane,2016-17,Annual,4868.07,4679.85,355169.6,75.89337265083282,synthetic_prototype,2024_25_project_crop_structure,SEA03,CALCULATED_FROM_PRODUCTION_AND_HARVESTED_AREA
DST25,Nuapada,CRP011,Sugarcane,2017-18,Annual,4851.93,4644.11,367792.44,79.19546263977382,synthetic_prototype,2024_25_project_crop_structure,SEA03,CALCULATED_FROM_PRODUCTION_AND_HARVESTED_AREA
DST25,Nuapada,CRP011,Sugarcane,2018-19,Annual,5112.37,4886.09,342482.58,70.09338346203201,synthetic_prototype,2024_25_project_crop_structure,SEA03,CALCULATED_FROM_PRODUCTION_AND_HARVESTED_AREA
DST25,Nuapada,CRP011,Sugarcane,2019-20,Annual,5021.25,4908.31,362355.84,73.82497030546155,synthetic_prototype,2024_25_project_crop_structure,SEA03,CALCULATED_FROM_PRODUCTION_AND_HARVESTED_AREA
DST25,Nuapada,CRP011,Sugarcane,2020-21,Annual,4961.87,4746.46,329765.65,69.47612536500887,synthetic_prototype,2024_25_project_crop_structure,SEA03,CALCULATED_FROM_PRODUCTION_AND_HARVESTED_AREA
DST25,Nuapada,CRP011,Sugarcane,2021-22,Annual,4850.74,4677.73,327812.89,70.0794808593057,synthetic_prototype,2024_25_project_crop_structure,SEA03,CALCULATED_FROM_PRODUCTION_AND_HARVESTED_AREA
DST25,Nuapada,CRP011,Sugarcane,2022-23,Annual,4955.33,4814.55,337344.75,70.06776334236844,synthetic_prototype,2024_25_project_crop_structure,SEA03,CALCULATED_FROM_PRODUCTION_AND_HARVESTED_AREA
DST25,Nuapada,CRP011,Sugarcane,2023-24,Annual,4824.39,4630.44,346612.58,74.85521462323236,synthetic_prototype,2024_25_project_crop_structure,SEA03,CALCULATED_FROM_PRODUCTION_AND_HARVESTED_AREA
DST25,Nuapada,CRP011,Sugarcane,2024-25,Annual,4761.68,4569.92,365052.85,79.88167188922344,synthetic_prototype,2024_25_project_crop_structure,SEA03,CALCULATED_FROM_PRODUCTION_AND_HARVESTED_AREA
DST25,Nuapada,CRP003,Jute,2015-16,Annual,729.5,700.25,1443.93,2.0620207068903964,synthetic_prototype,2024_25_project_crop_structure,SEA03,CALCULATED_FROM_PRODUCTION_AND_HARVESTED_AREA
DST25,Nuapada,CRP003,Jute,2016-17,Annual,750.35,721.97,1402.72,1.942906214939679,synthetic_prototype,2024_25_project_crop_structure,SEA03,CALCULATED_FROM_PRODUCTION_AND_HARVESTED_AREA
DST25,Nuapada,CRP003,Jute,2017-18,Annual,765.58,743.74,1650.62,2.2193508484147686,synthetic_prototype,2024_25_project_crop_structure,SEA03,CALCULATED_FROM_PRODUCTION_AND_HARVESTED_AREA
DST25,Nuapada,CRP003,Jute,2018-19,Annual,739.18,715.88,1491.53,2.083491646644689,synthetic_prototype,2024_25_project_crop_structure,SEA03,CALCULATED_FROM_PRODUCTION_AND_HARVESTED_AREA
DST25,Nuapada,CRP003,Jute,2019-20,Annual,762.29,744.24,1662.25,2.2334865097280447,synthetic_prototype,2024_25_project_crop_structure,SEA03,CALCULATED_FROM_PRODUCTION_AND_HARVESTED_AREA
DST25,Nuapada,CRP003,Jute,2020-21,Annual,733.07,716.07,1698.26,2.371639644168866,synthetic_prototype,2024_25_project_crop_structure,SEA03,CALCULATED_FROM_PRODUCTION_AND_HARVESTED_AREA
DST25,Nuapada,CRP003,Jute,2021-22,Annual,703.16,672.59,1540.56,2.2904890051888964,synthetic_prototype,2024_25_project_crop_structure,SEA03,CALCULATED_FROM_PRODUCTION_AND_HARVESTED_AREA
DST25,Nuapada,CRP003,Jute,2022-23,Annual,742.05,721.31,1510.5,2.0941065561270467,synthetic_prototype,2024_25_project_crop_structure,SEA03,CALCULATED_FROM_PRODUCTION_AND_HARVESTED_AREA
DST25,Nuapada,CRP003,Jute,2023-24,Annual,747.63,722.54,1491.14,2.0637473357876384,synthetic_prototype,2024_25_project_crop_structure,SEA03,CALCULATED_FROM_PRODUCTION_AND_HARVESTED_AREA
DST25,Nuapada,CRP003,Jute,2024-25,Annual,763.85,744.06,1427.4,1.9183936779291995,synthetic_prototype,2024_25_project_crop_structure,SEA03,CALCULATED_FROM_PRODUCTION_AND_HARVESTED_AREA
DST25,Nuapada,CRP013,Wheat,2015-16,Annual,1480.6,1448.33,4236.11,2.924823762540305,synthetic_prototype,2024_25_project_crop_structure,SEA03,CALCULATED_FROM_PRODUCTION_AND_HARVESTED_AREA
DST25,Nuapada,CRP013,Wheat,2016-17,Annual,1532.0,1480.65,4192.56,2.8315672171005977,synthetic_prototype,2024_25_project_crop_structure,SEA03,CALCULATED_FROM_PRODUCTION_AND_HARVESTED_AREA
DST25,Nuapada,CRP013,Wheat,2017-18,Annual,1558.0,1509.23,4316.03,2.859756299569979,synthetic_prototype,2024_25_project_crop_structure,SEA03,CALCULATED_FROM_PRODUCTION_AND_HARVESTED_AREA
DST25,Nuapada,CRP013,Wheat,2018-19,Annual,1583.97,1539.24,4406.03,2.862471089628648,synthetic_prototype,2024_25_project_crop_structure,SEA03,CALCULATED_FROM_PRODUCTION_AND_HARVESTED_AREA
DST25,Nuapada,CRP013,Wheat,2019-20,Annual,1653.24,1580.44,4321.57,2.734409404975829,synthetic_prototype,2024_25_project_crop_structure,SEA03,CALCULATED_FROM_PRODUCTION_AND_HARVESTED_AREA
DST25,Nuapada,CRP013,Wheat,2020-21,Annual,1471.1,1410.64,3793.11,2.6889284296489535,synthetic_prototype,2024_25_project_crop_structure,SEA03,CALCULATED_FROM_PRODUCTION_AND_HARVESTED_AREA
DST25,Nuapada,CRP013,Wheat,2021-22,Annual,1568.75,1522.6,4317.89,2.8358662813608304,synthetic_prototype,2024_25_project_crop_structure,SEA03,CALCULATED_FROM_PRODUCTION_AND_HARVESTED_AREA
DST25,Nuapada,CRP013,Wheat,2022-23,Annual,1509.9,1472.22,4308.85,2.9267704555025746,synthetic_prototype,2024_25_project_crop_structure,SEA03,CALCULATED_FROM_PRODUCTION_AND_HARVESTED_AREA
DST25,Nuapada,CRP013,Wheat,2023-24,Annual,1449.64,1407.78,4353.41,3.0923936978789297,synthetic_prototype,2024_25_project_crop_structure,SEA03,CALCULATED_FROM_PRODUCTION_AND_HARVESTED_AREA
DST25,Nuapada,CRP013,Wheat,2024-25,Annual,1615.41,1552.83,4730.89,3.046624550015134,synthetic_prototype,2024_25_project_crop_structure,SEA03,CALCULATED_FROM_PRODUCTION_AND_HARVESTED_AREA
DST26,Puri,CRP001,Groundnut,2015-16,Annual,2292.42,2195.6,2836.01,1.2916788121697942,synthetic_prototype,2024_25_project_crop_structure,SEA03,CALCULATED_FROM_PRODUCTION_AND_HARVESTED_AREA
DST26,Puri,CRP001,Groundnut,2016-17,Annual,2375.28,2270.72,2938.89,1.2942546857384443,synthetic_prototype,2024_25_project_crop_structure,SEA03,CALCULATED_FROM_PRODUCTION_AND_HARVESTED_AREA
DST26,Puri,CRP001,Groundnut,2017-18,Annual,2361.83,2271.18,2701.34,1.189399343072764,synthetic_prototype,2024_25_project_crop_structure,SEA03,CALCULATED_FROM_PRODUCTION_AND_HARVESTED_AREA
DST26,Puri,CRP001,Groundnut,2018-19,Annual,2586.11,2502.09,3313.25,1.324192974673173,synthetic_prototype,2024_25_project_crop_structure,SEA03,CALCULATED_FROM_PRODUCTION_AND_HARVESTED_AREA
DST26,Puri,CRP001,Groundnut,2019-20,Annual,2411.56,2343.24,3352.45,1.4306899848073609,synthetic_prototype,2024_25_project_crop_structure,SEA03,CALCULATED_FROM_PRODUCTION_AND_HARVESTED_AREA
DST26,Puri,CRP001,Groundnut,2020-21,Annual,2363.89,2269.53,3050.95,1.3443091741461886,synthetic_prototype,2024_25_project_crop_structure,SEA03,CALCULATED_FROM_PRODUCTION_AND_HARVESTED_AREA
DST26,Puri,CRP001,Groundnut,2021-22,Annual,2412.53,2354.13,3221.77,1.3685607846635486,synthetic_prototype,2024_25_project_crop_structure,SEA03,CALCULATED_FROM_PRODUCTION_AND_HARVESTED_AREA
DST26,Puri,CRP001,Groundnut,2022-23,Annual,2200.09,2121.9,2859.49,1.3476082756020547,synthetic_prototype,2024_25_project_crop_structure,SEA03,CALCULATED_FROM_PRODUCTION_AND_HARVESTED_AREA
DST26,Puri,CRP001,Groundnut,2023-24,Annual,2272.18,2214.98,2791.47,1.2602687157446115,synthetic_prototype,2024_25_project_crop_structure,SEA03,CALCULATED_FROM_PRODUCTION_AND_HARVESTED_AREA
DST26,Puri,CRP001,Groundnut,2024-25,Annual,2358.38,2289.02,2852.2,1.2460354212719853,synthetic_prototype,2024_25_project_crop_structure,SEA03,CALCULATED_FROM_PRODUCTION_AND_HARVESTED_AREA
DST26,Puri,CRP004,Maize,2015-16,Annual,8559.8,8358.13,22286.25,2.6664158131065205,synthetic_prototype,2024_25_project_crop_structure,SEA03,CALCULATED_FROM_PRODUCTION_AND_HARVESTED_AREA
DST26,Puri,CRP004,Maize,2016-17,Annual,8477.87,8247.31,22848.41,2.7704075631933325,synthetic_prototype,2024_25_project_crop_structure,SEA03,CALCULATED_FROM_PRODUCTION_AND_HARVESTED_AREA
DST26,Puri,CRP004,Maize,2017-18,Annual,8950.37,8662.89,26269.66,3.032436057712842,synthetic_prototype,2024_25_project_crop_structure,SEA03,CALCULATED_FROM_PRODUCTION_AND_HARVESTED_AREA
DST26,Puri,CRP004,Maize,2018-19,Annual,9111.92,8752.42,27416.33,3.132428516913037,synthetic_prototype,2024_25_project_crop_structure,SEA03,CALCULATED_FROM_PRODUCTION_AND_HARVESTED_AREA
DST26,Puri,CRP004,Maize,2019-20,Annual,8584.67,8347.56,28237.73,3.3827525648213372,synthetic_prototype,2024_25_project_crop_structure,SEA03,CALCULATED_FROM_PRODUCTION_AND_HARVESTED_AREA
DST26,Puri,CRP004,Maize,2020-21,Annual,9241.39,8914.82,28018.4,3.142901370975522,synthetic_prototype,2024_25_project_crop_structure,SEA03,CALCULATED_FROM_PRODUCTION_AND_HARVESTED_AREA
DST26,Puri,CRP004,Maize,2021-22,Annual,8294.55,8067.31,25951.73,3.2169000571442026,synthetic_prototype,2024_25_project_crop_structure,SEA03,CALCULATED_FROM_PRODUCTION_AND_HARVESTED_AREA
DST26,Puri,CRP004,Maize,2022-23,Annual,8431.68,8097.5,23623.05,2.9173263352886694,synthetic_prototype,2024_25_project_crop_structure,SEA03,CALCULATED_FROM_PRODUCTION_AND_HARVESTED_AREA
DST26,Puri,CRP004,Maize,2023-24,Annual,9038.19,8658.78,24625.72,2.8440172864999456,synthetic_prototype,2024_25_project_crop_structure,SEA03,CALCULATED_FROM_PRODUCTION_AND_HARVESTED_AREA
DST26,Puri,CRP004,Maize,2024-25,Annual,9426.69,9025.03,27070.06,2.999442661132428,synthetic_prototype,2024_25_project_crop_structure,SEA03,CALCULATED_FROM_PRODUCTION_AND_HARVESTED_AREA
DST26,Puri,CRP005,Moong(Green Gram),2015-16,Annual,5864.67,5635.57,3771.42,0.6692171333157072,synthetic_prototype,2024_25_project_crop_structure,SEA03,CALCULATED_FROM_PRODUCTION_AND_HARVESTED_AREA
DST26,Puri,CRP005,Moong(Green Gram),2016-17,Annual,5689.67,5531.43,3847.33,0.6955398513585094,synthetic_prototype,2024_25_project_crop_structure,SEA03,CALCULATED_FROM_PRODUCTION_AND_HARVESTED_AREA
DST26,Puri,CRP005,Moong(Green Gram),2017-18,Annual,6179.19,5961.78,4010.71,0.6727370013653641,synthetic_prototype,2024_25_project_crop_structure,SEA03,CALCULATED_FROM_PRODUCTION_AND_HARVESTED_AREA
DST26,Puri,CRP005,Moong(Green Gram),2018-19,Annual,6268.68,6003.33,4435.89,0.7389049077761842,synthetic_prototype,2024_25_project_crop_structure,SEA03,CALCULATED_FROM_PRODUCTION_AND_HARVESTED_AREA
DST26,Puri,CRP005,Moong(Green Gram),2019-20,Annual,5770.56,5600.51,4091.94,0.7306370312703664,synthetic_prototype,2024_25_project_crop_structure,SEA03,CALCULATED_FROM_PRODUCTION_AND_HARVESTED_AREA
DST26,Puri,CRP005,Moong(Green Gram),2020-21,Annual,6076.32,5840.49,4666.73,0.7990305607919883,synthetic_prototype,2024_25_project_crop_structure,SEA03,CALCULATED_FROM_PRODUCTION_AND_HARVESTED_AREA
DST26,Puri,CRP005,Moong(Green Gram),2021-22,Annual,5427.6,5236.33,4106.73,0.7842763920532128,synthetic_prototype,2024_25_project_crop_structure,SEA03,CALCULATED_FROM_PRODUCTION_AND_HARVESTED_AREA
DST26,Puri,CRP005,Moong(Green Gram),2022-23,Annual,5910.91,5775.67,4491.54,0.7776656214776814,synthetic_prototype,2024_25_project_crop_structure,SEA03,CALCULATED_FROM_PRODUCTION_AND_HARVESTED_AREA
DST26,Puri,CRP005,Moong(Green Gram),2023-24,Annual,6003.37,5825.33,4038.33,0.6932362630099925,synthetic_prototype,2024_25_project_crop_structure,SEA03,CALCULATED_FROM_PRODUCTION_AND_HARVESTED_AREA
DST26,Puri,CRP005,Moong(Green Gram),2024-25,Annual,6021.19,5809.48,4121.0,0.7093578082719969,synthetic_prototype,2024_25_project_crop_structure,SEA03,CALCULATED_FROM_PRODUCTION_AND_HARVESTED_AREA
DST26,Puri,CRP007,Ragi,2015-16,Annual,2386.17,2332.88,1980.76,0.8490621034943931,synthetic_prototype,2024_25_project_crop_structure,SEA03,CALCULATED_FROM_PRODUCTION_AND_HARVESTED_AREA
DST26,Puri,CRP007,Ragi,2016-17,Annual,2647.45,2553.64,2224.38,0.8710624833570904,synthetic_prototype,2024_25_project_crop_structure,SEA03,CALCULATED_FROM_PRODUCTION_AND_HARVESTED_AREA
DST26,Puri,CRP007,Ragi,2017-18,Annual,2715.65,2597.19,2244.35,0.8641454803075631,synthetic_prototype,2024_25_project_crop_structure,SEA03,CALCULATED_FROM_PRODUCTION_AND_HARVESTED_AREA
DST26,Puri,CRP007,Ragi,2018-19,Annual,2742.67,2647.89,2380.81,0.8991347827893152,synthetic_prototype,2024_25_project_crop_structure,SEA03,CALCULATED_FROM_PRODUCTION_AND_HARVESTED_AREA
DST26,Puri,CRP007,Ragi,2019-20,Annual,2724.36,2629.94,2334.23,0.8875601724754176,synthetic_prototype,2024_25_project_crop_structure,SEA03,CALCULATED_FROM_PRODUCTION_AND_HARVESTED_AREA
DST26,Puri,CRP007,Ragi,2020-21,Annual,2697.53,2605.02,2129.37,0.8174102310155008,synthetic_prototype,2024_25_project_crop_structure,SEA03,CALCULATED_FROM_PRODUCTION_AND_HARVESTED_AREA
DST26,Puri,CRP007,Ragi,2021-22,Annual,2410.2,2345.15,1940.8,0.8275803253523228,synthetic_prototype,2024_25_project_crop_structure,SEA03,CALCULATED_FROM_PRODUCTION_AND_HARVESTED_AREA
DST26,Puri,CRP007,Ragi,2022-23,Annual,2607.69,2515.42,2006.71,0.7977633953773128,synthetic_prototype,2024_25_project_crop_structure,SEA03,CALCULATED_FROM_PRODUCTION_AND_HARVESTED_AREA
DST26,Puri,CRP007,Ragi,2023-24,Annual,2605.62,2512.71,2111.33,0.8402601175623131,synthetic_prototype,2024_25_project_crop_structure,SEA03,CALCULATED_FROM_PRODUCTION_AND_HARVESTED_AREA
DST26,Puri,CRP007,Ragi,2024-25,Annual,2585.98,2484.1,2197.63,0.8846785556137032,synthetic_prototype,2024_25_project_crop_structure,SEA03,CALCULATED_FROM_PRODUCTION_AND_HARVESTED_AREA
DST26,Puri,CRP009,Rice,2015-16,Annual,68489.18,65919.3,146943.4,2.2291407827449623,synthetic_prototype,2024_25_project_crop_structure,SEA03,CALCULATED_FROM_PRODUCTION_AND_HARVESTED_AREA
DST26,Puri,CRP009,Rice,2016-17,Annual,72650.42,70246.92,157566.67,2.243040264256426,synthetic_prototype,2024_25_project_crop_structure,SEA03,CALCULATED_FROM_PRODUCTION_AND_HARVESTED_AREA
DST26,Puri,CRP009,Rice,2017-18,Annual,69950.74,67221.23,167170.23,2.486866574741343,synthetic_prototype,2024_25_project_crop_structure,SEA03,CALCULATED_FROM_PRODUCTION_AND_HARVESTED_AREA
DST26,Puri,CRP009,Rice,2018-19,Annual,70117.08,67975.92,151225.73,2.2246955980882643,synthetic_prototype,2024_25_project_crop_structure,SEA03,CALCULATED_FROM_PRODUCTION_AND_HARVESTED_AREA
DST26,Puri,CRP009,Rice,2019-20,Annual,72462.76,70265.72,160731.51,2.287481150125552,synthetic_prototype,2024_25_project_crop_structure,SEA03,CALCULATED_FROM_PRODUCTION_AND_HARVESTED_AREA
DST26,Puri,CRP009,Rice,2020-21,Annual,71968.49,69863.26,150867.84,2.159473233857109,synthetic_prototype,2024_25_project_crop_structure,SEA03,CALCULATED_FROM_PRODUCTION_AND_HARVESTED_AREA
DST26,Puri,CRP009,Rice,2021-22,Annual,65778.0,63656.1,129942.99,2.0413281680781576,synthetic_prototype,2024_25_project_crop_structure,SEA03,CALCULATED_FROM_PRODUCTION_AND_HARVESTED_AREA
DST26,Puri,CRP009,Rice,2022-23,Annual,65456.07,62518.45,130817.83,2.0924675835693303,synthetic_prototype,2024_25_project_crop_structure,SEA03,CALCULATED_FROM_PRODUCTION_AND_HARVESTED_AREA
DST26,Puri,CRP009,Rice,2023-24,Annual,69380.18,67648.18,150009.51,2.2174951343849907,synthetic_prototype,2024_25_project_crop_structure,SEA03,CALCULATED_FROM_PRODUCTION_AND_HARVESTED_AREA
DST26,Puri,CRP009,Rice,2024-25,Annual,69878.36,67721.81,154342.57,2.279067408269212,synthetic_prototype,2024_25_project_crop_structure,SEA03,CALCULATED_FROM_PRODUCTION_AND_HARVESTED_AREA
DST26,Puri,CRP010,Sesamum,2015-16,Annual,2516.85,2409.94,1995.57,0.8280579599492103,synthetic_prototype,2024_25_project_crop_structure,SEA03,CALCULATED_FROM_PRODUCTION_AND_HARVESTED_AREA
DST26,Puri,CRP010,Sesamum,2016-17,Annual,2525.27,2414.99,2121.19,0.8783431815452653,synthetic_prototype,2024_25_project_crop_structure,SEA03,CALCULATED_FROM_PRODUCTION_AND_HARVESTED_AREA
DST26,Puri,CRP010,Sesamum,2017-18,Annual,2584.93,2473.56,2191.5,0.885970018920099,synthetic_prototype,2024_25_project_crop_structure,SEA03,CALCULATED_FROM_PRODUCTION_AND_HARVESTED_AREA
DST26,Puri,CRP010,Sesamum,2018-19,Annual,2776.24,2686.48,2448.58,0.9114454602304874,synthetic_prototype,2024_25_project_crop_structure,SEA03,CALCULATED_FROM_PRODUCTION_AND_HARVESTED_AREA
DST26,Puri,CRP010,Sesamum,2019-20,Annual,2741.47,2651.6,2184.85,0.8239742042540353,synthetic_prototype,2024_25_project_crop_structure,SEA03,CALCULATED_FROM_PRODUCTION_AND_HARVESTED_AREA
DST26,Puri,CRP010,Sesamum,2020-21,Annual,2572.22,2482.63,1981.12,0.7979924515533929,synthetic_prototype,2024_25_project_crop_structure,SEA03,CALCULATED_FROM_PRODUCTION_AND_HARVESTED_AREA
DST26,Puri,CRP010,Sesamum,2021-22,Annual,2560.87,2471.77,1988.06,0.8043062259028955,synthetic_prototype,2024_25_project_crop_structure,SEA03,CALCULATED_FROM_PRODUCTION_AND_HARVESTED_AREA
DST26,Puri,CRP010,Sesamum,2022-23,Annual,2472.94,2417.18,2109.81,0.8728394244532885,synthetic_prototype,2024_25_project_crop_structure,SEA03,CALCULATED_FROM_PRODUCTION_AND_HARVESTED_AREA
DST26,Puri,CRP010,Sesamum,2023-24,Annual,2632.22,2579.11,2335.82,0.9056690098522359,synthetic_prototype,2024_25_project_crop_structure,SEA03,CALCULATED_FROM_PRODUCTION_AND_HARVESTED_AREA
DST26,Puri,CRP010,Sesamum,2024-25,Annual,2582.72,2467.59,2131.26,0.8637010200235858,synthetic_prototype,2024_25_project_crop_structure,SEA03,CALCULATED_FROM_PRODUCTION_AND_HARVESTED_AREA
DST26,Puri,CRP012,Urad,2015-16,Annual,4762.45,4662.37,3734.01,0.8008823838519895,synthetic_prototype,2024_25_project_crop_structure,SEA03,CALCULATED_FROM_PRODUCTION_AND_HARVESTED_AREA
DST26,Puri,CRP012,Urad,2016-17,Annual,5154.52,4933.03,4101.34,0.8314038228026184,synthetic_prototype,2024_25_project_crop_structure,SEA03,CALCULATED_FROM_PRODUCTION_AND_HARVESTED_AREA
DST26,Puri,CRP012,Urad,2017-18,Annual,5284.1,5138.71,3900.11,0.7589667445720814,synthetic_prototype,2024_25_project_crop_structure,SEA03,CALCULATED_FROM_PRODUCTION_AND_HARVESTED_AREA
DST26,Puri,CRP012,Urad,2018-19,Annual,5392.76,5253.19,3985.58,0.7586970964309305,synthetic_prototype,2024_25_project_crop_structure,SEA03,CALCULATED_FROM_PRODUCTION_AND_HARVESTED_AREA
DST26,Puri,CRP012,Urad,2019-20,Annual,5442.74,5282.29,4143.95,0.7844987685265292,synthetic_prototype,2024_25_project_crop_structure,SEA03,CALCULATED_FROM_PRODUCTION_AND_HARVESTED_AREA
DST26,Puri,CRP012,Urad,2020-21,Annual,4986.34,4881.13,3514.1,0.7199357525818816,synthetic_prototype,2024_25_project_crop_structure,SEA03,CALCULATED_FROM_PRODUCTION_AND_HARVESTED_AREA
DST26,Puri,CRP012,Urad,2021-22,Annual,4784.19,4628.34,3603.05,0.7784756521776707,synthetic_prototype,2024_25_project_crop_structure,SEA03,CALCULATED_FROM_PRODUCTION_AND_HARVESTED_AREA
DST26,Puri,CRP012,Urad,2022-23,Annual,5175.97,4970.59,3791.43,0.7627726286014336,synthetic_prototype,2024_25_project_crop_structure,SEA03,CALCULATED_FROM_PRODUCTION_AND_HARVESTED_AREA
DST26,Puri,CRP012,Urad,2023-24,Annual,5242.28,5010.49,4160.87,0.8304317541797309,synthetic_prototype,2024_25_project_crop_structure,SEA03,CALCULATED_FROM_PRODUCTION_AND_HARVESTED_AREA
DST26,Puri,CRP012,Urad,2024-25,Annual,5345.73,5183.35,4312.87,0.8320622763270857,synthetic_prototype,2024_25_project_crop_structure,SEA03,CALCULATED_FROM_PRODUCTION_AND_HARVESTED_AREA
DST26,Puri,CRP002,Horse Gram,2015-16,Annual,2408.96,2329.85,1850.17,0.7941155009979184,synthetic_prototype,2024_25_project_crop_structure,SEA03,CALCULATED_FROM_PRODUCTION_AND_HARVESTED_AREA
DST26,Puri,CRP002,Horse Gram,2016-17,Annual,2570.02,2465.61,1825.1,0.7402225007199029,synthetic_prototype,2024_25_project_crop_structure,SEA03,CALCULATED_FROM_PRODUCTION_AND_HARVESTED_AREA
DST26,Puri,CRP002,Horse Gram,2017-18,Annual,2591.55,2521.98,1790.27,0.7098668506490932,synthetic_prototype,2024_25_project_crop_structure,SEA03,CALCULATED_FROM_PRODUCTION_AND_HARVESTED_AREA
DST26,Puri,CRP002,Horse Gram,2018-19,Annual,2654.59,2594.86,2014.27,0.7762538248691644,synthetic_prototype,2024_25_project_crop_structure,SEA03,CALCULATED_FROM_PRODUCTION_AND_HARVESTED_AREA
DST26,Puri,CRP002,Horse Gram,2019-20,Annual,2651.14,2554.57,2050.93,0.8028474459498075,synthetic_prototype,2024_25_project_crop_structure,SEA03,CALCULATED_FROM_PRODUCTION_AND_HARVESTED_AREA
DST26,Puri,CRP002,Horse Gram,2020-21,Annual,2524.12,2448.11,2058.02,0.840656669839182,synthetic_prototype,2024_25_project_crop_structure,SEA03,CALCULATED_FROM_PRODUCTION_AND_HARVESTED_AREA
DST26,Puri,CRP002,Horse Gram,2021-22,Annual,2567.12,2493.83,2030.98,0.8144019439977865,synthetic_prototype,2024_25_project_crop_structure,SEA03,CALCULATED_FROM_PRODUCTION_AND_HARVESTED_AREA
DST26,Puri,CRP002,Horse Gram,2022-23,Annual,2546.65,2456.14,1940.31,0.7899834699976386,synthetic_prototype,2024_25_project_crop_structure,SEA03,CALCULATED_FROM_PRODUCTION_AND_HARVESTED_AREA
DST26,Puri,CRP002,Horse Gram,2023-24,Annual,2618.0,2517.71,1877.77,0.7458245786845983,synthetic_prototype,2024_25_project_crop_structure,SEA03,CALCULATED_FROM_PRODUCTION_AND_HARVESTED_AREA
DST26,Puri,CRP002,Horse Gram,2024-25,Annual,2766.86,2681.84,2022.29,0.7540681024967932,synthetic_prototype,2024_25_project_crop_structure,SEA03,CALCULATED_FROM_PRODUCTION_AND_HARVESTED_AREA
DST26,Puri,CRP006,Potato,2015-16,Annual,2337.29,2286.56,42944.16,18.781120985235464,synthetic_prototype,2024_25_project_crop_structure,SEA03,CALCULATED_FROM_PRODUCTION_AND_HARVESTED_AREA
DST26,Puri,CRP006,Potato,2016-17,Annual,2147.93,2089.62,39263.11,18.78959332318795,synthetic_prototype,2024_25_project_crop_structure,SEA03,CALCULATED_FROM_PRODUCTION_AND_HARVESTED_AREA
DST26,Puri,CRP006,Potato,2017-18,Annual,2314.96,2215.79,44499.14,20.082742498160925,synthetic_prototype,2024_25_project_crop_structure,SEA03,CALCULATED_FROM_PRODUCTION_AND_HARVESTED_AREA
DST26,Puri,CRP006,Potato,2018-19,Annual,2561.96,2459.19,45850.39,18.644508964333784,synthetic_prototype,2024_25_project_crop_structure,SEA03,CALCULATED_FROM_PRODUCTION_AND_HARVESTED_AREA
DST26,Puri,CRP006,Potato,2019-20,Annual,2312.59,2261.85,45207.9,19.987134425359773,synthetic_prototype,2024_25_project_crop_structure,SEA03,CALCULATED_FROM_PRODUCTION_AND_HARVESTED_AREA
DST26,Puri,CRP006,Potato,2020-21,Annual,2292.11,2233.22,44121.78,19.75702349074431,synthetic_prototype,2024_25_project_crop_structure,SEA03,CALCULATED_FROM_PRODUCTION_AND_HARVESTED_AREA
DST26,Puri,CRP006,Potato,2021-22,Annual,2273.5,2202.31,39516.49,17.94320054851497,synthetic_prototype,2024_25_project_crop_structure,SEA03,CALCULATED_FROM_PRODUCTION_AND_HARVESTED_AREA
DST26,Puri,CRP006,Potato,2022-23,Annual,2212.1,2166.03,39084.28,18.044200680507654,synthetic_prototype,2024_25_project_crop_structure,SEA03,CALCULATED_FROM_PRODUCTION_AND_HARVESTED_AREA
DST26,Puri,CRP006,Potato,2023-24,Annual,2401.5,2310.58,42781.36,18.515420370642868,synthetic_prototype,2024_25_project_crop_structure,SEA03,CALCULATED_FROM_PRODUCTION_AND_HARVESTED_AREA
DST26,Puri,CRP006,Potato,2024-25,Annual,2372.04,2288.72,44716.15,19.537623649900382,synthetic_prototype,2024_25_project_crop_structure,SEA03,CALCULATED_FROM_PRODUCTION_AND_HARVESTED_AREA
DST26,Puri,CRP008,Rapeseed &Mustard,2015-16,Annual,4097.59,3970.97,5464.58,1.3761322800222615,synthetic_prototype,2024_25_project_crop_structure,SEA03,CALCULATED_FROM_PRODUCTION_AND_HARVESTED_AREA
DST26,Puri,CRP008,Rapeseed &Mustard,2016-17,Annual,4027.77,3880.05,5995.42,1.5451914279455161,synthetic_prototype,2024_25_project_crop_structure,SEA03,CALCULATED_FROM_PRODUCTION_AND_HARVESTED_AREA
DST26,Puri,CRP008,Rapeseed &Mustard,2017-18,Annual,3814.76,3650.25,5686.61,1.5578686391343057,synthetic_prototype,2024_25_project_crop_structure,SEA03,CALCULATED_FROM_PRODUCTION_AND_HARVESTED_AREA
DST26,Puri,CRP008,Rapeseed &Mustard,2018-19,Annual,4166.97,4072.02,6566.69,1.612636971331182,synthetic_prototype,2024_25_project_crop_structure,SEA03,CALCULATED_FROM_PRODUCTION_AND_HARVESTED_AREA
DST26,Puri,CRP008,Rapeseed &Mustard,2019-20,Annual,4283.87,4124.39,6021.41,1.4599516534566321,synthetic_prototype,2024_25_project_crop_structure,SEA03,CALCULATED_FROM_PRODUCTION_AND_HARVESTED_AREA
DST26,Puri,CRP008,Rapeseed &Mustard,2020-21,Annual,4090.87,3959.89,5480.02,1.383881875506643,synthetic_prototype,2024_25_project_crop_structure,SEA03,CALCULATED_FROM_PRODUCTION_AND_HARVESTED_AREA
DST26,Puri,CRP008,Rapeseed &Mustard,2021-22,Annual,3823.99,3695.21,5309.04,1.4367356659026145,synthetic_prototype,2024_25_project_crop_structure,SEA03,CALCULATED_FROM_PRODUCTION_AND_HARVESTED_AREA
DST26,Puri,CRP008,Rapeseed &Mustard,2022-23,Annual,3964.85,3838.16,5642.23,1.470035120995477,synthetic_prototype,2024_25_project_crop_structure,SEA03,CALCULATED_FROM_PRODUCTION_AND_HARVESTED_AREA
DST26,Puri,CRP008,Rapeseed &Mustard,2023-24,Annual,3994.3,3861.78,5748.76,1.4886295956786766,synthetic_prototype,2024_25_project_crop_structure,SEA03,CALCULATED_FROM_PRODUCTION_AND_HARVESTED_AREA
DST26,Puri,CRP008,Rapeseed &Mustard,2024-25,Annual,3998.65,3912.54,5855.98,1.4967208002985273,synthetic_prototype,2024_25_project_crop_structure,SEA03,CALCULATED_FROM_PRODUCTION_AND_HARVESTED_AREA
DST26,Puri,CRP011,Sugarcane,2015-16,Annual,5682.46,5543.0,387703.25,69.94465993144506,synthetic_prototype,2024_25_project_crop_structure,SEA03,CALCULATED_FROM_PRODUCTION_AND_HARVESTED_AREA
DST26,Puri,CRP011,Sugarcane,2016-17,Annual,5643.11,5408.14,372941.18,68.95923182461992,synthetic_prototype,2024_25_project_crop_structure,SEA03,CALCULATED_FROM_PRODUCTION_AND_HARVESTED_AREA
DST26,Puri,CRP011,Sugarcane,2017-18,Annual,5555.83,5388.66,387747.13,71.95613195117154,synthetic_prototype,2024_25_project_crop_structure,SEA03,CALCULATED_FROM_PRODUCTION_AND_HARVESTED_AREA
DST26,Puri,CRP011,Sugarcane,2018-19,Annual,5674.64,5542.34,354968.32,64.04665177524295,synthetic_prototype,2024_25_project_crop_structure,SEA03,CALCULATED_FROM_PRODUCTION_AND_HARVESTED_AREA
DST26,Puri,CRP011,Sugarcane,2019-20,Annual,5650.93,5454.17,327570.62,60.0587477104674,synthetic_prototype,2024_25_project_crop_structure,SEA03,CALCULATED_FROM_PRODUCTION_AND_HARVESTED_AREA
DST26,Puri,CRP011,Sugarcane,2020-21,Annual,5628.26,5405.05,330288.56,61.10740141164281,synthetic_prototype,2024_25_project_crop_structure,SEA03,CALCULATED_FROM_PRODUCTION_AND_HARVESTED_AREA
DST26,Puri,CRP011,Sugarcane,2021-22,Annual,5506.71,5357.97,318614.41,59.46550839217091,synthetic_prototype,2024_25_project_crop_structure,SEA03,CALCULATED_FROM_PRODUCTION_AND_HARVESTED_AREA
DST26,Puri,CRP011,Sugarcane,2022-23,Annual,5595.85,5418.05,337011.97,62.20170910198318,synthetic_prototype,2024_25_project_crop_structure,SEA03,CALCULATED_FROM_PRODUCTION_AND_HARVESTED_AREA
DST26,Puri,CRP011,Sugarcane,2023-24,Annual,5519.71,5339.12,327436.81,61.32786114565696,synthetic_prototype,2024_25_project_crop_structure,SEA03,CALCULATED_FROM_PRODUCTION_AND_HARVESTED_AREA
DST26,Puri,CRP011,Sugarcane,2024-25,Annual,5986.85,5828.68,384404.88,65.9505891556922,synthetic_prototype,2024_25_project_crop_structure,SEA03,CALCULATED_FROM_PRODUCTION_AND_HARVESTED_AREA
DST26,Puri,CRP003,Jute,2015-16,Annual,1675.48,1617.42,4189.51,2.5902424849451595,synthetic_prototype,2024_25_project_crop_structure,SEA03,CALCULATED_FROM_PRODUCTION_AND_HARVESTED_AREA
DST26,Puri,CRP003,Jute,2016-17,Annual,1748.0,1675.69,4216.55,2.5163067154425938,synthetic_prototype,2024_25_project_crop_structure,SEA03,CALCULATED_FROM_PRODUCTION_AND_HARVESTED_AREA
DST26,Puri,CRP003,Jute,2017-18,Annual,1830.72,1769.61,4737.34,2.6770531360017182,synthetic_prototype,2024_25_project_crop_structure,SEA03,CALCULATED_FROM_PRODUCTION_AND_HARVESTED_AREA
DST26,Puri,CRP003,Jute,2018-19,Annual,1823.61,1772.39,5032.66,2.839476638888732,synthetic_prototype,2024_25_project_crop_structure,SEA03,CALCULATED_FROM_PRODUCTION_AND_HARVESTED_AREA
DST26,Puri,CRP003,Jute,2019-20,Annual,1711.29,1668.98,4593.84,2.7524835528286737,synthetic_prototype,2024_25_project_crop_structure,SEA03,CALCULATED_FROM_PRODUCTION_AND_HARVESTED_AREA
DST26,Puri,CRP003,Jute,2020-21,Annual,1630.73,1564.07,4320.63,2.7624275128351035,synthetic_prototype,2024_25_project_crop_structure,SEA03,CALCULATED_FROM_PRODUCTION_AND_HARVESTED_AREA
DST26,Puri,CRP003,Jute,2021-22,Annual,1676.95,1627.24,4404.46,2.7067058331899414,synthetic_prototype,2024_25_project_crop_structure,SEA03,CALCULATED_FROM_PRODUCTION_AND_HARVESTED_AREA
DST26,Puri,CRP003,Jute,2022-23,Annual,1676.34,1605.63,3892.8,2.424468900057921,synthetic_prototype,2024_25_project_crop_structure,SEA03,CALCULATED_FROM_PRODUCTION_AND_HARVESTED_AREA
DST26,Puri,CRP003,Jute,2023-24,Annual,1772.38,1729.17,4190.99,2.4237003880474446,synthetic_prototype,2024_25_project_crop_structure,SEA03,CALCULATED_FROM_PRODUCTION_AND_HARVESTED_AREA
DST26,Puri,CRP003,Jute,2024-25,Annual,1715.82,1653.65,4384.33,2.6513046896259787,synthetic_prototype,2024_25_project_crop_structure,SEA03,CALCULATED_FROM_PRODUCTION_AND_HARVESTED_AREA
DST26,Puri,CRP013,Wheat,2015-16,Annual,4359.8,4250.17,14151.38,3.3296032864567766,synthetic_prototype,2024_25_project_crop_structure,SEA03,CALCULATED_FROM_PRODUCTION_AND_HARVESTED_AREA
DST26,Puri,CRP013,Wheat,2016-17,Annual,4511.21,4396.3,13755.8,3.1289493437663487,synthetic_prototype,2024_25_project_crop_structure,SEA03,CALCULATED_FROM_PRODUCTION_AND_HARVESTED_AREA
DST26,Puri,CRP013,Wheat,2017-18,Annual,4717.06,4544.28,13522.49,2.975716725201792,synthetic_prototype,2024_25_project_crop_structure,SEA03,CALCULATED_FROM_PRODUCTION_AND_HARVESTED_AREA
DST26,Puri,CRP013,Wheat,2018-19,Annual,4816.14,4623.62,13196.09,2.854060238514411,synthetic_prototype,2024_25_project_crop_structure,SEA03,CALCULATED_FROM_PRODUCTION_AND_HARVESTED_AREA
DST26,Puri,CRP013,Wheat,2019-20,Annual,4640.04,4545.73,12100.45,2.661937686576194,synthetic_prototype,2024_25_project_crop_structure,SEA03,CALCULATED_FROM_PRODUCTION_AND_HARVESTED_AREA
DST26,Puri,CRP013,Wheat,2020-21,Annual,4588.57,4392.38,12422.22,2.8281296244860417,synthetic_prototype,2024_25_project_crop_structure,SEA03,CALCULATED_FROM_PRODUCTION_AND_HARVESTED_AREA
DST26,Puri,CRP013,Wheat,2021-22,Annual,4522.47,4421.22,13251.41,2.997229271558529,synthetic_prototype,2024_25_project_crop_structure,SEA03,CALCULATED_FROM_PRODUCTION_AND_HARVESTED_AREA
DST26,Puri,CRP013,Wheat,2022-23,Annual,4583.98,4390.82,14751.05,3.3595205451373547,synthetic_prototype,2024_25_project_crop_structure,SEA03,CALCULATED_FROM_PRODUCTION_AND_HARVESTED_AREA
DST26,Puri,CRP013,Wheat,2023-24,Annual,4551.43,4393.87,14391.12,3.27527214050484,synthetic_prototype,2024_25_project_crop_structure,SEA03,CALCULATED_FROM_PRODUCTION_AND_HARVESTED_AREA
DST26,Puri,CRP013,Wheat,2024-25,Annual,4788.92,4683.38,15179.79,3.2412040022377004,synthetic_prototype,2024_25_project_crop_structure,SEA03,CALCULATED_FROM_PRODUCTION_AND_HARVESTED_AREA
DST27,Rayagada,CRP001,Groundnut,2015-16,Annual,5655.8,5454.85,9871.3,1.809637295251015,synthetic_prototype,2024_25_project_crop_structure,SEA03,CALCULATED_FROM_PRODUCTION_AND_HARVESTED_AREA
DST27,Rayagada,CRP001,Groundnut,2016-17,Annual,6943.56,6750.24,11618.76,1.7212365782549954,synthetic_prototype,2024_25_project_crop_structure,SEA03,CALCULATED_FROM_PRODUCTION_AND_HARVESTED_AREA
DST27,Rayagada,CRP001,Groundnut,2017-18,Annual,6671.25,6504.31,11348.44,1.744756938091819,synthetic_prototype,2024_25_project_crop_structure,SEA03,CALCULATED_FROM_PRODUCTION_AND_HARVESTED_AREA
DST27,Rayagada,CRP001,Groundnut,2018-19,Annual,6513.64,6250.83,11607.21,1.8569070027500347,synthetic_prototype,2024_25_project_crop_structure,SEA03,CALCULATED_FROM_PRODUCTION_AND_HARVESTED_AREA
DST27,Rayagada,CRP001,Groundnut,2019-20,Annual,6505.73,6254.8,11850.3,1.8945929526123935,synthetic_prototype,2024_25_project_crop_structure,SEA03,CALCULATED_FROM_PRODUCTION_AND_HARVESTED_AREA
DST27,Rayagada,CRP001,Groundnut,2020-21,Annual,6362.12,6207.71,12308.73,1.982813307967028,synthetic_prototype,2024_25_project_crop_structure,SEA03,CALCULATED_FROM_PRODUCTION_AND_HARVESTED_AREA
DST27,Rayagada,CRP001,Groundnut,2021-22,Annual,6329.93,6114.64,12362.51,2.0217886907487603,synthetic_prototype,2024_25_project_crop_structure,SEA03,CALCULATED_FROM_PRODUCTION_AND_HARVESTED_AREA
DST27,Rayagada,CRP001,Groundnut,2022-23,Annual,5832.58,5702.36,11708.13,2.053207794667471,synthetic_prototype,2024_25_project_crop_structure,SEA03,CALCULATED_FROM_PRODUCTION_AND_HARVESTED_AREA
DST27,Rayagada,CRP001,Groundnut,2023-24,Annual,6727.33,6467.95,11861.75,1.8339272876259094,synthetic_prototype,2024_25_project_crop_structure,SEA03,CALCULATED_FROM_PRODUCTION_AND_HARVESTED_AREA
DST27,Rayagada,CRP001,Groundnut,2024-25,Annual,6648.31,6505.4,11736.96,1.8041872905586127,synthetic_prototype,2024_25_project_crop_structure,SEA03,CALCULATED_FROM_PRODUCTION_AND_HARVESTED_AREA
DST27,Rayagada,CRP004,Maize,2015-16,Annual,7294.48,7106.77,21418.88,3.0138698733742615,synthetic_prototype,2024_25_project_crop_structure,SEA03,CALCULATED_FROM_PRODUCTION_AND_HARVESTED_AREA
DST27,Rayagada,CRP004,Maize,2016-17,Annual,7894.78,7682.05,23196.54,3.0195768056703614,synthetic_prototype,2024_25_project_crop_structure,SEA03,CALCULATED_FROM_PRODUCTION_AND_HARVESTED_AREA
DST27,Rayagada,CRP004,Maize,2017-18,Annual,8053.43,7745.03,25610.62,3.3067166944479234,synthetic_prototype,2024_25_project_crop_structure,SEA03,CALCULATED_FROM_PRODUCTION_AND_HARVESTED_AREA
DST27,Rayagada,CRP004,Maize,2018-19,Annual,8129.2,7933.09,28338.81,3.5722284759154377,synthetic_prototype,2024_25_project_crop_structure,SEA03,CALCULATED_FROM_PRODUCTION_AND_HARVESTED_AREA
DST27,Rayagada,CRP004,Maize,2019-20,Annual,8295.57,8027.15,26336.75,3.2809589954093297,synthetic_prototype,2024_25_project_crop_structure,SEA03,CALCULATED_FROM_PRODUCTION_AND_HARVESTED_AREA
DST27,Rayagada,CRP004,Maize,2020-21,Annual,7779.7,7513.26,26225.66,3.490583315365101,synthetic_prototype,2024_25_project_crop_structure,SEA03,CALCULATED_FROM_PRODUCTION_AND_HARVESTED_AREA
DST27,Rayagada,CRP004,Maize,2021-22,Annual,7398.32,7206.87,23771.09,3.2983930610653447,synthetic_prototype,2024_25_project_crop_structure,SEA03,CALCULATED_FROM_PRODUCTION_AND_HARVESTED_AREA
DST27,Rayagada,CRP004,Maize,2022-23,Annual,7557.84,7377.68,23121.04,3.1339174374600147,synthetic_prototype,2024_25_project_crop_structure,SEA03,CALCULATED_FROM_PRODUCTION_AND_HARVESTED_AREA
DST27,Rayagada,CRP004,Maize,2023-24,Annual,8403.77,8091.73,25047.57,3.0954530119022756,synthetic_prototype,2024_25_project_crop_structure,SEA03,CALCULATED_FROM_PRODUCTION_AND_HARVESTED_AREA
DST27,Rayagada,CRP004,Maize,2024-25,Annual,7799.93,7533.01,22150.29,2.9404301866053544,synthetic_prototype,2024_25_project_crop_structure,SEA03,CALCULATED_FROM_PRODUCTION_AND_HARVESTED_AREA
DST27,Rayagada,CRP005,Moong(Green Gram),2015-16,Annual,593.06,573.94,472.81,0.823796912569258,synthetic_prototype,2024_25_project_crop_structure,SEA03,CALCULATED_FROM_PRODUCTION_AND_HARVESTED_AREA
DST27,Rayagada,CRP005,Moong(Green Gram),2016-17,Annual,583.49,569.98,458.03,0.8035895996350748,synthetic_prototype,2024_25_project_crop_structure,SEA03,CALCULATED_FROM_PRODUCTION_AND_HARVESTED_AREA
DST27,Rayagada,CRP005,Moong(Green Gram),2017-18,Annual,598.95,582.11,474.21,0.8146398447028912,synthetic_prototype,2024_25_project_crop_structure,SEA03,CALCULATED_FROM_PRODUCTION_AND_HARVESTED_AREA
DST27,Rayagada,CRP005,Moong(Green Gram),2018-19,Annual,620.27,599.11,480.16,0.8014554923135986,synthetic_prototype,2024_25_project_crop_structure,SEA03,CALCULATED_FROM_PRODUCTION_AND_HARVESTED_AREA
DST27,Rayagada,CRP005,Moong(Green Gram),2019-20,Annual,600.83,584.56,485.61,0.8307273846996032,synthetic_prototype,2024_25_project_crop_structure,SEA03,CALCULATED_FROM_PRODUCTION_AND_HARVESTED_AREA
DST27,Rayagada,CRP005,Moong(Green Gram),2020-21,Annual,605.13,585.86,478.86,0.8173625098146314,synthetic_prototype,2024_25_project_crop_structure,SEA03,CALCULATED_FROM_PRODUCTION_AND_HARVESTED_AREA
DST27,Rayagada,CRP005,Moong(Green Gram),2021-22,Annual,596.5,580.98,540.66,0.9306000206547557,synthetic_prototype,2024_25_project_crop_structure,SEA03,CALCULATED_FROM_PRODUCTION_AND_HARVESTED_AREA
DST27,Rayagada,CRP005,Moong(Green Gram),2022-23,Annual,572.97,555.71,487.77,0.8777419877274117,synthetic_prototype,2024_25_project_crop_structure,SEA03,CALCULATED_FROM_PRODUCTION_AND_HARVESTED_AREA
DST27,Rayagada,CRP005,Moong(Green Gram),2023-24,Annual,609.08,588.43,506.37,0.8605441598830788,synthetic_prototype,2024_25_project_crop_structure,SEA03,CALCULATED_FROM_PRODUCTION_AND_HARVESTED_AREA
DST27,Rayagada,CRP005,Moong(Green Gram),2024-25,Annual,628.24,610.52,478.35,0.7835124156456792,synthetic_prototype,2024_25_project_crop_structure,SEA03,CALCULATED_FROM_PRODUCTION_AND_HARVESTED_AREA
DST27,Rayagada,CRP007,Ragi,2015-16,Annual,2792.54,2716.28,4392.04,1.6169319805027462,synthetic_prototype,2024_25_project_crop_structure,SEA03,CALCULATED_FROM_PRODUCTION_AND_HARVESTED_AREA
DST27,Rayagada,CRP007,Ragi,2016-17,Annual,2782.88,2661.55,4556.57,1.7119986474047075,synthetic_prototype,2024_25_project_crop_structure,SEA03,CALCULATED_FROM_PRODUCTION_AND_HARVESTED_AREA
DST27,Rayagada,CRP007,Ragi,2017-18,Annual,2705.43,2613.36,4529.81,1.7333279762451403,synthetic_prototype,2024_25_project_crop_structure,SEA03,CALCULATED_FROM_PRODUCTION_AND_HARVESTED_AREA
DST27,Rayagada,CRP007,Ragi,2018-19,Annual,2854.74,2747.17,4863.67,1.7704292053276645,synthetic_prototype,2024_25_project_crop_structure,SEA03,CALCULATED_FROM_PRODUCTION_AND_HARVESTED_AREA
DST27,Rayagada,CRP007,Ragi,2019-20,Annual,2827.28,2735.73,4661.51,1.703936426474835,synthetic_prototype,2024_25_project_crop_structure,SEA03,CALCULATED_FROM_PRODUCTION_AND_HARVESTED_AREA
DST27,Rayagada,CRP007,Ragi,2020-21,Annual,2672.06,2566.65,4157.65,1.6198741550269804,synthetic_prototype,2024_25_project_crop_structure,SEA03,CALCULATED_FROM_PRODUCTION_AND_HARVESTED_AREA
DST27,Rayagada,CRP007,Ragi,2021-22,Annual,2544.47,2431.62,3868.55,1.590935261266152,synthetic_prototype,2024_25_project_crop_structure,SEA03,CALCULATED_FROM_PRODUCTION_AND_HARVESTED_AREA
DST27,Rayagada,CRP007,Ragi,2022-23,Annual,2650.96,2575.19,4097.41,1.5911097821908284,synthetic_prototype,2024_25_project_crop_structure,SEA03,CALCULATED_FROM_PRODUCTION_AND_HARVESTED_AREA
DST27,Rayagada,CRP007,Ragi,2023-24,Annual,2669.43,2573.59,3871.46,1.5043033272588096,synthetic_prototype,2024_25_project_crop_structure,SEA03,CALCULATED_FROM_PRODUCTION_AND_HARVESTED_AREA
DST27,Rayagada,CRP007,Ragi,2024-25,Annual,2973.69,2857.32,4635.77,1.6224189100275783,synthetic_prototype,2024_25_project_crop_structure,SEA03,CALCULATED_FROM_PRODUCTION_AND_HARVESTED_AREA
DST27,Rayagada,CRP009,Rice,2015-16,Annual,42085.55,40981.45,137991.76,3.367176124807688,synthetic_prototype,2024_25_project_crop_structure,SEA03,CALCULATED_FROM_PRODUCTION_AND_HARVESTED_AREA
DST27,Rayagada,CRP009,Rice,2016-17,Annual,41392.93,39835.51,147294.65,3.697571588765902,synthetic_prototype,2024_25_project_crop_structure,SEA03,CALCULATED_FROM_PRODUCTION_AND_HARVESTED_AREA
DST27,Rayagada,CRP009,Rice,2017-18,Annual,42050.27,41063.92,146049.58,3.556639989557743,synthetic_prototype,2024_25_project_crop_structure,SEA03,CALCULATED_FROM_PRODUCTION_AND_HARVESTED_AREA
DST27,Rayagada,CRP009,Rice,2018-19,Annual,42795.61,41845.81,150253.85,3.590654596003758,synthetic_prototype,2024_25_project_crop_structure,SEA03,CALCULATED_FROM_PRODUCTION_AND_HARVESTED_AREA
DST27,Rayagada,CRP009,Rice,2019-20,Annual,44563.98,42797.91,144016.12,3.365026937063048,synthetic_prototype,2024_25_project_crop_structure,SEA03,CALCULATED_FROM_PRODUCTION_AND_HARVESTED_AREA
DST27,Rayagada,CRP009,Rice,2020-21,Annual,40975.71,39522.1,130989.7,3.31434058412888,synthetic_prototype,2024_25_project_crop_structure,SEA03,CALCULATED_FROM_PRODUCTION_AND_HARVESTED_AREA
DST27,Rayagada,CRP009,Rice,2021-22,Annual,40047.28,39164.95,129055.06,3.2951672349894485,synthetic_prototype,2024_25_project_crop_structure,SEA03,CALCULATED_FROM_PRODUCTION_AND_HARVESTED_AREA
DST27,Rayagada,CRP009,Rice,2022-23,Annual,39706.65,38895.9,127245.6,3.271439920402922,synthetic_prototype,2024_25_project_crop_structure,SEA03,CALCULATED_FROM_PRODUCTION_AND_HARVESTED_AREA
DST27,Rayagada,CRP009,Rice,2023-24,Annual,41959.26,40188.13,133687.37,3.3265387068271153,synthetic_prototype,2024_25_project_crop_structure,SEA03,CALCULATED_FROM_PRODUCTION_AND_HARVESTED_AREA
DST27,Rayagada,CRP009,Rice,2024-25,Annual,42315.07,40849.38,143198.54,3.5055254204592585,synthetic_prototype,2024_25_project_crop_structure,SEA03,CALCULATED_FROM_PRODUCTION_AND_HARVESTED_AREA
DST27,Rayagada,CRP010,Sesamum,2015-16,Annual,3415.14,3312.1,2561.15,0.77327073457927,synthetic_prototype,2024_25_project_crop_structure,SEA03,CALCULATED_FROM_PRODUCTION_AND_HARVESTED_AREA
DST27,Rayagada,CRP010,Sesamum,2016-17,Annual,3645.61,3510.71,2841.79,0.8094630430881502,synthetic_prototype,2024_25_project_crop_structure,SEA03,CALCULATED_FROM_PRODUCTION_AND_HARVESTED_AREA
DST27,Rayagada,CRP010,Sesamum,2017-18,Annual,3720.72,3627.51,2705.26,0.745762244625101,synthetic_prototype,2024_25_project_crop_structure,SEA03,CALCULATED_FROM_PRODUCTION_AND_HARVESTED_AREA
DST27,Rayagada,CRP010,Sesamum,2018-19,Annual,3712.04,3606.3,2638.11,0.7315281590549871,synthetic_prototype,2024_25_project_crop_structure,SEA03,CALCULATED_FROM_PRODUCTION_AND_HARVESTED_AREA
DST27,Rayagada,CRP010,Sesamum,2019-20,Annual,3765.85,3674.17,2560.28,0.6968322097235566,synthetic_prototype,2024_25_project_crop_structure,SEA03,CALCULATED_FROM_PRODUCTION_AND_HARVESTED_AREA
DST27,Rayagada,CRP010,Sesamum,2020-21,Annual,3584.61,3485.37,2349.48,0.6740977285051516,synthetic_prototype,2024_25_project_crop_structure,SEA03,CALCULATED_FROM_PRODUCTION_AND_HARVESTED_AREA
DST27,Rayagada,CRP010,Sesamum,2021-22,Annual,3360.93,3261.85,2480.04,0.7603169980225946,synthetic_prototype,2024_25_project_crop_structure,SEA03,CALCULATED_FROM_PRODUCTION_AND_HARVESTED_AREA
DST27,Rayagada,CRP010,Sesamum,2022-23,Annual,3660.7,3567.95,2534.87,0.7104555837385613,synthetic_prototype,2024_25_project_crop_structure,SEA03,CALCULATED_FROM_PRODUCTION_AND_HARVESTED_AREA
DST27,Rayagada,CRP010,Sesamum,2023-24,Annual,3898.51,3771.01,2905.28,0.7704248994301262,synthetic_prototype,2024_25_project_crop_structure,SEA03,CALCULATED_FROM_PRODUCTION_AND_HARVESTED_AREA
DST27,Rayagada,CRP010,Sesamum,2024-25,Annual,3830.46,3738.09,2904.9,0.7771080953107068,synthetic_prototype,2024_25_project_crop_structure,SEA03,CALCULATED_FROM_PRODUCTION_AND_HARVESTED_AREA
DST27,Rayagada,CRP012,Urad,2015-16,Annual,2986.36,2855.34,2628.4,0.9205208486555017,synthetic_prototype,2024_25_project_crop_structure,SEA03,CALCULATED_FROM_PRODUCTION_AND_HARVESTED_AREA
DST27,Rayagada,CRP012,Urad,2016-17,Annual,3201.64,3114.01,2696.26,0.8658482150025208,synthetic_prototype,2024_25_project_crop_structure,SEA03,CALCULATED_FROM_PRODUCTION_AND_HARVESTED_AREA
DST27,Rayagada,CRP012,Urad,2017-18,Annual,3029.32,2900.87,2507.41,0.8643648284824897,synthetic_prototype,2024_25_project_crop_structure,SEA03,CALCULATED_FROM_PRODUCTION_AND_HARVESTED_AREA
DST27,Rayagada,CRP012,Urad,2018-19,Annual,3111.7,3032.07,2766.01,0.9122513662283522,synthetic_prototype,2024_25_project_crop_structure,SEA03,CALCULATED_FROM_PRODUCTION_AND_HARVESTED_AREA
DST27,Rayagada,CRP012,Urad,2019-20,Annual,3093.07,3003.95,2365.41,0.7874332129363005,synthetic_prototype,2024_25_project_crop_structure,SEA03,CALCULATED_FROM_PRODUCTION_AND_HARVESTED_AREA
DST27,Rayagada,CRP012,Urad,2020-21,Annual,3016.98,2956.16,2468.58,0.8350630547737605,synthetic_prototype,2024_25_project_crop_structure,SEA03,CALCULATED_FROM_PRODUCTION_AND_HARVESTED_AREA
DST27,Rayagada,CRP012,Urad,2021-22,Annual,2979.42,2901.51,2421.32,0.8345034137397424,synthetic_prototype,2024_25_project_crop_structure,SEA03,CALCULATED_FROM_PRODUCTION_AND_HARVESTED_AREA
DST27,Rayagada,CRP012,Urad,2022-23,Annual,2927.57,2836.92,2355.57,0.830326551330316,synthetic_prototype,2024_25_project_crop_structure,SEA03,CALCULATED_FROM_PRODUCTION_AND_HARVESTED_AREA
DST27,Rayagada,CRP012,Urad,2023-24,Annual,3067.4,2976.47,2492.18,0.8372938413624192,synthetic_prototype,2024_25_project_crop_structure,SEA03,CALCULATED_FROM_PRODUCTION_AND_HARVESTED_AREA
DST27,Rayagada,CRP012,Urad,2024-25,Annual,3069.93,3007.25,2719.77,0.9044043561393299,synthetic_prototype,2024_25_project_crop_structure,SEA03,CALCULATED_FROM_PRODUCTION_AND_HARVESTED_AREA
DST27,Rayagada,CRP002,Horse Gram,2015-16,Annual,4648.66,4444.43,2612.36,0.5877829102944584,synthetic_prototype,2024_25_project_crop_structure,SEA03,CALCULATED_FROM_PRODUCTION_AND_HARVESTED_AREA
DST27,Rayagada,CRP002,Horse Gram,2016-17,Annual,4830.63,4672.96,3066.41,0.6562029206327467,synthetic_prototype,2024_25_project_crop_structure,SEA03,CALCULATED_FROM_PRODUCTION_AND_HARVESTED_AREA
DST27,Rayagada,CRP002,Horse Gram,2017-18,Annual,5045.71,4891.84,2942.8,0.6015732321580428,synthetic_prototype,2024_25_project_crop_structure,SEA03,CALCULATED_FROM_PRODUCTION_AND_HARVESTED_AREA
DST27,Rayagada,CRP002,Horse Gram,2018-19,Annual,4948.29,4800.29,3118.83,0.6497169962648089,synthetic_prototype,2024_25_project_crop_structure,SEA03,CALCULATED_FROM_PRODUCTION_AND_HARVESTED_AREA
DST27,Rayagada,CRP002,Horse Gram,2019-20,Annual,4783.27,4674.96,3210.41,0.6867245922959768,synthetic_prototype,2024_25_project_crop_structure,SEA03,CALCULATED_FROM_PRODUCTION_AND_HARVESTED_AREA
DST27,Rayagada,CRP002,Horse Gram,2020-21,Annual,4915.75,4815.38,3419.17,0.7100519585162541,synthetic_prototype,2024_25_project_crop_structure,SEA03,CALCULATED_FROM_PRODUCTION_AND_HARVESTED_AREA
DST27,Rayagada,CRP002,Horse Gram,2021-22,Annual,4623.86,4483.33,3022.99,0.6742733637720176,synthetic_prototype,2024_25_project_crop_structure,SEA03,CALCULATED_FROM_PRODUCTION_AND_HARVESTED_AREA
DST27,Rayagada,CRP002,Horse Gram,2022-23,Annual,4710.08,4558.47,2994.98,0.6570143052383803,synthetic_prototype,2024_25_project_crop_structure,SEA03,CALCULATED_FROM_PRODUCTION_AND_HARVESTED_AREA
DST27,Rayagada,CRP002,Horse Gram,2023-24,Annual,5108.21,4935.08,3331.14,0.6749920973925447,synthetic_prototype,2024_25_project_crop_structure,SEA03,CALCULATED_FROM_PRODUCTION_AND_HARVESTED_AREA
DST27,Rayagada,CRP002,Horse Gram,2024-25,Annual,4955.23,4797.27,2897.38,0.6039643380505996,synthetic_prototype,2024_25_project_crop_structure,SEA03,CALCULATED_FROM_PRODUCTION_AND_HARVESTED_AREA
DST27,Rayagada,CRP006,Potato,2015-16,Annual,7961.9,7781.61,167135.68,21.47829048230379,synthetic_prototype,2024_25_project_crop_structure,SEA03,CALCULATED_FROM_PRODUCTION_AND_HARVESTED_AREA
DST27,Rayagada,CRP006,Potato,2016-17,Annual,7788.75,7570.85,160538.85,21.20486471136002,synthetic_prototype,2024_25_project_crop_structure,SEA03,CALCULATED_FROM_PRODUCTION_AND_HARVESTED_AREA
DST27,Rayagada,CRP006,Potato,2017-18,Annual,8187.24,7930.02,178289.76,22.48288907215871,synthetic_prototype,2024_25_project_crop_structure,SEA03,CALCULATED_FROM_PRODUCTION_AND_HARVESTED_AREA
DST27,Rayagada,CRP006,Potato,2018-19,Annual,7811.24,7626.76,175405.14,22.99864424736061,synthetic_prototype,2024_25_project_crop_structure,SEA03,CALCULATED_FROM_PRODUCTION_AND_HARVESTED_AREA
DST27,Rayagada,CRP006,Potato,2019-20,Annual,7638.06,7396.15,165024.07,22.31215835265645,synthetic_prototype,2024_25_project_crop_structure,SEA03,CALCULATED_FROM_PRODUCTION_AND_HARVESTED_AREA
DST27,Rayagada,CRP006,Potato,2020-21,Annual,7109.04,6867.22,146548.09,21.34023520434761,synthetic_prototype,2024_25_project_crop_structure,SEA03,CALCULATED_FROM_PRODUCTION_AND_HARVESTED_AREA
DST27,Rayagada,CRP006,Potato,2021-22,Annual,7581.48,7290.08,159371.67,21.861443221473564,synthetic_prototype,2024_25_project_crop_structure,SEA03,CALCULATED_FROM_PRODUCTION_AND_HARVESTED_AREA
DST27,Rayagada,CRP006,Potato,2022-23,Annual,8013.17,7838.08,149051.74,19.016358598024006,synthetic_prototype,2024_25_project_crop_structure,SEA03,CALCULATED_FROM_PRODUCTION_AND_HARVESTED_AREA
DST27,Rayagada,CRP006,Potato,2023-24,Annual,7790.64,7632.13,150527.32,19.72284539178447,synthetic_prototype,2024_25_project_crop_structure,SEA03,CALCULATED_FROM_PRODUCTION_AND_HARVESTED_AREA
DST27,Rayagada,CRP006,Potato,2024-25,Annual,8230.47,7917.82,162801.87,20.5614512580483,synthetic_prototype,2024_25_project_crop_structure,SEA03,CALCULATED_FROM_PRODUCTION_AND_HARVESTED_AREA
DST27,Rayagada,CRP008,Rapeseed &Mustard,2015-16,Annual,672.27,657.11,575.19,0.8753328970796367,synthetic_prototype,2024_25_project_crop_structure,SEA03,CALCULATED_FROM_PRODUCTION_AND_HARVESTED_AREA
DST27,Rayagada,CRP008,Rapeseed &Mustard,2016-17,Annual,690.18,662.07,597.95,0.9031522346579667,synthetic_prototype,2024_25_project_crop_structure,SEA03,CALCULATED_FROM_PRODUCTION_AND_HARVESTED_AREA
DST27,Rayagada,CRP008,Rapeseed &Mustard,2017-18,Annual,748.59,719.95,691.69,0.960747274116258,synthetic_prototype,2024_25_project_crop_structure,SEA03,CALCULATED_FROM_PRODUCTION_AND_HARVESTED_AREA
DST27,Rayagada,CRP008,Rapeseed &Mustard,2018-19,Annual,683.11,659.87,595.23,0.9020413111673512,synthetic_prototype,2024_25_project_crop_structure,SEA03,CALCULATED_FROM_PRODUCTION_AND_HARVESTED_AREA
DST27,Rayagada,CRP008,Rapeseed &Mustard,2019-20,Annual,691.34,663.96,593.74,0.8942406169046327,synthetic_prototype,2024_25_project_crop_structure,SEA03,CALCULATED_FROM_PRODUCTION_AND_HARVESTED_AREA
DST27,Rayagada,CRP008,Rapeseed &Mustard,2020-21,Annual,696.11,678.6,575.36,0.8478632478632478,synthetic_prototype,2024_25_project_crop_structure,SEA03,CALCULATED_FROM_PRODUCTION_AND_HARVESTED_AREA
DST27,Rayagada,CRP008,Rapeseed &Mustard,2021-22,Annual,630.19,617.56,513.18,0.8309799857503725,synthetic_prototype,2024_25_project_crop_structure,SEA03,CALCULATED_FROM_PRODUCTION_AND_HARVESTED_AREA
DST27,Rayagada,CRP008,Rapeseed &Mustard,2022-23,Annual,699.9,673.16,584.15,0.8677728920316121,synthetic_prototype,2024_25_project_crop_structure,SEA03,CALCULATED_FROM_PRODUCTION_AND_HARVESTED_AREA
DST27,Rayagada,CRP008,Rapeseed &Mustard,2023-24,Annual,700.74,680.47,591.65,0.8694725704292621,synthetic_prototype,2024_25_project_crop_structure,SEA03,CALCULATED_FROM_PRODUCTION_AND_HARVESTED_AREA
DST27,Rayagada,CRP008,Rapeseed &Mustard,2024-25,Annual,702.74,675.17,633.06,0.937630522683176,synthetic_prototype,2024_25_project_crop_structure,SEA03,CALCULATED_FROM_PRODUCTION_AND_HARVESTED_AREA
DST27,Rayagada,CRP011,Sugarcane,2015-16,Annual,1583.59,1533.09,110416.08,72.02191652153495,synthetic_prototype,2024_25_project_crop_structure,SEA03,CALCULATED_FROM_PRODUCTION_AND_HARVESTED_AREA
DST27,Rayagada,CRP011,Sugarcane,2016-17,Annual,1571.26,1504.96,111314.16,73.96486285349776,synthetic_prototype,2024_25_project_crop_structure,SEA03,CALCULATED_FROM_PRODUCTION_AND_HARVESTED_AREA
DST27,Rayagada,CRP011,Sugarcane,2017-18,Annual,1628.26,1593.35,112021.51,70.30565161452286,synthetic_prototype,2024_25_project_crop_structure,SEA03,CALCULATED_FROM_PRODUCTION_AND_HARVESTED_AREA
DST27,Rayagada,CRP011,Sugarcane,2018-19,Annual,1681.41,1633.68,107681.63,65.91353875912051,synthetic_prototype,2024_25_project_crop_structure,SEA03,CALCULATED_FROM_PRODUCTION_AND_HARVESTED_AREA
DST27,Rayagada,CRP011,Sugarcane,2019-20,Annual,1647.44,1577.39,101396.88,64.28142691407959,synthetic_prototype,2024_25_project_crop_structure,SEA03,CALCULATED_FROM_PRODUCTION_AND_HARVESTED_AREA
DST27,Rayagada,CRP011,Sugarcane,2020-21,Annual,1518.87,1464.57,101092.09,69.02509951726445,synthetic_prototype,2024_25_project_crop_structure,SEA03,CALCULATED_FROM_PRODUCTION_AND_HARVESTED_AREA
DST27,Rayagada,CRP011,Sugarcane,2021-22,Annual,1582.86,1538.61,99161.33,64.44864520573765,synthetic_prototype,2024_25_project_crop_structure,SEA03,CALCULATED_FROM_PRODUCTION_AND_HARVESTED_AREA
DST27,Rayagada,CRP011,Sugarcane,2022-23,Annual,1499.81,1443.35,101612.85,70.40069976097274,synthetic_prototype,2024_25_project_crop_structure,SEA03,CALCULATED_FROM_PRODUCTION_AND_HARVESTED_AREA
DST27,Rayagada,CRP011,Sugarcane,2023-24,Annual,1650.9,1612.52,119585.69,74.16074839381838,synthetic_prototype,2024_25_project_crop_structure,SEA03,CALCULATED_FROM_PRODUCTION_AND_HARVESTED_AREA
DST27,Rayagada,CRP011,Sugarcane,2024-25,Annual,1622.14,1554.39,117121.57,75.34889570828427,synthetic_prototype,2024_25_project_crop_structure,SEA03,CALCULATED_FROM_PRODUCTION_AND_HARVESTED_AREA
DST27,Rayagada,CRP003,Jute,2015-16,Annual,4857.1,4667.36,9583.91,2.05338992492544,synthetic_prototype,2024_25_project_crop_structure,SEA03,CALCULATED_FROM_PRODUCTION_AND_HARVESTED_AREA
DST27,Rayagada,CRP003,Jute,2016-17,Annual,4663.62,4459.34,9866.7,2.2125919979189748,synthetic_prototype,2024_25_project_crop_structure,SEA03,CALCULATED_FROM_PRODUCTION_AND_HARVESTED_AREA
DST27,Rayagada,CRP003,Jute,2017-18,Annual,4919.71,4730.43,10782.64,2.279420686914297,synthetic_prototype,2024_25_project_crop_structure,SEA03,CALCULATED_FROM_PRODUCTION_AND_HARVESTED_AREA
DST27,Rayagada,CRP003,Jute,2018-19,Annual,5082.11,4893.03,11972.27,2.446800857546347,synthetic_prototype,2024_25_project_crop_structure,SEA03,CALCULATED_FROM_PRODUCTION_AND_HARVESTED_AREA
DST27,Rayagada,CRP003,Jute,2019-20,Annual,4842.22,4673.68,11750.1,2.514100237928142,synthetic_prototype,2024_25_project_crop_structure,SEA03,CALCULATED_FROM_PRODUCTION_AND_HARVESTED_AREA
DST27,Rayagada,CRP003,Jute,2020-21,Annual,4701.01,4566.14,10985.7,2.405905206585869,synthetic_prototype,2024_25_project_crop_structure,SEA03,CALCULATED_FROM_PRODUCTION_AND_HARVESTED_AREA
DST27,Rayagada,CRP003,Jute,2021-22,Annual,4348.37,4199.92,9649.56,2.2975580487247376,synthetic_prototype,2024_25_project_crop_structure,SEA03,CALCULATED_FROM_PRODUCTION_AND_HARVESTED_AREA
DST27,Rayagada,CRP003,Jute,2022-23,Annual,4466.39,4331.37,9909.73,2.2878973627281898,synthetic_prototype,2024_25_project_crop_structure,SEA03,CALCULATED_FROM_PRODUCTION_AND_HARVESTED_AREA
DST27,Rayagada,CRP003,Jute,2023-24,Annual,4614.64,4426.52,9086.33,2.052702800393989,synthetic_prototype,2024_25_project_crop_structure,SEA03,CALCULATED_FROM_PRODUCTION_AND_HARVESTED_AREA
DST27,Rayagada,CRP003,Jute,2024-25,Annual,4907.13,4751.9,11124.0,2.3409583535007052,synthetic_prototype,2024_25_project_crop_structure,SEA03,CALCULATED_FROM_PRODUCTION_AND_HARVESTED_AREA
DST27,Rayagada,CRP013,Wheat,2015-16,Annual,1739.45,1686.93,4352.77,2.5802908241598645,synthetic_prototype,2024_25_project_crop_structure,SEA03,CALCULATED_FROM_PRODUCTION_AND_HARVESTED_AREA
DST27,Rayagada,CRP013,Wheat,2016-17,Annual,1793.26,1713.32,4544.21,2.652283286251255,synthetic_prototype,2024_25_project_crop_structure,SEA03,CALCULATED_FROM_PRODUCTION_AND_HARVESTED_AREA
DST27,Rayagada,CRP013,Wheat,2017-18,Annual,1793.16,1721.28,4254.65,2.4717942461424056,synthetic_prototype,2024_25_project_crop_structure,SEA03,CALCULATED_FROM_PRODUCTION_AND_HARVESTED_AREA
DST27,Rayagada,CRP013,Wheat,2018-19,Annual,1883.44,1840.14,4373.97,2.376976751768887,synthetic_prototype,2024_25_project_crop_structure,SEA03,CALCULATED_FROM_PRODUCTION_AND_HARVESTED_AREA
DST27,Rayagada,CRP013,Wheat,2019-20,Annual,1827.16,1763.82,4140.06,2.347212300574889,synthetic_prototype,2024_25_project_crop_structure,SEA03,CALCULATED_FROM_PRODUCTION_AND_HARVESTED_AREA
DST27,Rayagada,CRP013,Wheat,2020-21,Annual,1755.11,1717.79,3839.07,2.234889014373119,synthetic_prototype,2024_25_project_crop_structure,SEA03,CALCULATED_FROM_PRODUCTION_AND_HARVESTED_AREA
DST27,Rayagada,CRP013,Wheat,2021-22,Annual,1797.68,1748.53,4271.85,2.4431093547151037,synthetic_prototype,2024_25_project_crop_structure,SEA03,CALCULATED_FROM_PRODUCTION_AND_HARVESTED_AREA
DST27,Rayagada,CRP013,Wheat,2022-23,Annual,1835.71,1780.71,4239.98,2.381061486710357,synthetic_prototype,2024_25_project_crop_structure,SEA03,CALCULATED_FROM_PRODUCTION_AND_HARVESTED_AREA
DST27,Rayagada,CRP013,Wheat,2023-24,Annual,1707.52,1639.46,4425.83,2.6995657106608273,synthetic_prototype,2024_25_project_crop_structure,SEA03,CALCULATED_FROM_PRODUCTION_AND_HARVESTED_AREA
DST27,Rayagada,CRP013,Wheat,2024-25,Annual,1901.18,1839.41,4680.81,2.544734452895222,synthetic_prototype,2024_25_project_crop_structure,SEA03,CALCULATED_FROM_PRODUCTION_AND_HARVESTED_AREA
DST28,Sambalpur,CRP001,Groundnut,2015-16,Annual,2110.33,2062.99,3613.56,1.7516129501354831,synthetic_prototype,2024_25_project_crop_structure,SEA03,CALCULATED_FROM_PRODUCTION_AND_HARVESTED_AREA
DST28,Sambalpur,CRP001,Groundnut,2016-17,Annual,2015.03,1969.79,3586.69,1.8208489229816378,synthetic_prototype,2024_25_project_crop_structure,SEA03,CALCULATED_FROM_PRODUCTION_AND_HARVESTED_AREA
DST28,Sambalpur,CRP001,Groundnut,2017-18,Annual,2295.53,2244.44,4014.54,1.78865997754451,synthetic_prototype,2024_25_project_crop_structure,SEA03,CALCULATED_FROM_PRODUCTION_AND_HARVESTED_AREA
DST28,Sambalpur,CRP001,Groundnut,2018-19,Annual,2183.98,2090.22,4119.74,1.9709599946417125,synthetic_prototype,2024_25_project_crop_structure,SEA03,CALCULATED_FROM_PRODUCTION_AND_HARVESTED_AREA
DST28,Sambalpur,CRP001,Groundnut,2019-20,Annual,2232.68,2163.0,4068.17,1.8807998150716598,synthetic_prototype,2024_25_project_crop_structure,SEA03,CALCULATED_FROM_PRODUCTION_AND_HARVESTED_AREA
DST28,Sambalpur,CRP001,Groundnut,2020-21,Annual,2120.65,2029.61,4046.07,1.9935209227388515,synthetic_prototype,2024_25_project_crop_structure,SEA03,CALCULATED_FROM_PRODUCTION_AND_HARVESTED_AREA
DST28,Sambalpur,CRP001,Groundnut,2021-22,Annual,2061.32,1985.57,3939.11,1.9838686120358386,synthetic_prototype,2024_25_project_crop_structure,SEA03,CALCULATED_FROM_PRODUCTION_AND_HARVESTED_AREA
DST28,Sambalpur,CRP001,Groundnut,2022-23,Annual,2085.68,2012.64,3788.46,1.8823336513236346,synthetic_prototype,2024_25_project_crop_structure,SEA03,CALCULATED_FROM_PRODUCTION_AND_HARVESTED_AREA
DST28,Sambalpur,CRP001,Groundnut,2023-24,Annual,2092.18,2021.23,3585.82,1.774078160328117,synthetic_prototype,2024_25_project_crop_structure,SEA03,CALCULATED_FROM_PRODUCTION_AND_HARVESTED_AREA
DST28,Sambalpur,CRP001,Groundnut,2024-25,Annual,2147.78,2078.85,3620.92,1.741789931933521,synthetic_prototype,2024_25_project_crop_structure,SEA03,CALCULATED_FROM_PRODUCTION_AND_HARVESTED_AREA
DST28,Sambalpur,CRP004,Maize,2015-16,Annual,1908.72,1864.04,6791.17,3.643253363661724,synthetic_prototype,2024_25_project_crop_structure,SEA03,CALCULATED_FROM_PRODUCTION_AND_HARVESTED_AREA
DST28,Sambalpur,CRP004,Maize,2016-17,Annual,1952.11,1906.05,7539.43,3.9555258256603976,synthetic_prototype,2024_25_project_crop_structure,SEA03,CALCULATED_FROM_PRODUCTION_AND_HARVESTED_AREA
DST28,Sambalpur,CRP004,Maize,2017-18,Annual,2061.51,1968.83,8044.91,4.0861374521924185,synthetic_prototype,2024_25_project_crop_structure,SEA03,CALCULATED_FROM_PRODUCTION_AND_HARVESTED_AREA
DST28,Sambalpur,CRP004,Maize,2018-19,Annual,2036.16,1967.43,7694.19,3.910782086274988,synthetic_prototype,2024_25_project_crop_structure,SEA03,CALCULATED_FROM_PRODUCTION_AND_HARVESTED_AREA
DST28,Sambalpur,CRP004,Maize,2019-20,Annual,2104.85,2052.87,8749.34,4.262003926210623,synthetic_prototype,2024_25_project_crop_structure,SEA03,CALCULATED_FROM_PRODUCTION_AND_HARVESTED_AREA
DST28,Sambalpur,CRP004,Maize,2020-21,Annual,1976.99,1912.78,7462.99,3.9016457721222513,synthetic_prototype,2024_25_project_crop_structure,SEA03,CALCULATED_FROM_PRODUCTION_AND_HARVESTED_AREA
DST28,Sambalpur,CRP004,Maize,2021-22,Annual,2023.7,1980.75,7753.26,3.9143051874290045,synthetic_prototype,2024_25_project_crop_structure,SEA03,CALCULATED_FROM_PRODUCTION_AND_HARVESTED_AREA
DST28,Sambalpur,CRP004,Maize,2022-23,Annual,1879.79,1838.64,6986.07,3.7995855632423963,synthetic_prototype,2024_25_project_crop_structure,SEA03,CALCULATED_FROM_PRODUCTION_AND_HARVESTED_AREA
DST28,Sambalpur,CRP004,Maize,2023-24,Annual,1994.54,1912.18,7095.93,3.7109111066949763,synthetic_prototype,2024_25_project_crop_structure,SEA03,CALCULATED_FROM_PRODUCTION_AND_HARVESTED_AREA
DST28,Sambalpur,CRP004,Maize,2024-25,Annual,1951.85,1888.9,7078.47,3.747403250569114,synthetic_prototype,2024_25_project_crop_structure,SEA03,CALCULATED_FROM_PRODUCTION_AND_HARVESTED_AREA
DST28,Sambalpur,CRP005,Moong(Green Gram),2015-16,Annual,6829.71,6621.3,5004.02,0.7557458505127392,synthetic_prototype,2024_25_project_crop_structure,SEA03,CALCULATED_FROM_PRODUCTION_AND_HARVESTED_AREA
DST28,Sambalpur,CRP005,Moong(Green Gram),2016-17,Annual,7022.81,6868.14,5153.73,0.7503821995474756,synthetic_prototype,2024_25_project_crop_structure,SEA03,CALCULATED_FROM_PRODUCTION_AND_HARVESTED_AREA
DST28,Sambalpur,CRP005,Moong(Green Gram),2017-18,Annual,7176.75,6889.74,5583.24,0.8103702026491566,synthetic_prototype,2024_25_project_crop_structure,SEA03,CALCULATED_FROM_PRODUCTION_AND_HARVESTED_AREA
DST28,Sambalpur,CRP005,Moong(Green Gram),2018-19,Annual,6986.61,6749.52,5290.21,0.7837905510317771,synthetic_prototype,2024_25_project_crop_structure,SEA03,CALCULATED_FROM_PRODUCTION_AND_HARVESTED_AREA
DST28,Sambalpur,CRP005,Moong(Green Gram),2019-20,Annual,7140.64,6990.05,5853.92,0.8374646819407586,synthetic_prototype,2024_25_project_crop_structure,SEA03,CALCULATED_FROM_PRODUCTION_AND_HARVESTED_AREA
DST28,Sambalpur,CRP005,Moong(Green Gram),2020-21,Annual,6979.62,6789.25,5519.43,0.8129660860919837,synthetic_prototype,2024_25_project_crop_structure,SEA03,CALCULATED_FROM_PRODUCTION_AND_HARVESTED_AREA
DST28,Sambalpur,CRP005,Moong(Green Gram),2021-22,Annual,6885.0,6597.34,5606.77,0.8498531226221477,synthetic_prototype,2024_25_project_crop_structure,SEA03,CALCULATED_FROM_PRODUCTION_AND_HARVESTED_AREA
DST28,Sambalpur,CRP005,Moong(Green Gram),2022-23,Annual,6810.21,6571.92,5342.52,0.812931380783698,synthetic_prototype,2024_25_project_crop_structure,SEA03,CALCULATED_FROM_PRODUCTION_AND_HARVESTED_AREA
DST28,Sambalpur,CRP005,Moong(Green Gram),2023-24,Annual,7160.67,6919.42,5256.07,0.7596113547089206,synthetic_prototype,2024_25_project_crop_structure,SEA03,CALCULATED_FROM_PRODUCTION_AND_HARVESTED_AREA
DST28,Sambalpur,CRP005,Moong(Green Gram),2024-25,Annual,7255.89,7063.42,5001.03,0.7080182121408609,synthetic_prototype,2024_25_project_crop_structure,SEA03,CALCULATED_FROM_PRODUCTION_AND_HARVESTED_AREA
DST28,Sambalpur,CRP007,Ragi,2015-16,Annual,5255.28,5027.77,6389.49,1.2708397559952025,synthetic_prototype,2024_25_project_crop_structure,SEA03,CALCULATED_FROM_PRODUCTION_AND_HARVESTED_AREA
DST28,Sambalpur,CRP007,Ragi,2016-17,Annual,5279.61,5138.43,7246.1,1.410177816959655,synthetic_prototype,2024_25_project_crop_structure,SEA03,CALCULATED_FROM_PRODUCTION_AND_HARVESTED_AREA
DST28,Sambalpur,CRP007,Ragi,2017-18,Annual,5637.75,5407.53,7822.03,1.4465070004234837,synthetic_prototype,2024_25_project_crop_structure,SEA03,CALCULATED_FROM_PRODUCTION_AND_HARVESTED_AREA
DST28,Sambalpur,CRP007,Ragi,2018-19,Annual,5267.73,5145.51,7444.66,1.446826456463985,synthetic_prototype,2024_25_project_crop_structure,SEA03,CALCULATED_FROM_PRODUCTION_AND_HARVESTED_AREA
DST28,Sambalpur,CRP007,Ragi,2019-20,Annual,5353.93,5231.04,8063.74,1.5415175567382393,synthetic_prototype,2024_25_project_crop_structure,SEA03,CALCULATED_FROM_PRODUCTION_AND_HARVESTED_AREA
DST28,Sambalpur,CRP007,Ragi,2020-21,Annual,5104.03,4917.54,6633.27,1.3489000597859906,synthetic_prototype,2024_25_project_crop_structure,SEA03,CALCULATED_FROM_PRODUCTION_AND_HARVESTED_AREA
DST28,Sambalpur,CRP007,Ragi,2021-22,Annual,5187.87,4999.58,6467.26,1.293560659095364,synthetic_prototype,2024_25_project_crop_structure,SEA03,CALCULATED_FROM_PRODUCTION_AND_HARVESTED_AREA
DST28,Sambalpur,CRP007,Ragi,2022-23,Annual,5249.41,5081.89,6581.18,1.295026063137927,synthetic_prototype,2024_25_project_crop_structure,SEA03,CALCULATED_FROM_PRODUCTION_AND_HARVESTED_AREA
DST28,Sambalpur,CRP007,Ragi,2023-24,Annual,5259.64,5115.42,7160.51,1.3997892646156131,synthetic_prototype,2024_25_project_crop_structure,SEA03,CALCULATED_FROM_PRODUCTION_AND_HARVESTED_AREA
DST28,Sambalpur,CRP007,Ragi,2024-25,Annual,5738.24,5608.05,8028.21,1.4315510739026933,synthetic_prototype,2024_25_project_crop_structure,SEA03,CALCULATED_FROM_PRODUCTION_AND_HARVESTED_AREA
DST28,Sambalpur,CRP009,Rice,2015-16,Annual,65567.86,62663.86,200072.76,3.192793421918152,synthetic_prototype,2024_25_project_crop_structure,SEA03,CALCULATED_FROM_PRODUCTION_AND_HARVESTED_AREA
DST28,Sambalpur,CRP009,Rice,2016-17,Annual,67355.02,65613.79,217183.84,3.3100334548575843,synthetic_prototype,2024_25_project_crop_structure,SEA03,CALCULATED_FROM_PRODUCTION_AND_HARVESTED_AREA
DST28,Sambalpur,CRP009,Rice,2017-18,Annual,68806.41,65766.89,226956.17,3.4509183876567677,synthetic_prototype,2024_25_project_crop_structure,SEA03,CALCULATED_FROM_PRODUCTION_AND_HARVESTED_AREA
DST28,Sambalpur,CRP009,Rice,2018-19,Annual,67673.31,64635.05,220158.52,3.4061785362585777,synthetic_prototype,2024_25_project_crop_structure,SEA03,CALCULATED_FROM_PRODUCTION_AND_HARVESTED_AREA
DST28,Sambalpur,CRP009,Rice,2019-20,Annual,64678.66,62639.18,189979.91,3.0329246008648263,synthetic_prototype,2024_25_project_crop_structure,SEA03,CALCULATED_FROM_PRODUCTION_AND_HARVESTED_AREA
DST28,Sambalpur,CRP009,Rice,2020-21,Annual,64446.39,62626.34,188517.57,3.0101961890156765,synthetic_prototype,2024_25_project_crop_structure,SEA03,CALCULATED_FROM_PRODUCTION_AND_HARVESTED_AREA
DST28,Sambalpur,CRP009,Rice,2021-22,Annual,65050.63,63295.47,182502.5,2.8833422044263197,synthetic_prototype,2024_25_project_crop_structure,SEA03,CALCULATED_FROM_PRODUCTION_AND_HARVESTED_AREA
DST28,Sambalpur,CRP009,Rice,2022-23,Annual,62627.38,60422.99,187358.65,3.1007841551700768,synthetic_prototype,2024_25_project_crop_structure,SEA03,CALCULATED_FROM_PRODUCTION_AND_HARVESTED_AREA
DST28,Sambalpur,CRP009,Rice,2023-24,Annual,68661.27,65738.77,196846.06,2.994367859331715,synthetic_prototype,2024_25_project_crop_structure,SEA03,CALCULATED_FROM_PRODUCTION_AND_HARVESTED_AREA
DST28,Sambalpur,CRP009,Rice,2024-25,Annual,67925.68,65438.8,209692.17,3.2044012115136584,synthetic_prototype,2024_25_project_crop_structure,SEA03,CALCULATED_FROM_PRODUCTION_AND_HARVESTED_AREA
DST28,Sambalpur,CRP010,Sesamum,2015-16,Annual,551.95,538.43,279.58,0.5192504132384897,synthetic_prototype,2024_25_project_crop_structure,SEA03,CALCULATED_FROM_PRODUCTION_AND_HARVESTED_AREA
DST28,Sambalpur,CRP010,Sesamum,2016-17,Annual,607.78,585.37,329.09,0.5621914344773391,synthetic_prototype,2024_25_project_crop_structure,SEA03,CALCULATED_FROM_PRODUCTION_AND_HARVESTED_AREA
DST28,Sambalpur,CRP010,Sesamum,2017-18,Annual,607.94,593.62,315.01,0.5306593443617129,synthetic_prototype,2024_25_project_crop_structure,SEA03,CALCULATED_FROM_PRODUCTION_AND_HARVESTED_AREA
DST28,Sambalpur,CRP010,Sesamum,2018-19,Annual,593.99,571.83,295.94,0.5175314341674973,synthetic_prototype,2024_25_project_crop_structure,SEA03,CALCULATED_FROM_PRODUCTION_AND_HARVESTED_AREA
DST28,Sambalpur,CRP010,Sesamum,2019-20,Annual,581.38,563.85,279.21,0.4951848895982974,synthetic_prototype,2024_25_project_crop_structure,SEA03,CALCULATED_FROM_PRODUCTION_AND_HARVESTED_AREA
DST28,Sambalpur,CRP010,Sesamum,2020-21,Annual,578.58,555.66,265.38,0.47759421228808985,synthetic_prototype,2024_25_project_crop_structure,SEA03,CALCULATED_FROM_PRODUCTION_AND_HARVESTED_AREA
DST28,Sambalpur,CRP010,Sesamum,2021-22,Annual,601.02,581.62,292.95,0.5036793782882294,synthetic_prototype,2024_25_project_crop_structure,SEA03,CALCULATED_FROM_PRODUCTION_AND_HARVESTED_AREA
DST28,Sambalpur,CRP010,Sesamum,2022-23,Annual,548.83,525.78,249.8,0.4751036555213208,synthetic_prototype,2024_25_project_crop_structure,SEA03,CALCULATED_FROM_PRODUCTION_AND_HARVESTED_AREA
DST28,Sambalpur,CRP010,Sesamum,2023-24,Annual,570.62,550.71,284.11,0.5158976593851573,synthetic_prototype,2024_25_project_crop_structure,SEA03,CALCULATED_FROM_PRODUCTION_AND_HARVESTED_AREA
DST28,Sambalpur,CRP010,Sesamum,2024-25,Annual,613.06,587.55,311.91,0.5308654582588717,synthetic_prototype,2024_25_project_crop_structure,SEA03,CALCULATED_FROM_PRODUCTION_AND_HARVESTED_AREA
DST28,Sambalpur,CRP012,Urad,2015-16,Annual,4384.44,4201.44,4126.61,0.9821894398111124,synthetic_prototype,2024_25_project_crop_structure,SEA03,CALCULATED_FROM_PRODUCTION_AND_HARVESTED_AREA
DST28,Sambalpur,CRP012,Urad,2016-17,Annual,4439.6,4329.32,4362.91,1.0077587242338288,synthetic_prototype,2024_25_project_crop_structure,SEA03,CALCULATED_FROM_PRODUCTION_AND_HARVESTED_AREA
DST28,Sambalpur,CRP012,Urad,2017-18,Annual,4471.64,4340.61,4122.74,0.9498065940040685,synthetic_prototype,2024_25_project_crop_structure,SEA03,CALCULATED_FROM_PRODUCTION_AND_HARVESTED_AREA
DST28,Sambalpur,CRP012,Urad,2018-19,Annual,4558.63,4375.8,3626.98,0.8288724347547877,synthetic_prototype,2024_25_project_crop_structure,SEA03,CALCULATED_FROM_PRODUCTION_AND_HARVESTED_AREA
DST28,Sambalpur,CRP012,Urad,2019-20,Annual,4509.98,4318.04,3957.95,0.9166079980731998,synthetic_prototype,2024_25_project_crop_structure,SEA03,CALCULATED_FROM_PRODUCTION_AND_HARVESTED_AREA
DST28,Sambalpur,CRP012,Urad,2020-21,Annual,4212.68,4098.2,3681.25,0.8982602118003026,synthetic_prototype,2024_25_project_crop_structure,SEA03,CALCULATED_FROM_PRODUCTION_AND_HARVESTED_AREA
DST28,Sambalpur,CRP012,Urad,2021-22,Annual,4381.8,4248.35,3927.38,0.924448315228265,synthetic_prototype,2024_25_project_crop_structure,SEA03,CALCULATED_FROM_PRODUCTION_AND_HARVESTED_AREA
DST28,Sambalpur,CRP012,Urad,2022-23,Annual,4240.28,4074.25,4060.41,0.9966030557771368,synthetic_prototype,2024_25_project_crop_structure,SEA03,CALCULATED_FROM_PRODUCTION_AND_HARVESTED_AREA
DST28,Sambalpur,CRP012,Urad,2023-24,Annual,4417.34,4303.11,4141.82,0.9625178068885062,synthetic_prototype,2024_25_project_crop_structure,SEA03,CALCULATED_FROM_PRODUCTION_AND_HARVESTED_AREA
DST28,Sambalpur,CRP012,Urad,2024-25,Annual,4695.95,4512.69,4398.91,0.9747866571823015,synthetic_prototype,2024_25_project_crop_structure,SEA03,CALCULATED_FROM_PRODUCTION_AND_HARVESTED_AREA
DST28,Sambalpur,CRP002,Horse Gram,2015-16,Annual,3072.08,3009.96,2693.71,0.8949321585668912,synthetic_prototype,2024_25_project_crop_structure,SEA03,CALCULATED_FROM_PRODUCTION_AND_HARVESTED_AREA
DST28,Sambalpur,CRP002,Horse Gram,2016-17,Annual,3168.9,3085.63,2664.5,0.8635189572307762,synthetic_prototype,2024_25_project_crop_structure,SEA03,CALCULATED_FROM_PRODUCTION_AND_HARVESTED_AREA
DST28,Sambalpur,CRP002,Horse Gram,2017-18,Annual,3188.44,3060.78,2932.44,0.9580695116930978,synthetic_prototype,2024_25_project_crop_structure,SEA03,CALCULATED_FROM_PRODUCTION_AND_HARVESTED_AREA
DST28,Sambalpur,CRP002,Horse Gram,2018-19,Annual,3426.38,3345.06,3377.39,1.0096649985351533,synthetic_prototype,2024_25_project_crop_structure,SEA03,CALCULATED_FROM_PRODUCTION_AND_HARVESTED_AREA
DST28,Sambalpur,CRP002,Horse Gram,2019-20,Annual,3130.15,2999.83,2982.45,0.9942063383591736,synthetic_prototype,2024_25_project_crop_structure,SEA03,CALCULATED_FROM_PRODUCTION_AND_HARVESTED_AREA
DST28,Sambalpur,CRP002,Horse Gram,2020-21,Annual,3136.19,3018.65,3216.03,1.0653868451128816,synthetic_prototype,2024_25_project_crop_structure,SEA03,CALCULATED_FROM_PRODUCTION_AND_HARVESTED_AREA
DST28,Sambalpur,CRP002,Horse Gram,2021-22,Annual,3127.14,3010.92,2968.74,0.9859909927862579,synthetic_prototype,2024_25_project_crop_structure,SEA03,CALCULATED_FROM_PRODUCTION_AND_HARVESTED_AREA
DST28,Sambalpur,CRP002,Horse Gram,2022-23,Annual,2901.08,2781.04,2660.37,0.956609757500791,synthetic_prototype,2024_25_project_crop_structure,SEA03,CALCULATED_FROM_PRODUCTION_AND_HARVESTED_AREA
DST28,Sambalpur,CRP002,Horse Gram,2023-24,Annual,3118.11,3055.73,2819.17,0.9225847833414602,synthetic_prototype,2024_25_project_crop_structure,SEA03,CALCULATED_FROM_PRODUCTION_AND_HARVESTED_AREA
DST28,Sambalpur,CRP002,Horse Gram,2024-25,Annual,3301.23,3192.65,3086.52,0.966758022332545,synthetic_prototype,2024_25_project_crop_structure,SEA03,CALCULATED_FROM_PRODUCTION_AND_HARVESTED_AREA
DST28,Sambalpur,CRP006,Potato,2015-16,Annual,5593.18,5458.16,68038.08,12.465387603148315,synthetic_prototype,2024_25_project_crop_structure,SEA03,CALCULATED_FROM_PRODUCTION_AND_HARVESTED_AREA
DST28,Sambalpur,CRP006,Potato,2016-17,Annual,5420.17,5187.08,66515.09,12.823224241769935,synthetic_prototype,2024_25_project_crop_structure,SEA03,CALCULATED_FROM_PRODUCTION_AND_HARVESTED_AREA
DST28,Sambalpur,CRP006,Potato,2017-18,Annual,5685.7,5564.81,72542.73,13.035976071060825,synthetic_prototype,2024_25_project_crop_structure,SEA03,CALCULATED_FROM_PRODUCTION_AND_HARVESTED_AREA
DST28,Sambalpur,CRP006,Potato,2018-19,Annual,5540.2,5393.18,72149.94,13.377995913357239,synthetic_prototype,2024_25_project_crop_structure,SEA03,CALCULATED_FROM_PRODUCTION_AND_HARVESTED_AREA
DST28,Sambalpur,CRP006,Potato,2019-20,Annual,5695.81,5550.47,72464.63,13.055584482034854,synthetic_prototype,2024_25_project_crop_structure,SEA03,CALCULATED_FROM_PRODUCTION_AND_HARVESTED_AREA
DST28,Sambalpur,CRP006,Potato,2020-21,Annual,5474.15,5332.61,66789.4,12.524711163951611,synthetic_prototype,2024_25_project_crop_structure,SEA03,CALCULATED_FROM_PRODUCTION_AND_HARVESTED_AREA
DST28,Sambalpur,CRP006,Potato,2021-22,Annual,5194.5,4992.53,63484.44,12.715885532986283,synthetic_prototype,2024_25_project_crop_structure,SEA03,CALCULATED_FROM_PRODUCTION_AND_HARVESTED_AREA
DST28,Sambalpur,CRP006,Potato,2022-23,Annual,5137.93,4972.8,59557.03,11.976558478120978,synthetic_prototype,2024_25_project_crop_structure,SEA03,CALCULATED_FROM_PRODUCTION_AND_HARVESTED_AREA
DST28,Sambalpur,CRP006,Potato,2023-24,Annual,5542.68,5296.58,61500.96,11.611447386804315,synthetic_prototype,2024_25_project_crop_structure,SEA03,CALCULATED_FROM_PRODUCTION_AND_HARVESTED_AREA
DST28,Sambalpur,CRP006,Potato,2024-25,Annual,5641.52,5401.96,69960.28,12.950906707935637,synthetic_prototype,2024_25_project_crop_structure,SEA03,CALCULATED_FROM_PRODUCTION_AND_HARVESTED_AREA
DST28,Sambalpur,CRP008,Rapeseed &Mustard,2015-16,Annual,3798.66,3656.02,3931.13,1.0752484942642546,synthetic_prototype,2024_25_project_crop_structure,SEA03,CALCULATED_FROM_PRODUCTION_AND_HARVESTED_AREA
DST28,Sambalpur,CRP008,Rapeseed &Mustard,2016-17,Annual,3910.72,3786.12,4428.68,1.1697146419025284,synthetic_prototype,2024_25_project_crop_structure,SEA03,CALCULATED_FROM_PRODUCTION_AND_HARVESTED_AREA
DST28,Sambalpur,CRP008,Rapeseed &Mustard,2017-18,Annual,3971.87,3838.58,4848.96,1.2632171271668169,synthetic_prototype,2024_25_project_crop_structure,SEA03,CALCULATED_FROM_PRODUCTION_AND_HARVESTED_AREA
DST28,Sambalpur,CRP008,Rapeseed &Mustard,2018-19,Annual,3853.35,3683.4,4302.91,1.1681897160232393,synthetic_prototype,2024_25_project_crop_structure,SEA03,CALCULATED_FROM_PRODUCTION_AND_HARVESTED_AREA
DST28,Sambalpur,CRP008,Rapeseed &Mustard,2019-20,Annual,3834.74,3663.36,4253.39,1.1610625218378756,synthetic_prototype,2024_25_project_crop_structure,SEA03,CALCULATED_FROM_PRODUCTION_AND_HARVESTED_AREA
DST28,Sambalpur,CRP008,Rapeseed &Mustard,2020-21,Annual,3944.85,3777.02,4034.5,1.0681701447172638,synthetic_prototype,2024_25_project_crop_structure,SEA03,CALCULATED_FROM_PRODUCTION_AND_HARVESTED_AREA
DST28,Sambalpur,CRP008,Rapeseed &Mustard,2021-22,Annual,3529.85,3379.69,3453.68,1.0218925404400994,synthetic_prototype,2024_25_project_crop_structure,SEA03,CALCULATED_FROM_PRODUCTION_AND_HARVESTED_AREA
DST28,Sambalpur,CRP008,Rapeseed &Mustard,2022-23,Annual,3628.85,3502.13,3999.37,1.1419821651395008,synthetic_prototype,2024_25_project_crop_structure,SEA03,CALCULATED_FROM_PRODUCTION_AND_HARVESTED_AREA
DST28,Sambalpur,CRP008,Rapeseed &Mustard,2023-24,Annual,3953.93,3839.73,4044.88,1.053428235839499,synthetic_prototype,2024_25_project_crop_structure,SEA03,CALCULATED_FROM_PRODUCTION_AND_HARVESTED_AREA
DST28,Sambalpur,CRP008,Rapeseed &Mustard,2024-25,Annual,3795.1,3702.33,4297.56,1.1607717302347442,synthetic_prototype,2024_25_project_crop_structure,SEA03,CALCULATED_FROM_PRODUCTION_AND_HARVESTED_AREA
DST28,Sambalpur,CRP011,Sugarcane,2015-16,Annual,2411.61,2358.61,108284.36,45.910243745256736,synthetic_prototype,2024_25_project_crop_structure,SEA03,CALCULATED_FROM_PRODUCTION_AND_HARVESTED_AREA
DST28,Sambalpur,CRP011,Sugarcane,2016-17,Annual,2470.63,2393.89,123165.07,51.44976168495629,synthetic_prototype,2024_25_project_crop_structure,SEA03,CALCULATED_FROM_PRODUCTION_AND_HARVESTED_AREA
DST28,Sambalpur,CRP011,Sugarcane,2017-18,Annual,2712.17,2628.56,129180.07,49.14480552089357,synthetic_prototype,2024_25_project_crop_structure,SEA03,CALCULATED_FROM_PRODUCTION_AND_HARVESTED_AREA
DST28,Sambalpur,CRP011,Sugarcane,2018-19,Annual,2664.5,2594.0,122950.29,47.39795296838859,synthetic_prototype,2024_25_project_crop_structure,SEA03,CALCULATED_FROM_PRODUCTION_AND_HARVESTED_AREA
DST28,Sambalpur,CRP011,Sugarcane,2019-20,Annual,2554.82,2500.0,113000.37,45.200148,synthetic_prototype,2024_25_project_crop_structure,SEA03,CALCULATED_FROM_PRODUCTION_AND_HARVESTED_AREA
DST28,Sambalpur,CRP011,Sugarcane,2020-21,Annual,2523.19,2454.62,108314.48,44.126781334789094,synthetic_prototype,2024_25_project_crop_structure,SEA03,CALCULATED_FROM_PRODUCTION_AND_HARVESTED_AREA
DST28,Sambalpur,CRP011,Sugarcane,2021-22,Annual,2617.5,2553.28,110112.04,43.12572064168442,synthetic_prototype,2024_25_project_crop_structure,SEA03,CALCULATED_FROM_PRODUCTION_AND_HARVESTED_AREA
DST28,Sambalpur,CRP011,Sugarcane,2022-23,Annual,2460.68,2398.21,109893.0,45.82292626583994,synthetic_prototype,2024_25_project_crop_structure,SEA03,CALCULATED_FROM_PRODUCTION_AND_HARVESTED_AREA
DST28,Sambalpur,CRP011,Sugarcane,2023-24,Annual,2464.36,2365.45,116588.11,49.28791984611808,synthetic_prototype,2024_25_project_crop_structure,SEA03,CALCULATED_FROM_PRODUCTION_AND_HARVESTED_AREA
DST28,Sambalpur,CRP011,Sugarcane,2024-25,Annual,2557.86,2504.17,124449.4,49.69686562813227,synthetic_prototype,2024_25_project_crop_structure,SEA03,CALCULATED_FROM_PRODUCTION_AND_HARVESTED_AREA
DST28,Sambalpur,CRP003,Jute,2015-16,Annual,4047.41,3871.6,5611.91,1.449506663911561,synthetic_prototype,2024_25_project_crop_structure,SEA03,CALCULATED_FROM_PRODUCTION_AND_HARVESTED_AREA
DST28,Sambalpur,CRP003,Jute,2016-17,Annual,4378.13,4251.44,5918.34,1.3920789191426906,synthetic_prototype,2024_25_project_crop_structure,SEA03,CALCULATED_FROM_PRODUCTION_AND_HARVESTED_AREA
DST28,Sambalpur,CRP003,Jute,2017-18,Annual,4217.85,4091.78,6008.37,1.468400060609319,synthetic_prototype,2024_25_project_crop_structure,SEA03,CALCULATED_FROM_PRODUCTION_AND_HARVESTED_AREA
DST28,Sambalpur,CRP003,Jute,2018-19,Annual,4528.92,4399.54,6677.41,1.5177518558758416,synthetic_prototype,2024_25_project_crop_structure,SEA03,CALCULATED_FROM_PRODUCTION_AND_HARVESTED_AREA
DST28,Sambalpur,CRP003,Jute,2019-20,Annual,4153.47,4023.1,6300.98,1.566200193880341,synthetic_prototype,2024_25_project_crop_structure,SEA03,CALCULATED_FROM_PRODUCTION_AND_HARVESTED_AREA
DST28,Sambalpur,CRP003,Jute,2020-21,Annual,4330.69,4242.13,6883.72,1.622703688948712,synthetic_prototype,2024_25_project_crop_structure,SEA03,CALCULATED_FROM_PRODUCTION_AND_HARVESTED_AREA
DST28,Sambalpur,CRP003,Jute,2021-22,Annual,4168.31,4053.56,6378.35,1.573518092738235,synthetic_prototype,2024_25_project_crop_structure,SEA03,CALCULATED_FROM_PRODUCTION_AND_HARVESTED_AREA
DST28,Sambalpur,CRP003,Jute,2022-23,Annual,4224.62,4116.66,5819.37,1.4136144350031337,synthetic_prototype,2024_25_project_crop_structure,SEA03,CALCULATED_FROM_PRODUCTION_AND_HARVESTED_AREA
DST28,Sambalpur,CRP003,Jute,2023-24,Annual,4503.08,4351.33,6412.03,1.4735793424079533,synthetic_prototype,2024_25_project_crop_structure,SEA03,CALCULATED_FROM_PRODUCTION_AND_HARVESTED_AREA
DST28,Sambalpur,CRP003,Jute,2024-25,Annual,4602.6,4428.35,6622.74,1.4955321959646368,synthetic_prototype,2024_25_project_crop_structure,SEA03,CALCULATED_FROM_PRODUCTION_AND_HARVESTED_AREA
DST28,Sambalpur,CRP013,Wheat,2015-16,Annual,1226.23,1182.77,3476.74,2.939489503453757,synthetic_prototype,2024_25_project_crop_structure,SEA03,CALCULATED_FROM_PRODUCTION_AND_HARVESTED_AREA
DST28,Sambalpur,CRP013,Wheat,2016-17,Annual,1251.4,1216.72,3356.17,2.7583749753435467,synthetic_prototype,2024_25_project_crop_structure,SEA03,CALCULATED_FROM_PRODUCTION_AND_HARVESTED_AREA
DST28,Sambalpur,CRP013,Wheat,2017-18,Annual,1301.28,1261.39,3394.06,2.6907300676238117,synthetic_prototype,2024_25_project_crop_structure,SEA03,CALCULATED_FROM_PRODUCTION_AND_HARVESTED_AREA
DST28,Sambalpur,CRP013,Wheat,2018-19,Annual,1334.19,1299.09,3480.26,2.6789983757861275,synthetic_prototype,2024_25_project_crop_structure,SEA03,CALCULATED_FROM_PRODUCTION_AND_HARVESTED_AREA
DST28,Sambalpur,CRP013,Wheat,2019-20,Annual,1156.48,1128.48,2556.75,2.2656582305401956,synthetic_prototype,2024_25_project_crop_structure,SEA03,CALCULATED_FROM_PRODUCTION_AND_HARVESTED_AREA
DST28,Sambalpur,CRP013,Wheat,2020-21,Annual,1266.58,1225.77,3152.55,2.5718935852566145,synthetic_prototype,2024_25_project_crop_structure,SEA03,CALCULATED_FROM_PRODUCTION_AND_HARVESTED_AREA
DST28,Sambalpur,CRP013,Wheat,2021-22,Annual,1149.42,1107.72,2902.09,2.6198768641895063,synthetic_prototype,2024_25_project_crop_structure,SEA03,CALCULATED_FROM_PRODUCTION_AND_HARVESTED_AREA
DST28,Sambalpur,CRP013,Wheat,2022-23,Annual,1204.69,1176.69,3452.0,2.9336528737390477,synthetic_prototype,2024_25_project_crop_structure,SEA03,CALCULATED_FROM_PRODUCTION_AND_HARVESTED_AREA
DST28,Sambalpur,CRP013,Wheat,2023-24,Annual,1284.62,1257.88,3401.03,2.7037793748211274,synthetic_prototype,2024_25_project_crop_structure,SEA03,CALCULATED_FROM_PRODUCTION_AND_HARVESTED_AREA
DST28,Sambalpur,CRP013,Wheat,2024-25,Annual,1234.34,1180.5,3269.56,2.7696399830580263,synthetic_prototype,2024_25_project_crop_structure,SEA03,CALCULATED_FROM_PRODUCTION_AND_HARVESTED_AREA
DST29,Subarnapur,CRP001,Groundnut,2015-16,Annual,2629.36,2524.49,4552.68,1.8034058364263676,synthetic_prototype,2024_25_project_crop_structure,SEA03,CALCULATED_FROM_PRODUCTION_AND_HARVESTED_AREA
DST29,Subarnapur,CRP001,Groundnut,2016-17,Annual,2742.83,2634.38,4488.73,1.7039037648327118,synthetic_prototype,2024_25_project_crop_structure,SEA03,CALCULATED_FROM_PRODUCTION_AND_HARVESTED_AREA
DST29,Subarnapur,CRP001,Groundnut,2017-18,Annual,3007.35,2884.04,5458.41,1.8926263158624708,synthetic_prototype,2024_25_project_crop_structure,SEA03,CALCULATED_FROM_PRODUCTION_AND_HARVESTED_AREA
DST29,Subarnapur,CRP001,Groundnut,2018-19,Annual,2830.1,2705.23,5405.61,1.9982071764692835,synthetic_prototype,2024_25_project_crop_structure,SEA03,CALCULATED_FROM_PRODUCTION_AND_HARVESTED_AREA
DST29,Subarnapur,CRP001,Groundnut,2019-20,Annual,2863.96,2753.83,5803.13,2.107294204798408,synthetic_prototype,2024_25_project_crop_structure,SEA03,CALCULATED_FROM_PRODUCTION_AND_HARVESTED_AREA
DST29,Subarnapur,CRP001,Groundnut,2020-21,Annual,2618.48,2549.86,5232.75,2.0521714917681755,synthetic_prototype,2024_25_project_crop_structure,SEA03,CALCULATED_FROM_PRODUCTION_AND_HARVESTED_AREA
DST29,Subarnapur,CRP001,Groundnut,2021-22,Annual,2650.4,2576.32,5046.75,1.958898739287045,synthetic_prototype,2024_25_project_crop_structure,SEA03,CALCULATED_FROM_PRODUCTION_AND_HARVESTED_AREA
DST29,Subarnapur,CRP001,Groundnut,2022-23,Annual,2820.31,2718.95,4988.75,1.8348075543868039,synthetic_prototype,2024_25_project_crop_structure,SEA03,CALCULATED_FROM_PRODUCTION_AND_HARVESTED_AREA
DST29,Subarnapur,CRP001,Groundnut,2023-24,Annual,2782.78,2726.31,5032.22,1.8457989003451554,synthetic_prototype,2024_25_project_crop_structure,SEA03,CALCULATED_FROM_PRODUCTION_AND_HARVESTED_AREA
DST29,Subarnapur,CRP001,Groundnut,2024-25,Annual,2971.17,2887.57,5056.37,1.7510813590666199,synthetic_prototype,2024_25_project_crop_structure,SEA03,CALCULATED_FROM_PRODUCTION_AND_HARVESTED_AREA
DST29,Subarnapur,CRP004,Maize,2015-16,Annual,13722.37,13214.11,32210.13,2.4375557642550274,synthetic_prototype,2024_25_project_crop_structure,SEA03,CALCULATED_FROM_PRODUCTION_AND_HARVESTED_AREA
DST29,Subarnapur,CRP004,Maize,2016-17,Annual,14483.57,14105.61,35043.29,2.4843512616611405,synthetic_prototype,2024_25_project_crop_structure,SEA03,CALCULATED_FROM_PRODUCTION_AND_HARVESTED_AREA
DST29,Subarnapur,CRP004,Maize,2017-18,Annual,15083.97,14498.48,36782.89,2.5370169838493415,synthetic_prototype,2024_25_project_crop_structure,SEA03,CALCULATED_FROM_PRODUCTION_AND_HARVESTED_AREA
DST29,Subarnapur,CRP004,Maize,2018-19,Annual,15315.7,14800.74,39042.44,2.6378708091622447,synthetic_prototype,2024_25_project_crop_structure,SEA03,CALCULATED_FROM_PRODUCTION_AND_HARVESTED_AREA
DST29,Subarnapur,CRP004,Maize,2019-20,Annual,13188.84,12630.6,34195.36,2.707342485709309,synthetic_prototype,2024_25_project_crop_structure,SEA03,CALCULATED_FROM_PRODUCTION_AND_HARVESTED_AREA
DST29,Subarnapur,CRP004,Maize,2020-21,Annual,14119.55,13752.39,35118.55,2.5536324958788983,synthetic_prototype,2024_25_project_crop_structure,SEA03,CALCULATED_FROM_PRODUCTION_AND_HARVESTED_AREA
DST29,Subarnapur,CRP004,Maize,2021-22,Annual,13817.61,13501.49,34695.87,2.5697808167839256,synthetic_prototype,2024_25_project_crop_structure,SEA03,CALCULATED_FROM_PRODUCTION_AND_HARVESTED_AREA
DST29,Subarnapur,CRP004,Maize,2022-23,Annual,14196.86,13699.61,30588.81,2.2328234161410436,synthetic_prototype,2024_25_project_crop_structure,SEA03,CALCULATED_FROM_PRODUCTION_AND_HARVESTED_AREA
DST29,Subarnapur,CRP004,Maize,2023-24,Annual,14846.19,14512.81,36176.24,2.4927109222817636,synthetic_prototype,2024_25_project_crop_structure,SEA03,CALCULATED_FROM_PRODUCTION_AND_HARVESTED_AREA
DST29,Subarnapur,CRP004,Maize,2024-25,Annual,14531.44,14147.2,35274.48,2.49338950463696,synthetic_prototype,2024_25_project_crop_structure,SEA03,CALCULATED_FROM_PRODUCTION_AND_HARVESTED_AREA
DST29,Subarnapur,CRP005,Moong(Green Gram),2015-16,Annual,3590.64,3449.84,3950.36,1.145084989448786,synthetic_prototype,2024_25_project_crop_structure,SEA03,CALCULATED_FROM_PRODUCTION_AND_HARVESTED_AREA
DST29,Subarnapur,CRP005,Moong(Green Gram),2016-17,Annual,3734.3,3606.45,3767.76,1.0447281953167242,synthetic_prototype,2024_25_project_crop_structure,SEA03,CALCULATED_FROM_PRODUCTION_AND_HARVESTED_AREA
DST29,Subarnapur,CRP005,Moong(Green Gram),2017-18,Annual,3694.71,3540.0,4047.5,1.143361581920904,synthetic_prototype,2024_25_project_crop_structure,SEA03,CALCULATED_FROM_PRODUCTION_AND_HARVESTED_AREA
DST29,Subarnapur,CRP005,Moong(Green Gram),2018-19,Annual,3740.09,3577.19,4588.74,1.2827778228162328,synthetic_prototype,2024_25_project_crop_structure,SEA03,CALCULATED_FROM_PRODUCTION_AND_HARVESTED_AREA
DST29,Subarnapur,CRP005,Moong(Green Gram),2019-20,Annual,3612.13,3467.06,4231.34,1.2204403731115123,synthetic_prototype,2024_25_project_crop_structure,SEA03,CALCULATED_FROM_PRODUCTION_AND_HARVESTED_AREA
DST29,Subarnapur,CRP005,Moong(Green Gram),2020-21,Annual,3490.93,3354.58,4093.17,1.2201736133882632,synthetic_prototype,2024_25_project_crop_structure,SEA03,CALCULATED_FROM_PRODUCTION_AND_HARVESTED_AREA
DST29,Subarnapur,CRP005,Moong(Green Gram),2021-22,Annual,3571.16,3413.25,4216.82,1.2354266461583534,synthetic_prototype,2024_25_project_crop_structure,SEA03,CALCULATED_FROM_PRODUCTION_AND_HARVESTED_AREA
DST29,Subarnapur,CRP005,Moong(Green Gram),2022-23,Annual,3595.87,3434.15,4368.09,1.2719566705007062,synthetic_prototype,2024_25_project_crop_structure,SEA03,CALCULATED_FROM_PRODUCTION_AND_HARVESTED_AREA
DST29,Subarnapur,CRP005,Moong(Green Gram),2023-24,Annual,3833.65,3719.76,4394.71,1.181449878486784,synthetic_prototype,2024_25_project_crop_structure,SEA03,CALCULATED_FROM_PRODUCTION_AND_HARVESTED_AREA
DST29,Subarnapur,CRP005,Moong(Green Gram),2024-25,Annual,3816.62,3658.4,3852.04,1.0529302427290619,synthetic_prototype,2024_25_project_crop_structure,SEA03,CALCULATED_FROM_PRODUCTION_AND_HARVESTED_AREA
DST29,Subarnapur,CRP007,Ragi,2015-16,Annual,7168.43,7003.01,11969.85,1.709243596681998,synthetic_prototype,2024_25_project_crop_structure,SEA03,CALCULATED_FROM_PRODUCTION_AND_HARVESTED_AREA
DST29,Subarnapur,CRP007,Ragi,2016-17,Annual,7159.94,6960.22,12518.65,1.7985997569042356,synthetic_prototype,2024_25_project_crop_structure,SEA03,CALCULATED_FROM_PRODUCTION_AND_HARVESTED_AREA
DST29,Subarnapur,CRP007,Ragi,2017-18,Annual,7719.76,7413.82,14005.28,1.8890774256725953,synthetic_prototype,2024_25_project_crop_structure,SEA03,CALCULATED_FROM_PRODUCTION_AND_HARVESTED_AREA
DST29,Subarnapur,CRP007,Ragi,2018-19,Annual,7245.08,7027.85,14040.21,1.99779591197877,synthetic_prototype,2024_25_project_crop_structure,SEA03,CALCULATED_FROM_PRODUCTION_AND_HARVESTED_AREA
DST29,Subarnapur,CRP007,Ragi,2019-20,Annual,7816.22,7510.21,13735.34,1.8288889391907817,synthetic_prototype,2024_25_project_crop_structure,SEA03,CALCULATED_FROM_PRODUCTION_AND_HARVESTED_AREA
DST29,Subarnapur,CRP007,Ragi,2020-21,Annual,7172.93,6961.4,12634.48,1.814933777688396,synthetic_prototype,2024_25_project_crop_structure,SEA03,CALCULATED_FROM_PRODUCTION_AND_HARVESTED_AREA
DST29,Subarnapur,CRP007,Ragi,2021-22,Annual,6864.08,6606.82,10951.18,1.657556888185239,synthetic_prototype,2024_25_project_crop_structure,SEA03,CALCULATED_FROM_PRODUCTION_AND_HARVESTED_AREA
DST29,Subarnapur,CRP007,Ragi,2022-23,Annual,7842.3,7647.34,12497.49,1.634227064574087,synthetic_prototype,2024_25_project_crop_structure,SEA03,CALCULATED_FROM_PRODUCTION_AND_HARVESTED_AREA
DST29,Subarnapur,CRP007,Ragi,2023-24,Annual,7527.23,7269.35,11947.9,1.6435994965161946,synthetic_prototype,2024_25_project_crop_structure,SEA03,CALCULATED_FROM_PRODUCTION_AND_HARVESTED_AREA
DST29,Subarnapur,CRP007,Ragi,2024-25,Annual,7423.76,7260.05,12460.35,1.7162898327146507,synthetic_prototype,2024_25_project_crop_structure,SEA03,CALCULATED_FROM_PRODUCTION_AND_HARVESTED_AREA
DST29,Subarnapur,CRP009,Rice,2015-16,Annual,36690.54,35589.93,100364.01,2.8200114470581985,synthetic_prototype,2024_25_project_crop_structure,SEA03,CALCULATED_FROM_PRODUCTION_AND_HARVESTED_AREA
DST29,Subarnapur,CRP009,Rice,2016-17,Annual,37763.21,36841.18,102780.85,2.789835993309661,synthetic_prototype,2024_25_project_crop_structure,SEA03,CALCULATED_FROM_PRODUCTION_AND_HARVESTED_AREA
DST29,Subarnapur,CRP009,Rice,2017-18,Annual,38403.38,37181.4,112301.22,3.020360180090045,synthetic_prototype,2024_25_project_crop_structure,SEA03,CALCULATED_FROM_PRODUCTION_AND_HARVESTED_AREA
DST29,Subarnapur,CRP009,Rice,2018-19,Annual,38476.06,37275.78,106896.73,2.8677261750123,synthetic_prototype,2024_25_project_crop_structure,SEA03,CALCULATED_FROM_PRODUCTION_AND_HARVESTED_AREA
DST29,Subarnapur,CRP009,Rice,2019-20,Annual,34577.46,33282.77,87391.44,2.6257261640181997,synthetic_prototype,2024_25_project_crop_structure,SEA03,CALCULATED_FROM_PRODUCTION_AND_HARVESTED_AREA
DST29,Subarnapur,CRP009,Rice,2020-21,Annual,35906.78,34686.43,89181.34,2.571072895077412,synthetic_prototype,2024_25_project_crop_structure,SEA03,CALCULATED_FROM_PRODUCTION_AND_HARVESTED_AREA
DST29,Subarnapur,CRP009,Rice,2021-22,Annual,35159.24,34022.37,85614.76,2.5164255165057576,synthetic_prototype,2024_25_project_crop_structure,SEA03,CALCULATED_FROM_PRODUCTION_AND_HARVESTED_AREA
DST29,Subarnapur,CRP009,Rice,2022-23,Annual,36614.16,35839.09,99047.81,2.7636809416756956,synthetic_prototype,2024_25_project_crop_structure,SEA03,CALCULATED_FROM_PRODUCTION_AND_HARVESTED_AREA
DST29,Subarnapur,CRP009,Rice,2023-24,Annual,36705.27,35509.6,99812.4,2.8108567823912405,synthetic_prototype,2024_25_project_crop_structure,SEA03,CALCULATED_FROM_PRODUCTION_AND_HARVESTED_AREA
DST29,Subarnapur,CRP009,Rice,2024-25,Annual,36369.45,35460.79,99251.83,2.7989176214066296,synthetic_prototype,2024_25_project_crop_structure,SEA03,CALCULATED_FROM_PRODUCTION_AND_HARVESTED_AREA
DST29,Subarnapur,CRP010,Sesamum,2015-16,Annual,4925.94,4777.04,2709.83,0.5672613166312194,synthetic_prototype,2024_25_project_crop_structure,SEA03,CALCULATED_FROM_PRODUCTION_AND_HARVESTED_AREA
DST29,Subarnapur,CRP010,Sesamum,2016-17,Annual,4976.54,4797.19,2816.15,0.5870415805919716,synthetic_prototype,2024_25_project_crop_structure,SEA03,CALCULATED_FROM_PRODUCTION_AND_HARVESTED_AREA
DST29,Subarnapur,CRP010,Sesamum,2017-18,Annual,4916.49,4728.19,2737.83,0.5790439893489898,synthetic_prototype,2024_25_project_crop_structure,SEA03,CALCULATED_FROM_PRODUCTION_AND_HARVESTED_AREA
DST29,Subarnapur,CRP010,Sesamum,2018-19,Annual,4958.61,4761.35,2614.93,0.5491992817163198,synthetic_prototype,2024_25_project_crop_structure,SEA03,CALCULATED_FROM_PRODUCTION_AND_HARVESTED_AREA
DST29,Subarnapur,CRP010,Sesamum,2019-20,Annual,4748.33,4625.26,2348.64,0.5077855082741294,synthetic_prototype,2024_25_project_crop_structure,SEA03,CALCULATED_FROM_PRODUCTION_AND_HARVESTED_AREA
DST29,Subarnapur,CRP010,Sesamum,2020-21,Annual,4817.47,4617.33,2506.07,0.5427530629173137,synthetic_prototype,2024_25_project_crop_structure,SEA03,CALCULATED_FROM_PRODUCTION_AND_HARVESTED_AREA
DST29,Subarnapur,CRP010,Sesamum,2021-22,Annual,4757.22,4563.42,2325.46,0.509587107914678,synthetic_prototype,2024_25_project_crop_structure,SEA03,CALCULATED_FROM_PRODUCTION_AND_HARVESTED_AREA
DST29,Subarnapur,CRP010,Sesamum,2022-23,Annual,5001.11,4829.28,2728.89,0.5650718119471225,synthetic_prototype,2024_25_project_crop_structure,SEA03,CALCULATED_FROM_PRODUCTION_AND_HARVESTED_AREA
DST29,Subarnapur,CRP010,Sesamum,2023-24,Annual,5159.57,5051.27,2727.07,0.5398780900644788,synthetic_prototype,2024_25_project_crop_structure,SEA03,CALCULATED_FROM_PRODUCTION_AND_HARVESTED_AREA
DST29,Subarnapur,CRP010,Sesamum,2024-25,Annual,5235.53,5112.61,2906.1,0.5684180878259832,synthetic_prototype,2024_25_project_crop_structure,SEA03,CALCULATED_FROM_PRODUCTION_AND_HARVESTED_AREA
DST29,Subarnapur,CRP012,Urad,2015-16,Annual,3138.52,3049.05,3421.99,1.122313507485938,synthetic_prototype,2024_25_project_crop_structure,SEA03,CALCULATED_FROM_PRODUCTION_AND_HARVESTED_AREA
DST29,Subarnapur,CRP012,Urad,2016-17,Annual,3376.21,3304.89,3631.02,1.0986810453600575,synthetic_prototype,2024_25_project_crop_structure,SEA03,CALCULATED_FROM_PRODUCTION_AND_HARVESTED_AREA
DST29,Subarnapur,CRP012,Urad,2017-18,Annual,3454.23,3348.65,3314.02,0.9896585191047138,synthetic_prototype,2024_25_project_crop_structure,SEA03,CALCULATED_FROM_PRODUCTION_AND_HARVESTED_AREA
DST29,Subarnapur,CRP012,Urad,2018-19,Annual,3379.18,3281.9,3087.26,0.940692891312959,synthetic_prototype,2024_25_project_crop_structure,SEA03,CALCULATED_FROM_PRODUCTION_AND_HARVESTED_AREA
DST29,Subarnapur,CRP012,Urad,2019-20,Annual,3277.94,3166.02,2892.74,0.9136834258785478,synthetic_prototype,2024_25_project_crop_structure,SEA03,CALCULATED_FROM_PRODUCTION_AND_HARVESTED_AREA
DST29,Subarnapur,CRP012,Urad,2020-21,Annual,3088.31,3014.73,2959.75,0.9817628776042963,synthetic_prototype,2024_25_project_crop_structure,SEA03,CALCULATED_FROM_PRODUCTION_AND_HARVESTED_AREA
DST29,Subarnapur,CRP012,Urad,2021-22,Annual,3058.96,2977.74,2932.36,0.9847602544211383,synthetic_prototype,2024_25_project_crop_structure,SEA03,CALCULATED_FROM_PRODUCTION_AND_HARVESTED_AREA
DST29,Subarnapur,CRP012,Urad,2022-23,Annual,3206.55,3101.14,3087.71,0.9956693345027958,synthetic_prototype,2024_25_project_crop_structure,SEA03,CALCULATED_FROM_PRODUCTION_AND_HARVESTED_AREA
DST29,Subarnapur,CRP012,Urad,2023-24,Annual,3306.83,3194.19,3369.32,1.054827671491051,synthetic_prototype,2024_25_project_crop_structure,SEA03,CALCULATED_FROM_PRODUCTION_AND_HARVESTED_AREA
DST29,Subarnapur,CRP012,Urad,2024-25,Annual,3364.08,3288.4,3551.65,1.0800541296679236,synthetic_prototype,2024_25_project_crop_structure,SEA03,CALCULATED_FROM_PRODUCTION_AND_HARVESTED_AREA
DST29,Subarnapur,CRP002,Horse Gram,2015-16,Annual,1563.19,1495.55,790.51,0.5285747718230751,synthetic_prototype,2024_25_project_crop_structure,SEA03,CALCULATED_FROM_PRODUCTION_AND_HARVESTED_AREA
DST29,Subarnapur,CRP002,Horse Gram,2016-17,Annual,1643.85,1607.87,856.66,0.5327918301852762,synthetic_prototype,2024_25_project_crop_structure,SEA03,CALCULATED_FROM_PRODUCTION_AND_HARVESTED_AREA
DST29,Subarnapur,CRP002,Horse Gram,2017-18,Annual,1667.28,1604.47,885.25,0.5517398268587135,synthetic_prototype,2024_25_project_crop_structure,SEA03,CALCULATED_FROM_PRODUCTION_AND_HARVESTED_AREA
DST29,Subarnapur,CRP002,Horse Gram,2018-19,Annual,1645.62,1576.29,928.1,0.5887875961910563,synthetic_prototype,2024_25_project_crop_structure,SEA03,CALCULATED_FROM_PRODUCTION_AND_HARVESTED_AREA
DST29,Subarnapur,CRP002,Horse Gram,2019-20,Annual,1605.4,1548.13,930.65,0.6011446067190739,synthetic_prototype,2024_25_project_crop_structure,SEA03,CALCULATED_FROM_PRODUCTION_AND_HARVESTED_AREA
DST29,Subarnapur,CRP002,Horse Gram,2020-21,Annual,1615.43,1564.4,936.93,0.5989069291741242,synthetic_prototype,2024_25_project_crop_structure,SEA03,CALCULATED_FROM_PRODUCTION_AND_HARVESTED_AREA
DST29,Subarnapur,CRP002,Horse Gram,2021-22,Annual,1487.29,1425.49,846.59,0.5938940294214621,synthetic_prototype,2024_25_project_crop_structure,SEA03,CALCULATED_FROM_PRODUCTION_AND_HARVESTED_AREA
DST29,Subarnapur,CRP002,Horse Gram,2022-23,Annual,1498.7,1432.33,794.58,0.5547464620583246,synthetic_prototype,2024_25_project_crop_structure,SEA03,CALCULATED_FROM_PRODUCTION_AND_HARVESTED_AREA
DST29,Subarnapur,CRP002,Horse Gram,2023-24,Annual,1602.32,1550.38,817.06,0.5270062823307834,synthetic_prototype,2024_25_project_crop_structure,SEA03,CALCULATED_FROM_PRODUCTION_AND_HARVESTED_AREA
DST29,Subarnapur,CRP002,Horse Gram,2024-25,Annual,1640.33,1587.64,867.02,0.5461061701645209,synthetic_prototype,2024_25_project_crop_structure,SEA03,CALCULATED_FROM_PRODUCTION_AND_HARVESTED_AREA
DST29,Subarnapur,CRP006,Potato,2015-16,Annual,1656.21,1582.15,29246.4,18.485225800334987,synthetic_prototype,2024_25_project_crop_structure,SEA03,CALCULATED_FROM_PRODUCTION_AND_HARVESTED_AREA
DST29,Subarnapur,CRP006,Potato,2016-17,Annual,1736.07,1676.48,32498.29,19.38483608513075,synthetic_prototype,2024_25_project_crop_structure,SEA03,CALCULATED_FROM_PRODUCTION_AND_HARVESTED_AREA
DST29,Subarnapur,CRP006,Potato,2017-18,Annual,1904.79,1837.18,38198.26,20.791789590568154,synthetic_prototype,2024_25_project_crop_structure,SEA03,CALCULATED_FROM_PRODUCTION_AND_HARVESTED_AREA
DST29,Subarnapur,CRP006,Potato,2018-19,Annual,1795.69,1741.05,34150.77,19.615042646678727,synthetic_prototype,2024_25_project_crop_structure,SEA03,CALCULATED_FROM_PRODUCTION_AND_HARVESTED_AREA
DST29,Subarnapur,CRP006,Potato,2019-20,Annual,1776.3,1721.4,34405.27,19.98679563146276,synthetic_prototype,2024_25_project_crop_structure,SEA03,CALCULATED_FROM_PRODUCTION_AND_HARVESTED_AREA
DST29,Subarnapur,CRP006,Potato,2020-21,Annual,1750.75,1713.43,33996.81,19.841376653846375,synthetic_prototype,2024_25_project_crop_structure,SEA03,CALCULATED_FROM_PRODUCTION_AND_HARVESTED_AREA
DST29,Subarnapur,CRP006,Potato,2021-22,Annual,1632.0,1597.49,29643.96,18.5565856437286,synthetic_prototype,2024_25_project_crop_structure,SEA03,CALCULATED_FROM_PRODUCTION_AND_HARVESTED_AREA
DST29,Subarnapur,CRP006,Potato,2022-23,Annual,1762.49,1697.97,31568.35,18.591818465579486,synthetic_prototype,2024_25_project_crop_structure,SEA03,CALCULATED_FROM_PRODUCTION_AND_HARVESTED_AREA
DST29,Subarnapur,CRP006,Potato,2023-24,Annual,1772.14,1722.21,31062.77,18.03657509827489,synthetic_prototype,2024_25_project_crop_structure,SEA03,CALCULATED_FROM_PRODUCTION_AND_HARVESTED_AREA
DST29,Subarnapur,CRP006,Potato,2024-25,Annual,1822.38,1780.94,32625.54,18.319280829225015,synthetic_prototype,2024_25_project_crop_structure,SEA03,CALCULATED_FROM_PRODUCTION_AND_HARVESTED_AREA
DST29,Subarnapur,CRP008,Rapeseed &Mustard,2015-16,Annual,1206.39,1160.59,1412.45,1.217010313719746,synthetic_prototype,2024_25_project_crop_structure,SEA03,CALCULATED_FROM_PRODUCTION_AND_HARVESTED_AREA
DST29,Subarnapur,CRP008,Rapeseed &Mustard,2016-17,Annual,1239.58,1194.31,1499.98,1.255938575411744,synthetic_prototype,2024_25_project_crop_structure,SEA03,CALCULATED_FROM_PRODUCTION_AND_HARVESTED_AREA
DST29,Subarnapur,CRP008,Rapeseed &Mustard,2017-18,Annual,1223.47,1170.42,1556.46,1.329830317321987,synthetic_prototype,2024_25_project_crop_structure,SEA03,CALCULATED_FROM_PRODUCTION_AND_HARVESTED_AREA
DST29,Subarnapur,CRP008,Rapeseed &Mustard,2018-19,Annual,1259.91,1204.46,1593.83,1.323273500157747,synthetic_prototype,2024_25_project_crop_structure,SEA03,CALCULATED_FROM_PRODUCTION_AND_HARVESTED_AREA
DST29,Subarnapur,CRP008,Rapeseed &Mustard,2019-20,Annual,1168.37,1133.47,1477.0,1.3030781582220967,synthetic_prototype,2024_25_project_crop_structure,SEA03,CALCULATED_FROM_PRODUCTION_AND_HARVESTED_AREA
DST29,Subarnapur,CRP008,Rapeseed &Mustard,2020-21,Annual,1154.51,1113.62,1323.92,1.1888435911711357,synthetic_prototype,2024_25_project_crop_structure,SEA03,CALCULATED_FROM_PRODUCTION_AND_HARVESTED_AREA
DST29,Subarnapur,CRP008,Rapeseed &Mustard,2021-22,Annual,1128.85,1092.83,1304.4,1.1935982723753924,synthetic_prototype,2024_25_project_crop_structure,SEA03,CALCULATED_FROM_PRODUCTION_AND_HARVESTED_AREA
DST29,Subarnapur,CRP008,Rapeseed &Mustard,2022-23,Annual,1172.04,1124.59,1292.58,1.1493788847491087,synthetic_prototype,2024_25_project_crop_structure,SEA03,CALCULATED_FROM_PRODUCTION_AND_HARVESTED_AREA
DST29,Subarnapur,CRP008,Rapeseed &Mustard,2023-24,Annual,1180.87,1141.33,1394.13,1.2214959739952513,synthetic_prototype,2024_25_project_crop_structure,SEA03,CALCULATED_FROM_PRODUCTION_AND_HARVESTED_AREA
DST29,Subarnapur,CRP008,Rapeseed &Mustard,2024-25,Annual,1253.2,1217.13,1564.78,1.2856309515006612,synthetic_prototype,2024_25_project_crop_structure,SEA03,CALCULATED_FROM_PRODUCTION_AND_HARVESTED_AREA
DST29,Subarnapur,CRP011,Sugarcane,2015-16,Annual,5835.29,5593.7,245982.27,43.97487709387347,synthetic_prototype,2024_25_project_crop_structure,SEA03,CALCULATED_FROM_PRODUCTION_AND_HARVESTED_AREA
DST29,Subarnapur,CRP011,Sugarcane,2016-17,Annual,5803.26,5591.95,262139.51,46.878013930739726,synthetic_prototype,2024_25_project_crop_structure,SEA03,CALCULATED_FROM_PRODUCTION_AND_HARVESTED_AREA
DST29,Subarnapur,CRP011,Sugarcane,2017-18,Annual,5878.76,5682.86,258326.92,45.45720288727859,synthetic_prototype,2024_25_project_crop_structure,SEA03,CALCULATED_FROM_PRODUCTION_AND_HARVESTED_AREA
DST29,Subarnapur,CRP011,Sugarcane,2018-19,Annual,5757.88,5502.81,247319.16,44.94415762128803,synthetic_prototype,2024_25_project_crop_structure,SEA03,CALCULATED_FROM_PRODUCTION_AND_HARVESTED_AREA
DST29,Subarnapur,CRP011,Sugarcane,2019-20,Annual,5751.05,5602.08,240317.73,42.89794683403308,synthetic_prototype,2024_25_project_crop_structure,SEA03,CALCULATED_FROM_PRODUCTION_AND_HARVESTED_AREA
DST29,Subarnapur,CRP011,Sugarcane,2020-21,Annual,5677.64,5496.23,226344.69,41.18180825766026,synthetic_prototype,2024_25_project_crop_structure,SEA03,CALCULATED_FROM_PRODUCTION_AND_HARVESTED_AREA
DST29,Subarnapur,CRP011,Sugarcane,2021-22,Annual,5615.75,5463.73,226440.84,41.44436859068805,synthetic_prototype,2024_25_project_crop_structure,SEA03,CALCULATED_FROM_PRODUCTION_AND_HARVESTED_AREA
DST29,Subarnapur,CRP011,Sugarcane,2022-23,Annual,5464.71,5321.41,249131.3,46.81678352166061,synthetic_prototype,2024_25_project_crop_structure,SEA03,CALCULATED_FROM_PRODUCTION_AND_HARVESTED_AREA
DST29,Subarnapur,CRP011,Sugarcane,2023-24,Annual,5791.76,5607.82,265490.83,47.34296571573268,synthetic_prototype,2024_25_project_crop_structure,SEA03,CALCULATED_FROM_PRODUCTION_AND_HARVESTED_AREA
DST29,Subarnapur,CRP011,Sugarcane,2024-25,Annual,5953.98,5775.99,288936.19,50.023665207176606,synthetic_prototype,2024_25_project_crop_structure,SEA03,CALCULATED_FROM_PRODUCTION_AND_HARVESTED_AREA
DST29,Subarnapur,CRP003,Jute,2015-16,Annual,2467.34,2397.22,4772.28,1.9907559589858252,synthetic_prototype,2024_25_project_crop_structure,SEA03,CALCULATED_FROM_PRODUCTION_AND_HARVESTED_AREA
DST29,Subarnapur,CRP003,Jute,2016-17,Annual,2311.66,2248.16,4536.3,2.0177834317842147,synthetic_prototype,2024_25_project_crop_structure,SEA03,CALCULATED_FROM_PRODUCTION_AND_HARVESTED_AREA
DST29,Subarnapur,CRP003,Jute,2017-18,Annual,2630.05,2528.26,5546.63,2.1938526892012686,synthetic_prototype,2024_25_project_crop_structure,SEA03,CALCULATED_FROM_PRODUCTION_AND_HARVESTED_AREA
DST29,Subarnapur,CRP003,Jute,2018-19,Annual,2456.55,2375.8,4715.97,1.9850029463759575,synthetic_prototype,2024_25_project_crop_structure,SEA03,CALCULATED_FROM_PRODUCTION_AND_HARVESTED_AREA
DST29,Subarnapur,CRP003,Jute,2019-20,Annual,2473.53,2365.26,5199.81,2.1984094771822127,synthetic_prototype,2024_25_project_crop_structure,SEA03,CALCULATED_FROM_PRODUCTION_AND_HARVESTED_AREA
DST29,Subarnapur,CRP003,Jute,2020-21,Annual,2472.12,2400.29,5325.98,2.21889021743206,synthetic_prototype,2024_25_project_crop_structure,SEA03,CALCULATED_FROM_PRODUCTION_AND_HARVESTED_AREA
DST29,Subarnapur,CRP003,Jute,2021-22,Annual,2310.77,2234.27,4831.49,2.1624467947025203,synthetic_prototype,2024_25_project_crop_structure,SEA03,CALCULATED_FROM_PRODUCTION_AND_HARVESTED_AREA
DST29,Subarnapur,CRP003,Jute,2022-23,Annual,2293.52,2190.34,4440.35,2.0272423459371605,synthetic_prototype,2024_25_project_crop_structure,SEA03,CALCULATED_FROM_PRODUCTION_AND_HARVESTED_AREA
DST29,Subarnapur,CRP003,Jute,2023-24,Annual,2601.22,2543.72,5145.1,2.0226675892000694,synthetic_prototype,2024_25_project_crop_structure,SEA03,CALCULATED_FROM_PRODUCTION_AND_HARVESTED_AREA
DST29,Subarnapur,CRP003,Jute,2024-25,Annual,2506.29,2403.46,4863.02,2.0233413495543924,synthetic_prototype,2024_25_project_crop_structure,SEA03,CALCULATED_FROM_PRODUCTION_AND_HARVESTED_AREA
DST29,Subarnapur,CRP013,Wheat,2015-16,Annual,299.31,289.77,602.41,2.0789246643889983,synthetic_prototype,2024_25_project_crop_structure,SEA03,CALCULATED_FROM_PRODUCTION_AND_HARVESTED_AREA
DST29,Subarnapur,CRP013,Wheat,2016-17,Annual,297.58,284.41,597.47,2.1007348546113005,synthetic_prototype,2024_25_project_crop_structure,SEA03,CALCULATED_FROM_PRODUCTION_AND_HARVESTED_AREA
DST29,Subarnapur,CRP013,Wheat,2017-18,Annual,301.04,294.62,585.99,1.9889688412191977,synthetic_prototype,2024_25_project_crop_structure,SEA03,CALCULATED_FROM_PRODUCTION_AND_HARVESTED_AREA
DST29,Subarnapur,CRP013,Wheat,2018-19,Annual,308.4,302.15,551.9,1.8265762038722488,synthetic_prototype,2024_25_project_crop_structure,SEA03,CALCULATED_FROM_PRODUCTION_AND_HARVESTED_AREA
DST29,Subarnapur,CRP013,Wheat,2019-20,Annual,301.18,292.22,531.62,1.8192457737321195,synthetic_prototype,2024_25_project_crop_structure,SEA03,CALCULATED_FROM_PRODUCTION_AND_HARVESTED_AREA
DST29,Subarnapur,CRP013,Wheat,2020-21,Annual,298.95,292.38,547.59,1.872870921403653,synthetic_prototype,2024_25_project_crop_structure,SEA03,CALCULATED_FROM_PRODUCTION_AND_HARVESTED_AREA
DST29,Subarnapur,CRP013,Wheat,2021-22,Annual,296.66,287.15,599.08,2.0862963607870455,synthetic_prototype,2024_25_project_crop_structure,SEA03,CALCULATED_FROM_PRODUCTION_AND_HARVESTED_AREA
DST29,Subarnapur,CRP013,Wheat,2022-23,Annual,295.49,288.11,624.41,2.1672625039047584,synthetic_prototype,2024_25_project_crop_structure,SEA03,CALCULATED_FROM_PRODUCTION_AND_HARVESTED_AREA
DST29,Subarnapur,CRP013,Wheat,2023-24,Annual,308.88,296.95,585.6,1.9720491665263513,synthetic_prototype,2024_25_project_crop_structure,SEA03,CALCULATED_FROM_PRODUCTION_AND_HARVESTED_AREA
DST29,Subarnapur,CRP013,Wheat,2024-25,Annual,315.47,307.25,643.9,2.095687550854353,synthetic_prototype,2024_25_project_crop_structure,SEA03,CALCULATED_FROM_PRODUCTION_AND_HARVESTED_AREA
DST30,Sundargarh,CRP001,Groundnut,2015-16,Annual,5133.45,5025.64,7900.26,1.5719908310185369,synthetic_prototype,2024_25_project_crop_structure,SEA03,CALCULATED_FROM_PRODUCTION_AND_HARVESTED_AREA
DST30,Sundargarh,CRP001,Groundnut,2016-17,Annual,5154.94,4935.81,8397.36,1.701313462228084,synthetic_prototype,2024_25_project_crop_structure,SEA03,CALCULATED_FROM_PRODUCTION_AND_HARVESTED_AREA
DST30,Sundargarh,CRP001,Groundnut,2017-18,Annual,5333.51,5218.87,9473.99,1.815333587539065,synthetic_prototype,2024_25_project_crop_structure,SEA03,CALCULATED_FROM_PRODUCTION_AND_HARVESTED_AREA
DST30,Sundargarh,CRP001,Groundnut,2018-19,Annual,5478.25,5361.29,10055.72,1.875615756655581,synthetic_prototype,2024_25_project_crop_structure,SEA03,CALCULATED_FROM_PRODUCTION_AND_HARVESTED_AREA
DST30,Sundargarh,CRP001,Groundnut,2019-20,Annual,5204.62,5079.66,9380.62,1.84670233834548,synthetic_prototype,2024_25_project_crop_structure,SEA03,CALCULATED_FROM_PRODUCTION_AND_HARVESTED_AREA
DST30,Sundargarh,CRP001,Groundnut,2020-21,Annual,4914.49,4728.78,9067.3,1.9174713139541277,synthetic_prototype,2024_25_project_crop_structure,SEA03,CALCULATED_FROM_PRODUCTION_AND_HARVESTED_AREA
DST30,Sundargarh,CRP001,Groundnut,2021-22,Annual,4876.74,4695.37,8616.72,1.8351525012938277,synthetic_prototype,2024_25_project_crop_structure,SEA03,CALCULATED_FROM_PRODUCTION_AND_HARVESTED_AREA
DST30,Sundargarh,CRP001,Groundnut,2022-23,Annual,5234.49,5046.47,9104.36,1.8041046513701657,synthetic_prototype,2024_25_project_crop_structure,SEA03,CALCULATED_FROM_PRODUCTION_AND_HARVESTED_AREA
DST30,Sundargarh,CRP001,Groundnut,2023-24,Annual,5211.64,4987.01,8844.9,1.7735877810551812,synthetic_prototype,2024_25_project_crop_structure,SEA03,CALCULATED_FROM_PRODUCTION_AND_HARVESTED_AREA
DST30,Sundargarh,CRP001,Groundnut,2024-25,Annual,5070.84,4960.42,8302.38,1.6737252087524845,synthetic_prototype,2024_25_project_crop_structure,SEA03,CALCULATED_FROM_PRODUCTION_AND_HARVESTED_AREA
DST30,Sundargarh,CRP004,Maize,2015-16,Annual,4286.67,4159.64,12201.15,2.9332225865699915,synthetic_prototype,2024_25_project_crop_structure,SEA03,CALCULATED_FROM_PRODUCTION_AND_HARVESTED_AREA
DST30,Sundargarh,CRP004,Maize,2016-17,Annual,4185.13,4010.85,12711.17,3.169196055698917,synthetic_prototype,2024_25_project_crop_structure,SEA03,CALCULATED_FROM_PRODUCTION_AND_HARVESTED_AREA
DST30,Sundargarh,CRP004,Maize,2017-18,Annual,4354.69,4181.15,12956.43,3.098771868983414,synthetic_prototype,2024_25_project_crop_structure,SEA03,CALCULATED_FROM_PRODUCTION_AND_HARVESTED_AREA
DST30,Sundargarh,CRP004,Maize,2018-19,Annual,4108.67,3929.06,12908.61,3.2854194132947834,synthetic_prototype,2024_25_project_crop_structure,SEA03,CALCULATED_FROM_PRODUCTION_AND_HARVESTED_AREA
DST30,Sundargarh,CRP004,Maize,2019-20,Annual,4242.45,4071.85,13651.27,3.3525964856269264,synthetic_prototype,2024_25_project_crop_structure,SEA03,CALCULATED_FROM_PRODUCTION_AND_HARVESTED_AREA
DST30,Sundargarh,CRP004,Maize,2020-21,Annual,4063.92,3974.65,12743.42,3.2061741285396197,synthetic_prototype,2024_25_project_crop_structure,SEA03,CALCULATED_FROM_PRODUCTION_AND_HARVESTED_AREA
DST30,Sundargarh,CRP004,Maize,2021-22,Annual,4028.94,3947.13,11613.81,2.9423429175122173,synthetic_prototype,2024_25_project_crop_structure,SEA03,CALCULATED_FROM_PRODUCTION_AND_HARVESTED_AREA
DST30,Sundargarh,CRP004,Maize,2022-23,Annual,3923.57,3755.41,11827.69,3.149506977933169,synthetic_prototype,2024_25_project_crop_structure,SEA03,CALCULATED_FROM_PRODUCTION_AND_HARVESTED_AREA
DST30,Sundargarh,CRP004,Maize,2023-24,Annual,4354.25,4208.99,12973.04,3.082221625615647,synthetic_prototype,2024_25_project_crop_structure,SEA03,CALCULATED_FROM_PRODUCTION_AND_HARVESTED_AREA
DST30,Sundargarh,CRP004,Maize,2024-25,Annual,4454.19,4304.51,13054.87,3.032835328527521,synthetic_prototype,2024_25_project_crop_structure,SEA03,CALCULATED_FROM_PRODUCTION_AND_HARVESTED_AREA
DST30,Sundargarh,CRP005,Moong(Green Gram),2015-16,Annual,1917.46,1860.66,1798.96,0.9668397235389593,synthetic_prototype,2024_25_project_crop_structure,SEA03,CALCULATED_FROM_PRODUCTION_AND_HARVESTED_AREA
DST30,Sundargarh,CRP005,Moong(Green Gram),2016-17,Annual,2036.35,1972.65,1870.76,0.9483486680353839,synthetic_prototype,2024_25_project_crop_structure,SEA03,CALCULATED_FROM_PRODUCTION_AND_HARVESTED_AREA
DST30,Sundargarh,CRP005,Moong(Green Gram),2017-18,Annual,2220.08,2150.64,2127.83,0.9893938548525091,synthetic_prototype,2024_25_project_crop_structure,SEA03,CALCULATED_FROM_PRODUCTION_AND_HARVESTED_AREA
DST30,Sundargarh,CRP005,Moong(Green Gram),2018-19,Annual,2174.35,2121.55,2090.54,0.9853833282270037,synthetic_prototype,2024_25_project_crop_structure,SEA03,CALCULATED_FROM_PRODUCTION_AND_HARVESTED_AREA
DST30,Sundargarh,CRP005,Moong(Green Gram),2019-20,Annual,2000.36,1941.21,1995.18,1.0278022470520964,synthetic_prototype,2024_25_project_crop_structure,SEA03,CALCULATED_FROM_PRODUCTION_AND_HARVESTED_AREA
DST30,Sundargarh,CRP005,Moong(Green Gram),2020-21,Annual,2009.09,1925.83,1858.59,0.9650851840505132,synthetic_prototype,2024_25_project_crop_structure,SEA03,CALCULATED_FROM_PRODUCTION_AND_HARVESTED_AREA
DST30,Sundargarh,CRP005,Moong(Green Gram),2021-22,Annual,2004.17,1955.5,2029.52,1.03785221171056,synthetic_prototype,2024_25_project_crop_structure,SEA03,CALCULATED_FROM_PRODUCTION_AND_HARVESTED_AREA
DST30,Sundargarh,CRP005,Moong(Green Gram),2022-23,Annual,1985.5,1902.06,1807.49,0.9502802224956101,synthetic_prototype,2024_25_project_crop_structure,SEA03,CALCULATED_FROM_PRODUCTION_AND_HARVESTED_AREA
DST30,Sundargarh,CRP005,Moong(Green Gram),2023-24,Annual,2015.42,1930.85,1959.32,1.0147448015122873,synthetic_prototype,2024_25_project_crop_structure,SEA03,CALCULATED_FROM_PRODUCTION_AND_HARVESTED_AREA
DST30,Sundargarh,CRP005,Moong(Green Gram),2024-25,Annual,2173.34,2079.28,2063.8,0.9925551152321958,synthetic_prototype,2024_25_project_crop_structure,SEA03,CALCULATED_FROM_PRODUCTION_AND_HARVESTED_AREA
DST30,Sundargarh,CRP007,Ragi,2015-16,Annual,5221.21,5071.32,8147.1,1.6065048153143562,synthetic_prototype,2024_25_project_crop_structure,SEA03,CALCULATED_FROM_PRODUCTION_AND_HARVESTED_AREA
DST30,Sundargarh,CRP007,Ragi,2016-17,Annual,5305.25,5097.93,8388.78,1.6455267137838299,synthetic_prototype,2024_25_project_crop_structure,SEA03,CALCULATED_FROM_PRODUCTION_AND_HARVESTED_AREA
DST30,Sundargarh,CRP007,Ragi,2017-18,Annual,5585.91,5348.29,9622.84,1.7992367653960426,synthetic_prototype,2024_25_project_crop_structure,SEA03,CALCULATED_FROM_PRODUCTION_AND_HARVESTED_AREA
DST30,Sundargarh,CRP007,Ragi,2018-19,Annual,5419.8,5243.37,8933.38,1.7037477805304602,synthetic_prototype,2024_25_project_crop_structure,SEA03,CALCULATED_FROM_PRODUCTION_AND_HARVESTED_AREA
DST30,Sundargarh,CRP007,Ragi,2019-20,Annual,5764.92,5649.05,9135.72,1.6172135137766526,synthetic_prototype,2024_25_project_crop_structure,SEA03,CALCULATED_FROM_PRODUCTION_AND_HARVESTED_AREA
DST30,Sundargarh,CRP007,Ragi,2020-21,Annual,5414.88,5254.62,8527.45,1.622848084162128,synthetic_prototype,2024_25_project_crop_structure,SEA03,CALCULATED_FROM_PRODUCTION_AND_HARVESTED_AREA
DST30,Sundargarh,CRP007,Ragi,2021-22,Annual,5544.68,5425.53,8486.04,1.5640941990920705,synthetic_prototype,2024_25_project_crop_structure,SEA03,CALCULATED_FROM_PRODUCTION_AND_HARVESTED_AREA
DST30,Sundargarh,CRP007,Ragi,2022-23,Annual,5469.82,5325.72,8130.23,1.5265973427067137,synthetic_prototype,2024_25_project_crop_structure,SEA03,CALCULATED_FROM_PRODUCTION_AND_HARVESTED_AREA
DST30,Sundargarh,CRP007,Ragi,2023-24,Annual,5721.73,5564.27,8732.78,1.5694385786455367,synthetic_prototype,2024_25_project_crop_structure,SEA03,CALCULATED_FROM_PRODUCTION_AND_HARVESTED_AREA
DST30,Sundargarh,CRP007,Ragi,2024-25,Annual,5495.76,5329.24,8610.68,1.6157425824320166,synthetic_prototype,2024_25_project_crop_structure,SEA03,CALCULATED_FROM_PRODUCTION_AND_HARVESTED_AREA
DST30,Sundargarh,CRP009,Rice,2015-16,Annual,34729.75,33596.76,105116.26,3.128761821080366,synthetic_prototype,2024_25_project_crop_structure,SEA03,CALCULATED_FROM_PRODUCTION_AND_HARVESTED_AREA
DST30,Sundargarh,CRP009,Rice,2016-17,Annual,34149.91,32923.9,110959.92,3.370193689083006,synthetic_prototype,2024_25_project_crop_structure,SEA03,CALCULATED_FROM_PRODUCTION_AND_HARVESTED_AREA
DST30,Sundargarh,CRP009,Rice,2017-18,Annual,36247.08,34938.59,111560.14,3.19303497937381,synthetic_prototype,2024_25_project_crop_structure,SEA03,CALCULATED_FROM_PRODUCTION_AND_HARVESTED_AREA
DST30,Sundargarh,CRP009,Rice,2018-19,Annual,37090.31,35798.23,118140.42,3.300174896915294,synthetic_prototype,2024_25_project_crop_structure,SEA03,CALCULATED_FROM_PRODUCTION_AND_HARVESTED_AREA
DST30,Sundargarh,CRP009,Rice,2019-20,Annual,37043.1,36226.66,110539.9,3.0513411945787987,synthetic_prototype,2024_25_project_crop_structure,SEA03,CALCULATED_FROM_PRODUCTION_AND_HARVESTED_AREA
DST30,Sundargarh,CRP009,Rice,2020-21,Annual,34944.94,33459.92,97706.51,2.920105905812088,synthetic_prototype,2024_25_project_crop_structure,SEA03,CALCULATED_FROM_PRODUCTION_AND_HARVESTED_AREA
DST30,Sundargarh,CRP009,Rice,2021-22,Annual,34795.53,33840.78,93796.25,2.7716929101515984,synthetic_prototype,2024_25_project_crop_structure,SEA03,CALCULATED_FROM_PRODUCTION_AND_HARVESTED_AREA
DST30,Sundargarh,CRP009,Rice,2022-23,Annual,36917.31,35806.26,106450.24,2.97295053993352,synthetic_prototype,2024_25_project_crop_structure,SEA03,CALCULATED_FROM_PRODUCTION_AND_HARVESTED_AREA
DST30,Sundargarh,CRP009,Rice,2023-24,Annual,36428.16,35283.45,110072.24,3.1196563828083708,synthetic_prototype,2024_25_project_crop_structure,SEA03,CALCULATED_FROM_PRODUCTION_AND_HARVESTED_AREA
DST30,Sundargarh,CRP009,Rice,2024-25,Annual,38397.24,37102.08,119075.86,3.209411979058856,synthetic_prototype,2024_25_project_crop_structure,SEA03,CALCULATED_FROM_PRODUCTION_AND_HARVESTED_AREA
DST30,Sundargarh,CRP010,Sesamum,2015-16,Annual,2036.51,1964.8,1262.45,0.6425335912052118,synthetic_prototype,2024_25_project_crop_structure,SEA03,CALCULATED_FROM_PRODUCTION_AND_HARVESTED_AREA
DST30,Sundargarh,CRP010,Sesamum,2016-17,Annual,2091.17,2031.36,1263.17,0.6218346329552615,synthetic_prototype,2024_25_project_crop_structure,SEA03,CALCULATED_FROM_PRODUCTION_AND_HARVESTED_AREA
DST30,Sundargarh,CRP010,Sesamum,2017-18,Annual,2138.57,2058.2,1316.83,0.6397969099212905,synthetic_prototype,2024_25_project_crop_structure,SEA03,CALCULATED_FROM_PRODUCTION_AND_HARVESTED_AREA
DST30,Sundargarh,CRP010,Sesamum,2018-19,Annual,2164.46,2115.62,1317.35,0.6226779856495968,synthetic_prototype,2024_25_project_crop_structure,SEA03,CALCULATED_FROM_PRODUCTION_AND_HARVESTED_AREA
DST30,Sundargarh,CRP010,Sesamum,2019-20,Annual,1947.05,1893.56,1109.29,0.5858224719575825,synthetic_prototype,2024_25_project_crop_structure,SEA03,CALCULATED_FROM_PRODUCTION_AND_HARVESTED_AREA
DST30,Sundargarh,CRP010,Sesamum,2020-21,Annual,1958.32,1888.65,1109.19,0.5872925105233897,synthetic_prototype,2024_25_project_crop_structure,SEA03,CALCULATED_FROM_PRODUCTION_AND_HARVESTED_AREA
DST30,Sundargarh,CRP010,Sesamum,2021-22,Annual,2023.18,1967.33,1117.55,0.5680541647817092,synthetic_prototype,2024_25_project_crop_structure,SEA03,CALCULATED_FROM_PRODUCTION_AND_HARVESTED_AREA
DST30,Sundargarh,CRP010,Sesamum,2022-23,Annual,1937.83,1851.26,1150.1,0.6212525523157201,synthetic_prototype,2024_25_project_crop_structure,SEA03,CALCULATED_FROM_PRODUCTION_AND_HARVESTED_AREA
DST30,Sundargarh,CRP010,Sesamum,2023-24,Annual,2148.53,2080.44,1298.84,0.6243102420641786,synthetic_prototype,2024_25_project_crop_structure,SEA03,CALCULATED_FROM_PRODUCTION_AND_HARVESTED_AREA
DST30,Sundargarh,CRP010,Sesamum,2024-25,Annual,2037.32,1990.67,1186.95,0.5962565367439103,synthetic_prototype,2024_25_project_crop_structure,SEA03,CALCULATED_FROM_PRODUCTION_AND_HARVESTED_AREA
DST30,Sundargarh,CRP012,Urad,2015-16,Annual,1715.25,1657.52,1965.69,1.1859223418118636,synthetic_prototype,2024_25_project_crop_structure,SEA03,CALCULATED_FROM_PRODUCTION_AND_HARVESTED_AREA
DST30,Sundargarh,CRP012,Urad,2016-17,Annual,1780.92,1701.44,1981.2,1.1644254278728605,synthetic_prototype,2024_25_project_crop_structure,SEA03,CALCULATED_FROM_PRODUCTION_AND_HARVESTED_AREA
DST30,Sundargarh,CRP012,Urad,2017-18,Annual,1846.6,1773.03,2039.46,1.1502681849714895,synthetic_prototype,2024_25_project_crop_structure,SEA03,CALCULATED_FROM_PRODUCTION_AND_HARVESTED_AREA
DST30,Sundargarh,CRP012,Urad,2018-19,Annual,1682.42,1632.28,1721.01,1.0543595461562967,synthetic_prototype,2024_25_project_crop_structure,SEA03,CALCULATED_FROM_PRODUCTION_AND_HARVESTED_AREA
DST30,Sundargarh,CRP012,Urad,2019-20,Annual,1782.17,1706.9,1836.55,1.0759564122092682,synthetic_prototype,2024_25_project_crop_structure,SEA03,CALCULATED_FROM_PRODUCTION_AND_HARVESTED_AREA
DST30,Sundargarh,CRP012,Urad,2020-21,Annual,1725.92,1650.24,1676.81,1.0161006883847197,synthetic_prototype,2024_25_project_crop_structure,SEA03,CALCULATED_FROM_PRODUCTION_AND_HARVESTED_AREA
DST30,Sundargarh,CRP012,Urad,2021-22,Annual,1601.48,1536.97,1664.41,1.0829163874376209,synthetic_prototype,2024_25_project_crop_structure,SEA03,CALCULATED_FROM_PRODUCTION_AND_HARVESTED_AREA
DST30,Sundargarh,CRP012,Urad,2022-23,Annual,1736.87,1673.87,1814.57,1.0840567069127232,synthetic_prototype,2024_25_project_crop_structure,SEA03,CALCULATED_FROM_PRODUCTION_AND_HARVESTED_AREA
DST30,Sundargarh,CRP012,Urad,2023-24,Annual,1694.14,1648.46,1976.61,1.1990645814881769,synthetic_prototype,2024_25_project_crop_structure,SEA03,CALCULATED_FROM_PRODUCTION_AND_HARVESTED_AREA
DST30,Sundargarh,CRP012,Urad,2024-25,Annual,1894.41,1844.64,2201.12,1.1932517998091767,synthetic_prototype,2024_25_project_crop_structure,SEA03,CALCULATED_FROM_PRODUCTION_AND_HARVESTED_AREA
DST30,Sundargarh,CRP002,Horse Gram,2015-16,Annual,316.26,306.53,255.81,0.8345349557955176,synthetic_prototype,2024_25_project_crop_structure,SEA03,CALCULATED_FROM_PRODUCTION_AND_HARVESTED_AREA
DST30,Sundargarh,CRP002,Horse Gram,2016-17,Annual,335.96,323.42,293.55,0.9076433121019108,synthetic_prototype,2024_25_project_crop_structure,SEA03,CALCULATED_FROM_PRODUCTION_AND_HARVESTED_AREA
DST30,Sundargarh,CRP002,Horse Gram,2017-18,Annual,328.7,321.65,270.43,0.8407585885279031,synthetic_prototype,2024_25_project_crop_structure,SEA03,CALCULATED_FROM_PRODUCTION_AND_HARVESTED_AREA
DST30,Sundargarh,CRP002,Horse Gram,2018-19,Annual,317.65,310.96,287.87,0.9257460766658092,synthetic_prototype,2024_25_project_crop_structure,SEA03,CALCULATED_FROM_PRODUCTION_AND_HARVESTED_AREA
DST30,Sundargarh,CRP002,Horse Gram,2019-20,Annual,333.63,325.64,296.73,0.9112209802235599,synthetic_prototype,2024_25_project_crop_structure,SEA03,CALCULATED_FROM_PRODUCTION_AND_HARVESTED_AREA
DST30,Sundargarh,CRP002,Horse Gram,2020-21,Annual,291.04,280.31,259.22,0.9247618707859157,synthetic_prototype,2024_25_project_crop_structure,SEA03,CALCULATED_FROM_PRODUCTION_AND_HARVESTED_AREA
DST30,Sundargarh,CRP002,Horse Gram,2021-22,Annual,302.58,290.63,262.92,0.9046554037779996,synthetic_prototype,2024_25_project_crop_structure,SEA03,CALCULATED_FROM_PRODUCTION_AND_HARVESTED_AREA
DST30,Sundargarh,CRP002,Horse Gram,2022-23,Annual,326.55,314.74,278.84,0.8859375992883014,synthetic_prototype,2024_25_project_crop_structure,SEA03,CALCULATED_FROM_PRODUCTION_AND_HARVESTED_AREA
DST30,Sundargarh,CRP002,Horse Gram,2023-24,Annual,307.58,295.05,247.51,0.8388747669886459,synthetic_prototype,2024_25_project_crop_structure,SEA03,CALCULATED_FROM_PRODUCTION_AND_HARVESTED_AREA
DST30,Sundargarh,CRP002,Horse Gram,2024-25,Annual,337.09,325.89,288.67,0.8857896836355826,synthetic_prototype,2024_25_project_crop_structure,SEA03,CALCULATED_FROM_PRODUCTION_AND_HARVESTED_AREA
DST30,Sundargarh,CRP006,Potato,2015-16,Annual,4489.54,4360.36,60040.45,13.769608472694916,synthetic_prototype,2024_25_project_crop_structure,SEA03,CALCULATED_FROM_PRODUCTION_AND_HARVESTED_AREA
DST30,Sundargarh,CRP006,Potato,2016-17,Annual,5067.64,4962.78,65727.16,13.244020488516519,synthetic_prototype,2024_25_project_crop_structure,SEA03,CALCULATED_FROM_PRODUCTION_AND_HARVESTED_AREA
DST30,Sundargarh,CRP006,Potato,2017-18,Annual,5050.08,4940.57,66632.65,13.486834515045834,synthetic_prototype,2024_25_project_crop_structure,SEA03,CALCULATED_FROM_PRODUCTION_AND_HARVESTED_AREA
DST30,Sundargarh,CRP006,Potato,2018-19,Annual,4888.53,4699.61,64551.92,13.735590825621701,synthetic_prototype,2024_25_project_crop_structure,SEA03,CALCULATED_FROM_PRODUCTION_AND_HARVESTED_AREA
DST30,Sundargarh,CRP006,Potato,2019-20,Annual,4766.72,4656.14,64112.17,13.769381934392007,synthetic_prototype,2024_25_project_crop_structure,SEA03,CALCULATED_FROM_PRODUCTION_AND_HARVESTED_AREA
DST30,Sundargarh,CRP006,Potato,2020-21,Annual,4981.4,4832.61,62843.76,13.004103372711642,synthetic_prototype,2024_25_project_crop_structure,SEA03,CALCULATED_FROM_PRODUCTION_AND_HARVESTED_AREA
DST30,Sundargarh,CRP006,Potato,2021-22,Annual,4889.71,4757.59,59855.58,12.581071508894208,synthetic_prototype,2024_25_project_crop_structure,SEA03,CALCULATED_FROM_PRODUCTION_AND_HARVESTED_AREA
DST30,Sundargarh,CRP006,Potato,2022-23,Annual,4852.97,4646.62,56055.69,12.063756020505227,synthetic_prototype,2024_25_project_crop_structure,SEA03,CALCULATED_FROM_PRODUCTION_AND_HARVESTED_AREA
DST30,Sundargarh,CRP006,Potato,2023-24,Annual,5113.03,5010.5,58683.56,11.712116555234008,synthetic_prototype,2024_25_project_crop_structure,SEA03,CALCULATED_FROM_PRODUCTION_AND_HARVESTED_AREA
DST30,Sundargarh,CRP006,Potato,2024-25,Annual,5035.32,4822.26,61027.85,12.65544578683024,synthetic_prototype,2024_25_project_crop_structure,SEA03,CALCULATED_FROM_PRODUCTION_AND_HARVESTED_AREA
DST30,Sundargarh,CRP008,Rapeseed &Mustard,2015-16,Annual,2784.12,2712.16,3133.18,1.1552342044717125,synthetic_prototype,2024_25_project_crop_structure,SEA03,CALCULATED_FROM_PRODUCTION_AND_HARVESTED_AREA
DST30,Sundargarh,CRP008,Rapeseed &Mustard,2016-17,Annual,2867.69,2784.18,3398.71,1.2207220797505909,synthetic_prototype,2024_25_project_crop_structure,SEA03,CALCULATED_FROM_PRODUCTION_AND_HARVESTED_AREA
DST30,Sundargarh,CRP008,Rapeseed &Mustard,2017-18,Annual,2801.91,2712.68,3285.61,1.2112044177713555,synthetic_prototype,2024_25_project_crop_structure,SEA03,CALCULATED_FROM_PRODUCTION_AND_HARVESTED_AREA
DST30,Sundargarh,CRP008,Rapeseed &Mustard,2018-19,Annual,2819.79,2732.87,3314.44,1.2128055853370268,synthetic_prototype,2024_25_project_crop_structure,SEA03,CALCULATED_FROM_PRODUCTION_AND_HARVESTED_AREA
DST30,Sundargarh,CRP008,Rapeseed &Mustard,2019-20,Annual,2750.94,2691.58,3200.88,1.189219714814347,synthetic_prototype,2024_25_project_crop_structure,SEA03,CALCULATED_FROM_PRODUCTION_AND_HARVESTED_AREA
DST30,Sundargarh,CRP008,Rapeseed &Mustard,2020-21,Annual,2680.48,2584.23,2855.1,1.104816521749225,synthetic_prototype,2024_25_project_crop_structure,SEA03,CALCULATED_FROM_PRODUCTION_AND_HARVESTED_AREA
DST30,Sundargarh,CRP008,Rapeseed &Mustard,2021-22,Annual,2830.85,2706.81,3083.44,1.1391416464399053,synthetic_prototype,2024_25_project_crop_structure,SEA03,CALCULATED_FROM_PRODUCTION_AND_HARVESTED_AREA
DST30,Sundargarh,CRP008,Rapeseed &Mustard,2022-23,Annual,2885.09,2772.34,3292.11,1.1874842191073245,synthetic_prototype,2024_25_project_crop_structure,SEA03,CALCULATED_FROM_PRODUCTION_AND_HARVESTED_AREA
DST30,Sundargarh,CRP008,Rapeseed &Mustard,2023-24,Annual,2894.44,2774.17,3362.11,1.2119336594368766,synthetic_prototype,2024_25_project_crop_structure,SEA03,CALCULATED_FROM_PRODUCTION_AND_HARVESTED_AREA
DST30,Sundargarh,CRP008,Rapeseed &Mustard,2024-25,Annual,2869.21,2801.25,3274.88,1.169078090138331,synthetic_prototype,2024_25_project_crop_structure,SEA03,CALCULATED_FROM_PRODUCTION_AND_HARVESTED_AREA
DST30,Sundargarh,CRP011,Sugarcane,2015-16,Annual,6579.83,6366.89,500218.67,78.5656215200828,synthetic_prototype,2024_25_project_crop_structure,SEA03,CALCULATED_FROM_PRODUCTION_AND_HARVESTED_AREA
DST30,Sundargarh,CRP011,Sugarcane,2016-17,Annual,7131.34,6824.29,524175.18,76.81021468900062,synthetic_prototype,2024_25_project_crop_structure,SEA03,CALCULATED_FROM_PRODUCTION_AND_HARVESTED_AREA
DST30,Sundargarh,CRP011,Sugarcane,2017-18,Annual,6985.25,6690.4,479580.82,71.68193531029536,synthetic_prototype,2024_25_project_crop_structure,SEA03,CALCULATED_FROM_PRODUCTION_AND_HARVESTED_AREA
DST30,Sundargarh,CRP011,Sugarcane,2018-19,Annual,6933.84,6752.63,467710.62,69.26347512006433,synthetic_prototype,2024_25_project_crop_structure,SEA03,CALCULATED_FROM_PRODUCTION_AND_HARVESTED_AREA
DST30,Sundargarh,CRP011,Sugarcane,2019-20,Annual,6958.21,6738.75,471615.43,69.98559525134483,synthetic_prototype,2024_25_project_crop_structure,SEA03,CALCULATED_FROM_PRODUCTION_AND_HARVESTED_AREA
DST30,Sundargarh,CRP011,Sugarcane,2020-21,Annual,6759.8,6516.05,450447.51,69.12892166266373,synthetic_prototype,2024_25_project_crop_structure,SEA03,CALCULATED_FROM_PRODUCTION_AND_HARVESTED_AREA
DST30,Sundargarh,CRP011,Sugarcane,2021-22,Annual,6586.99,6324.48,441976.32,69.88342440801458,synthetic_prototype,2024_25_project_crop_structure,SEA03,CALCULATED_FROM_PRODUCTION_AND_HARVESTED_AREA
DST30,Sundargarh,CRP011,Sugarcane,2022-23,Annual,6702.89,6494.39,453844.89,69.88260483278646,synthetic_prototype,2024_25_project_crop_structure,SEA03,CALCULATED_FROM_PRODUCTION_AND_HARVESTED_AREA
DST30,Sundargarh,CRP011,Sugarcane,2023-24,Annual,7043.07,6871.74,517272.74,75.27536548239601,synthetic_prototype,2024_25_project_crop_structure,SEA03,CALCULATED_FROM_PRODUCTION_AND_HARVESTED_AREA
DST30,Sundargarh,CRP011,Sugarcane,2024-25,Annual,7239.93,6942.18,510524.41,73.53949479846388,synthetic_prototype,2024_25_project_crop_structure,SEA03,CALCULATED_FROM_PRODUCTION_AND_HARVESTED_AREA
DST30,Sundargarh,CRP003,Jute,2015-16,Annual,4245.34,4089.51,9573.59,2.3410115148269597,synthetic_prototype,2024_25_project_crop_structure,SEA03,CALCULATED_FROM_PRODUCTION_AND_HARVESTED_AREA
DST30,Sundargarh,CRP003,Jute,2016-17,Annual,4344.1,4228.9,10372.56,2.4527796826597936,synthetic_prototype,2024_25_project_crop_structure,SEA03,CALCULATED_FROM_PRODUCTION_AND_HARVESTED_AREA
DST30,Sundargarh,CRP003,Jute,2017-18,Annual,4489.89,4344.61,10587.3,2.4368815612908867,synthetic_prototype,2024_25_project_crop_structure,SEA03,CALCULATED_FROM_PRODUCTION_AND_HARVESTED_AREA
DST30,Sundargarh,CRP003,Jute,2018-19,Annual,4339.78,4208.77,10425.44,2.477075250013662,synthetic_prototype,2024_25_project_crop_structure,SEA03,CALCULATED_FROM_PRODUCTION_AND_HARVESTED_AREA
DST30,Sundargarh,CRP003,Jute,2019-20,Annual,4544.99,4365.21,11194.32,2.5644401987533243,synthetic_prototype,2024_25_project_crop_structure,SEA03,CALCULATED_FROM_PRODUCTION_AND_HARVESTED_AREA
DST30,Sundargarh,CRP003,Jute,2020-21,Annual,4225.34,4047.0,10687.54,2.6408549542871267,synthetic_prototype,2024_25_project_crop_structure,SEA03,CALCULATED_FROM_PRODUCTION_AND_HARVESTED_AREA
DST30,Sundargarh,CRP003,Jute,2021-22,Annual,4526.72,4391.39,10185.9,2.319516144091051,synthetic_prototype,2024_25_project_crop_structure,SEA03,CALCULATED_FROM_PRODUCTION_AND_HARVESTED_AREA
DST30,Sundargarh,CRP003,Jute,2022-23,Annual,4360.85,4234.95,9681.12,2.28600573796621,synthetic_prototype,2024_25_project_crop_structure,SEA03,CALCULATED_FROM_PRODUCTION_AND_HARVESTED_AREA
DST30,Sundargarh,CRP003,Jute,2023-24,Annual,4727.84,4610.58,10270.8,2.227658993011725,synthetic_prototype,2024_25_project_crop_structure,SEA03,CALCULATED_FROM_PRODUCTION_AND_HARVESTED_AREA
DST30,Sundargarh,CRP003,Jute,2024-25,Annual,4597.8,4448.32,10483.99,2.356842583267391,synthetic_prototype,2024_25_project_crop_structure,SEA03,CALCULATED_FROM_PRODUCTION_AND_HARVESTED_AREA
DST30,Sundargarh,CRP013,Wheat,2015-16,Annual,2075.33,1994.09,7007.97,3.5143699632413785,synthetic_prototype,2024_25_project_crop_structure,SEA03,CALCULATED_FROM_PRODUCTION_AND_HARVESTED_AREA
DST30,Sundargarh,CRP013,Wheat,2016-17,Annual,2199.02,2101.03,6862.32,3.2661694502220335,synthetic_prototype,2024_25_project_crop_structure,SEA03,CALCULATED_FROM_PRODUCTION_AND_HARVESTED_AREA
DST30,Sundargarh,CRP013,Wheat,2017-18,Annual,2154.37,2074.09,6470.47,3.119666938271724,synthetic_prototype,2024_25_project_crop_structure,SEA03,CALCULATED_FROM_PRODUCTION_AND_HARVESTED_AREA
DST30,Sundargarh,CRP013,Wheat,2018-19,Annual,2141.14,2053.72,6353.48,3.0936447032701637,synthetic_prototype,2024_25_project_crop_structure,SEA03,CALCULATED_FROM_PRODUCTION_AND_HARVESTED_AREA
DST30,Sundargarh,CRP013,Wheat,2019-20,Annual,2016.2,1958.77,5705.7,2.912899421575785,synthetic_prototype,2024_25_project_crop_structure,SEA03,CALCULATED_FROM_PRODUCTION_AND_HARVESTED_AREA
DST30,Sundargarh,CRP013,Wheat,2020-21,Annual,1977.64,1913.23,6178.33,3.229266737402194,synthetic_prototype,2024_25_project_crop_structure,SEA03,CALCULATED_FROM_PRODUCTION_AND_HARVESTED_AREA
DST30,Sundargarh,CRP013,Wheat,2021-22,Annual,2020.01,1965.33,6538.2,3.326769550151883,synthetic_prototype,2024_25_project_crop_structure,SEA03,CALCULATED_FROM_PRODUCTION_AND_HARVESTED_AREA
DST30,Sundargarh,CRP013,Wheat,2022-23,Annual,1994.08,1914.7,6080.05,3.175458296338852,synthetic_prototype,2024_25_project_crop_structure,SEA03,CALCULATED_FROM_PRODUCTION_AND_HARVESTED_AREA
DST30,Sundargarh,CRP013,Wheat,2023-24,Annual,2137.95,2053.07,6951.03,3.3856760850823395,synthetic_prototype,2024_25_project_crop_structure,SEA03,CALCULATED_FROM_PRODUCTION_AND_HARVESTED_AREA
DST30,Sundargarh,CRP013,Wheat,2024-25,Annual,2280.18,2178.42,7161.36,3.2874101412950667,synthetic_prototype,2024_25_project_crop_structure,SEA03,CALCULATED_FROM_PRODUCTION_AND_HARVESTED_AREA
