observation_id,district_id,district_name,crop_id,crop_name,season_id,season_name,agricultural_year,latitude,longitude,soil_ph,nitrogen,phosphorus,potassium,soil_moisture,rainfall_mm,temperature_mean_c,temperature_min_c,temperature_max_c,irrigation_status,soil_type,sowing_date,harvest_date,area_ha,yield_tonnes_per_ha,crop_actual,provenance_status,provenance_note,g_lat,g_lon,dist_deg,original_latitude,original_longitude,coordinate_status
OBS0000001,DST01,Angul,CRP001,Groundnut,SEA01,Kharif,2022,20.83,85.1,7.01,58.65,21.34,26.03,39.89,1127.31,22.17,15.06,27.67,Rainfed,Loam,2022-06-02,2022-09-20,6120.573,1.76,Groundnut,SYNTHETIC_AI_GENERATED,Prototype only; crop_actual follows an existing project crop-production record and is not independently verified farm-survey ground truth.,20.83,85.1,4.194645845026725,18.00516,81.99914,district_reference_coordinates_used_for_prototype
OBS0000002,DST01,Angul,CRP001,Groundnut,SEA01,Kharif,2023,20.83,85.1,6.21,67.16,19.38,32.97,30.27,1393.67,30.18,22.05,38.18,Irrigated,Lateritic,2023-06-17,2023-10-05,6001.129,2.013,Groundnut,SYNTHETIC_AI_GENERATED,Prototype only; crop_actual follows an existing project crop-production record and is not independently verified farm-survey ground truth.,20.83,85.1,4.202125716503493,18.00582,81.98843,district_reference_coordinates_used_for_prototype
OBS0000003,DST01,Angul,CRP001,Groundnut,SEA01,Kharif,2024,20.83,85.1,6.68,71.58,40.34,29.48,31.71,1210.72,29.68,21.48,36.83,Rainfed,Lateritic,2024-06-10,2024-09-28,7875.332,1.828,Groundnut,SYNTHETIC_AI_GENERATED,Prototype only; crop_actual follows an existing project crop-production record and is not independently verified farm-survey ground truth.,20.83,85.1,4.188881679923646,18.01322,81.9996,district_reference_coordinates_used_for_prototype
OBS0000004,DST01,Angul,CRP004,Maize,SEA01,Kharif,2022,20.83,85.1,5.93,53.39,36.88,25.69,30.95,1063.19,21.89,16.75,28.99,Irrigated,Sandy loam,2022-06-20,2022-09-28,13492.56,2.458,Maize,SYNTHETIC_AI_GENERATED,Prototype only; crop_actual follows an existing project crop-production record and is not independently verified farm-survey ground truth.,20.83,85.1,4.209822763395144,17.99336,81.98936,district_reference_coordinates_used_for_prototype
OBS0000005,DST01,Angul,CRP004,Maize,SEA01,Kharif,2023,20.83,85.1,7.13,43.4,48.6,42.71,25.23,985.58,28.58,19.79,36.33,Irrigated,Lateritic,2023-06-22,2023-09-30,10569.024,2.194,Maize,SYNTHETIC_AI_GENERATED,Prototype only; crop_actual follows an existing project crop-production record and is not independently verified farm-survey ground truth.,20.83,85.1,4.198558792824026,18.00942,81.98998,district_reference_coordinates_used_for_prototype
OBS0000006,DST01,Angul,CRP004,Maize,SEA01,Kharif,2024,20.83,85.1,5.61,61.11,36.59,64.13,23.63,972.21,27.0,18.16,32.78,Rainfed,Red,2024-06-11,2024-09-19,13161.393,2.136,Maize,SYNTHETIC_AI_GENERATED,Prototype only; crop_actual follows an existing project crop-production record and is not independently verified farm-survey ground truth.,20.83,85.1,4.199320815524809,17.99219,82.00466,district_reference_coordinates_used_for_prototype
OBS0000007,DST01,Angul,CRP005,Moong(Green Gram),SEA02,Rabi,2022,20.83,85.1,6.66,44.7,31.46,23.02,19.56,1315.41,25.69,18.93,33.49,Rainfed,Alluvial,2022-10-04,2022-12-13,6596.674,1.134,Moong(Green Gram),SYNTHETIC_AI_GENERATED,Prototype only; crop_actual follows an existing project crop-production record and is not independently verified farm-survey ground truth.,20.83,85.1,4.186376652906417,18.01492,82.00144,district_reference_coordinates_used_for_prototype
OBS0000008,DST01,Angul,CRP005,Moong(Green Gram),SEA02,Rabi,2023,20.83,85.1,6.85,63.14,47.75,52.27,20.03,1179.44,21.94,15.56,29.57,Rainfed,Sandy loam,2023-10-04,2023-12-13,4362.835,0.932,Moong(Green Gram),SYNTHETIC_AI_GENERATED,Prototype only; crop_actual follows an existing project crop-production record and is not independently verified farm-survey ground truth.,20.83,85.1,4.1922632055967,18.00557,82.00199,district_reference_coordinates_used_for_prototype
OBS0000009,DST01,Angul,CRP005,Moong(Green Gram),SEA02,Rabi,2024,20.83,85.1,5.66,59.8,49.11,60.35,22.23,779.04,24.27,19.2,32.42,Rainfed,Sandy loam,2024-10-09,2024-12-18,5302.026,1.07,Moong(Green Gram),SYNTHETIC_AI_GENERATED,Prototype only; crop_actual follows an existing project crop-production record and is not independently verified farm-survey ground truth.,20.83,85.1,4.203877546801281,18.00019,81.99118,district_reference_coordinates_used_for_prototype
OBS0000010,DST01,Angul,CRP007,Ragi,SEA01,Kharif,2022,20.83,85.1,6.28,36.68,49.83,38.28,18.88,1171.94,28.79,22.08,34.68,Rainfed,Loam,2022-06-13,2022-10-01,986.083,1.48,Ragi,SYNTHETIC_AI_GENERATED,Prototype only; crop_actual follows an existing project crop-production record and is not independently verified farm-survey ground truth.,20.83,85.1,4.202932529674965,18.00689,81.98637,district_reference_coordinates_used_for_prototype
OBS0000011,DST01,Angul,CRP007,Ragi,SEA01,Kharif,2023,20.83,85.1,5.81,35.86,25.04,49.3,25.08,1160.77,27.4,22.38,34.48,Rainfed,Red,2023-06-04,2023-09-22,777.528,1.394,Ragi,SYNTHETIC_AI_GENERATED,Prototype only; crop_actual follows an existing project crop-production record and is not independently verified farm-survey ground truth.,20.83,85.1,4.1838176270004865,18.01604,82.00388,district_reference_coordinates_used_for_prototype
OBS0000012,DST01,Angul,CRP007,Ragi,SEA01,Kharif,2024,20.83,85.1,7.23,33.0,20.01,67.11,33.92,861.32,26.45,19.1,35.0,Irrigated,Alluvial,2024-06-14,2024-10-02,1179.286,1.447,Ragi,SYNTHETIC_AI_GENERATED,Prototype only; crop_actual follows an existing project crop-production record and is not independently verified farm-survey ground truth.,20.83,85.1,4.198642453805744,17.99993,81.9985,district_reference_coordinates_used_for_prototype
OBS0000013,DST01,Angul,CRP009,Rice,SEA01,Kharif,2022,20.83,85.1,6.21,48.66,36.35,41.01,42.92,1644.88,28.3,21.79,34.91,Irrigated,Red,2022-06-18,2022-10-16,84291.459,4.298,Rice,SYNTHETIC_AI_GENERATED,Prototype only; crop_actual follows an existing project crop-production record and is not independently verified farm-survey ground truth.,20.83,85.1,4.193503327016684,18.00039,82.00504,district_reference_coordinates_used_for_prototype
OBS0000014,DST01,Angul,CRP009,Rice,SEA01,Kharif,2023,20.83,85.1,5.59,62.67,31.34,46.07,36.15,1175.2,25.26,19.5,31.55,Rainfed,Alluvial,2023-06-19,2023-10-17,80676.997,3.539,Rice,SYNTHETIC_AI_GENERATED,Prototype only; crop_actual follows an existing project crop-production record and is not independently verified farm-survey ground truth.,20.83,85.1,4.185705535808738,18.00662,82.00991,district_reference_coordinates_used_for_prototype
OBS0000015,DST01,Angul,CRP009,Rice,SEA01,Kharif,2024,20.83,85.1,6.58,38.2,29.96,36.92,40.77,1054.81,29.81,23.51,38.44,Irrigated,Loam,2024-06-14,2024-10-12,64023.022,3.464,Rice,SYNTHETIC_AI_GENERATED,Prototype only; crop_actual follows an existing project crop-production record and is not independently verified farm-survey ground truth.,20.83,85.1,4.208420407540093,17.98921,81.99505,district_reference_coordinates_used_for_prototype
OBS0000016,DST01,Angul,CRP010,Sesamum,SEA01,Kharif,2022,20.83,85.1,6.69,31.04,17.18,30.42,21.25,1097.28,28.24,19.6,34.63,Rainfed,Lateritic,2022-06-17,2022-09-25,447.167,0.47,Sesamum,SYNTHETIC_AI_GENERATED,Prototype only; crop_actual follows an existing project crop-production record and is not independently verified farm-survey ground truth.,20.83,85.1,4.189555874170909,18.01312,81.99878,district_reference_coordinates_used_for_prototype
OBS0000017,DST01,Angul,CRP010,Sesamum,SEA01,Kharif,2023,20.83,85.1,6.83,75.34,38.56,34.19,18.5,1104.06,27.64,20.26,33.19,Irrigated,Red,2023-06-15,2023-09-23,319.941,0.56,Sesamum,SYNTHETIC_AI_GENERATED,Prototype only; crop_actual follows an existing project crop-production record and is not independently verified farm-survey ground truth.,20.83,85.1,4.190370935573602,18.01039,82.00016,district_reference_coordinates_used_for_prototype
OBS0000018,DST01,Angul,CRP010,Sesamum,SEA01,Kharif,2024,20.83,85.1,6.71,79.05,45.38,28.08,24.5,1066.55,26.47,19.13,34.03,Rainfed,Red,2024-06-20,2024-09-28,317.608,0.552,Sesamum,SYNTHETIC_AI_GENERATED,Prototype only; crop_actual follows an existing project crop-production record and is not independently verified farm-survey ground truth.,20.83,85.1,4.190081693105746,18.01507,81.9963,district_reference_coordinates_used_for_prototype
OBS0000019,DST01,Angul,CRP012,Urad,SEA02,Rabi,2022,20.83,85.1,5.62,65.41,43.55,60.72,20.27,1167.5,26.87,18.24,34.78,Rainfed,Loam,2022-10-22,2023-01-10,2820.035,0.671,Urad,SYNTHETIC_AI_GENERATED,Prototype only; crop_actual follows an existing project crop-production record and is not independently verified farm-survey ground truth.,20.83,85.1,4.2013450266551455,17.99613,81.99831,district_reference_coordinates_used_for_prototype
OBS0000020,DST01,Angul,CRP012,Urad,SEA02,Rabi,2023,20.83,85.1,5.54,77.71,16.24,62.2,23.89,880.5,27.8,19.66,34.72,Rainfed,Loam,2023-10-13,2024-01-01,2056.836,0.659,Urad,SYNTHETIC_AI_GENERATED,Prototype only; crop_actual follows an existing project crop-production record and is not independently verified farm-survey ground truth.,20.83,85.1,4.188607498214648,17.99971,82.0123,district_reference_coordinates_used_for_prototype
OBS0000021,DST01,Angul,CRP012,Urad,SEA02,Rabi,2024,20.83,85.1,6.65,66.99,46.78,24.87,42.0,702.39,25.69,19.86,32.6,Irrigated,Loam,2024-10-04,2024-12-23,3150.231,0.95,Urad,SYNTHETIC_AI_GENERATED,Prototype only; crop_actual follows an existing project crop-production record and is not independently verified farm-survey ground truth.,20.83,85.1,4.203932068266561,17.99525,81.99561,district_reference_coordinates_used_for_prototype
OBS0000022,DST01,Angul,CRP002,Horse Gram,SEA99,Unknown,2022,20.83,85.1,5.97,64.27,48.97,25.09,21.6,1185.12,26.62,20.7,31.89,Rainfed,Lateritic,2022-06-14,2022-09-22,1828.134,0.574,Horse Gram,SYNTHETIC_AI_GENERATED,Prototype only; crop_actual follows an existing project crop-production record and is not independently verified farm-survey ground truth.,20.83,85.1,4.200678277921312,17.99375,82.00139,district_reference_coordinates_used_for_prototype
OBS0000023,DST01,Angul,CRP002,Horse Gram,SEA99,Unknown,2023,20.83,85.1,6.01,31.26,41.55,34.46,38.43,1278.29,22.95,15.99,29.64,Rainfed,Sandy loam,2023-06-22,2023-09-30,1583.435,0.733,Horse Gram,SYNTHETIC_AI_GENERATED,Prototype only; crop_actual follows an existing project crop-production record and is not independently verified farm-survey ground truth.,20.83,85.1,4.191236292849638,18.00095,82.0076,district_reference_coordinates_used_for_prototype
OBS0000024,DST01,Angul,CRP002,Horse Gram,SEA99,Unknown,2024,20.83,85.1,6.07,48.01,18.36,53.47,23.74,1209.5,28.48,21.59,36.81,Irrigated,Red,2024-06-19,2024-09-27,1918.695,0.541,Horse Gram,SYNTHETIC_AI_GENERATED,Prototype only; crop_actual follows an existing project crop-production record and is not independently verified farm-survey ground truth.,20.83,85.1,4.198020216745024,18.00229,81.99719,district_reference_coordinates_used_for_prototype
OBS0000025,DST01,Angul,CRP006,Potato,SEA02,Rabi,2022,20.83,85.1,5.96,67.51,25.16,25.62,31.35,884.12,29.72,23.32,36.68,Irrigated,Sandy loam,2022-10-06,2023-01-14,6418.032,17.862,Potato,SYNTHETIC_AI_GENERATED,Prototype only; crop_actual follows an existing project crop-production record and is not independently verified farm-survey ground truth.,20.83,85.1,4.206201764751655,18.00273,81.98573,district_reference_coordinates_used_for_prototype
OBS0000026,DST01,Angul,CRP006,Potato,SEA02,Rabi,2023,20.83,85.1,6.85,50.32,44.24,67.44,41.28,816.11,24.25,17.24,30.47,Irrigated,Lateritic,2023-10-24,2024-02-01,5104.86,15.661,Potato,SYNTHETIC_AI_GENERATED,Prototype only; crop_actual follows an existing project crop-production record and is not independently verified farm-survey ground truth.,20.83,85.1,4.205447568095455,17.99424,81.99448,district_reference_coordinates_used_for_prototype
OBS0000027,DST01,Angul,CRP006,Potato,SEA02,Rabi,2024,20.83,85.1,5.97,68.84,43.43,43.07,35.94,1443.95,26.81,21.77,33.79,Irrigated,Loam,2024-10-07,2025-01-15,4387.21,16.773,Potato,SYNTHETIC_AI_GENERATED,Prototype only; crop_actual follows an existing project crop-production record and is not independently verified farm-survey ground truth.,20.83,85.1,4.179779630805909,18.00814,82.01655,district_reference_coordinates_used_for_prototype
OBS0000028,DST01,Angul,CRP008,Rapeseed &Mustard,SEA02,Rabi,2022,20.83,85.1,6.79,50.25,23.7,21.17,34.15,1299.96,26.1,17.84,32.04,Irrigated,Lateritic,2022-10-12,2023-02-04,1389.295,1.095,Rapeseed &Mustard,SYNTHETIC_AI_GENERATED,Prototype only; crop_actual follows an existing project crop-production record and is not independently verified farm-survey ground truth.,20.83,85.1,4.197167293520713,17.98633,82.01297,district_reference_coordinates_used_for_prototype
OBS0000029,DST01,Angul,CRP008,Rapeseed &Mustard,SEA02,Rabi,2023,20.83,85.1,6.66,52.54,25.47,64.5,28.09,911.18,24.9,18.65,31.05,Rainfed,Loam,2023-10-02,2024-01-25,1947.309,1.076,Rapeseed &Mustard,SYNTHETIC_AI_GENERATED,Prototype only; crop_actual follows an existing project crop-production record and is not independently verified farm-survey ground truth.,20.83,85.1,4.184122464854489,18.01628,82.00325,district_reference_coordinates_used_for_prototype
OBS0000030,DST01,Angul,CRP008,Rapeseed &Mustard,SEA02,Rabi,2024,20.83,85.1,5.72,46.99,27.46,64.31,21.01,1310.3,27.21,19.12,32.47,Rainfed,Sandy loam,2024-10-21,2025-02-13,1382.079,1.021,Rapeseed &Mustard,SYNTHETIC_AI_GENERATED,Prototype only; crop_actual follows an existing project crop-production record and is not independently verified farm-survey ground truth.,20.83,85.1,4.177450293719842,18.01331,82.01498,district_reference_coordinates_used_for_prototype
OBS0000031,DST01,Angul,CRP011,Sugarcane,SEA03,Annual,2022,20.83,85.1,6.73,30.71,31.26,40.28,18.56,891.55,25.61,16.89,33.77,Irrigated,Lateritic,2022-02-22,2022-12-19,6770.551,78.044,Sugarcane,SYNTHETIC_AI_GENERATED,Prototype only; crop_actual follows an existing project crop-production record and is not independently verified farm-survey ground truth.,20.83,85.1,4.200887392599326,17.99057,82.00402,district_reference_coordinates_used_for_prototype
OBS0000032,DST01,Angul,CRP011,Sugarcane,SEA03,Annual,2023,20.83,85.1,6.9,68.84,16.89,46.96,36.22,1161.6,27.42,20.33,34.63,Rainfed,Alluvial,2023-02-09,2023-12-06,7083.952,60.309,Sugarcane,SYNTHETIC_AI_GENERATED,Prototype only; crop_actual follows an existing project crop-production record and is not independently verified farm-survey ground truth.,20.83,85.1,4.195631287339245,17.99332,82.00863,district_reference_coordinates_used_for_prototype
OBS0000033,DST01,Angul,CRP011,Sugarcane,SEA03,Annual,2024,20.83,85.1,6.24,36.77,43.02,61.6,42.65,1001.91,26.08,19.42,33.16,Rainfed,Sandy loam,2024-02-14,2024-12-10,6685.366,73.652,Sugarcane,SYNTHETIC_AI_GENERATED,Prototype only; crop_actual follows an existing project crop-production record and is not independently verified farm-survey ground truth.,20.83,85.1,4.20876161839798,17.98337,81.99994,district_reference_coordinates_used_for_prototype
OBS0000034,DST01,Angul,CRP003,Jute,SEA01,Kharif,2022,20.83,85.1,6.6,70.44,30.32,27.54,26.16,1185.36,24.96,19.24,30.01,Rainfed,Lateritic,2022-06-13,2022-10-11,2290.644,1.345,Jute,SYNTHETIC_AI_GENERATED,Prototype only; crop_actual follows an existing project crop-production record and is not independently verified farm-survey ground truth.,20.83,85.1,4.187692354793983,18.00478,82.0089,district_reference_coordinates_used_for_prototype
OBS0000035,DST01,Angul,CRP003,Jute,SEA01,Kharif,2023,20.83,85.1,7.16,55.5,15.53,30.76,21.06,1410.1,27.93,21.38,36.57,Rainfed,Lateritic,2023-06-24,2023-10-22,3140.772,1.528,Jute,SYNTHETIC_AI_GENERATED,Prototype only; crop_actual follows an existing project crop-production record and is not independently verified farm-survey ground truth.,20.83,85.1,4.210441398060304,17.99047,81.99116,district_reference_coordinates_used_for_prototype
OBS0000036,DST01,Angul,CRP003,Jute,SEA01,Kharif,2024,20.83,85.1,6.71,66.98,21.55,55.59,42.37,1080.91,28.33,21.54,36.44,Irrigated,Alluvial,2024-06-06,2024-10-04,2370.456,1.824,Jute,SYNTHETIC_AI_GENERATED,Prototype only; crop_actual follows an existing project crop-production record and is not independently verified farm-survey ground truth.,20.83,85.1,4.192944812348473,18.00537,82.00125,district_reference_coordinates_used_for_prototype
OBS0000037,DST01,Angul,CRP013,Wheat,SEA99,Unknown,2022,20.83,85.1,5.87,75.74,30.6,66.34,40.12,1250.12,23.86,17.75,31.53,Rainfed,Lateritic,2022-06-06,2022-09-14,2930.481,2.763,Wheat,SYNTHETIC_AI_GENERATED,Prototype only; crop_actual follows an existing project crop-production record and is not independently verified farm-survey ground truth.,20.83,85.1,4.192102435640136,18.01105,81.99722,district_reference_coordinates_used_for_prototype
OBS0000038,DST01,Angul,CRP013,Wheat,SEA99,Unknown,2023,20.83,85.1,6.5,61.7,48.45,55.39,42.09,945.75,25.43,18.97,30.87,Irrigated,Loam,2023-06-20,2023-09-28,3083.807,2.689,Wheat,SYNTHETIC_AI_GENERATED,Prototype only; crop_actual follows an existing project crop-production record and is not independently verified farm-survey ground truth.,20.83,85.1,4.213682339771233,17.98429,81.99242,district_reference_coordinates_used_for_prototype
OBS0000039,DST01,Angul,CRP013,Wheat,SEA99,Unknown,2024,20.83,85.1,7.21,36.07,40.14,22.56,34.71,1071.02,29.32,23.97,35.0,Irrigated,Lateritic,2024-06-03,2024-09-11,2589.716,3.078,Wheat,SYNTHETIC_AI_GENERATED,Prototype only; crop_actual follows an existing project crop-production record and is not independently verified farm-survey ground truth.,20.83,85.1,4.199622110726151,18.00248,81.99485,district_reference_coordinates_used_for_prototype
OBS0000040,DST02,Balangir,CRP001,Groundnut,SEA01,Kharif,2022,20.72,83.48,7.04,75.25,38.84,33.06,24.53,1291.76,29.02,21.16,36.9,Rainfed,Red,2022-06-06,2022-09-24,699.589,1.408,Groundnut,SYNTHETIC_AI_GENERATED,Prototype only; crop_actual follows an existing project crop-production record and is not independently verified farm-survey ground truth.,20.72,83.48,2.479915845346374,18.44252,82.49864,district_reference_coordinates_used_for_prototype
OBS0000041,DST02,Balangir,CRP001,Groundnut,SEA01,Kharif,2023,20.72,83.48,7.04,57.48,29.42,29.74,32.73,918.88,28.14,22.84,35.28,Rainfed,Loam,2023-06-14,2023-10-02,769.637,1.723,Groundnut,SYNTHETIC_AI_GENERATED,Prototype only; crop_actual follows an existing project crop-production record and is not independently verified farm-survey ground truth.,20.72,83.48,2.481608681339587,18.44252,82.49437,district_reference_coordinates_used_for_prototype
OBS0000042,DST02,Balangir,CRP001,Groundnut,SEA01,Kharif,2024,20.72,83.48,7.04,63.1,49.25,65.62,22.54,1099.68,26.17,19.08,33.93,Rainfed,Sandy loam,2024-06-21,2024-10-09,732.422,1.684,Groundnut,SYNTHETIC_AI_GENERATED,Prototype only; crop_actual follows an existing project crop-production record and is not independently verified farm-survey ground truth.,20.72,83.48,2.4685076546974716,18.44898,82.51253,district_reference_coordinates_used_for_prototype
OBS0000043,DST02,Balangir,CRP004,Maize,SEA01,Kharif,2022,20.72,83.48,6.67,60.51,35.2,68.36,42.49,1117.76,27.65,19.6,34.19,Rainfed,Loam,2022-06-21,2022-09-29,4879.215,2.578,Maize,SYNTHETIC_AI_GENERATED,Prototype only; crop_actual follows an existing project crop-production record and is not independently verified farm-survey ground truth.,20.72,83.48,2.478751011376496,18.44858,82.4876,district_reference_coordinates_used_for_prototype
OBS0000044,DST02,Balangir,CRP004,Maize,SEA01,Kharif,2023,20.72,83.48,5.53,79.26,38.52,63.89,40.89,1250.85,27.04,19.09,32.89,Rainfed,Sandy loam,2023-06-20,2023-09-28,4078.793,1.931,Maize,SYNTHETIC_AI_GENERATED,Prototype only; crop_actual follows an existing project crop-production record and is not independently verified farm-survey ground truth.,20.72,83.48,2.4732179318855056,18.44381,82.51265,district_reference_coordinates_used_for_prototype
OBS0000045,DST02,Balangir,CRP004,Maize,SEA01,Kharif,2024,20.72,83.48,6.15,64.98,46.07,34.41,31.14,1082.63,29.08,22.85,35.85,Irrigated,Loam,2024-06-12,2024-09-20,3420.691,2.576,Maize,SYNTHETIC_AI_GENERATED,Prototype only; crop_actual follows an existing project crop-production record and is not independently verified farm-survey ground truth.,20.72,83.48,2.4695050391728315,18.45656,82.49243,district_reference_coordinates_used_for_prototype
OBS0000046,DST02,Balangir,CRP005,Moong(Green Gram),SEA02,Rabi,2022,20.72,83.48,6.36,75.29,38.62,46.48,25.8,1104.85,28.8,21.32,36.1,Irrigated,Lateritic,2022-10-10,2022-12-19,3569.776,1.219,Moong(Green Gram),SYNTHETIC_AI_GENERATED,Prototype only; crop_actual follows an existing project crop-production record and is not independently verified farm-survey ground truth.,20.72,83.48,2.470647722865402,18.45797,82.48636,district_reference_coordinates_used_for_prototype
OBS0000047,DST02,Balangir,CRP005,Moong(Green Gram),SEA02,Rabi,2023,20.72,83.48,6.34,59.8,28.9,61.02,42.52,1033.58,24.63,19.46,30.77,Rainfed,Sandy loam,2023-10-24,2024-01-02,5211.533,1.027,Moong(Green Gram),SYNTHETIC_AI_GENERATED,Prototype only; crop_actual follows an existing project crop-production record and is not independently verified farm-survey ground truth.,20.72,83.48,2.490790821747184,18.43149,82.49676,district_reference_coordinates_used_for_prototype
OBS0000048,DST02,Balangir,CRP005,Moong(Green Gram),SEA02,Rabi,2024,20.72,83.48,6.25,55.1,17.46,51.79,23.6,983.26,29.1,22.55,35.64,Rainfed,Loam,2024-10-20,2024-12-29,3505.834,0.985,Moong(Green Gram),SYNTHETIC_AI_GENERATED,Prototype only; crop_actual follows an existing project crop-production record and is not independently verified farm-survey ground truth.,20.72,83.48,2.4458276416174565,18.47389,82.51198,district_reference_coordinates_used_for_prototype
OBS0000049,DST02,Balangir,CRP007,Ragi,SEA01,Kharif,2022,20.72,83.48,5.82,35.77,49.26,62.16,22.96,1148.56,26.3,19.17,33.23,Irrigated,Loam,2022-06-07,2022-09-25,2420.861,0.696,Ragi,SYNTHETIC_AI_GENERATED,Prototype only; crop_actual follows an existing project crop-production record and is not independently verified farm-survey ground truth.,20.72,83.48,2.4677103563019687,18.45135,82.50901,district_reference_coordinates_used_for_prototype
OBS0000050,DST02,Balangir,CRP007,Ragi,SEA01,Kharif,2023,20.72,83.48,6.28,33.55,17.44,66.23,39.04,1255.58,25.4,17.37,31.13,Rainfed,Lateritic,2023-06-08,2023-09-26,2139.893,0.672,Ragi,SYNTHETIC_AI_GENERATED,Prototype only; crop_actual follows an existing project crop-production record and is not independently verified farm-survey ground truth.,20.72,83.48,2.4787134292814104,18.44342,82.49959,district_reference_coordinates_used_for_prototype
OBS0000051,DST02,Balangir,CRP007,Ragi,SEA01,Kharif,2024,20.72,83.48,6.14,37.8,39.97,25.64,18.8,1101.88,22.86,16.55,28.55,Rainfed,Sandy loam,2024-06-12,2024-09-30,1876.092,0.747,Ragi,SYNTHETIC_AI_GENERATED,Prototype only; crop_actual follows an existing project crop-production record and is not independently verified farm-survey ground truth.,20.72,83.48,2.4744633209041487,18.44912,82.49711,district_reference_coordinates_used_for_prototype
OBS0000052,DST02,Balangir,CRP009,Rice,SEA01,Kharif,2022,20.72,83.48,6.34,54.91,18.52,35.83,21.59,1276.63,23.82,15.08,32.39,Irrigated,Alluvial,2022-06-23,2022-10-21,19448.583,2.79,Rice,SYNTHETIC_AI_GENERATED,Prototype only; crop_actual follows an existing project crop-production record and is not independently verified farm-survey ground truth.,20.72,83.48,2.4825407980131953,18.44583,82.48443,district_reference_coordinates_used_for_prototype
OBS0000053,DST02,Balangir,CRP009,Rice,SEA01,Kharif,2023,20.72,83.48,6.14,76.1,27.06,31.79,19.74,1090.82,24.49,18.24,32.28,Rainfed,Lateritic,2023-06-07,2023-10-05,23683.126,2.575,Rice,SYNTHETIC_AI_GENERATED,Prototype only; crop_actual follows an existing project crop-production record and is not independently verified farm-survey ground truth.,20.72,83.48,2.459473224676373,18.45945,82.51102,district_reference_coordinates_used_for_prototype
OBS0000054,DST02,Balangir,CRP009,Rice,SEA01,Kharif,2024,20.72,83.48,6.72,44.7,47.91,63.95,21.73,1172.46,24.41,17.37,31.31,Rainfed,Loam,2024-06-10,2024-10-08,18810.343,2.976,Rice,SYNTHETIC_AI_GENERATED,Prototype only; crop_actual follows an existing project crop-production record and is not independently verified farm-survey ground truth.,20.72,83.48,2.461726440732195,18.46311,82.49687,district_reference_coordinates_used_for_prototype
OBS0000055,DST02,Balangir,CRP010,Sesamum,SEA01,Kharif,2022,20.72,83.48,5.71,67.33,18.37,40.89,36.43,1268.52,28.32,22.46,34.15,Rainfed,Red,2022-06-10,2022-09-18,2077.987,0.453,Sesamum,SYNTHETIC_AI_GENERATED,Prototype only; crop_actual follows an existing project crop-production record and is not independently verified farm-survey ground truth.,20.72,83.48,2.489296159901427,18.43719,82.48734,district_reference_coordinates_used_for_prototype
OBS0000056,DST02,Balangir,CRP010,Sesamum,SEA01,Kharif,2023,20.72,83.48,6.12,33.68,27.34,45.44,34.26,890.54,26.0,20.97,32.06,Rainfed,Loam,2023-06-19,2023-09-27,2051.223,0.558,Sesamum,SYNTHETIC_AI_GENERATED,Prototype only; crop_actual follows an existing project crop-production record and is not independently verified farm-survey ground truth.,20.72,83.48,2.469958021606847,18.45638,82.49171,district_reference_coordinates_used_for_prototype
OBS0000057,DST02,Balangir,CRP010,Sesamum,SEA01,Kharif,2024,20.72,83.48,6.05,71.85,46.29,35.4,23.01,843.36,24.28,18.39,30.54,Rainfed,Red,2024-06-02,2024-09-10,2046.408,0.567,Sesamum,SYNTHETIC_AI_GENERATED,Prototype only; crop_actual follows an existing project crop-production record and is not independently verified farm-survey ground truth.,20.72,83.48,2.4824070133843863,18.44365,82.48976,district_reference_coordinates_used_for_prototype
OBS0000058,DST02,Balangir,CRP012,Urad,SEA02,Rabi,2022,20.72,83.48,6.03,37.21,23.55,45.75,28.59,752.66,26.36,20.11,35.29,Rainfed,Sandy loam,2022-10-21,2023-01-09,700.777,1.07,Urad,SYNTHETIC_AI_GENERATED,Prototype only; crop_actual follows an existing project crop-production record and is not independently verified farm-survey ground truth.,20.72,83.48,2.456726467883634,18.46298,82.50976,district_reference_coordinates_used_for_prototype
OBS0000059,DST02,Balangir,CRP012,Urad,SEA02,Rabi,2023,20.72,83.48,6.37,58.49,29.1,22.42,21.46,1002.26,32.62,25.15,41.34,Rainfed,Alluvial,2023-10-24,2024-01-12,814.551,1.229,Urad,SYNTHETIC_AI_GENERATED,Prototype only; crop_actual follows an existing project crop-production record and is not independently verified farm-survey ground truth.,20.72,83.48,2.467989543737978,18.45698,82.49526,district_reference_coordinates_used_for_prototype
OBS0000060,DST02,Balangir,CRP012,Urad,SEA02,Rabi,2024,20.72,83.48,6.2,44.87,27.61,42.19,23.79,1150.84,27.79,19.91,34.93,Rainfed,Loam,2024-10-02,2024-12-21,887.8,1.154,Urad,SYNTHETIC_AI_GENERATED,Prototype only; crop_actual follows an existing project crop-production record and is not independently verified farm-survey ground truth.,20.72,83.48,2.484931769888264,18.44091,82.48973,district_reference_coordinates_used_for_prototype
OBS0000061,DST02,Balangir,CRP002,Horse Gram,SEA99,Unknown,2022,20.72,83.48,6.84,63.91,48.53,23.35,28.48,562.66,28.85,22.53,34.85,Rainfed,Red,2022-06-08,2022-09-16,3528.353,0.861,Horse Gram,SYNTHETIC_AI_GENERATED,Prototype only; crop_actual follows an existing project crop-production record and is not independently verified farm-survey ground truth.,20.72,83.48,2.4759482450972214,18.44432,82.5045,district_reference_coordinates_used_for_prototype
OBS0000062,DST02,Balangir,CRP002,Horse Gram,SEA99,Unknown,2023,20.72,83.48,6.86,35.46,21.19,46.79,41.88,1181.14,27.26,21.82,35.1,Rainfed,Red,2023-06-11,2023-09-19,3852.558,0.905,Horse Gram,SYNTHETIC_AI_GENERATED,Prototype only; crop_actual follows an existing project crop-production record and is not independently verified farm-survey ground truth.,20.72,83.48,2.482931180882787,18.44069,82.49527,district_reference_coordinates_used_for_prototype
OBS0000063,DST02,Balangir,CRP002,Horse Gram,SEA99,Unknown,2024,20.72,83.48,6.47,41.18,23.39,39.35,31.3,943.76,25.53,17.53,33.14,Irrigated,Loam,2024-06-02,2024-09-10,4573.997,1.038,Horse Gram,SYNTHETIC_AI_GENERATED,Prototype only; crop_actual follows an existing project crop-production record and is not independently verified farm-survey ground truth.,20.72,83.48,2.49199595354808,18.43386,82.48823,district_reference_coordinates_used_for_prototype
OBS0000064,DST02,Balangir,CRP006,Potato,SEA02,Rabi,2022,20.72,83.48,6.43,78.48,22.83,64.8,34.0,1102.13,21.49,13.14,26.79,Rainfed,Red,2022-10-17,2023-01-25,992.905,24.246,Potato,SYNTHETIC_AI_GENERATED,Prototype only; crop_actual follows an existing project crop-production record and is not independently verified farm-survey ground truth.,20.72,83.48,2.470674164878888,18.44677,82.51219,district_reference_coordinates_used_for_prototype
OBS0000065,DST02,Balangir,CRP006,Potato,SEA02,Rabi,2023,20.72,83.48,5.79,46.72,20.19,42.99,33.32,977.74,31.13,24.29,38.03,Rainfed,Lateritic,2023-10-14,2024-01-22,1014.218,17.423,Potato,SYNTHETIC_AI_GENERATED,Prototype only; crop_actual follows an existing project crop-production record and is not independently verified farm-survey ground truth.,20.72,83.48,2.491057958639262,18.43083,82.49762,district_reference_coordinates_used_for_prototype
OBS0000066,DST02,Balangir,CRP006,Potato,SEA02,Rabi,2024,20.72,83.48,6.21,47.82,26.43,69.98,37.27,1535.77,25.07,17.54,33.8,Rainfed,Sandy loam,2024-10-01,2025-01-09,923.422,22.457,Potato,SYNTHETIC_AI_GENERATED,Prototype only; crop_actual follows an existing project crop-production record and is not independently verified farm-survey ground truth.,20.72,83.48,2.4677209641691684,18.45389,82.50307,district_reference_coordinates_used_for_prototype
OBS0000067,DST02,Balangir,CRP008,Rapeseed &Mustard,SEA02,Rabi,2022,20.72,83.48,6.16,64.53,41.01,27.23,35.03,1386.87,28.09,19.95,33.11,Irrigated,Lateritic,2022-10-15,2023-02-07,2523.123,0.949,Rapeseed &Mustard,SYNTHETIC_AI_GENERATED,Prototype only; crop_actual follows an existing project crop-production record and is not independently verified farm-survey ground truth.,20.72,83.48,2.4706866244224472,18.4538,82.49581,district_reference_coordinates_used_for_prototype
OBS0000068,DST02,Balangir,CRP008,Rapeseed &Mustard,SEA02,Rabi,2023,20.72,83.48,5.87,38.78,39.69,22.22,26.37,878.21,28.97,23.79,37.3,Irrigated,Alluvial,2023-10-16,2024-02-08,3469.635,0.816,Rapeseed &Mustard,SYNTHETIC_AI_GENERATED,Prototype only; crop_actual follows an existing project crop-production record and is not independently verified farm-survey ground truth.,20.72,83.48,2.4661649284668665,18.46488,82.4818,district_reference_coordinates_used_for_prototype
OBS0000069,DST02,Balangir,CRP008,Rapeseed &Mustard,SEA02,Rabi,2024,20.72,83.48,7.14,67.57,21.34,68.07,20.81,1109.2,28.12,21.16,35.47,Rainfed,Red,2024-10-20,2025-02-12,3435.882,0.897,Rapeseed &Mustard,SYNTHETIC_AI_GENERATED,Prototype only; crop_actual follows an existing project crop-production record and is not independently verified farm-survey ground truth.,20.72,83.48,2.478041265556328,18.44227,82.50397,district_reference_coordinates_used_for_prototype
OBS0000070,DST02,Balangir,CRP011,Sugarcane,SEA03,Annual,2022,20.72,83.48,6.32,36.82,32.76,65.13,23.69,994.98,27.29,21.34,33.01,Rainfed,Lateritic,2022-02-23,2022-12-20,4626.349,68.806,Sugarcane,SYNTHETIC_AI_GENERATED,Prototype only; crop_actual follows an existing project crop-production record and is not independently verified farm-survey ground truth.,20.72,83.48,2.46677283319725,18.45955,82.49241,district_reference_coordinates_used_for_prototype
OBS0000071,DST02,Balangir,CRP011,Sugarcane,SEA03,Annual,2023,20.72,83.48,6.63,36.32,16.02,54.18,42.33,994.2,21.66,14.02,27.97,Rainfed,Alluvial,2023-02-19,2023-12-16,4644.832,58.338,Sugarcane,SYNTHETIC_AI_GENERATED,Prototype only; crop_actual follows an existing project crop-production record and is not independently verified farm-survey ground truth.,20.72,83.48,2.462973593382604,18.44916,82.52631,district_reference_coordinates_used_for_prototype
OBS0000072,DST02,Balangir,CRP011,Sugarcane,SEA03,Annual,2024,20.72,83.48,5.55,70.47,44.04,28.43,39.42,934.5,26.68,19.57,32.4,Irrigated,Loam,2024-02-14,2024-12-10,5141.243,58.404,Sugarcane,SYNTHETIC_AI_GENERATED,Prototype only; crop_actual follows an existing project crop-production record and is not independently verified farm-survey ground truth.,20.72,83.48,2.4787344245400744,18.44307,82.50035,district_reference_coordinates_used_for_prototype
OBS0000073,DST02,Balangir,CRP003,Jute,SEA01,Kharif,2022,20.72,83.48,5.6,46.94,40.71,49.81,29.58,1210.45,25.15,17.55,31.06,Irrigated,Red,2022-06-16,2022-10-14,1717.075,1.665,Jute,SYNTHETIC_AI_GENERATED,Prototype only; crop_actual follows an existing project crop-production record and is not independently verified farm-survey ground truth.,20.72,83.48,2.4631025536505766,18.46067,82.49903,district_reference_coordinates_used_for_prototype
OBS0000074,DST02,Balangir,CRP003,Jute,SEA01,Kharif,2023,20.72,83.48,5.79,33.08,31.07,65.92,31.26,1495.12,27.96,20.28,36.05,Irrigated,Alluvial,2023-06-20,2023-10-18,1732.206,1.779,Jute,SYNTHETIC_AI_GENERATED,Prototype only; crop_actual follows an existing project crop-production record and is not independently verified farm-survey ground truth.,20.72,83.48,2.465216903925496,18.45853,82.49865,district_reference_coordinates_used_for_prototype
OBS0000075,DST02,Balangir,CRP003,Jute,SEA01,Kharif,2024,20.72,83.48,6.35,41.17,36.65,39.01,36.1,1047.78,30.52,24.91,38.58,Rainfed,Sandy loam,2024-06-19,2024-10-17,1517.684,1.602,Jute,SYNTHETIC_AI_GENERATED,Prototype only; crop_actual follows an existing project crop-production record and is not independently verified farm-survey ground truth.,20.72,83.48,2.482184410957415,18.44272,82.49246,district_reference_coordinates_used_for_prototype
OBS0000076,DST02,Balangir,CRP013,Wheat,SEA99,Unknown,2022,20.72,83.48,7.18,34.71,34.76,24.28,37.0,1241.55,24.63,17.93,32.82,Rainfed,Sandy loam,2022-06-05,2022-09-13,430.382,2.982,Wheat,SYNTHETIC_AI_GENERATED,Prototype only; crop_actual follows an existing project crop-production record and is not independently verified farm-survey ground truth.,20.72,83.48,2.4843107045013526,18.44261,82.48738,district_reference_coordinates_used_for_prototype
OBS0000077,DST02,Balangir,CRP013,Wheat,SEA99,Unknown,2023,20.72,83.48,6.9,53.75,48.6,30.18,35.82,1137.92,26.19,19.83,33.32,Rainfed,Loam,2023-06-11,2023-09-19,500.443,2.818,Wheat,SYNTHETIC_AI_GENERATED,Prototype only; crop_actual follows an existing project crop-production record and is not independently verified farm-survey ground truth.,20.72,83.48,2.458174449301757,18.46374,82.50434,district_reference_coordinates_used_for_prototype
OBS0000078,DST02,Balangir,CRP013,Wheat,SEA99,Unknown,2024,20.72,83.48,6.09,67.34,34.22,66.33,20.39,939.56,27.5,20.78,34.01,Rainfed,Sandy loam,2024-06-07,2024-09-15,667.339,2.69,Wheat,SYNTHETIC_AI_GENERATED,Prototype only; crop_actual follows an existing project crop-production record and is not independently verified farm-survey ground truth.,20.72,83.48,2.4832033827699225,18.43991,82.49639,district_reference_coordinates_used_for_prototype
OBS0000079,DST03,Balasore,CRP001,Groundnut,SEA01,Kharif,2022,21.49,86.93,7.24,48.19,40.34,24.83,34.44,1288.44,30.35,22.19,37.78,Irrigated,Alluvial,2022-06-09,2022-09-27,4373.111,1.044,Groundnut,SYNTHETIC_AI_GENERATED,Prototype only; crop_actual follows an existing project crop-production record and is not independently verified farm-survey ground truth.,21.49,86.93,4.717111158262013,18.88663,82.99635,district_reference_coordinates_used_for_prototype
OBS0000080,DST03,Balasore,CRP001,Groundnut,SEA01,Kharif,2023,21.49,86.93,6.25,30.66,20.67,40.51,42.6,812.7,27.3,20.26,32.41,Irrigated,Alluvial,2023-06-11,2023-09-29,4019.702,1.265,Groundnut,SYNTHETIC_AI_GENERATED,Prototype only; crop_actual follows an existing project crop-production record and is not independently verified farm-survey ground truth.,21.49,86.93,4.722870554334516,18.88629,82.98967,district_reference_coordinates_used_for_prototype
OBS0000081,DST03,Balasore,CRP001,Groundnut,SEA01,Kharif,2024,21.49,86.93,6.98,35.53,48.07,65.38,27.46,1535.45,29.8,22.29,37.95,Irrigated,Alluvial,2024-06-20,2024-10-08,4206.738,1.296,Groundnut,SYNTHETIC_AI_GENERATED,Prototype only; crop_actual follows an existing project crop-production record and is not independently verified farm-survey ground truth.,21.49,86.93,4.71397545409393,18.89053,82.99753,district_reference_coordinates_used_for_prototype
OBS0000082,DST03,Balasore,CRP004,Maize,SEA01,Kharif,2022,21.49,86.93,6.81,64.83,31.69,31.39,34.32,1537.27,27.61,22.32,34.66,Rainfed,Alluvial,2022-06-16,2022-09-24,1646.575,2.91,Maize,SYNTHETIC_AI_GENERATED,Prototype only; crop_actual follows an existing project crop-production record and is not independently verified farm-survey ground truth.,21.49,86.93,4.696953513214711,18.91002,83.00507,district_reference_coordinates_used_for_prototype
OBS0000083,DST03,Balasore,CRP004,Maize,SEA01,Kharif,2023,21.49,86.93,5.66,76.0,23.55,38.67,40.13,1193.56,28.47,22.79,35.92,Rainfed,Lateritic,2023-06-12,2023-09-20,1852.114,3.797,Maize,SYNTHETIC_AI_GENERATED,Prototype only; crop_actual follows an existing project crop-production record and is not independently verified farm-survey ground truth.,21.49,86.93,4.711238171065016,18.90119,82.99378,district_reference_coordinates_used_for_prototype
OBS0000084,DST03,Balasore,CRP004,Maize,SEA01,Kharif,2024,21.49,86.93,6.74,73.09,16.91,41.61,32.02,707.19,27.08,21.36,33.54,Irrigated,Lateritic,2024-06-12,2024-09-20,1672.099,2.951,Maize,SYNTHETIC_AI_GENERATED,Prototype only; crop_actual follows an existing project crop-production record and is not independently verified farm-survey ground truth.,21.49,86.93,4.702991837926157,18.90674,83.0,district_reference_coordinates_used_for_prototype
OBS0000085,DST03,Balasore,CRP005,Moong(Green Gram),SEA02,Rabi,2022,21.49,86.93,6.38,68.68,25.74,45.06,33.57,1059.27,27.69,20.88,35.94,Rainfed,Red,2022-10-20,2022-12-29,3481.172,0.808,Moong(Green Gram),SYNTHETIC_AI_GENERATED,Prototype only; crop_actual follows an existing project crop-production record and is not independently verified farm-survey ground truth.,21.49,86.93,4.700036928206002,18.91127,83.00056,district_reference_coordinates_used_for_prototype
OBS0000086,DST03,Balasore,CRP005,Moong(Green Gram),SEA02,Rabi,2023,21.49,86.93,6.56,31.72,36.83,58.01,20.8,1190.66,25.57,17.38,31.21,Rainfed,Sandy loam,2023-10-04,2023-12-13,4177.282,0.864,Moong(Green Gram),SYNTHETIC_AI_GENERATED,Prototype only; crop_actual follows an existing project crop-production record and is not independently verified farm-survey ground truth.,21.49,86.93,4.696110437936914,18.90137,83.01178,district_reference_coordinates_used_for_prototype
OBS0000087,DST03,Balasore,CRP005,Moong(Green Gram),SEA02,Rabi,2024,21.49,86.93,5.68,56.62,49.54,27.66,39.53,1334.18,26.31,20.95,32.51,Rainfed,Lateritic,2024-10-09,2024-12-18,2851.72,0.651,Moong(Green Gram),SYNTHETIC_AI_GENERATED,Prototype only; crop_actual follows an existing project crop-production record and is not independently verified farm-survey ground truth.,21.49,86.93,4.705981518801376,18.90507,82.99752,district_reference_coordinates_used_for_prototype
OBS0000088,DST03,Balasore,CRP007,Ragi,SEA01,Kharif,2022,21.49,86.93,6.76,38.63,47.24,26.59,19.2,1398.89,28.07,19.23,35.28,Rainfed,Sandy loam,2022-06-20,2022-10-08,729.197,1.648,Ragi,SYNTHETIC_AI_GENERATED,Prototype only; crop_actual follows an existing project crop-production record and is not independently verified farm-survey ground truth.,21.49,86.93,4.725692108210187,18.90454,82.9743,district_reference_coordinates_used_for_prototype
OBS0000089,DST03,Balasore,CRP007,Ragi,SEA01,Kharif,2023,21.49,86.93,6.62,31.88,19.07,37.23,30.26,1118.17,28.03,19.76,36.8,Irrigated,Loam,2023-06-17,2023-10-05,567.621,1.524,Ragi,SYNTHETIC_AI_GENERATED,Prototype only; crop_actual follows an existing project crop-production record and is not independently verified farm-survey ground truth.,21.49,86.93,4.699362522427919,18.90854,83.00316,district_reference_coordinates_used_for_prototype
OBS0000090,DST03,Balasore,CRP007,Ragi,SEA01,Kharif,2024,21.49,86.93,6.39,33.74,21.52,37.33,36.56,1049.87,26.71,18.39,33.28,Rainfed,Sandy loam,2024-06-17,2024-10-05,514.002,1.395,Ragi,SYNTHETIC_AI_GENERATED,Prototype only; crop_actual follows an existing project crop-production record and is not independently verified farm-survey ground truth.,21.49,86.93,4.694831851397877,18.90973,83.0078,district_reference_coordinates_used_for_prototype
OBS0000091,DST03,Balasore,CRP009,Rice,SEA01,Kharif,2022,21.49,86.93,6.32,39.92,26.34,45.17,28.39,1030.61,24.27,16.12,29.89,Rainfed,Red,2022-06-10,2022-10-08,14144.209,2.867,Rice,SYNTHETIC_AI_GENERATED,Prototype only; crop_actual follows an existing project crop-production record and is not independently verified farm-survey ground truth.,21.49,86.93,4.716339341533858,18.89694,82.99047,district_reference_coordinates_used_for_prototype
OBS0000092,DST03,Balasore,CRP009,Rice,SEA01,Kharif,2023,21.49,86.93,6.36,63.15,45.27,46.11,26.66,1117.05,27.85,19.4,34.12,Irrigated,Alluvial,2023-06-06,2023-10-04,19896.475,3.329,Rice,SYNTHETIC_AI_GENERATED,Prototype only; crop_actual follows an existing project crop-production record and is not independently verified farm-survey ground truth.,21.49,86.93,4.695265643486007,18.90727,83.0089,district_reference_coordinates_used_for_prototype
OBS0000093,DST03,Balasore,CRP009,Rice,SEA01,Kharif,2024,21.49,86.93,5.66,70.57,48.45,26.97,31.52,1065.34,28.09,19.85,35.73,Rainfed,Loam,2024-06-24,2024-10-22,13754.133,3.484,Rice,SYNTHETIC_AI_GENERATED,Prototype only; crop_actual follows an existing project crop-production record and is not independently verified farm-survey ground truth.,21.49,86.93,4.709367554311307,18.9042,82.99404,district_reference_coordinates_used_for_prototype
OBS0000094,DST03,Balasore,CRP010,Sesamum,SEA01,Kharif,2022,21.49,86.93,5.66,56.5,16.23,56.21,37.54,1216.58,30.32,24.25,36.21,Rainfed,Lateritic,2022-06-16,2022-09-24,4460.109,0.385,Sesamum,SYNTHETIC_AI_GENERATED,Prototype only; crop_actual follows an existing project crop-production record and is not independently verified farm-survey ground truth.,21.49,86.93,4.711152028325992,18.89846,82.99568,district_reference_coordinates_used_for_prototype
OBS0000095,DST03,Balasore,CRP010,Sesamum,SEA01,Kharif,2023,21.49,86.93,6.85,62.19,35.52,34.09,28.9,1099.1,22.94,16.85,29.73,Rainfed,Alluvial,2023-06-18,2023-09-26,4170.395,0.452,Sesamum,SYNTHETIC_AI_GENERATED,Prototype only; crop_actual follows an existing project crop-production record and is not independently verified farm-survey ground truth.,21.49,86.93,4.690734427379149,18.91261,83.01081,district_reference_coordinates_used_for_prototype
OBS0000096,DST03,Balasore,CRP010,Sesamum,SEA01,Kharif,2024,21.49,86.93,5.51,61.39,38.23,52.32,25.13,1133.11,29.16,22.58,38.02,Rainfed,Loam,2024-06-01,2024-09-09,4045.174,0.386,Sesamum,SYNTHETIC_AI_GENERATED,Prototype only; crop_actual follows an existing project crop-production record and is not independently verified farm-survey ground truth.,21.49,86.93,4.716696514860804,18.88418,82.99847,district_reference_coordinates_used_for_prototype
OBS0000097,DST03,Balasore,CRP012,Urad,SEA02,Rabi,2022,21.49,86.93,6.63,52.79,41.7,47.5,33.52,1314.56,28.62,20.75,34.79,Irrigated,Sandy loam,2022-10-23,2023-01-11,2448.451,0.878,Urad,SYNTHETIC_AI_GENERATED,Prototype only; crop_actual follows an existing project crop-production record and is not independently verified farm-survey ground truth.,21.49,86.93,4.720820849778146,18.89051,82.98934,district_reference_coordinates_used_for_prototype
OBS0000098,DST03,Balasore,CRP012,Urad,SEA02,Rabi,2023,21.49,86.93,7.01,74.54,37.59,36.22,39.93,811.2,27.16,19.87,34.88,Irrigated,Lateritic,2023-10-07,2023-12-26,2933.853,0.8,Urad,SYNTHETIC_AI_GENERATED,Prototype only; crop_actual follows an existing project crop-production record and is not independently verified farm-survey ground truth.,21.49,86.93,4.718393284636209,18.89717,82.98786,district_reference_coordinates_used_for_prototype
OBS0000099,DST03,Balasore,CRP012,Urad,SEA02,Rabi,2024,21.49,86.93,6.78,73.99,45.33,59.9,34.49,864.46,29.34,20.58,35.87,Irrigated,Red,2024-10-01,2024-12-20,3016.726,0.815,Urad,SYNTHETIC_AI_GENERATED,Prototype only; crop_actual follows an existing project crop-production record and is not independently verified farm-survey ground truth.,21.49,86.93,4.701923068809197,18.91685,82.99465,district_reference_coordinates_used_for_prototype
OBS0000100,DST03,Balasore,CRP002,Horse Gram,SEA99,Unknown,2022,21.49,86.93,6.62,32.84,37.68,68.25,41.98,1535.27,26.93,20.72,33.33,Rainfed,Alluvial,2022-06-15,2022-09-23,3750.03,0.743,Horse Gram,SYNTHETIC_AI_GENERATED,Prototype only; crop_actual follows an existing project crop-production record and is not independently verified farm-survey ground truth.,21.49,86.93,4.7183701807403855,18.89428,82.98979,district_reference_coordinates_used_for_prototype
OBS0000101,DST03,Balasore,CRP002,Horse Gram,SEA99,Unknown,2023,21.49,86.93,5.98,30.05,18.1,33.15,24.5,1008.67,26.75,20.28,35.75,Irrigated,Sandy loam,2023-06-22,2023-09-30,4760.288,0.743,Horse Gram,SYNTHETIC_AI_GENERATED,Prototype only; crop_actual follows an existing project crop-production record and is not independently verified farm-survey ground truth.,21.49,86.93,4.712929900826034,18.8917,82.99801,district_reference_coordinates_used_for_prototype
OBS0000102,DST03,Balasore,CRP002,Horse Gram,SEA99,Unknown,2024,21.49,86.93,6.07,55.32,33.68,50.23,18.15,1051.95,25.56,19.47,32.21,Rainfed,Red,2024-06-05,2024-09-13,3407.341,0.636,Horse Gram,SYNTHETIC_AI_GENERATED,Prototype only; crop_actual follows an existing project crop-production record and is not independently verified farm-survey ground truth.,21.49,86.93,4.691175274150399,18.90648,83.01432,district_reference_coordinates_used_for_prototype
OBS0000103,DST03,Balasore,CRP006,Potato,SEA02,Rabi,2022,21.49,86.93,6.35,39.33,29.65,60.05,20.56,1304.67,26.5,20.77,31.56,Irrigated,Lateritic,2022-10-23,2023-01-31,1698.195,14.713,Potato,SYNTHETIC_AI_GENERATED,Prototype only; crop_actual follows an existing project crop-production record and is not independently verified farm-survey ground truth.,21.49,86.93,4.709560122060243,18.91227,82.98852,district_reference_coordinates_used_for_prototype
OBS0000104,DST03,Balasore,CRP006,Potato,SEA02,Rabi,2023,21.49,86.93,6.22,33.66,18.08,30.41,30.62,800.75,26.57,18.34,35.4,Irrigated,Alluvial,2023-10-20,2024-01-28,1855.181,13.102,Potato,SYNTHETIC_AI_GENERATED,Prototype only; crop_actual follows an existing project crop-production record and is not independently verified farm-survey ground truth.,21.49,86.93,4.714503518473613,18.89759,82.99224,district_reference_coordinates_used_for_prototype
OBS0000105,DST03,Balasore,CRP006,Potato,SEA02,Rabi,2024,21.49,86.93,6.52,71.01,31.69,36.56,21.86,1133.52,30.05,23.71,38.34,Rainfed,Sandy loam,2024-10-06,2025-01-14,2120.544,10.312,Potato,SYNTHETIC_AI_GENERATED,Prototype only; crop_actual follows an existing project crop-production record and is not independently verified farm-survey ground truth.,21.49,86.93,4.7055115727516865,18.89213,83.00662,district_reference_coordinates_used_for_prototype
OBS0000106,DST03,Balasore,CRP008,Rapeseed &Mustard,SEA02,Rabi,2022,21.49,86.93,5.5,30.59,45.87,34.16,33.99,1263.67,30.5,25.1,38.84,Irrigated,Sandy loam,2022-10-23,2023-02-15,5343.091,1.389,Rapeseed &Mustard,SYNTHETIC_AI_GENERATED,Prototype only; crop_actual follows an existing project crop-production record and is not independently verified farm-survey ground truth.,21.49,86.93,4.690195060165408,18.90632,83.0156,district_reference_coordinates_used_for_prototype
OBS0000107,DST03,Balasore,CRP008,Rapeseed &Mustard,SEA02,Rabi,2023,21.49,86.93,5.91,76.92,21.08,24.35,25.12,901.85,25.52,16.94,33.46,Rainfed,Red,2023-10-14,2024-02-06,5432.193,1.449,Rapeseed &Mustard,SYNTHETIC_AI_GENERATED,Prototype only; crop_actual follows an existing project crop-production record and is not independently verified farm-survey ground truth.,21.49,86.93,4.694305351220778,18.89544,83.01787,district_reference_coordinates_used_for_prototype
OBS0000108,DST03,Balasore,CRP008,Rapeseed &Mustard,SEA02,Rabi,2024,21.49,86.93,6.01,51.92,26.97,54.2,32.65,1275.66,28.17,19.64,35.01,Rainfed,Red,2024-10-05,2025-01-28,4648.406,1.499,Rapeseed &Mustard,SYNTHETIC_AI_GENERATED,Prototype only; crop_actual follows an existing project crop-production record and is not independently verified farm-survey ground truth.,21.49,86.93,4.716400152870835,18.90406,82.98572,district_reference_coordinates_used_for_prototype
OBS0000109,DST03,Balasore,CRP011,Sugarcane,SEA03,Annual,2022,21.49,86.93,6.06,77.01,40.33,62.1,22.12,1211.64,31.0,23.44,39.19,Irrigated,Lateritic,2022-02-14,2022-12-11,7653.451,67.779,Sugarcane,SYNTHETIC_AI_GENERATED,Prototype only; crop_actual follows an existing project crop-production record and is not independently verified farm-survey ground truth.,21.49,86.93,4.716964568109454,18.89042,82.99402,district_reference_coordinates_used_for_prototype
OBS0000110,DST03,Balasore,CRP011,Sugarcane,SEA03,Annual,2023,21.49,86.93,6.25,61.01,37.21,65.94,40.47,1117.14,25.56,18.98,31.75,Rainfed,Alluvial,2023-02-02,2023-11-29,7960.345,74.269,Sugarcane,SYNTHETIC_AI_GENERATED,Prototype only; crop_actual follows an existing project crop-production record and is not independently verified farm-survey ground truth.,21.49,86.93,4.699470079455767,18.91081,83.00154,district_reference_coordinates_used_for_prototype
OBS0000111,DST03,Balasore,CRP011,Sugarcane,SEA03,Annual,2024,21.49,86.93,7.07,57.98,15.7,38.97,39.68,726.35,30.32,25.08,37.68,Irrigated,Red,2024-02-03,2024-11-29,8315.003,51.734,Sugarcane,SYNTHETIC_AI_GENERATED,Prototype only; crop_actual follows an existing project crop-production record and is not independently verified farm-survey ground truth.,21.49,86.93,4.69893076298216,18.90817,83.00392,district_reference_coordinates_used_for_prototype
OBS0000112,DST03,Balasore,CRP003,Jute,SEA01,Kharif,2022,21.49,86.93,6.99,65.47,46.78,44.21,42.14,1563.6,27.56,19.92,36.24,Rainfed,Loam,2022-06-10,2022-10-08,1340.843,2.951,Jute,SYNTHETIC_AI_GENERATED,Prototype only; crop_actual follows an existing project crop-production record and is not independently verified farm-survey ground truth.,21.49,86.93,4.711533028654273,18.89024,83.00065,district_reference_coordinates_used_for_prototype
OBS0000113,DST03,Balasore,CRP003,Jute,SEA01,Kharif,2023,21.49,86.93,5.86,63.25,35.88,55.34,30.9,1132.36,26.09,18.6,32.38,Irrigated,Alluvial,2023-06-04,2023-10-02,1489.804,2.697,Jute,SYNTHETIC_AI_GENERATED,Prototype only; crop_actual follows an existing project crop-production record and is not independently verified farm-survey ground truth.,21.49,86.93,4.703521053094169,18.91187,82.996,district_reference_coordinates_used_for_prototype
OBS0000114,DST03,Balasore,CRP003,Jute,SEA01,Kharif,2024,21.49,86.93,6.31,32.47,28.27,34.08,41.34,992.73,26.86,20.99,32.6,Irrigated,Lateritic,2024-06-03,2024-10-01,1402.572,2.434,Jute,SYNTHETIC_AI_GENERATED,Prototype only; crop_actual follows an existing project crop-production record and is not independently verified farm-survey ground truth.,21.49,86.93,4.70308595103258,18.89698,83.00632,district_reference_coordinates_used_for_prototype
OBS0000115,DST03,Balasore,CRP013,Wheat,SEA99,Unknown,2022,21.49,86.93,6.62,40.61,17.41,28.25,30.93,1102.89,28.98,21.38,36.71,Rainfed,Sandy loam,2022-06-03,2022-09-11,899.311,2.407,Wheat,SYNTHETIC_AI_GENERATED,Prototype only; crop_actual follows an existing project crop-production record and is not independently verified farm-survey ground truth.,21.49,86.93,4.713577830321685,18.90323,82.98964,district_reference_coordinates_used_for_prototype
OBS0000116,DST03,Balasore,CRP013,Wheat,SEA99,Unknown,2023,21.49,86.93,7.17,48.98,44.71,37.68,18.37,1278.27,26.5,18.23,33.54,Irrigated,Alluvial,2023-06-06,2023-09-14,1094.202,2.125,Wheat,SYNTHETIC_AI_GENERATED,Prototype only; crop_actual follows an existing project crop-production record and is not independently verified farm-survey ground truth.,21.49,86.93,4.694276621855604,18.89848,83.01589,district_reference_coordinates_used_for_prototype
OBS0000117,DST03,Balasore,CRP013,Wheat,SEA99,Unknown,2024,21.49,86.93,6.28,63.98,33.46,55.98,28.98,669.7,27.77,19.06,34.28,Rainfed,Alluvial,2024-06-22,2024-09-30,1042.589,1.86,Wheat,SYNTHETIC_AI_GENERATED,Prototype only; crop_actual follows an existing project crop-production record and is not independently verified farm-survey ground truth.,21.49,86.93,4.7011614946946905,18.90026,83.00646,district_reference_coordinates_used_for_prototype
OBS0000118,DST04,Bargarh,CRP001,Groundnut,SEA01,Kharif,2022,21.33,83.62,6.98,75.38,28.16,35.32,22.5,793.05,25.65,17.58,33.25,Rainfed,Red,2022-06-22,2022-10-10,5996.81,1.976,Groundnut,SYNTHETIC_AI_GENERATED,Prototype only; crop_actual follows an existing project crop-production record and is not independently verified farm-survey ground truth.,21.33,83.62,1.9741411398884312,19.35951,83.49999,district_reference_coordinates_used_for_prototype
OBS0000119,DST04,Bargarh,CRP001,Groundnut,SEA01,Kharif,2023,21.33,83.62,6.49,50.87,22.31,21.88,37.25,1135.84,30.12,24.71,38.43,Rainfed,Lateritic,2023-06-03,2023-09-21,6589.24,1.603,Groundnut,SYNTHETIC_AI_GENERATED,Prototype only; crop_actual follows an existing project crop-production record and is not independently verified farm-survey ground truth.,21.33,83.62,1.993732873707004,19.33959,83.50494,district_reference_coordinates_used_for_prototype
OBS0000120,DST04,Bargarh,CRP001,Groundnut,SEA01,Kharif,2024,21.33,83.62,6.19,47.78,48.14,59.28,24.88,707.16,29.46,23.54,35.4,Irrigated,Sandy loam,2024-06-03,2024-09-21,6657.015,2.309,Groundnut,SYNTHETIC_AI_GENERATED,Prototype only; crop_actual follows an existing project crop-production record and is not independently verified farm-survey ground truth.,21.33,83.62,2.0037449961759104,19.33064,83.48751,district_reference_coordinates_used_for_prototype
OBS0000121,DST04,Bargarh,CRP004,Maize,SEA01,Kharif,2022,21.33,83.62,6.42,33.99,36.54,39.99,31.41,968.82,27.52,21.73,33.61,Irrigated,Sandy loam,2022-06-10,2022-09-18,2184.379,2.673,Maize,SYNTHETIC_AI_GENERATED,Prototype only; crop_actual follows an existing project crop-production record and is not independently verified farm-survey ground truth.,21.33,83.62,2.007828152457276,19.32567,83.50153,district_reference_coordinates_used_for_prototype
OBS0000122,DST04,Bargarh,CRP004,Maize,SEA01,Kharif,2023,21.33,83.62,6.28,55.03,33.84,21.47,33.72,662.95,27.62,21.84,35.9,Rainfed,Sandy loam,2023-06-18,2023-09-26,1938.955,2.095,Maize,SYNTHETIC_AI_GENERATED,Prototype only; crop_actual follows an existing project crop-production record and is not independently verified farm-survey ground truth.,21.33,83.62,1.9957153559062464,19.33737,83.50907,district_reference_coordinates_used_for_prototype
OBS0000123,DST04,Bargarh,CRP004,Maize,SEA01,Kharif,2024,21.33,83.62,6.17,49.32,35.61,27.98,39.56,1276.09,28.08,20.01,36.71,Rainfed,Sandy loam,2024-06-07,2024-09-15,2895.197,2.36,Maize,SYNTHETIC_AI_GENERATED,Prototype only; crop_actual follows an existing project crop-production record and is not independently verified farm-survey ground truth.,21.33,83.62,1.9878222078445524,19.34514,83.51152,district_reference_coordinates_used_for_prototype
OBS0000124,DST04,Bargarh,CRP005,Moong(Green Gram),SEA02,Rabi,2022,21.33,83.62,6.34,61.3,23.84,27.73,18.69,1196.29,22.27,15.15,27.63,Rainfed,Lateritic,2022-10-03,2022-12-12,5709.43,0.831,Moong(Green Gram),SYNTHETIC_AI_GENERATED,Prototype only; crop_actual follows an existing project crop-production record and is not independently verified farm-survey ground truth.,21.33,83.62,1.9790599357523244,19.35473,83.49758,district_reference_coordinates_used_for_prototype
OBS0000125,DST04,Bargarh,CRP005,Moong(Green Gram),SEA02,Rabi,2023,21.33,83.62,6.89,34.03,25.68,31.41,26.78,1188.0,31.25,22.45,36.87,Irrigated,Sandy loam,2023-10-11,2023-12-20,6175.624,0.889,Moong(Green Gram),SYNTHETIC_AI_GENERATED,Prototype only; crop_actual follows an existing project crop-production record and is not independently verified farm-survey ground truth.,21.33,83.62,1.9889465088081182,19.34407,83.5105,district_reference_coordinates_used_for_prototype
OBS0000126,DST04,Bargarh,CRP005,Moong(Green Gram),SEA02,Rabi,2024,21.33,83.62,5.68,75.35,23.21,45.21,41.13,1541.41,30.24,25.17,37.45,Irrigated,Alluvial,2024-10-19,2024-12-28,5337.576,0.797,Moong(Green Gram),SYNTHETIC_AI_GENERATED,Prototype only; crop_actual follows an existing project crop-production record and is not independently verified farm-survey ground truth.,21.33,83.62,1.9933480409853146,19.34102,83.48811,district_reference_coordinates_used_for_prototype
OBS0000127,DST04,Bargarh,CRP007,Ragi,SEA01,Kharif,2022,21.33,83.62,6.0,75.1,23.64,44.89,32.11,832.47,26.62,21.25,33.5,Rainfed,Red,2022-06-18,2022-10-06,6523.83,0.851,Ragi,SYNTHETIC_AI_GENERATED,Prototype only; crop_actual follows an existing project crop-production record and is not independently verified farm-survey ground truth.,21.33,83.62,1.9637425843781038,19.37041,83.49236,district_reference_coordinates_used_for_prototype
OBS0000128,DST04,Bargarh,CRP007,Ragi,SEA01,Kharif,2023,21.33,83.62,6.31,49.96,28.21,20.62,31.84,984.19,26.43,18.22,31.54,Rainfed,Alluvial,2023-06-11,2023-09-29,5940.415,1.098,Ragi,SYNTHETIC_AI_GENERATED,Prototype only; crop_actual follows an existing project crop-production record and is not independently verified farm-survey ground truth.,21.33,83.62,1.9852143475705577,19.34817,83.50413,district_reference_coordinates_used_for_prototype
OBS0000129,DST04,Bargarh,CRP007,Ragi,SEA01,Kharif,2024,21.33,83.62,6.74,67.17,19.64,30.57,39.12,700.02,32.29,24.44,38.04,Rainfed,Loam,2024-06-10,2024-09-28,6478.921,0.923,Ragi,SYNTHETIC_AI_GENERATED,Prototype only; crop_actual follows an existing project crop-production record and is not independently verified farm-survey ground truth.,21.33,83.62,1.9711284035546752,19.36397,83.47832,district_reference_coordinates_used_for_prototype
OBS0000130,DST04,Bargarh,CRP009,Rice,SEA01,Kharif,2022,21.33,83.62,7.06,64.58,28.32,49.17,19.13,988.59,28.94,23.54,37.6,Rainfed,Loam,2022-06-13,2022-10-11,32676.672,2.737,Rice,SYNTHETIC_AI_GENERATED,Prototype only; crop_actual follows an existing project crop-production record and is not independently verified farm-survey ground truth.,21.33,83.62,1.98428305634554,19.34874,83.51051,district_reference_coordinates_used_for_prototype
OBS0000131,DST04,Bargarh,CRP009,Rice,SEA01,Kharif,2023,21.33,83.62,6.74,69.8,17.21,24.24,24.89,1395.24,28.63,22.07,34.9,Rainfed,Alluvial,2023-06-15,2023-10-13,25038.477,2.336,Rice,SYNTHETIC_AI_GENERATED,Prototype only; crop_actual follows an existing project crop-production record and is not independently verified farm-survey ground truth.,21.33,83.62,1.9709622809683587,19.36319,83.49213,district_reference_coordinates_used_for_prototype
OBS0000132,DST04,Bargarh,CRP009,Rice,SEA01,Kharif,2024,21.33,83.62,6.81,55.31,28.33,27.41,37.82,1314.45,25.76,17.31,32.02,Rainfed,Alluvial,2024-06-04,2024-10-02,26527.354,2.537,Rice,SYNTHETIC_AI_GENERATED,Prototype only; crop_actual follows an existing project crop-production record and is not independently verified farm-survey ground truth.,21.33,83.62,1.9812073934850931,19.35156,83.51532,district_reference_coordinates_used_for_prototype
OBS0000133,DST04,Bargarh,CRP010,Sesamum,SEA01,Kharif,2022,21.33,83.62,7.2,64.33,35.41,34.33,25.27,1129.2,30.28,24.73,36.94,Rainfed,Loam,2022-06-16,2022-09-24,5088.251,0.39,Sesamum,SYNTHETIC_AI_GENERATED,Prototype only; crop_actual follows an existing project crop-production record and is not independently verified farm-survey ground truth.,21.33,83.62,1.992551545155106,19.33976,83.52405,district_reference_coordinates_used_for_prototype
OBS0000134,DST04,Bargarh,CRP010,Sesamum,SEA01,Kharif,2023,21.33,83.62,5.91,35.75,21.83,62.92,22.04,911.43,30.22,24.77,36.82,Irrigated,Lateritic,2023-06-20,2023-09-28,3263.696,0.461,Sesamum,SYNTHETIC_AI_GENERATED,Prototype only; crop_actual follows an existing project crop-production record and is not independently verified farm-survey ground truth.,21.33,83.62,1.984066254463293,19.34914,83.50725,district_reference_coordinates_used_for_prototype
OBS0000135,DST04,Bargarh,CRP010,Sesamum,SEA01,Kharif,2024,21.33,83.62,6.88,75.88,48.94,49.56,30.56,1110.73,26.03,17.85,31.63,Irrigated,Sandy loam,2024-06-08,2024-09-16,4609.89,0.428,Sesamum,SYNTHETIC_AI_GENERATED,Prototype only; crop_actual follows an existing project crop-production record and is not independently verified farm-survey ground truth.,21.33,83.62,1.9695931414634849,19.36425,83.49702,district_reference_coordinates_used_for_prototype
OBS0000136,DST04,Bargarh,CRP012,Urad,SEA02,Rabi,2022,21.33,83.62,6.43,41.96,26.14,30.05,31.8,1335.52,27.02,21.01,32.1,Rainfed,Alluvial,2022-10-20,2023-01-08,713.037,0.833,Urad,SYNTHETIC_AI_GENERATED,Prototype only; crop_actual follows an existing project crop-production record and is not independently verified farm-survey ground truth.,21.33,83.62,1.989023530680317,19.3445,83.50166,district_reference_coordinates_used_for_prototype
OBS0000137,DST04,Bargarh,CRP012,Urad,SEA02,Rabi,2023,21.33,83.62,6.21,62.67,31.19,23.54,23.37,1242.75,27.22,20.26,32.34,Rainfed,Loam,2023-10-06,2023-12-25,800.143,0.779,Urad,SYNTHETIC_AI_GENERATED,Prototype only; crop_actual follows an existing project crop-production record and is not independently verified farm-survey ground truth.,21.33,83.62,1.9894193662473463,19.34392,83.50478,district_reference_coordinates_used_for_prototype
OBS0000138,DST04,Bargarh,CRP012,Urad,SEA02,Rabi,2024,21.33,83.62,5.65,51.25,44.97,54.97,21.65,1249.72,27.36,22.34,35.48,Rainfed,Loam,2024-10-15,2025-01-03,769.702,0.698,Urad,SYNTHETIC_AI_GENERATED,Prototype only; crop_actual follows an existing project crop-production record and is not independently verified farm-survey ground truth.,21.33,83.62,1.967410709460531,19.36606,83.50319,district_reference_coordinates_used_for_prototype
OBS0000139,DST04,Bargarh,CRP002,Horse Gram,SEA99,Unknown,2022,21.33,83.62,5.7,79.5,31.83,21.76,36.36,1111.18,24.93,17.2,31.37,Rainfed,Red,2022-06-03,2022-09-11,5344.347,0.809,Horse Gram,SYNTHETIC_AI_GENERATED,Prototype only; crop_actual follows an existing project crop-production record and is not independently verified farm-survey ground truth.,21.33,83.62,1.9987840796094007,19.33495,83.49788,district_reference_coordinates_used_for_prototype
OBS0000140,DST04,Bargarh,CRP002,Horse Gram,SEA99,Unknown,2023,21.33,83.62,6.97,78.76,47.97,24.11,25.02,1266.28,30.01,23.85,37.15,Rainfed,Red,2023-06-08,2023-09-16,5791.079,0.696,Horse Gram,SYNTHETIC_AI_GENERATED,Prototype only; crop_actual follows an existing project crop-production record and is not independently verified farm-survey ground truth.,21.33,83.62,1.9920257815851656,19.34156,83.50053,district_reference_coordinates_used_for_prototype
OBS0000141,DST04,Bargarh,CRP002,Horse Gram,SEA99,Unknown,2024,21.33,83.62,6.26,44.84,41.38,53.66,40.14,1388.53,26.93,20.48,34.2,Rainfed,Alluvial,2024-06-20,2024-09-28,4034.384,0.649,Horse Gram,SYNTHETIC_AI_GENERATED,Prototype only; crop_actual follows an existing project crop-production record and is not independently verified farm-survey ground truth.,21.33,83.62,1.991665642270306,19.34241,83.49265,district_reference_coordinates_used_for_prototype
OBS0000142,DST04,Bargarh,CRP006,Potato,SEA02,Rabi,2022,21.33,83.62,6.45,75.66,49.17,31.51,38.35,900.46,25.68,17.43,32.04,Rainfed,Red,2022-10-23,2023-01-31,3711.29,21.029,Potato,SYNTHETIC_AI_GENERATED,Prototype only; crop_actual follows an existing project crop-production record and is not independently verified farm-survey ground truth.,21.33,83.62,1.9973308898627686,19.3359,83.50644,district_reference_coordinates_used_for_prototype
OBS0000143,DST04,Bargarh,CRP006,Potato,SEA02,Rabi,2023,21.33,83.62,7.07,64.56,24.25,23.35,30.9,1256.77,21.62,15.88,30.08,Irrigated,Alluvial,2023-10-03,2024-01-11,4764.805,19.071,Potato,SYNTHETIC_AI_GENERATED,Prototype only; crop_actual follows an existing project crop-production record and is not independently verified farm-survey ground truth.,21.33,83.62,1.97523995732164,19.35923,83.48719,district_reference_coordinates_used_for_prototype
OBS0000144,DST04,Bargarh,CRP006,Potato,SEA02,Rabi,2024,21.33,83.62,5.57,47.69,17.21,57.09,31.64,1100.1,26.19,18.35,32.28,Irrigated,Sandy loam,2024-10-16,2025-01-24,5113.333,16.534,Potato,SYNTHETIC_AI_GENERATED,Prototype only; crop_actual follows an existing project crop-production record and is not independently verified farm-survey ground truth.,21.33,83.62,1.9818620094244694,19.35238,83.4904,district_reference_coordinates_used_for_prototype
OBS0000145,DST04,Bargarh,CRP008,Rapeseed &Mustard,SEA02,Rabi,2022,21.33,83.62,6.16,70.37,39.87,29.37,38.71,975.65,25.71,19.49,32.52,Rainfed,Sandy loam,2022-10-14,2023-02-06,6251.608,1.236,Rapeseed &Mustard,SYNTHETIC_AI_GENERATED,Prototype only; crop_actual follows an existing project crop-production record and is not independently verified farm-survey ground truth.,21.33,83.62,1.9893621865311493,19.34516,83.48594,district_reference_coordinates_used_for_prototype
OBS0000146,DST04,Bargarh,CRP008,Rapeseed &Mustard,SEA02,Rabi,2023,21.33,83.62,6.4,36.11,48.9,41.18,31.55,1030.17,23.97,16.79,29.63,Irrigated,Alluvial,2023-10-03,2024-01-26,5697.144,1.34,Rapeseed &Mustard,SYNTHETIC_AI_GENERATED,Prototype only; crop_actual follows an existing project crop-production record and is not independently verified farm-survey ground truth.,21.33,83.62,1.9913600720361941,19.34254,83.49543,district_reference_coordinates_used_for_prototype
OBS0000147,DST04,Bargarh,CRP008,Rapeseed &Mustard,SEA02,Rabi,2024,21.33,83.62,6.56,35.53,27.53,63.18,27.39,1328.35,26.38,21.22,34.21,Rainfed,Red,2024-10-12,2025-02-04,4468.807,1.026,Rapeseed &Mustard,SYNTHETIC_AI_GENERATED,Prototype only; crop_actual follows an existing project crop-production record and is not independently verified farm-survey ground truth.,21.33,83.62,1.987205722868166,19.34663,83.49659,district_reference_coordinates_used_for_prototype
OBS0000148,DST04,Bargarh,CRP011,Sugarcane,SEA03,Annual,2022,21.33,83.62,7.28,40.73,27.48,41.79,39.67,1544.34,24.1,19.02,30.26,Irrigated,Red,2022-02-08,2022-12-05,8643.503,72.831,Sugarcane,SYNTHETIC_AI_GENERATED,Prototype only; crop_actual follows an existing project crop-production record and is not independently verified farm-survey ground truth.,21.33,83.62,1.99280531746079,19.34098,83.49723,district_reference_coordinates_used_for_prototype
OBS0000149,DST04,Bargarh,CRP011,Sugarcane,SEA03,Annual,2023,21.33,83.62,5.78,38.94,19.93,27.62,30.22,1420.21,26.34,20.8,33.26,Rainfed,Sandy loam,2023-02-19,2023-12-16,8507.672,84.643,Sugarcane,SYNTHETIC_AI_GENERATED,Prototype only; crop_actual follows an existing project crop-production record and is not independently verified farm-survey ground truth.,21.33,83.62,1.9631009172734823,19.37055,83.50033,district_reference_coordinates_used_for_prototype
OBS0000150,DST04,Bargarh,CRP011,Sugarcane,SEA03,Annual,2024,21.33,83.62,6.62,66.67,49.93,66.6,34.05,1265.25,27.8,21.94,33.16,Rainfed,Lateritic,2024-02-22,2024-12-18,7622.577,68.993,Sugarcane,SYNTHETIC_AI_GENERATED,Prototype only; crop_actual follows an existing project crop-production record and is not independently verified farm-survey ground truth.,21.33,83.62,1.9706786262605065,19.36292,83.50096,district_reference_coordinates_used_for_prototype
OBS0000151,DST04,Bargarh,CRP003,Jute,SEA01,Kharif,2022,21.33,83.62,6.19,61.68,33.13,24.88,27.35,1086.73,27.6,21.07,35.76,Irrigated,Red,2022-06-08,2022-10-06,3836.938,2.117,Jute,SYNTHETIC_AI_GENERATED,Prototype only; crop_actual follows an existing project crop-production record and is not independently verified farm-survey ground truth.,21.33,83.62,1.9836206428145455,19.34955,83.50789,district_reference_coordinates_used_for_prototype
OBS0000152,DST04,Bargarh,CRP003,Jute,SEA01,Kharif,2023,21.33,83.62,7.26,50.95,49.46,33.73,23.49,1292.82,24.77,15.83,31.36,Irrigated,Lateritic,2023-06-15,2023-10-13,2757.119,2.175,Jute,SYNTHETIC_AI_GENERATED,Prototype only; crop_actual follows an existing project crop-production record and is not independently verified farm-survey ground truth.,21.33,83.62,1.9878262868268919,19.34579,83.50015,district_reference_coordinates_used_for_prototype
OBS0000153,DST04,Bargarh,CRP003,Jute,SEA01,Kharif,2024,21.33,83.62,6.8,59.05,33.01,27.67,33.22,686.25,25.33,16.97,31.78,Irrigated,Alluvial,2024-06-19,2024-10-17,2576.788,2.629,Jute,SYNTHETIC_AI_GENERATED,Prototype only; crop_actual follows an existing project crop-production record and is not independently verified farm-survey ground truth.,21.33,83.62,1.978877956823006,19.35388,83.51556,district_reference_coordinates_used_for_prototype
OBS0000154,DST04,Bargarh,CRP013,Wheat,SEA99,Unknown,2022,21.33,83.62,7.03,46.61,32.05,29.6,36.52,799.13,28.02,20.83,35.41,Rainfed,Lateritic,2022-06-20,2022-09-28,837.965,3.383,Wheat,SYNTHETIC_AI_GENERATED,Prototype only; crop_actual follows an existing project crop-production record and is not independently verified farm-survey ground truth.,21.33,83.62,1.9961386069108515,19.33896,83.47742,district_reference_coordinates_used_for_prototype
OBS0000155,DST04,Bargarh,CRP013,Wheat,SEA99,Unknown,2023,21.33,83.62,6.51,65.43,40.92,65.76,38.55,970.88,26.73,20.25,34.46,Irrigated,Red,2023-06-13,2023-09-21,809.088,2.82,Wheat,SYNTHETIC_AI_GENERATED,Prototype only; crop_actual follows an existing project crop-production record and is not independently verified farm-survey ground truth.,21.33,83.62,1.9853810311625328,19.34858,83.49465,district_reference_coordinates_used_for_prototype
OBS0000156,DST04,Bargarh,CRP013,Wheat,SEA99,Unknown,2024,21.33,83.62,7.13,76.32,30.92,69.87,34.45,1141.45,25.78,20.17,33.21,Irrigated,Sandy loam,2024-06-09,2024-09-17,791.865,2.416,Wheat,SYNTHETIC_AI_GENERATED,Prototype only; crop_actual follows an existing project crop-production record and is not independently verified farm-survey ground truth.,21.33,83.62,1.991510988094213,19.34259,83.49226,district_reference_coordinates_used_for_prototype
OBS0000157,DST06,Boudh,CRP001,Groundnut,SEA01,Kharif,2022,20.84,84.32,6.99,56.48,33.28,51.71,23.79,1209.46,27.77,22.71,34.79,Irrigated,Sandy loam,2022-06-24,2022-10-12,2934.371,1.449,Groundnut,SYNTHETIC_AI_GENERATED,Prototype only; crop_actual follows an existing project crop-production record and is not independently verified farm-survey ground truth.,20.84,84.32,0.6267762698922182,20.2373,84.49205,district_reference_coordinates_used_for_prototype
OBS0000158,DST06,Boudh,CRP001,Groundnut,SEA01,Kharif,2023,20.84,84.32,5.61,69.92,18.69,61.65,40.24,987.1,24.16,18.9,30.43,Rainfed,Sandy loam,2023-06-22,2023-10-10,1981.983,1.123,Groundnut,SYNTHETIC_AI_GENERATED,Prototype only; crop_actual follows an existing project crop-production record and is not independently verified farm-survey ground truth.,20.84,84.32,0.6092996441817481,20.25858,84.5022,district_reference_coordinates_used_for_prototype
OBS0000159,DST06,Boudh,CRP001,Groundnut,SEA01,Kharif,2024,20.84,84.32,6.45,45.39,45.48,31.88,21.93,1326.94,27.06,18.09,35.54,Rainfed,Loam,2024-06-15,2024-10-03,2003.014,1.274,Groundnut,SYNTHETIC_AI_GENERATED,Prototype only; crop_actual follows an existing project crop-production record and is not independently verified farm-survey ground truth.,20.84,84.32,0.6077950290188291,20.26207,84.50818,district_reference_coordinates_used_for_prototype
OBS0000160,DST06,Boudh,CRP004,Maize,SEA01,Kharif,2022,20.84,84.32,6.77,38.18,48.26,55.56,21.86,988.72,28.23,22.21,36.41,Rainfed,Lateritic,2022-06-08,2022-09-16,2305.3,2.314,Maize,SYNTHETIC_AI_GENERATED,Prototype only; crop_actual follows an existing project crop-production record and is not independently verified farm-survey ground truth.,20.84,84.32,0.6102678461954242,20.25565,84.49596,district_reference_coordinates_used_for_prototype
OBS0000161,DST06,Boudh,CRP004,Maize,SEA01,Kharif,2023,20.84,84.32,5.6,35.88,29.07,20.7,36.84,943.91,28.18,21.17,34.53,Irrigated,Red,2023-06-04,2023-09-12,2548.503,2.348,Maize,SYNTHETIC_AI_GENERATED,Prototype only; crop_actual follows an existing project crop-production record and is not independently verified farm-survey ground truth.,20.84,84.32,0.638994688632076,20.22789,84.5034,district_reference_coordinates_used_for_prototype
OBS0000162,DST06,Boudh,CRP004,Maize,SEA01,Kharif,2024,20.84,84.32,6.0,74.5,33.64,45.67,24.83,805.84,26.44,20.01,33.74,Irrigated,Loam,2024-06-05,2024-09-13,2356.387,2.29,Maize,SYNTHETIC_AI_GENERATED,Prototype only; crop_actual follows an existing project crop-production record and is not independently verified farm-survey ground truth.,20.84,84.32,0.6145290302337229,20.25127,84.49619,district_reference_coordinates_used_for_prototype
OBS0000163,DST06,Boudh,CRP005,Moong(Green Gram),SEA02,Rabi,2022,20.84,84.32,6.42,43.68,45.26,59.9,21.53,1202.71,23.67,16.4,32.34,Irrigated,Alluvial,2022-10-08,2022-12-17,2541.561,0.782,Moong(Green Gram),SYNTHETIC_AI_GENERATED,Prototype only; crop_actual follows an existing project crop-production record and is not independently verified farm-survey ground truth.,20.84,84.32,0.6145206789848517,20.25432,84.50605,district_reference_coordinates_used_for_prototype
OBS0000164,DST06,Boudh,CRP005,Moong(Green Gram),SEA02,Rabi,2023,20.84,84.32,5.82,78.04,32.81,37.85,31.74,1139.2,27.67,21.97,36.38,Irrigated,Lateritic,2023-10-10,2023-12-19,2530.451,0.978,Moong(Green Gram),SYNTHETIC_AI_GENERATED,Prototype only; crop_actual follows an existing project crop-production record and is not independently verified farm-survey ground truth.,20.84,84.32,0.6156504076990478,20.25247,84.50394,district_reference_coordinates_used_for_prototype
OBS0000165,DST06,Boudh,CRP005,Moong(Green Gram),SEA02,Rabi,2024,20.84,84.32,6.11,66.89,46.28,52.68,28.84,875.5,24.51,15.66,30.99,Irrigated,Alluvial,2024-10-06,2024-12-15,2205.55,0.759,Moong(Green Gram),SYNTHETIC_AI_GENERATED,Prototype only; crop_actual follows an existing project crop-production record and is not independently verified farm-survey ground truth.,20.84,84.32,0.6072610513609468,20.26134,84.50417,district_reference_coordinates_used_for_prototype
OBS0000166,DST06,Boudh,CRP007,Ragi,SEA01,Kharif,2022,20.84,84.32,6.28,48.13,22.1,26.65,34.37,1700.42,30.67,22.14,37.87,Irrigated,Lateritic,2022-06-21,2022-10-09,1080.386,1.221,Ragi,SYNTHETIC_AI_GENERATED,Prototype only; crop_actual follows an existing project crop-production record and is not independently verified farm-survey ground truth.,20.84,84.32,0.6177309411062416,20.24734,84.4942,district_reference_coordinates_used_for_prototype
OBS0000167,DST06,Boudh,CRP007,Ragi,SEA01,Kharif,2023,20.84,84.32,6.36,67.14,45.45,24.2,26.15,1208.39,26.61,19.15,32.29,Rainfed,Alluvial,2023-06-04,2023-09-22,1725.474,1.02,Ragi,SYNTHETIC_AI_GENERATED,Prototype only; crop_actual follows an existing project crop-production record and is not independently verified farm-survey ground truth.,20.84,84.32,0.6340748600914587,20.23291,84.50301,district_reference_coordinates_used_for_prototype
OBS0000168,DST06,Boudh,CRP007,Ragi,SEA01,Kharif,2024,20.84,84.32,6.4,34.69,39.09,65.19,28.99,1080.89,25.14,19.56,30.75,Rainfed,Loam,2024-06-24,2024-10-12,1435.021,1.007,Ragi,SYNTHETIC_AI_GENERATED,Prototype only; crop_actual follows an existing project crop-production record and is not independently verified farm-survey ground truth.,20.84,84.32,0.617624077008015,20.25029,84.50358,district_reference_coordinates_used_for_prototype
OBS0000169,DST06,Boudh,CRP009,Rice,SEA01,Kharif,2022,20.84,84.32,6.63,58.51,36.83,35.24,37.73,838.78,25.87,19.28,32.92,Irrigated,Sandy loam,2022-06-17,2022-10-15,11988.134,3.034,Rice,SYNTHETIC_AI_GENERATED,Prototype only; crop_actual follows an existing project crop-production record and is not independently verified farm-survey ground truth.,20.84,84.32,0.6132603705605013,20.25311,84.4979,district_reference_coordinates_used_for_prototype
OBS0000170,DST06,Boudh,CRP009,Rice,SEA01,Kharif,2023,20.84,84.32,6.28,32.09,24.87,38.97,31.16,1562.43,27.48,21.94,34.14,Rainfed,Loam,2023-06-22,2023-10-20,11549.086,2.538,Rice,SYNTHETIC_AI_GENERATED,Prototype only; crop_actual follows an existing project crop-production record and is not independently verified farm-survey ground truth.,20.84,84.32,0.6257318641399098,20.24253,84.50593,district_reference_coordinates_used_for_prototype
OBS0000171,DST06,Boudh,CRP009,Rice,SEA01,Kharif,2024,20.84,84.32,7.02,47.44,30.69,37.95,40.16,1245.57,28.22,22.0,35.63,Rainfed,Red,2024-06-13,2024-10-11,13210.117,2.381,Rice,SYNTHETIC_AI_GENERATED,Prototype only; crop_actual follows an existing project crop-production record and is not independently verified farm-survey ground truth.,20.84,84.32,0.6151245768135151,20.25529,84.51103,district_reference_coordinates_used_for_prototype
OBS0000172,DST06,Boudh,CRP010,Sesamum,SEA01,Kharif,2022,20.84,84.32,6.86,41.5,35.75,20.48,19.44,1180.02,26.53,18.44,33.29,Irrigated,Lateritic,2022-06-14,2022-09-22,609.744,0.881,Sesamum,SYNTHETIC_AI_GENERATED,Prototype only; crop_actual follows an existing project crop-production record and is not independently verified farm-survey ground truth.,20.84,84.32,0.6240105221068016,20.24486,84.50761,district_reference_coordinates_used_for_prototype
OBS0000173,DST06,Boudh,CRP010,Sesamum,SEA01,Kharif,2023,20.84,84.32,6.8,47.33,25.19,24.65,26.39,874.96,28.68,21.6,37.14,Rainfed,Loam,2023-06-22,2023-09-30,517.251,0.926,Sesamum,SYNTHETIC_AI_GENERATED,Prototype only; crop_actual follows an existing project crop-production record and is not independently verified farm-survey ground truth.,20.84,84.32,0.6223254192140991,20.24193,84.49205,district_reference_coordinates_used_for_prototype
OBS0000174,DST06,Boudh,CRP010,Sesamum,SEA01,Kharif,2024,20.84,84.32,6.11,59.02,46.34,52.41,40.37,867.11,23.77,16.21,32.23,Rainfed,Loam,2024-06-22,2024-09-30,518.176,0.817,Sesamum,SYNTHETIC_AI_GENERATED,Prototype only; crop_actual follows an existing project crop-production record and is not independently verified farm-survey ground truth.,20.84,84.32,0.6281152556657107,20.23488,84.4884,district_reference_coordinates_used_for_prototype
OBS0000175,DST06,Boudh,CRP012,Urad,SEA02,Rabi,2022,20.84,84.32,6.38,45.0,15.81,29.11,34.76,1068.62,25.97,19.11,31.02,Rainfed,Red,2022-10-18,2023-01-06,8496.348,0.888,Urad,SYNTHETIC_AI_GENERATED,Prototype only; crop_actual follows an existing project crop-production record and is not independently verified farm-survey ground truth.,20.84,84.32,0.6031413370844354,20.26546,84.50353,district_reference_coordinates_used_for_prototype
OBS0000176,DST06,Boudh,CRP012,Urad,SEA02,Rabi,2023,20.84,84.32,5.89,47.4,34.17,69.29,40.84,805.42,26.53,20.15,31.64,Rainfed,Alluvial,2023-10-24,2024-01-12,6178.846,1.046,Urad,SYNTHETIC_AI_GENERATED,Prototype only; crop_actual follows an existing project crop-production record and is not independently verified farm-survey ground truth.,20.84,84.32,0.6182217869017574,20.24747,84.49637,district_reference_coordinates_used_for_prototype
OBS0000177,DST06,Boudh,CRP012,Urad,SEA02,Rabi,2024,20.84,84.32,5.94,70.59,47.06,35.87,18.14,938.63,27.17,21.13,32.8,Rainfed,Red,2024-10-12,2024-12-31,5782.097,0.883,Urad,SYNTHETIC_AI_GENERATED,Prototype only; crop_actual follows an existing project crop-production record and is not independently verified farm-survey ground truth.,20.84,84.32,0.6149391317032972,20.25434,84.50749,district_reference_coordinates_used_for_prototype
OBS0000178,DST06,Boudh,CRP002,Horse Gram,SEA99,Unknown,2022,20.84,84.32,5.94,72.17,49.46,40.14,32.18,1523.98,29.51,21.45,35.95,Rainfed,Sandy loam,2022-06-01,2022-09-09,786.522,0.92,Horse Gram,SYNTHETIC_AI_GENERATED,Prototype only; crop_actual follows an existing project crop-production record and is not independently verified farm-survey ground truth.,20.84,84.32,0.6237149962122156,20.24357,84.50246,district_reference_coordinates_used_for_prototype
OBS0000179,DST06,Boudh,CRP002,Horse Gram,SEA99,Unknown,2023,20.84,84.32,6.54,79.6,26.33,47.07,29.01,1235.45,23.66,15.44,30.91,Rainfed,Sandy loam,2023-06-06,2023-09-14,730.554,0.831,Horse Gram,SYNTHETIC_AI_GENERATED,Prototype only; crop_actual follows an existing project crop-production record and is not independently verified farm-survey ground truth.,20.84,84.32,0.6114594477150589,20.25361,84.49329,district_reference_coordinates_used_for_prototype
OBS0000180,DST06,Boudh,CRP002,Horse Gram,SEA99,Unknown,2024,20.84,84.32,7.18,40.4,40.2,31.54,42.33,1322.33,24.54,19.4,32.56,Rainfed,Loam,2024-06-24,2024-10-02,934.298,0.744,Horse Gram,SYNTHETIC_AI_GENERATED,Prototype only; crop_actual follows an existing project crop-production record and is not independently verified farm-survey ground truth.,20.84,84.32,0.6382877611234625,20.23106,84.51132,district_reference_coordinates_used_for_prototype
OBS0000181,DST06,Boudh,CRP006,Potato,SEA02,Rabi,2022,20.84,84.32,6.96,65.02,37.46,39.38,28.16,1526.55,30.08,23.02,38.22,Irrigated,Red,2022-10-18,2023-01-26,3390.146,21.267,Potato,SYNTHETIC_AI_GENERATED,Prototype only; crop_actual follows an existing project crop-production record and is not independently verified farm-survey ground truth.,20.84,84.32,0.6229966343408277,20.24592,84.5076,district_reference_coordinates_used_for_prototype
OBS0000182,DST06,Boudh,CRP006,Potato,SEA02,Rabi,2023,20.84,84.32,6.73,72.58,17.41,59.91,19.91,1276.3,26.56,21.22,34.54,Irrigated,Alluvial,2023-10-22,2024-01-30,3269.624,18.207,Potato,SYNTHETIC_AI_GENERATED,Prototype only; crop_actual follows an existing project crop-production record and is not independently verified farm-survey ground truth.,20.84,84.32,0.6286607060251227,20.23792,84.50087,district_reference_coordinates_used_for_prototype
OBS0000183,DST06,Boudh,CRP006,Potato,SEA02,Rabi,2024,20.84,84.32,6.86,59.21,43.2,62.97,23.13,1050.31,29.82,24.71,35.79,Rainfed,Lateritic,2024-10-15,2025-01-23,2923.887,20.901,Potato,SYNTHETIC_AI_GENERATED,Prototype only; crop_actual follows an existing project crop-production record and is not independently verified farm-survey ground truth.,20.84,84.32,0.6315326658218109,20.24062,84.51894,district_reference_coordinates_used_for_prototype
OBS0000184,DST06,Boudh,CRP008,Rapeseed &Mustard,SEA02,Rabi,2022,20.84,84.32,7.15,43.74,31.27,38.47,21.0,1040.12,27.25,20.36,32.58,Irrigated,Sandy loam,2022-10-07,2023-01-30,2805.657,0.935,Rapeseed &Mustard,SYNTHETIC_AI_GENERATED,Prototype only; crop_actual follows an existing project crop-production record and is not independently verified farm-survey ground truth.,20.84,84.32,0.613106079728461,20.25487,84.50309,district_reference_coordinates_used_for_prototype
OBS0000185,DST06,Boudh,CRP008,Rapeseed &Mustard,SEA02,Rabi,2023,20.84,84.32,5.83,65.07,29.39,57.18,22.85,749.79,30.06,21.64,38.87,Rainfed,Red,2023-10-05,2024-01-28,2681.07,0.892,Rapeseed &Mustard,SYNTHETIC_AI_GENERATED,Prototype only; crop_actual follows an existing project crop-production record and is not independently verified farm-survey ground truth.,20.84,84.32,0.6304286795506694,20.23288,84.48984,district_reference_coordinates_used_for_prototype
OBS0000186,DST06,Boudh,CRP008,Rapeseed &Mustard,SEA02,Rabi,2024,20.84,84.32,5.72,42.71,31.74,21.52,26.79,1228.15,29.02,23.76,38.0,Rainfed,Red,2024-10-11,2025-02-03,2067.331,1.029,Rapeseed &Mustard,SYNTHETIC_AI_GENERATED,Prototype only; crop_actual follows an existing project crop-production record and is not independently verified farm-survey ground truth.,20.84,84.32,0.6058964173024982,20.25838,84.48979,district_reference_coordinates_used_for_prototype
OBS0000187,DST06,Boudh,CRP011,Sugarcane,SEA03,Annual,2022,20.84,84.32,5.94,44.49,26.86,68.06,40.57,1320.84,24.94,18.17,32.15,Irrigated,Alluvial,2022-02-17,2022-12-14,4838.893,56.345,Sugarcane,SYNTHETIC_AI_GENERATED,Prototype only; crop_actual follows an existing project crop-production record and is not independently verified farm-survey ground truth.,20.84,84.32,0.604285182095344,20.26858,84.51657,district_reference_coordinates_used_for_prototype
OBS0000188,DST06,Boudh,CRP011,Sugarcane,SEA03,Annual,2023,20.84,84.32,6.75,41.83,25.97,39.21,20.36,949.82,25.62,18.74,32.46,Irrigated,Lateritic,2023-02-18,2023-12-15,4580.131,68.012,Sugarcane,SYNTHETIC_AI_GENERATED,Prototype only; crop_actual follows an existing project crop-production record and is not independently verified farm-survey ground truth.,20.84,84.32,0.5922293719497568,20.27401,84.49433,district_reference_coordinates_used_for_prototype
OBS0000189,DST06,Boudh,CRP011,Sugarcane,SEA03,Annual,2024,20.84,84.32,6.19,66.76,27.68,55.59,34.26,1085.72,25.58,19.26,32.84,Irrigated,Red,2024-02-02,2024-11-28,4302.635,69.629,Sugarcane,SYNTHETIC_AI_GENERATED,Prototype only; crop_actual follows an existing project crop-production record and is not independently verified farm-survey ground truth.,20.84,84.32,0.6225338792387141,20.24098,84.48948,district_reference_coordinates_used_for_prototype
OBS0000190,DST06,Boudh,CRP003,Jute,SEA01,Kharif,2022,20.84,84.32,6.77,45.81,19.46,20.77,21.07,1124.73,26.3,18.58,34.93,Rainfed,Alluvial,2022-06-11,2022-10-09,2638.059,1.96,Jute,SYNTHETIC_AI_GENERATED,Prototype only; crop_actual follows an existing project crop-production record and is not independently verified farm-survey ground truth.,20.84,84.32,0.603969675563272,20.26373,84.50081,district_reference_coordinates_used_for_prototype
OBS0000191,DST06,Boudh,CRP003,Jute,SEA01,Kharif,2023,20.84,84.32,5.84,45.57,32.05,53.22,41.49,995.36,26.37,17.48,33.32,Irrigated,Alluvial,2023-06-22,2023-10-20,2465.42,2.165,Jute,SYNTHETIC_AI_GENERATED,Prototype only; crop_actual follows an existing project crop-production record and is not independently verified farm-survey ground truth.,20.84,84.32,0.6209522728841562,20.24304,84.49094,district_reference_coordinates_used_for_prototype
OBS0000192,DST06,Boudh,CRP003,Jute,SEA01,Kharif,2024,20.84,84.32,7.21,30.66,38.49,45.08,29.37,1145.43,26.58,19.75,34.33,Rainfed,Sandy loam,2024-06-01,2024-09-29,2451.214,2.053,Jute,SYNTHETIC_AI_GENERATED,Prototype only; crop_actual follows an existing project crop-production record and is not independently verified farm-survey ground truth.,20.84,84.32,0.6210902976218546,20.24183,84.48717,district_reference_coordinates_used_for_prototype
OBS0000193,DST06,Boudh,CRP013,Wheat,SEA99,Unknown,2022,20.84,84.32,5.73,63.46,45.22,31.4,37.55,1329.41,24.85,16.8,31.75,Rainfed,Sandy loam,2022-06-15,2022-09-23,4297.485,3.025,Wheat,SYNTHETIC_AI_GENERATED,Prototype only; crop_actual follows an existing project crop-production record and is not independently verified farm-survey ground truth.,20.84,84.32,0.6221167450728223,20.24571,84.50398,district_reference_coordinates_used_for_prototype
OBS0000194,DST06,Boudh,CRP013,Wheat,SEA99,Unknown,2023,20.84,84.32,5.74,41.42,29.74,20.14,25.05,897.06,30.13,23.01,39.12,Rainfed,Red,2023-06-14,2023-09-22,5085.925,2.333,Wheat,SYNTHETIC_AI_GENERATED,Prototype only; crop_actual follows an existing project crop-production record and is not independently verified farm-survey ground truth.,20.84,84.32,0.6105948150778887,20.26011,84.51119,district_reference_coordinates_used_for_prototype
OBS0000195,DST06,Boudh,CRP013,Wheat,SEA99,Unknown,2024,20.84,84.32,5.5,69.93,34.56,42.68,34.72,740.21,27.48,20.56,35.17,Irrigated,Loam,2024-06-21,2024-09-29,3794.559,2.733,Wheat,SYNTHETIC_AI_GENERATED,Prototype only; crop_actual follows an existing project crop-production record and is not independently verified farm-survey ground truth.,20.84,84.32,0.6133257902615876,20.25765,84.51245,district_reference_coordinates_used_for_prototype
OBS0000196,DST05,Bhadrak,CRP001,Groundnut,SEA01,Kharif,2022,21.05,86.5,7.27,55.06,24.77,56.3,42.72,1120.84,25.63,16.78,31.48,Rainfed,Red,2022-06-09,2022-09-27,4129.009,1.842,Groundnut,SYNTHETIC_AI_GENERATED,Prototype only; crop_actual follows an existing project crop-production record and is not independently verified farm-survey ground truth.,21.05,86.5,2.815706114955886,19.79003,83.98193,district_reference_coordinates_used_for_prototype
OBS0000197,DST05,Bhadrak,CRP001,Groundnut,SEA01,Kharif,2023,21.05,86.5,6.3,50.93,24.81,21.95,21.17,1153.33,27.13,21.97,32.88,Rainfed,Lateritic,2023-06-15,2023-10-03,4705.882,1.59,Groundnut,SYNTHETIC_AI_GENERATED,Prototype only; crop_actual follows an existing project crop-production record and is not independently verified farm-survey ground truth.,21.05,86.5,2.778214544703125,19.82142,84.0082,district_reference_coordinates_used_for_prototype
OBS0000198,DST05,Bhadrak,CRP001,Groundnut,SEA01,Kharif,2024,21.05,86.5,6.25,58.13,44.81,40.79,32.64,1057.65,29.27,23.04,36.81,Rainfed,Sandy loam,2024-06-12,2024-09-30,5915.925,2.002,Groundnut,SYNTHETIC_AI_GENERATED,Prototype only; crop_actual follows an existing project crop-production record and is not independently verified farm-survey ground truth.,21.05,86.5,2.8047265451376835,19.79999,83.98923,district_reference_coordinates_used_for_prototype
OBS0000199,DST05,Bhadrak,CRP004,Maize,SEA01,Kharif,2022,21.05,86.5,5.69,75.25,28.01,34.85,30.16,962.06,26.95,17.98,32.18,Rainfed,Red,2022-06-03,2022-09-11,7700.083,2.378,Maize,SYNTHETIC_AI_GENERATED,Prototype only; crop_actual follows an existing project crop-production record and is not independently verified farm-survey ground truth.,21.05,86.5,2.8191899195513637,19.79,83.97805,district_reference_coordinates_used_for_prototype
OBS0000200,DST05,Bhadrak,CRP004,Maize,SEA01,Kharif,2023,21.05,86.5,6.53,73.41,49.95,24.18,34.39,1522.19,30.12,23.94,35.84,Irrigated,Red,2023-06-11,2023-09-19,7229.1,2.695,Maize,SYNTHETIC_AI_GENERATED,Prototype only; crop_actual follows an existing project crop-production record and is not independently verified farm-survey ground truth.,21.05,86.5,2.810422789723993,19.80281,83.98147,district_reference_coordinates_used_for_prototype
OBS0000201,DST05,Bhadrak,CRP004,Maize,SEA01,Kharif,2024,21.05,86.5,6.61,51.44,22.84,49.01,37.48,1220.41,28.97,22.46,34.63,Irrigated,Red,2024-06-05,2024-09-13,8631.084,2.635,Maize,SYNTHETIC_AI_GENERATED,Prototype only; crop_actual follows an existing project crop-production record and is not independently verified farm-survey ground truth.,21.05,86.5,2.7936577865765844,19.78811,84.00758,district_reference_coordinates_used_for_prototype
OBS0000202,DST05,Bhadrak,CRP005,Moong(Green Gram),SEA02,Rabi,2022,21.05,86.5,6.66,79.61,15.37,55.69,40.42,1316.94,25.13,20.08,32.72,Irrigated,Alluvial,2022-10-11,2022-12-20,8285.913,1.072,Moong(Green Gram),SYNTHETIC_AI_GENERATED,Prototype only; crop_actual follows an existing project crop-production record and is not independently verified farm-survey ground truth.,21.05,86.5,2.7912347012925967,19.80069,84.00396,district_reference_coordinates_used_for_prototype
OBS0000203,DST05,Bhadrak,CRP005,Moong(Green Gram),SEA02,Rabi,2023,21.05,86.5,6.67,46.29,25.49,53.39,32.76,984.37,23.97,17.58,29.93,Irrigated,Lateritic,2023-10-02,2023-12-11,6301.073,0.879,Moong(Green Gram),SYNTHETIC_AI_GENERATED,Prototype only; crop_actual follows an existing project crop-production record and is not independently verified farm-survey ground truth.,21.05,86.5,2.8094808770482884,19.78719,83.99032,district_reference_coordinates_used_for_prototype
OBS0000204,DST05,Bhadrak,CRP005,Moong(Green Gram),SEA02,Rabi,2024,21.05,86.5,5.79,57.46,25.9,48.41,23.64,977.97,29.28,21.92,35.61,Rainfed,Alluvial,2024-10-23,2025-01-01,7592.644,0.786,Moong(Green Gram),SYNTHETIC_AI_GENERATED,Prototype only; crop_actual follows an existing project crop-production record and is not independently verified farm-survey ground truth.,21.05,86.5,2.7980518382796244,19.79336,84.00001,district_reference_coordinates_used_for_prototype
OBS0000205,DST05,Bhadrak,CRP007,Ragi,SEA01,Kharif,2022,21.05,86.5,6.82,36.4,49.62,36.05,23.81,1096.97,25.91,20.45,33.05,Irrigated,Red,2022-06-24,2022-10-12,2688.592,1.112,Ragi,SYNTHETIC_AI_GENERATED,Prototype only; crop_actual follows an existing project crop-production record and is not independently verified farm-survey ground truth.,21.05,86.5,2.8062980717308053,19.79243,83.99125,district_reference_coordinates_used_for_prototype
OBS0000206,DST05,Bhadrak,CRP007,Ragi,SEA01,Kharif,2023,21.05,86.5,7.26,55.16,47.39,51.89,34.97,1256.15,24.21,16.04,33.09,Rainfed,Sandy loam,2023-06-18,2023-10-06,2220.999,1.175,Ragi,SYNTHETIC_AI_GENERATED,Prototype only; crop_actual follows an existing project crop-production record and is not independently verified farm-survey ground truth.,21.05,86.5,2.799342418854834,19.80442,83.99304,district_reference_coordinates_used_for_prototype
OBS0000207,DST05,Bhadrak,CRP007,Ragi,SEA01,Kharif,2024,21.05,86.5,7.07,44.98,22.71,48.56,32.16,1297.49,30.49,24.29,38.83,Rainfed,Loam,2024-06-10,2024-09-28,2435.452,1.533,Ragi,SYNTHETIC_AI_GENERATED,Prototype only; crop_actual follows an existing project crop-production record and is not independently verified farm-survey ground truth.,21.05,86.5,2.8088655797314384,19.80329,83.98297,district_reference_coordinates_used_for_prototype
OBS0000208,DST05,Bhadrak,CRP009,Rice,SEA01,Kharif,2022,21.05,86.5,7.23,69.87,37.19,34.84,25.73,894.93,28.03,19.92,34.03,Irrigated,Lateritic,2022-06-08,2022-10-06,47230.319,2.727,Rice,SYNTHETIC_AI_GENERATED,Prototype only; crop_actual follows an existing project crop-production record and is not independently verified farm-survey ground truth.,21.05,86.5,2.806107551413518,19.79126,83.99205,district_reference_coordinates_used_for_prototype
OBS0000209,DST05,Bhadrak,CRP009,Rice,SEA01,Kharif,2023,21.05,86.5,7.12,37.37,37.55,61.24,25.04,949.17,28.47,22.43,36.3,Irrigated,Lateritic,2023-06-01,2023-09-29,51179.358,2.522,Rice,SYNTHETIC_AI_GENERATED,Prototype only; crop_actual follows an existing project crop-production record and is not independently verified farm-survey ground truth.,21.05,86.5,2.8033540043490714,19.79679,83.99236,district_reference_coordinates_used_for_prototype
OBS0000210,DST05,Bhadrak,CRP009,Rice,SEA01,Kharif,2024,21.05,86.5,5.79,32.82,37.54,26.45,19.47,846.26,30.18,24.43,36.9,Rainfed,Sandy loam,2024-06-03,2024-10-01,51728.409,2.875,Rice,SYNTHETIC_AI_GENERATED,Prototype only; crop_actual follows an existing project crop-production record and is not independently verified farm-survey ground truth.,21.05,86.5,2.7924611689332406,19.8093,83.9983,district_reference_coordinates_used_for_prototype
OBS0000211,DST05,Bhadrak,CRP010,Sesamum,SEA01,Kharif,2022,21.05,86.5,5.72,47.47,38.2,61.77,38.15,735.79,25.91,19.58,31.66,Rainfed,Lateritic,2022-06-11,2022-09-19,5372.077,0.682,Sesamum,SYNTHETIC_AI_GENERATED,Prototype only; crop_actual follows an existing project crop-production record and is not independently verified farm-survey ground truth.,21.05,86.5,2.779864515853251,19.79536,84.01937,district_reference_coordinates_used_for_prototype
OBS0000212,DST05,Bhadrak,CRP010,Sesamum,SEA01,Kharif,2023,21.05,86.5,6.13,51.71,40.7,21.88,29.24,1246.23,26.28,20.09,34.97,Rainfed,Sandy loam,2023-06-03,2023-09-11,5617.045,0.693,Sesamum,SYNTHETIC_AI_GENERATED,Prototype only; crop_actual follows an existing project crop-production record and is not independently verified farm-survey ground truth.,21.05,86.5,2.8079988387640005,19.81308,83.97911,district_reference_coordinates_used_for_prototype
OBS0000213,DST05,Bhadrak,CRP010,Sesamum,SEA01,Kharif,2024,21.05,86.5,6.0,35.69,43.7,48.08,24.79,968.15,27.7,22.01,34.26,Rainfed,Sandy loam,2024-06-02,2024-09-10,3868.447,0.725,Sesamum,SYNTHETIC_AI_GENERATED,Prototype only; crop_actual follows an existing project crop-production record and is not independently verified farm-survey ground truth.,21.05,86.5,2.8092329655263555,19.80089,83.98375,district_reference_coordinates_used_for_prototype
OBS0000214,DST05,Bhadrak,CRP012,Urad,SEA02,Rabi,2022,21.05,86.5,6.53,71.41,26.19,27.11,20.42,1063.6,28.19,20.63,34.25,Rainfed,Sandy loam,2022-10-23,2023-01-11,680.077,0.735,Urad,SYNTHETIC_AI_GENERATED,Prototype only; crop_actual follows an existing project crop-production record and is not independently verified farm-survey ground truth.,21.05,86.5,2.787644317286546,19.79054,84.01309,district_reference_coordinates_used_for_prototype
OBS0000215,DST05,Bhadrak,CRP012,Urad,SEA02,Rabi,2023,21.05,86.5,6.59,65.88,24.52,58.95,22.26,1514.61,28.18,19.76,33.42,Irrigated,Sandy loam,2023-10-16,2024-01-04,631.962,0.723,Urad,SYNTHETIC_AI_GENERATED,Prototype only; crop_actual follows an existing project crop-production record and is not independently verified farm-survey ground truth.,21.05,86.5,2.7908610114084813,19.79875,84.00535,district_reference_coordinates_used_for_prototype
OBS0000216,DST05,Bhadrak,CRP012,Urad,SEA02,Rabi,2024,21.05,86.5,7.28,65.05,46.36,30.14,28.61,1057.4,30.47,25.0,38.9,Rainfed,Loam,2024-10-21,2025-01-09,709.36,0.548,Urad,SYNTHETIC_AI_GENERATED,Prototype only; crop_actual follows an existing project crop-production record and is not independently verified farm-survey ground truth.,21.05,86.5,2.7911764860717847,19.8009,84.00392,district_reference_coordinates_used_for_prototype
OBS0000217,DST05,Bhadrak,CRP002,Horse Gram,SEA99,Unknown,2022,21.05,86.5,6.03,69.58,24.81,41.74,29.04,769.26,27.1,21.49,33.88,Irrigated,Sandy loam,2022-06-09,2022-09-17,4384.322,0.813,Horse Gram,SYNTHETIC_AI_GENERATED,Prototype only; crop_actual follows an existing project crop-production record and is not independently verified farm-survey ground truth.,21.05,86.5,2.782469770851075,19.81044,84.00889,district_reference_coordinates_used_for_prototype
OBS0000218,DST05,Bhadrak,CRP002,Horse Gram,SEA99,Unknown,2023,21.05,86.5,6.67,73.34,49.43,62.0,37.01,954.51,24.82,16.95,33.5,Rainfed,Lateritic,2023-06-24,2023-10-02,3277.653,0.807,Horse Gram,SYNTHETIC_AI_GENERATED,Prototype only; crop_actual follows an existing project crop-production record and is not independently verified farm-survey ground truth.,21.05,86.5,2.774746811656871,19.81132,84.01708,district_reference_coordinates_used_for_prototype
OBS0000219,DST05,Bhadrak,CRP002,Horse Gram,SEA99,Unknown,2024,21.05,86.5,6.91,47.08,17.81,20.38,18.44,1644.17,29.84,21.04,36.44,Rainfed,Lateritic,2024-06-24,2024-10-02,4400.71,0.795,Horse Gram,SYNTHETIC_AI_GENERATED,Prototype only; crop_actual follows an existing project crop-production record and is not independently verified farm-survey ground truth.,21.05,86.5,2.80522777863047,19.79536,83.99098,district_reference_coordinates_used_for_prototype
OBS0000220,DST05,Bhadrak,CRP006,Potato,SEA02,Rabi,2022,21.05,86.5,6.98,54.96,46.38,65.79,39.74,1346.66,23.47,17.28,28.97,Irrigated,Alluvial,2022-10-16,2023-01-24,2702.806,15.402,Potato,SYNTHETIC_AI_GENERATED,Prototype only; crop_actual follows an existing project crop-production record and is not independently verified farm-survey ground truth.,21.05,86.5,2.8028403984886463,19.80137,83.99065,district_reference_coordinates_used_for_prototype
OBS0000221,DST05,Bhadrak,CRP006,Potato,SEA02,Rabi,2023,21.05,86.5,5.83,37.76,21.64,57.72,33.11,1120.24,26.17,18.0,34.87,Rainfed,Loam,2023-10-19,2024-01-27,2681.981,12.837,Potato,SYNTHETIC_AI_GENERATED,Prototype only; crop_actual follows an existing project crop-production record and is not independently verified farm-survey ground truth.,21.05,86.5,2.798417326936784,19.79374,83.99941,district_reference_coordinates_used_for_prototype
OBS0000222,DST05,Bhadrak,CRP006,Potato,SEA02,Rabi,2024,21.05,86.5,5.93,49.83,42.36,24.62,30.53,915.28,27.28,20.62,33.29,Irrigated,Sandy loam,2024-10-10,2025-01-18,2063.249,13.624,Potato,SYNTHETIC_AI_GENERATED,Prototype only; crop_actual follows an existing project crop-production record and is not independently verified farm-survey ground truth.,21.05,86.5,2.8120631196685535,19.80287,83.97961,district_reference_coordinates_used_for_prototype
OBS0000223,DST05,Bhadrak,CRP008,Rapeseed &Mustard,SEA02,Rabi,2022,21.05,86.5,5.82,68.61,42.52,59.02,33.01,1219.48,28.38,19.5,36.61,Irrigated,Alluvial,2022-10-18,2023-02-10,3362.257,1.272,Rapeseed &Mustard,SYNTHETIC_AI_GENERATED,Prototype only; crop_actual follows an existing project crop-production record and is not independently verified farm-survey ground truth.,21.05,86.5,2.7973378476151267,19.80289,83.99604,district_reference_coordinates_used_for_prototype
OBS0000224,DST05,Bhadrak,CRP008,Rapeseed &Mustard,SEA02,Rabi,2023,21.05,86.5,5.6,66.08,33.7,63.72,33.24,545.88,31.57,23.69,37.74,Irrigated,Alluvial,2023-10-03,2024-01-26,4016.604,0.956,Rapeseed &Mustard,SYNTHETIC_AI_GENERATED,Prototype only; crop_actual follows an existing project crop-production record and is not independently verified farm-survey ground truth.,21.05,86.5,2.7875935709855533,19.79457,84.01111,district_reference_coordinates_used_for_prototype
OBS0000225,DST05,Bhadrak,CRP008,Rapeseed &Mustard,SEA02,Rabi,2024,21.05,86.5,6.73,76.48,26.69,28.25,34.8,1056.62,27.79,22.23,36.74,Irrigated,Alluvial,2024-10-14,2025-02-06,2571.565,0.941,Rapeseed &Mustard,SYNTHETIC_AI_GENERATED,Prototype only; crop_actual follows an existing project crop-production record and is not independently verified farm-survey ground truth.,21.05,86.5,2.7971287575833843,19.79879,83.99832,district_reference_coordinates_used_for_prototype
OBS0000226,DST05,Bhadrak,CRP011,Sugarcane,SEA03,Annual,2022,21.05,86.5,7.26,74.3,41.82,41.45,26.45,1427.47,28.75,20.22,37.28,Rainfed,Sandy loam,2022-02-23,2022-12-20,12960.147,63.581,Sugarcane,SYNTHETIC_AI_GENERATED,Prototype only; crop_actual follows an existing project crop-production record and is not independently verified farm-survey ground truth.,21.05,86.5,2.783177024499162,19.81459,84.00604,district_reference_coordinates_used_for_prototype
OBS0000227,DST05,Bhadrak,CRP011,Sugarcane,SEA03,Annual,2023,21.05,86.5,5.53,71.85,30.16,22.93,31.03,557.34,29.18,22.1,36.75,Rainfed,Red,2023-02-22,2023-12-19,8830.753,62.168,Sugarcane,SYNTHETIC_AI_GENERATED,Prototype only; crop_actual follows an existing project crop-production record and is not independently verified farm-survey ground truth.,21.05,86.5,2.796425082314922,19.80303,83.99699,district_reference_coordinates_used_for_prototype
OBS0000228,DST05,Bhadrak,CRP011,Sugarcane,SEA03,Annual,2024,21.05,86.5,7.07,72.92,29.14,63.97,30.45,943.28,24.82,19.66,32.0,Rainfed,Sandy loam,2024-02-22,2024-12-18,12393.815,66.87,Sugarcane,SYNTHETIC_AI_GENERATED,Prototype only; crop_actual follows an existing project crop-production record and is not independently verified farm-survey ground truth.,21.05,86.5,2.788488603706323,19.80333,84.00571,district_reference_coordinates_used_for_prototype
OBS0000229,DST05,Bhadrak,CRP003,Jute,SEA01,Kharif,2022,21.05,86.5,5.53,75.52,49.93,56.94,23.26,834.04,30.15,24.04,36.39,Irrigated,Alluvial,2022-06-06,2022-10-04,5018.145,1.879,Jute,SYNTHETIC_AI_GENERATED,Prototype only; crop_actual follows an existing project crop-production record and is not independently verified farm-survey ground truth.,21.05,86.5,2.7919464494864474,19.79938,84.00382,district_reference_coordinates_used_for_prototype
OBS0000230,DST05,Bhadrak,CRP003,Jute,SEA01,Kharif,2023,21.05,86.5,6.5,56.92,37.0,46.67,21.98,1374.43,26.53,20.8,33.22,Irrigated,Sandy loam,2023-06-20,2023-10-18,5207.546,1.554,Jute,SYNTHETIC_AI_GENERATED,Prototype only; crop_actual follows an existing project crop-production record and is not independently verified farm-survey ground truth.,21.05,86.5,2.7877608626458583,19.81137,84.00252,district_reference_coordinates_used_for_prototype
OBS0000231,DST05,Bhadrak,CRP003,Jute,SEA01,Kharif,2024,21.05,86.5,7.2,48.29,27.42,60.61,42.83,1188.51,28.24,20.8,37.03,Rainfed,Loam,2024-06-12,2024-10-10,6187.664,1.701,Jute,SYNTHETIC_AI_GENERATED,Prototype only; crop_actual follows an existing project crop-production record and is not independently verified farm-survey ground truth.,21.05,86.5,2.799364348883508,19.80693,83.99177,district_reference_coordinates_used_for_prototype
OBS0000232,DST05,Bhadrak,CRP013,Wheat,SEA99,Unknown,2022,21.05,86.5,6.11,66.03,26.88,28.93,27.69,1538.15,26.37,19.58,34.45,Irrigated,Sandy loam,2022-06-05,2022-09-13,2011.046,2.347,Wheat,SYNTHETIC_AI_GENERATED,Prototype only; crop_actual follows an existing project crop-production record and is not independently verified farm-survey ground truth.,21.05,86.5,2.798223118552194,19.81256,83.99026,district_reference_coordinates_used_for_prototype
OBS0000233,DST05,Bhadrak,CRP013,Wheat,SEA99,Unknown,2023,21.05,86.5,6.75,37.22,25.35,33.97,28.2,1141.33,22.63,14.65,28.8,Rainfed,Red,2023-06-18,2023-09-26,2220.264,2.659,Wheat,SYNTHETIC_AI_GENERATED,Prototype only; crop_actual follows an existing project crop-production record and is not independently verified farm-survey ground truth.,21.05,86.5,2.794783181321946,19.81395,83.99341,district_reference_coordinates_used_for_prototype
OBS0000234,DST05,Bhadrak,CRP013,Wheat,SEA99,Unknown,2024,21.05,86.5,6.41,62.81,37.26,25.79,36.72,1084.1,26.97,19.02,33.07,Rainfed,Red,2024-06-14,2024-09-22,2604.606,2.263,Wheat,SYNTHETIC_AI_GENERATED,Prototype only; crop_actual follows an existing project crop-production record and is not independently verified farm-survey ground truth.,21.05,86.5,2.798358575683252,19.7985,83.99709,district_reference_coordinates_used_for_prototype
OBS0000235,DST07,Cuttack,CRP001,Groundnut,SEA01,Kharif,2022,20.46,85.88,5.52,52.3,25.03,46.91,27.35,1099.34,25.58,18.16,33.07,Irrigated,Sandy loam,2022-06-02,2022-09-20,3574.351,1.849,Groundnut,SYNTHETIC_AI_GENERATED,Prototype only; crop_actual follows an existing project crop-production record and is not independently verified farm-survey ground truth.,20.46,85.88,0.9115253460546193,20.71959,85.00622,district_reference_coordinates_used_for_prototype
OBS0000236,DST07,Cuttack,CRP001,Groundnut,SEA01,Kharif,2023,20.46,85.88,6.96,68.77,25.92,44.39,38.13,1333.76,28.01,22.99,33.83,Irrigated,Sandy loam,2023-06-15,2023-10-03,4882.674,1.85,Groundnut,SYNTHETIC_AI_GENERATED,Prototype only; crop_actual follows an existing project crop-production record and is not independently verified farm-survey ground truth.,20.46,85.88,0.90736986268004,20.68799,85.00174,district_reference_coordinates_used_for_prototype
OBS0000237,DST07,Cuttack,CRP001,Groundnut,SEA01,Kharif,2024,20.46,85.88,5.96,30.4,28.73,20.48,26.73,980.38,26.38,17.9,33.36,Rainfed,Sandy loam,2024-06-02,2024-09-20,4471.514,1.649,Groundnut,SYNTHETIC_AI_GENERATED,Prototype only; crop_actual follows an existing project crop-production record and is not independently verified farm-survey ground truth.,20.46,85.88,0.9221293716176642,20.70948,84.99226,district_reference_coordinates_used_for_prototype
OBS0000238,DST07,Cuttack,CRP004,Maize,SEA01,Kharif,2022,20.46,85.88,7.12,65.41,29.52,65.21,36.52,1135.65,27.88,22.59,33.43,Rainfed,Red,2022-06-19,2022-09-27,1755.993,4.79,Maize,SYNTHETIC_AI_GENERATED,Prototype only; crop_actual follows an existing project crop-production record and is not independently verified farm-survey ground truth.,20.46,85.88,0.9157834263623623,20.69642,84.99526,district_reference_coordinates_used_for_prototype
OBS0000239,DST07,Cuttack,CRP004,Maize,SEA01,Kharif,2023,20.46,85.88,6.77,47.75,37.07,47.18,32.69,1628.66,26.41,21.35,34.84,Irrigated,Red,2023-06-04,2023-09-12,2638.876,3.971,Maize,SYNTHETIC_AI_GENERATED,Prototype only; crop_actual follows an existing project crop-production record and is not independently verified farm-survey ground truth.,20.46,85.88,0.9107457437177457,20.69599,85.00036,district_reference_coordinates_used_for_prototype
OBS0000240,DST07,Cuttack,CRP004,Maize,SEA01,Kharif,2024,20.46,85.88,5.75,30.27,29.15,30.66,28.59,1615.55,24.59,16.06,32.44,Rainfed,Alluvial,2024-06-03,2024-09-11,2505.263,4.529,Maize,SYNTHETIC_AI_GENERATED,Prototype only; crop_actual follows an existing project crop-production record and is not independently verified farm-survey ground truth.,20.46,85.88,0.8987960694729273,20.69596,85.01273,district_reference_coordinates_used_for_prototype
OBS0000241,DST07,Cuttack,CRP005,Moong(Green Gram),SEA02,Rabi,2022,20.46,85.88,6.73,59.78,25.32,55.64,37.54,869.18,27.75,18.93,34.91,Rainfed,Sandy loam,2022-10-06,2022-12-15,1008.2,1.328,Moong(Green Gram),SYNTHETIC_AI_GENERATED,Prototype only; crop_actual follows an existing project crop-production record and is not independently verified farm-survey ground truth.,20.46,85.88,0.9097066149039431,20.68696,84.99906,district_reference_coordinates_used_for_prototype
OBS0000242,DST07,Cuttack,CRP005,Moong(Green Gram),SEA02,Rabi,2023,20.46,85.88,6.42,78.61,28.49,29.5,19.27,1136.23,25.82,17.17,31.55,Irrigated,Loam,2023-10-24,2024-01-02,1212.138,1.189,Moong(Green Gram),SYNTHETIC_AI_GENERATED,Prototype only; crop_actual follows an existing project crop-production record and is not independently verified farm-survey ground truth.,20.46,85.88,0.9191342037482801,20.71677,84.99746,district_reference_coordinates_used_for_prototype
OBS0000243,DST07,Cuttack,CRP005,Moong(Green Gram),SEA02,Rabi,2024,20.46,85.88,5.59,61.74,32.23,42.07,21.23,1101.21,27.82,19.5,33.95,Rainfed,Lateritic,2024-10-01,2024-12-10,1142.041,1.16,Moong(Green Gram),SYNTHETIC_AI_GENERATED,Prototype only; crop_actual follows an existing project crop-production record and is not independently verified farm-survey ground truth.,20.46,85.88,0.9051913491080111,20.70459,85.00848,district_reference_coordinates_used_for_prototype
OBS0000244,DST07,Cuttack,CRP007,Ragi,SEA01,Kharif,2022,20.46,85.88,6.45,53.55,28.43,58.25,18.86,1026.09,27.73,21.87,33.96,Rainfed,Sandy loam,2022-06-03,2022-09-21,5483.334,0.72,Ragi,SYNTHETIC_AI_GENERATED,Prototype only; crop_actual follows an existing project crop-production record and is not independently verified farm-survey ground truth.,20.46,85.88,0.9364102896166735,20.71148,84.97799,district_reference_coordinates_used_for_prototype
OBS0000245,DST07,Cuttack,CRP007,Ragi,SEA01,Kharif,2023,20.46,85.88,6.55,61.04,38.88,49.14,35.95,621.55,28.65,19.9,35.88,Rainfed,Lateritic,2023-06-18,2023-10-06,6590.216,0.988,Ragi,SYNTHETIC_AI_GENERATED,Prototype only; crop_actual follows an existing project crop-production record and is not independently verified farm-survey ground truth.,20.46,85.88,0.9033983056216044,20.69219,85.00695,district_reference_coordinates_used_for_prototype
OBS0000246,DST07,Cuttack,CRP007,Ragi,SEA01,Kharif,2024,20.46,85.88,6.12,60.48,41.2,29.27,40.68,1654.58,29.56,22.9,35.25,Irrigated,Lateritic,2024-06-08,2024-09-26,6445.026,0.9,Ragi,SYNTHETIC_AI_GENERATED,Prototype only; crop_actual follows an existing project crop-production record and is not independently verified farm-survey ground truth.,20.46,85.88,0.8985761860298699,20.70511,85.0155,district_reference_coordinates_used_for_prototype
OBS0000247,DST07,Cuttack,CRP009,Rice,SEA01,Kharif,2022,20.46,85.88,6.26,72.1,20.16,54.02,31.94,1577.85,25.95,16.96,31.43,Rainfed,Loam,2022-06-18,2022-10-16,28657.393,3.506,Rice,SYNTHETIC_AI_GENERATED,Prototype only; crop_actual follows an existing project crop-production record and is not independently verified farm-survey ground truth.,20.46,85.88,0.9031689231256697,20.71334,85.01309,district_reference_coordinates_used_for_prototype
OBS0000248,DST07,Cuttack,CRP009,Rice,SEA01,Kharif,2023,20.46,85.88,6.77,61.88,31.24,66.45,42.77,1096.23,24.6,17.58,30.02,Irrigated,Red,2023-06-19,2023-10-17,30469.106,3.294,Rice,SYNTHETIC_AI_GENERATED,Prototype only; crop_actual follows an existing project crop-production record and is not independently verified farm-survey ground truth.,20.46,85.88,0.9050876321108315,20.69417,85.00573,district_reference_coordinates_used_for_prototype
OBS0000249,DST07,Cuttack,CRP009,Rice,SEA01,Kharif,2024,20.46,85.88,5.53,66.11,25.74,46.26,37.2,1148.24,26.22,20.09,31.93,Irrigated,Alluvial,2024-06-19,2024-10-17,21300.972,4.221,Rice,SYNTHETIC_AI_GENERATED,Prototype only; crop_actual follows an existing project crop-production record and is not independently verified farm-survey ground truth.,20.46,85.88,0.8987274210237431,20.68398,85.00963,district_reference_coordinates_used_for_prototype
OBS0000250,DST07,Cuttack,CRP010,Sesamum,SEA01,Kharif,2022,20.46,85.88,7.17,35.32,36.01,48.51,39.26,1258.87,22.34,13.62,30.8,Irrigated,Red,2022-06-07,2022-09-15,322.545,0.843,Sesamum,SYNTHETIC_AI_GENERATED,Prototype only; crop_actual follows an existing project crop-production record and is not independently verified farm-survey ground truth.,20.46,85.88,0.9128437484038482,20.70007,84.99929,district_reference_coordinates_used_for_prototype
OBS0000251,DST07,Cuttack,CRP010,Sesamum,SEA01,Kharif,2023,20.46,85.88,7.26,60.21,41.72,53.99,40.73,821.69,25.19,19.13,32.27,Rainfed,Loam,2023-06-14,2023-09-22,416.596,0.699,Sesamum,SYNTHETIC_AI_GENERATED,Prototype only; crop_actual follows an existing project crop-production record and is not independently verified farm-survey ground truth.,20.46,85.88,0.9274706743072687,20.69479,84.98274,district_reference_coordinates_used_for_prototype
OBS0000252,DST07,Cuttack,CRP010,Sesamum,SEA01,Kharif,2024,20.46,85.88,7.19,34.36,44.97,47.34,40.68,1123.57,24.06,17.21,29.42,Rainfed,Loam,2024-06-03,2024-09-11,271.051,0.708,Sesamum,SYNTHETIC_AI_GENERATED,Prototype only; crop_actual follows an existing project crop-production record and is not independently verified farm-survey ground truth.,20.46,85.88,0.905401624750033,20.71989,85.0127,district_reference_coordinates_used_for_prototype
OBS0000253,DST07,Cuttack,CRP012,Urad,SEA02,Rabi,2022,20.46,85.88,6.71,41.28,45.48,51.14,34.59,901.87,26.4,18.01,34.81,Rainfed,Red,2022-10-14,2023-01-02,582.677,0.998,Urad,SYNTHETIC_AI_GENERATED,Prototype only; crop_actual follows an existing project crop-production record and is not independently verified farm-survey ground truth.,20.46,85.88,0.9093918145661981,20.69982,85.0028,district_reference_coordinates_used_for_prototype
OBS0000254,DST07,Cuttack,CRP012,Urad,SEA02,Rabi,2023,20.46,85.88,7.04,54.64,23.76,46.53,34.71,1277.44,28.64,21.19,34.41,Rainfed,Alluvial,2023-10-03,2023-12-22,910.086,1.229,Urad,SYNTHETIC_AI_GENERATED,Prototype only; crop_actual follows an existing project crop-production record and is not independently verified farm-survey ground truth.,20.46,85.88,0.9246533509375182,20.70737,84.98905,district_reference_coordinates_used_for_prototype
OBS0000255,DST07,Cuttack,CRP012,Urad,SEA02,Rabi,2024,20.46,85.88,6.08,78.97,18.68,25.83,31.24,644.29,26.27,17.36,33.79,Rainfed,Red,2024-10-04,2024-12-23,749.304,1.307,Urad,SYNTHETIC_AI_GENERATED,Prototype only; crop_actual follows an existing project crop-production record and is not independently verified farm-survey ground truth.,20.46,85.88,0.8998898148662409,20.69542,85.01145,district_reference_coordinates_used_for_prototype
OBS0000256,DST07,Cuttack,CRP002,Horse Gram,SEA99,Unknown,2022,20.46,85.88,6.26,36.5,46.3,63.44,27.64,1301.75,27.86,21.35,33.7,Irrigated,Lateritic,2022-06-07,2022-09-15,5355.712,0.468,Horse Gram,SYNTHETIC_AI_GENERATED,Prototype only; crop_actual follows an existing project crop-production record and is not independently verified farm-survey ground truth.,20.46,85.88,0.9092673543573322,20.67904,84.99751,district_reference_coordinates_used_for_prototype
OBS0000257,DST07,Cuttack,CRP002,Horse Gram,SEA99,Unknown,2023,20.46,85.88,6.68,74.47,20.44,23.86,18.19,1053.41,28.19,19.44,36.76,Rainfed,Loam,2023-06-06,2023-09-14,4344.609,0.423,Horse Gram,SYNTHETIC_AI_GENERATED,Prototype only; crop_actual follows an existing project crop-production record and is not independently verified farm-survey ground truth.,20.46,85.88,0.9118360030729175,20.69998,85.00031,district_reference_coordinates_used_for_prototype
OBS0000258,DST07,Cuttack,CRP002,Horse Gram,SEA99,Unknown,2024,20.46,85.88,5.8,75.31,47.34,35.97,35.77,1543.29,30.5,22.16,38.55,Irrigated,Alluvial,2024-06-14,2024-09-22,4765.04,0.477,Horse Gram,SYNTHETIC_AI_GENERATED,Prototype only; crop_actual follows an existing project crop-production record and is not independently verified farm-survey ground truth.,20.46,85.88,0.9227974818452791,20.69543,84.98774,district_reference_coordinates_used_for_prototype
OBS0000259,DST07,Cuttack,CRP006,Potato,SEA02,Rabi,2022,20.46,85.88,6.11,46.49,45.49,39.0,21.64,1273.69,27.91,19.1,34.65,Irrigated,Sandy loam,2022-10-11,2023-01-19,5104.76,18.579,Potato,SYNTHETIC_AI_GENERATED,Prototype only; crop_actual follows an existing project crop-production record and is not independently verified farm-survey ground truth.,20.46,85.88,0.9087914033484139,20.70912,85.00602,district_reference_coordinates_used_for_prototype
OBS0000260,DST07,Cuttack,CRP006,Potato,SEA02,Rabi,2023,20.46,85.88,6.4,47.98,46.06,35.71,39.25,1020.82,29.81,21.47,37.79,Irrigated,Lateritic,2023-10-02,2024-01-10,5266.489,14.926,Potato,SYNTHETIC_AI_GENERATED,Prototype only; crop_actual follows an existing project crop-production record and is not independently verified farm-survey ground truth.,20.46,85.88,0.9211787722803859,20.69477,84.98924,district_reference_coordinates_used_for_prototype
OBS0000261,DST07,Cuttack,CRP006,Potato,SEA02,Rabi,2024,20.46,85.88,7.04,67.87,25.51,47.08,19.07,917.75,23.7,15.06,32.01,Rainfed,Alluvial,2024-10-01,2025-01-09,4739.947,17.261,Potato,SYNTHETIC_AI_GENERATED,Prototype only; crop_actual follows an existing project crop-production record and is not independently verified farm-survey ground truth.,20.46,85.88,0.9156567819876579,20.69268,84.9944,district_reference_coordinates_used_for_prototype
OBS0000262,DST07,Cuttack,CRP008,Rapeseed &Mustard,SEA02,Rabi,2022,20.46,85.88,6.16,38.51,20.3,66.61,25.2,1537.22,29.02,23.85,37.34,Rainfed,Lateritic,2022-10-23,2023-02-15,1585.483,1.061,Rapeseed &Mustard,SYNTHETIC_AI_GENERATED,Prototype only; crop_actual follows an existing project crop-production record and is not independently verified farm-survey ground truth.,20.46,85.88,0.9062589965898281,20.66508,84.99725,district_reference_coordinates_used_for_prototype
OBS0000263,DST07,Cuttack,CRP008,Rapeseed &Mustard,SEA02,Rabi,2023,20.46,85.88,6.41,36.28,15.44,66.08,37.66,1279.48,25.22,17.22,32.77,Rainfed,Alluvial,2023-10-23,2024-02-15,1488.612,1.035,Rapeseed &Mustard,SYNTHETIC_AI_GENERATED,Prototype only; crop_actual follows an existing project crop-production record and is not independently verified farm-survey ground truth.,20.46,85.88,0.9264256822864897,20.70798,84.98738,district_reference_coordinates_used_for_prototype
OBS0000264,DST07,Cuttack,CRP008,Rapeseed &Mustard,SEA02,Rabi,2024,20.46,85.88,5.82,77.13,31.34,33.36,34.71,1090.26,26.49,20.43,33.9,Rainfed,Alluvial,2024-10-04,2025-01-27,1944.886,1.001,Rapeseed &Mustard,SYNTHETIC_AI_GENERATED,Prototype only; crop_actual follows an existing project crop-production record and is not independently verified farm-survey ground truth.,20.46,85.88,0.9001903169885811,20.69572,85.01122,district_reference_coordinates_used_for_prototype
OBS0000265,DST07,Cuttack,CRP011,Sugarcane,SEA03,Annual,2022,20.46,85.88,6.82,41.03,44.47,53.75,36.33,890.44,26.37,17.74,32.51,Irrigated,Red,2022-02-06,2022-12-03,959.747,62.509,Sugarcane,SYNTHETIC_AI_GENERATED,Prototype only; crop_actual follows an existing project crop-production record and is not independently verified farm-survey ground truth.,20.46,85.88,0.9052918173163724,20.68827,85.00396,district_reference_coordinates_used_for_prototype
OBS0000266,DST07,Cuttack,CRP011,Sugarcane,SEA03,Annual,2023,20.46,85.88,5.6,59.04,31.64,23.84,19.1,536.02,27.62,20.14,33.25,Irrigated,Red,2023-02-01,2023-11-28,909.382,56.43,Sugarcane,SYNTHETIC_AI_GENERATED,Prototype only; crop_actual follows an existing project crop-production record and is not independently verified farm-survey ground truth.,20.46,85.88,0.9230229490646372,20.70563,84.99026,district_reference_coordinates_used_for_prototype
OBS0000267,DST07,Cuttack,CRP011,Sugarcane,SEA03,Annual,2024,20.46,85.88,6.09,47.74,19.56,54.31,42.14,1311.08,30.04,21.55,36.38,Rainfed,Red,2024-02-02,2024-11-28,1026.477,56.244,Sugarcane,SYNTHETIC_AI_GENERATED,Prototype only; crop_actual follows an existing project crop-production record and is not independently verified farm-survey ground truth.,20.46,85.88,0.9010384304789583,20.70546,85.01304,district_reference_coordinates_used_for_prototype
OBS0000268,DST07,Cuttack,CRP003,Jute,SEA01,Kharif,2022,20.46,85.88,6.06,45.92,48.41,24.5,38.57,1153.58,24.6,17.85,33.27,Rainfed,Loam,2022-06-01,2022-09-29,879.966,1.395,Jute,SYNTHETIC_AI_GENERATED,Prototype only; crop_actual follows an existing project crop-production record and is not independently verified farm-survey ground truth.,20.46,85.88,0.9189128089759059,20.68807,84.98984,district_reference_coordinates_used_for_prototype
OBS0000269,DST07,Cuttack,CRP003,Jute,SEA01,Kharif,2023,20.46,85.88,7.16,61.4,26.82,63.08,31.66,1167.93,25.94,19.03,31.6,Irrigated,Sandy loam,2023-06-07,2023-10-05,1246.613,1.432,Jute,SYNTHETIC_AI_GENERATED,Prototype only; crop_actual follows an existing project crop-production record and is not independently verified farm-survey ground truth.,20.46,85.88,0.915901603940071,20.69684,84.99525,district_reference_coordinates_used_for_prototype
OBS0000270,DST07,Cuttack,CRP003,Jute,SEA01,Kharif,2024,20.46,85.88,5.86,39.51,49.28,40.01,29.28,1072.07,28.73,19.97,34.47,Rainfed,Sandy loam,2024-06-14,2024-10-12,1244.833,1.366,Jute,SYNTHETIC_AI_GENERATED,Prototype only; crop_actual follows an existing project crop-production record and is not independently verified farm-survey ground truth.,20.46,85.88,0.9254787870610424,20.70218,84.98677,district_reference_coordinates_used_for_prototype
OBS0000271,DST07,Cuttack,CRP013,Wheat,SEA99,Unknown,2022,20.46,85.88,6.99,61.21,19.73,46.69,29.92,774.59,26.22,18.39,31.79,Irrigated,Alluvial,2022-06-22,2022-09-30,3997.119,2.408,Wheat,SYNTHETIC_AI_GENERATED,Prototype only; crop_actual follows an existing project crop-production record and is not independently verified farm-survey ground truth.,20.46,85.88,0.9147914466150162,20.69148,84.99498,district_reference_coordinates_used_for_prototype
OBS0000272,DST07,Cuttack,CRP013,Wheat,SEA99,Unknown,2023,20.46,85.88,6.44,55.53,28.07,37.78,35.95,992.91,24.92,16.56,33.05,Irrigated,Red,2023-06-24,2023-10-02,4442.126,2.785,Wheat,SYNTHETIC_AI_GENERATED,Prototype only; crop_actual follows an existing project crop-production record and is not independently verified farm-survey ground truth.,20.46,85.88,0.9125281445522672,20.69761,84.99895,district_reference_coordinates_used_for_prototype
OBS0000273,DST07,Cuttack,CRP013,Wheat,SEA99,Unknown,2024,20.46,85.88,6.25,40.8,15.54,28.88,32.54,1397.62,23.75,16.98,30.01,Irrigated,Lateritic,2024-06-24,2024-10-02,4807.854,2.593,Wheat,SYNTHETIC_AI_GENERATED,Prototype only; crop_actual follows an existing project crop-production record and is not independently verified farm-survey ground truth.,20.46,85.88,0.9000687394304937,20.70051,85.01266,district_reference_coordinates_used_for_prototype
OBS0000274,DST08,Deogarh,CRP001,Groundnut,SEA01,Kharif,2022,21.54,84.73,7.07,51.84,17.56,49.23,24.05,1278.89,28.59,22.68,36.02,Irrigated,Sandy loam,2022-06-16,2022-10-04,3905.518,1.594,Groundnut,SYNTHETIC_AI_GENERATED,Prototype only; crop_actual follows an existing project crop-production record and is not independently verified farm-survey ground truth.,21.54,84.73,0.8651736755126076,21.15098,85.50278,district_reference_coordinates_used_for_prototype
OBS0000275,DST08,Deogarh,CRP001,Groundnut,SEA01,Kharif,2023,21.54,84.73,6.03,40.47,42.96,53.91,34.59,1015.17,27.31,21.54,34.12,Irrigated,Loam,2023-06-09,2023-09-27,4526.37,2.07,Groundnut,SYNTHETIC_AI_GENERATED,Prototype only; crop_actual follows an existing project crop-production record and is not independently verified farm-survey ground truth.,21.54,84.73,0.8759734332158663,21.14421,85.51146,district_reference_coordinates_used_for_prototype
OBS0000276,DST08,Deogarh,CRP001,Groundnut,SEA01,Kharif,2024,21.54,84.73,7.25,61.3,48.08,30.64,20.15,691.34,31.04,22.71,37.23,Rainfed,Red,2024-06-24,2024-10-12,4824.916,2.048,Groundnut,SYNTHETIC_AI_GENERATED,Prototype only; crop_actual follows an existing project crop-production record and is not independently verified farm-survey ground truth.,21.54,84.73,0.8556257794737163,21.14203,85.48744,district_reference_coordinates_used_for_prototype
OBS0000277,DST08,Deogarh,CRP004,Maize,SEA01,Kharif,2022,21.54,84.73,5.78,70.63,34.13,49.32,21.79,836.33,28.59,19.83,35.03,Rainfed,Loam,2022-06-13,2022-09-21,4544.086,2.712,Maize,SYNTHETIC_AI_GENERATED,Prototype only; crop_actual follows an existing project crop-production record and is not independently verified farm-survey ground truth.,21.54,84.73,0.8717321774490061,21.15776,85.51346,district_reference_coordinates_used_for_prototype
OBS0000278,DST08,Deogarh,CRP004,Maize,SEA01,Kharif,2023,21.54,84.73,6.94,31.16,24.1,63.35,30.4,1214.23,27.04,20.43,34.05,Rainfed,Alluvial,2023-06-07,2023-09-15,4984.202,3.531,Maize,SYNTHETIC_AI_GENERATED,Prototype only; crop_actual follows an existing project crop-production record and is not independently verified farm-survey ground truth.,21.54,84.73,0.8540948908640081,21.14165,85.48551,district_reference_coordinates_used_for_prototype
OBS0000279,DST08,Deogarh,CRP004,Maize,SEA01,Kharif,2024,21.54,84.73,6.21,59.43,19.28,25.05,23.56,1535.03,24.51,18.18,29.59,Rainfed,Lateritic,2024-06-10,2024-09-18,6349.694,2.61,Maize,SYNTHETIC_AI_GENERATED,Prototype only; crop_actual follows an existing project crop-production record and is not independently verified farm-survey ground truth.,21.54,84.73,0.8643149004847697,21.15886,85.50574,district_reference_coordinates_used_for_prototype
OBS0000280,DST08,Deogarh,CRP005,Moong(Green Gram),SEA02,Rabi,2022,21.54,84.73,6.13,48.96,39.47,58.57,39.66,1182.08,27.89,21.38,34.22,Irrigated,Sandy loam,2022-10-06,2022-12-15,1996.74,0.845,Moong(Green Gram),SYNTHETIC_AI_GENERATED,Prototype only; crop_actual follows an existing project crop-production record and is not independently verified farm-survey ground truth.,21.54,84.73,0.8717718335665494,21.14183,85.50553,district_reference_coordinates_used_for_prototype
OBS0000281,DST08,Deogarh,CRP005,Moong(Green Gram),SEA02,Rabi,2023,21.54,84.73,6.13,31.31,34.06,25.55,39.01,949.31,26.48,19.03,32.42,Rainfed,Red,2023-10-13,2023-12-22,2091.359,0.815,Moong(Green Gram),SYNTHETIC_AI_GENERATED,Prototype only; crop_actual follows an existing project crop-production record and is not independently verified farm-survey ground truth.,21.54,84.73,0.8527127471780821,21.15716,85.49194,district_reference_coordinates_used_for_prototype
OBS0000282,DST08,Deogarh,CRP005,Moong(Green Gram),SEA02,Rabi,2024,21.54,84.73,5.63,74.27,25.94,21.71,42.46,768.08,26.74,19.11,33.27,Rainfed,Sandy loam,2024-10-12,2024-12-21,1507.595,0.866,Moong(Green Gram),SYNTHETIC_AI_GENERATED,Prototype only; crop_actual follows an existing project crop-production record and is not independently verified farm-survey ground truth.,21.54,84.73,0.8749025964643076,21.14603,85.51118,district_reference_coordinates_used_for_prototype
OBS0000283,DST08,Deogarh,CRP007,Ragi,SEA01,Kharif,2022,21.54,84.73,6.72,31.6,21.76,41.34,37.77,854.74,26.85,19.0,33.1,Rainfed,Sandy loam,2022-06-22,2022-10-10,3665.42,1.395,Ragi,SYNTHETIC_AI_GENERATED,Prototype only; crop_actual follows an existing project crop-production record and is not independently verified farm-survey ground truth.,21.54,84.73,0.8608352198301366,21.16386,85.50431,district_reference_coordinates_used_for_prototype
OBS0000284,DST08,Deogarh,CRP007,Ragi,SEA01,Kharif,2023,21.54,84.73,7.22,63.38,16.7,23.25,24.33,1497.35,25.52,19.88,31.42,Rainfed,Lateritic,2023-06-18,2023-10-06,4252.022,1.384,Ragi,SYNTHETIC_AI_GENERATED,Prototype only; crop_actual follows an existing project crop-production record and is not independently verified farm-survey ground truth.,21.54,84.73,0.8609249915062251,21.16419,85.50457,district_reference_coordinates_used_for_prototype
OBS0000285,DST08,Deogarh,CRP007,Ragi,SEA01,Kharif,2024,21.54,84.73,5.73,78.0,32.57,68.26,37.46,1126.19,30.42,24.4,37.36,Rainfed,Red,2024-06-24,2024-10-12,3799.962,1.265,Ragi,SYNTHETIC_AI_GENERATED,Prototype only; crop_actual follows an existing project crop-production record and is not independently verified farm-survey ground truth.,21.54,84.73,0.8858949579380122,21.14474,85.52283,district_reference_coordinates_used_for_prototype
OBS0000286,DST08,Deogarh,CRP009,Rice,SEA01,Kharif,2022,21.54,84.73,7.17,59.13,22.27,23.06,27.12,839.64,26.61,18.83,33.6,Irrigated,Alluvial,2022-06-12,2022-10-10,9722.609,3.0,Rice,SYNTHETIC_AI_GENERATED,Prototype only; crop_actual follows an existing project crop-production record and is not independently verified farm-survey ground truth.,21.54,84.73,0.8816125122183791,21.15429,85.52276,district_reference_coordinates_used_for_prototype
OBS0000287,DST08,Deogarh,CRP009,Rice,SEA01,Kharif,2023,21.54,84.73,6.47,63.65,16.46,24.72,37.65,932.39,28.17,20.37,36.82,Rainfed,Alluvial,2023-06-16,2023-10-14,12098.691,2.508,Rice,SYNTHETIC_AI_GENERATED,Prototype only; crop_actual follows an existing project crop-production record and is not independently verified farm-survey ground truth.,21.54,84.73,0.8817637625237192,21.1418,85.51673,district_reference_coordinates_used_for_prototype
OBS0000288,DST08,Deogarh,CRP009,Rice,SEA01,Kharif,2024,21.54,84.73,6.18,34.63,27.14,67.53,27.58,1210.5,25.54,16.75,32.39,Rainfed,Alluvial,2024-06-18,2024-10-16,10414.308,2.928,Rice,SYNTHETIC_AI_GENERATED,Prototype only; crop_actual follows an existing project crop-production record and is not independently verified farm-survey ground truth.,21.54,84.73,0.8612440005596507,21.14626,85.49597,district_reference_coordinates_used_for_prototype
OBS0000289,DST08,Deogarh,CRP010,Sesamum,SEA01,Kharif,2022,21.54,84.73,7.2,63.77,29.16,47.52,42.32,987.91,25.89,20.81,31.02,Rainfed,Lateritic,2022-06-06,2022-09-14,3711.324,0.802,Sesamum,SYNTHETIC_AI_GENERATED,Prototype only; crop_actual follows an existing project crop-production record and is not independently verified farm-survey ground truth.,21.54,84.73,0.8277703029826583,21.15411,85.46232,district_reference_coordinates_used_for_prototype
OBS0000290,DST08,Deogarh,CRP010,Sesamum,SEA01,Kharif,2023,21.54,84.73,6.26,69.41,49.66,25.13,27.29,849.79,27.71,19.07,35.36,Rainfed,Lateritic,2023-06-05,2023-09-13,3677.276,0.642,Sesamum,SYNTHETIC_AI_GENERATED,Prototype only; crop_actual follows an existing project crop-production record and is not independently verified farm-survey ground truth.,21.54,84.73,0.8689216733975413,21.16309,85.51292,district_reference_coordinates_used_for_prototype
OBS0000291,DST08,Deogarh,CRP010,Sesamum,SEA01,Kharif,2024,21.54,84.73,6.32,46.74,26.86,28.97,34.76,1272.3,28.07,20.6,34.92,Rainfed,Red,2024-06-17,2024-09-25,2542.887,0.723,Sesamum,SYNTHETIC_AI_GENERATED,Prototype only; crop_actual follows an existing project crop-production record and is not independently verified farm-survey ground truth.,21.54,84.73,0.8660920831528254,21.15198,85.50431,district_reference_coordinates_used_for_prototype
OBS0000292,DST08,Deogarh,CRP012,Urad,SEA02,Rabi,2022,21.54,84.73,6.83,34.77,43.2,51.43,30.95,1090.68,27.46,22.4,33.02,Irrigated,Red,2022-10-05,2022-12-24,4223.669,0.766,Urad,SYNTHETIC_AI_GENERATED,Prototype only; crop_actual follows an existing project crop-production record and is not independently verified farm-survey ground truth.,21.54,84.73,0.8694038841067975,21.14529,85.50464,district_reference_coordinates_used_for_prototype
OBS0000293,DST08,Deogarh,CRP012,Urad,SEA02,Rabi,2023,21.54,84.73,6.83,41.64,17.74,29.37,37.77,1114.43,28.64,21.28,33.98,Irrigated,Lateritic,2023-10-18,2024-01-06,5416.347,0.993,Urad,SYNTHETIC_AI_GENERATED,Prototype only; crop_actual follows an existing project crop-production record and is not independently verified farm-survey ground truth.,21.54,84.73,0.8714105040105861,21.13803,85.50316,district_reference_coordinates_used_for_prototype
OBS0000294,DST08,Deogarh,CRP012,Urad,SEA02,Rabi,2024,21.54,84.73,6.83,68.46,42.8,67.06,26.18,1191.55,27.4,19.81,35.27,Rainfed,Red,2024-10-19,2025-01-07,4269.108,1.01,Urad,SYNTHETIC_AI_GENERATED,Prototype only; crop_actual follows an existing project crop-production record and is not independently verified farm-survey ground truth.,21.54,84.73,0.8822098945262357,21.14456,85.51862,district_reference_coordinates_used_for_prototype
OBS0000295,DST08,Deogarh,CRP002,Horse Gram,SEA99,Unknown,2022,21.54,84.73,6.95,79.26,27.59,25.33,38.47,1084.35,25.64,19.3,32.32,Rainfed,Lateritic,2022-06-12,2022-09-20,2401.002,0.961,Horse Gram,SYNTHETIC_AI_GENERATED,Prototype only; crop_actual follows an existing project crop-production record and is not independently verified farm-survey ground truth.,21.54,84.73,0.8710950375820045,21.15741,85.51258,district_reference_coordinates_used_for_prototype
OBS0000296,DST08,Deogarh,CRP002,Horse Gram,SEA99,Unknown,2023,21.54,84.73,7.14,57.8,20.09,23.37,20.09,972.42,28.57,22.79,37.29,Rainfed,Sandy loam,2023-06-02,2023-09-10,2175.23,0.76,Horse Gram,SYNTHETIC_AI_GENERATED,Prototype only; crop_actual follows an existing project crop-production record and is not independently verified farm-survey ground truth.,21.54,84.73,0.8478383436717123,21.16377,85.48979,district_reference_coordinates_used_for_prototype
OBS0000297,DST08,Deogarh,CRP002,Horse Gram,SEA99,Unknown,2024,21.54,84.73,5.95,79.34,24.49,20.76,29.16,1195.96,26.36,18.66,31.56,Irrigated,Red,2024-06-05,2024-09-13,2953.667,0.988,Horse Gram,SYNTHETIC_AI_GENERATED,Prototype only; crop_actual follows an existing project crop-production record and is not independently verified farm-survey ground truth.,21.54,84.73,0.8553875557313161,21.15916,85.49593,district_reference_coordinates_used_for_prototype
OBS0000298,DST08,Deogarh,CRP006,Potato,SEA02,Rabi,2022,21.54,84.73,6.97,41.23,39.63,40.7,41.72,1299.04,22.29,16.59,31.1,Irrigated,Alluvial,2022-10-22,2023-01-30,3595.603,23.125,Potato,SYNTHETIC_AI_GENERATED,Prototype only; crop_actual follows an existing project crop-production record and is not independently verified farm-survey ground truth.,21.54,84.73,0.8497529891091825,21.1618,85.49095,district_reference_coordinates_used_for_prototype
OBS0000299,DST08,Deogarh,CRP006,Potato,SEA02,Rabi,2023,21.54,84.73,5.86,30.87,28.43,56.43,26.65,1357.51,27.02,18.53,34.2,Rainfed,Sandy loam,2023-10-04,2024-01-12,4126.011,21.671,Potato,SYNTHETIC_AI_GENERATED,Prototype only; crop_actual follows an existing project crop-production record and is not independently verified farm-survey ground truth.,21.54,84.73,0.8533370514632495,21.15595,85.49203,district_reference_coordinates_used_for_prototype
OBS0000300,DST08,Deogarh,CRP006,Potato,SEA02,Rabi,2024,21.54,84.73,5.64,35.29,45.64,43.93,40.65,1421.88,28.19,22.01,34.78,Rainfed,Sandy loam,2024-10-23,2025-01-31,2932.682,19.879,Potato,SYNTHETIC_AI_GENERATED,Prototype only; crop_actual follows an existing project crop-production record and is not independently verified farm-survey ground truth.,21.54,84.73,0.8672075240102525,21.13111,85.49476,district_reference_coordinates_used_for_prototype
OBS0000301,DST08,Deogarh,CRP008,Rapeseed &Mustard,SEA02,Rabi,2022,21.54,84.73,6.26,54.24,26.57,63.8,21.25,1017.25,26.99,20.01,35.27,Rainfed,Lateritic,2022-10-12,2023-02-04,966.458,0.808,Rapeseed &Mustard,SYNTHETIC_AI_GENERATED,Prototype only; crop_actual follows an existing project crop-production record and is not independently verified farm-survey ground truth.,21.54,84.73,0.8606947501873079,21.15001,85.49727,district_reference_coordinates_used_for_prototype
OBS0000302,DST08,Deogarh,CRP008,Rapeseed &Mustard,SEA02,Rabi,2023,21.54,84.73,6.16,58.98,48.83,53.17,21.13,1495.09,27.07,20.79,35.81,Rainfed,Red,2023-10-21,2024-02-13,798.558,1.036,Rapeseed &Mustard,SYNTHETIC_AI_GENERATED,Prototype only; crop_actual follows an existing project crop-production record and is not independently verified farm-survey ground truth.,21.54,84.73,0.860014667607479,21.15627,85.49966,district_reference_coordinates_used_for_prototype
OBS0000303,DST08,Deogarh,CRP008,Rapeseed &Mustard,SEA02,Rabi,2024,21.54,84.73,6.03,57.78,17.34,32.29,26.19,1025.11,24.68,18.77,30.99,Rainfed,Lateritic,2024-10-12,2025-02-04,1016.996,0.955,Rapeseed &Mustard,SYNTHETIC_AI_GENERATED,Prototype only; crop_actual follows an existing project crop-production record and is not independently verified farm-survey ground truth.,21.54,84.73,0.8601479915688839,21.16985,85.50643,district_reference_coordinates_used_for_prototype
OBS0000304,DST08,Deogarh,CRP011,Sugarcane,SEA03,Annual,2022,21.54,84.73,5.57,33.47,29.28,29.65,36.6,1676.42,28.53,20.03,35.37,Irrigated,Red,2022-02-20,2022-12-17,3348.823,43.823,Sugarcane,SYNTHETIC_AI_GENERATED,Prototype only; crop_actual follows an existing project crop-production record and is not independently verified farm-survey ground truth.,21.54,84.73,0.8638244881919003,21.1399,85.49558,district_reference_coordinates_used_for_prototype
OBS0000305,DST08,Deogarh,CRP011,Sugarcane,SEA03,Annual,2023,21.54,84.73,7.29,63.3,30.34,65.81,35.67,1100.6,24.66,19.55,32.16,Irrigated,Red,2023-02-10,2023-12-07,3500.035,56.56,Sugarcane,SYNTHETIC_AI_GENERATED,Prototype only; crop_actual follows an existing project crop-production record and is not independently verified farm-survey ground truth.,21.54,84.73,0.8547155740361775,21.15662,85.49391,district_reference_coordinates_used_for_prototype
OBS0000306,DST08,Deogarh,CRP011,Sugarcane,SEA03,Annual,2024,21.54,84.73,5.63,79.21,23.54,56.15,40.69,1201.46,28.16,19.16,35.59,Irrigated,Red,2024-02-04,2024-11-30,4728.367,55.691,Sugarcane,SYNTHETIC_AI_GENERATED,Prototype only; crop_actual follows an existing project crop-production record and is not independently verified farm-survey ground truth.,21.54,84.73,0.8659186093969777,21.13555,85.49566,district_reference_coordinates_used_for_prototype
OBS0000307,DST08,Deogarh,CRP003,Jute,SEA01,Kharif,2022,21.54,84.73,7.14,40.66,48.37,29.72,23.4,958.94,24.76,16.37,31.55,Irrigated,Loam,2022-06-21,2022-10-19,3585.453,2.159,Jute,SYNTHETIC_AI_GENERATED,Prototype only; crop_actual follows an existing project crop-production record and is not independently verified farm-survey ground truth.,21.54,84.73,0.8623779962986016,21.14111,85.49458,district_reference_coordinates_used_for_prototype
OBS0000308,DST08,Deogarh,CRP003,Jute,SEA01,Kharif,2023,21.54,84.73,5.5,74.02,35.28,21.78,30.18,1344.21,25.67,16.93,34.65,Irrigated,Red,2023-06-12,2023-10-10,3903.904,2.829,Jute,SYNTHETIC_AI_GENERATED,Prototype only; crop_actual follows an existing project crop-production record and is not independently verified farm-survey ground truth.,21.54,84.73,0.8377596956168295,21.1754,85.48426,district_reference_coordinates_used_for_prototype
OBS0000309,DST08,Deogarh,CRP003,Jute,SEA01,Kharif,2024,21.54,84.73,5.5,58.78,16.6,45.89,26.28,1437.65,29.77,21.31,37.85,Irrigated,Loam,2024-06-16,2024-10-14,3404.146,3.027,Jute,SYNTHETIC_AI_GENERATED,Prototype only; crop_actual follows an existing project crop-production record and is not independently verified farm-survey ground truth.,21.54,84.73,0.8632502618012879,21.14992,85.50009,district_reference_coordinates_used_for_prototype
OBS0000310,DST08,Deogarh,CRP013,Wheat,SEA99,Unknown,2022,21.54,84.73,6.65,42.59,37.92,62.08,24.21,1008.12,29.62,23.16,37.36,Rainfed,Alluvial,2022-06-10,2022-09-18,717.305,2.574,Wheat,SYNTHETIC_AI_GENERATED,Prototype only; crop_actual follows an existing project crop-production record and is not independently verified farm-survey ground truth.,21.54,84.73,0.8667463906472263,21.14364,85.50081,district_reference_coordinates_used_for_prototype
OBS0000311,DST08,Deogarh,CRP013,Wheat,SEA99,Unknown,2023,21.54,84.73,7.2,49.44,38.47,50.54,27.46,1404.68,27.68,21.69,34.2,Rainfed,Alluvial,2023-06-05,2023-09-13,640.005,2.665,Wheat,SYNTHETIC_AI_GENERATED,Prototype only; crop_actual follows an existing project crop-production record and is not independently verified farm-survey ground truth.,21.54,84.73,0.8751552229176273,21.17111,85.52361,district_reference_coordinates_used_for_prototype
OBS0000312,DST08,Deogarh,CRP013,Wheat,SEA99,Unknown,2024,21.54,84.73,6.33,53.42,25.11,33.37,42.35,915.36,23.36,15.24,29.53,Irrigated,Sandy loam,2024-06-04,2024-09-12,847.566,1.938,Wheat,SYNTHETIC_AI_GENERATED,Prototype only; crop_actual follows an existing project crop-production record and is not independently verified farm-survey ground truth.,21.54,84.73,0.8482771884826259,21.15882,85.48781,district_reference_coordinates_used_for_prototype
OBS0000313,DST09,Dhenkanal,CRP001,Groundnut,SEA01,Kharif,2022,20.66,85.6,5.58,31.94,30.94,24.73,25.56,735.67,23.83,15.29,32.37,Irrigated,Loam,2022-06-07,2022-09-25,6102.153,1.825,Groundnut,SYNTHETIC_AI_GENERATED,Prototype only; crop_actual follows an existing project crop-production record and is not independently verified farm-survey ground truth.,20.66,85.6,1.034730331052492,21.61176,86.00598,district_reference_coordinates_used_for_prototype
OBS0000314,DST09,Dhenkanal,CRP001,Groundnut,SEA01,Kharif,2023,20.66,85.6,5.66,51.19,27.96,51.49,25.62,1409.42,25.33,16.67,31.09,Rainfed,Alluvial,2023-06-24,2023-10-12,7072.38,1.58,Groundnut,SYNTHETIC_AI_GENERATED,Prototype only; crop_actual follows an existing project crop-production record and is not independently verified farm-survey ground truth.,20.66,85.6,1.0265415272652179,21.60104,86.01016,district_reference_coordinates_used_for_prototype
OBS0000315,DST09,Dhenkanal,CRP001,Groundnut,SEA01,Kharif,2024,20.66,85.6,6.01,42.75,35.39,33.18,34.99,1027.25,26.84,19.39,32.65,Irrigated,Sandy loam,2024-06-20,2024-10-08,6499.354,1.567,Groundnut,SYNTHETIC_AI_GENERATED,Prototype only; crop_actual follows an existing project crop-production record and is not independently verified farm-survey ground truth.,20.66,85.6,1.0328758737621873,21.61105,86.00291,district_reference_coordinates_used_for_prototype
OBS0000316,DST09,Dhenkanal,CRP004,Maize,SEA01,Kharif,2022,20.66,85.6,6.32,68.87,39.12,58.22,41.61,1021.46,28.03,22.68,33.68,Rainfed,Red,2022-06-12,2022-09-20,1891.608,3.878,Maize,SYNTHETIC_AI_GENERATED,Prototype only; crop_actual follows an existing project crop-production record and is not independently verified farm-survey ground truth.,20.66,85.6,1.0342430361380266,21.60657,86.01673,district_reference_coordinates_used_for_prototype
OBS0000317,DST09,Dhenkanal,CRP004,Maize,SEA01,Kharif,2023,20.66,85.6,6.48,54.5,23.34,31.9,35.48,930.44,30.1,21.62,35.44,Irrigated,Red,2023-06-15,2023-09-23,2784.901,3.323,Maize,SYNTHETIC_AI_GENERATED,Prototype only; crop_actual follows an existing project crop-production record and is not independently verified farm-survey ground truth.,20.66,85.6,1.0090666139061404,21.59428,85.98123,district_reference_coordinates_used_for_prototype
OBS0000318,DST09,Dhenkanal,CRP004,Maize,SEA01,Kharif,2024,20.66,85.6,5.97,67.24,44.64,22.21,20.22,1237.37,31.15,23.68,38.14,Rainfed,Sandy loam,2024-06-22,2024-09-30,2595.275,3.075,Maize,SYNTHETIC_AI_GENERATED,Prototype only; crop_actual follows an existing project crop-production record and is not independently verified farm-survey ground truth.,20.66,85.6,1.0201213116585706,21.59732,86.00259,district_reference_coordinates_used_for_prototype
OBS0000319,DST09,Dhenkanal,CRP005,Moong(Green Gram),SEA02,Rabi,2022,20.66,85.6,6.43,34.37,41.0,68.36,42.21,1210.14,28.73,22.6,35.12,Rainfed,Lateritic,2022-10-24,2023-01-02,9603.96,0.877,Moong(Green Gram),SYNTHETIC_AI_GENERATED,Prototype only; crop_actual follows an existing project crop-production record and is not independently verified farm-survey ground truth.,20.66,85.6,1.0395267514114326,21.61762,86.00445,district_reference_coordinates_used_for_prototype
OBS0000320,DST09,Dhenkanal,CRP005,Moong(Green Gram),SEA02,Rabi,2023,20.66,85.6,5.61,40.87,36.52,20.9,34.33,1482.72,28.29,21.02,35.77,Irrigated,Lateritic,2023-10-15,2023-12-24,9370.87,0.824,Moong(Green Gram),SYNTHETIC_AI_GENERATED,Prototype only; crop_actual follows an existing project crop-production record and is not independently verified farm-survey ground truth.,20.66,85.6,1.003951990535407,21.58293,85.99512,district_reference_coordinates_used_for_prototype
OBS0000321,DST09,Dhenkanal,CRP005,Moong(Green Gram),SEA02,Rabi,2024,20.66,85.6,6.65,72.54,19.11,36.85,32.84,1394.61,25.07,18.98,31.38,Rainfed,Lateritic,2024-10-03,2024-12-12,6141.952,0.813,Moong(Green Gram),SYNTHETIC_AI_GENERATED,Prototype only; crop_actual follows an existing project crop-production record and is not independently verified farm-survey ground truth.,20.66,85.6,1.022489945036139,21.60006,86.00221,district_reference_coordinates_used_for_prototype
OBS0000322,DST09,Dhenkanal,CRP007,Ragi,SEA01,Kharif,2022,20.66,85.6,6.97,30.75,36.79,24.07,38.64,1165.12,29.53,23.3,35.06,Rainfed,Lateritic,2022-06-07,2022-09-25,3051.036,1.013,Ragi,SYNTHETIC_AI_GENERATED,Prototype only; crop_actual follows an existing project crop-production record and is not independently verified farm-survey ground truth.,20.66,85.6,1.0216358964915087,21.59497,86.01179,district_reference_coordinates_used_for_prototype
OBS0000323,DST09,Dhenkanal,CRP007,Ragi,SEA01,Kharif,2023,20.66,85.6,6.36,63.04,38.04,20.09,36.89,1248.87,25.03,17.57,33.45,Irrigated,Loam,2023-06-11,2023-09-29,3849.812,1.239,Ragi,SYNTHETIC_AI_GENERATED,Prototype only; crop_actual follows an existing project crop-production record and is not independently verified farm-survey ground truth.,20.66,85.6,1.0301988026104498,21.61377,85.9894,district_reference_coordinates_used_for_prototype
OBS0000324,DST09,Dhenkanal,CRP007,Ragi,SEA01,Kharif,2024,20.66,85.6,6.04,36.46,27.35,66.49,21.09,857.96,28.01,21.62,33.04,Rainfed,Loam,2024-06-19,2024-10-07,3928.157,1.161,Ragi,SYNTHETIC_AI_GENERATED,Prototype only; crop_actual follows an existing project crop-production record and is not independently verified farm-survey ground truth.,20.66,85.6,1.0055235178751463,21.57983,86.00619,district_reference_coordinates_used_for_prototype
OBS0000325,DST09,Dhenkanal,CRP009,Rice,SEA01,Kharif,2022,20.66,85.6,6.43,35.7,16.77,22.17,22.49,1142.43,28.23,20.88,37.01,Irrigated,Alluvial,2022-06-03,2022-10-01,43676.331,2.065,Rice,SYNTHETIC_AI_GENERATED,Prototype only; crop_actual follows an existing project crop-production record and is not independently verified farm-survey ground truth.,20.66,85.6,1.0180642051462214,21.59327,86.00677,district_reference_coordinates_used_for_prototype
OBS0000326,DST09,Dhenkanal,CRP009,Rice,SEA01,Kharif,2023,20.66,85.6,5.65,68.79,45.93,32.0,25.48,686.9,28.13,21.87,37.12,Rainfed,Lateritic,2023-06-20,2023-10-18,50277.619,1.796,Rice,SYNTHETIC_AI_GENERATED,Prototype only; crop_actual follows an existing project crop-production record and is not independently verified farm-survey ground truth.,20.66,85.6,1.0245670239667086,21.60421,85.99775,district_reference_coordinates_used_for_prototype
OBS0000327,DST09,Dhenkanal,CRP009,Rice,SEA01,Kharif,2024,20.66,85.6,6.4,74.26,34.81,56.57,19.84,1426.68,27.94,20.17,34.04,Irrigated,Sandy loam,2024-06-20,2024-10-18,53114.798,2.188,Rice,SYNTHETIC_AI_GENERATED,Prototype only; crop_actual follows an existing project crop-production record and is not independently verified farm-survey ground truth.,20.66,85.6,1.0084583989932379,21.58704,85.99697,district_reference_coordinates_used_for_prototype
OBS0000328,DST09,Dhenkanal,CRP010,Sesamum,SEA01,Kharif,2022,20.66,85.6,6.15,38.75,29.37,40.15,38.24,1031.6,26.77,19.94,32.22,Irrigated,Loam,2022-06-16,2022-09-24,1128.556,0.457,Sesamum,SYNTHETIC_AI_GENERATED,Prototype only; crop_actual follows an existing project crop-production record and is not independently verified farm-survey ground truth.,20.66,85.6,1.025063374138402,21.60797,85.99001,district_reference_coordinates_used_for_prototype
OBS0000329,DST09,Dhenkanal,CRP010,Sesamum,SEA01,Kharif,2023,20.66,85.6,6.45,62.92,21.32,40.71,39.19,1285.82,29.91,24.65,35.75,Rainfed,Loam,2023-06-13,2023-09-21,971.265,0.501,Sesamum,SYNTHETIC_AI_GENERATED,Prototype only; crop_actual follows an existing project crop-production record and is not independently verified farm-survey ground truth.,20.66,85.6,1.0207963423229944,21.60051,85.99682,district_reference_coordinates_used_for_prototype
OBS0000330,DST09,Dhenkanal,CRP010,Sesamum,SEA01,Kharif,2024,20.66,85.6,6.93,38.81,33.07,59.79,39.57,912.44,24.63,19.57,30.28,Rainfed,Sandy loam,2024-06-09,2024-09-17,1154.985,0.556,Sesamum,SYNTHETIC_AI_GENERATED,Prototype only; crop_actual follows an existing project crop-production record and is not independently verified farm-survey ground truth.,20.66,85.6,1.0271271845784284,21.60282,86.00753,district_reference_coordinates_used_for_prototype
OBS0000331,DST09,Dhenkanal,CRP012,Urad,SEA02,Rabi,2022,20.66,85.6,7.03,56.56,38.64,29.4,42.03,1035.0,25.12,18.08,31.19,Rainfed,Alluvial,2022-10-23,2023-01-11,795.991,0.653,Urad,SYNTHETIC_AI_GENERATED,Prototype only; crop_actual follows an existing project crop-production record and is not independently verified farm-survey ground truth.,20.66,85.6,1.024103401859403,21.59936,86.00791,district_reference_coordinates_used_for_prototype
OBS0000332,DST09,Dhenkanal,CRP012,Urad,SEA02,Rabi,2023,20.66,85.6,6.87,38.7,25.29,38.43,34.56,1105.75,25.2,18.73,31.29,Rainfed,Alluvial,2023-10-16,2024-01-04,760.075,0.88,Urad,SYNTHETIC_AI_GENERATED,Prototype only; crop_actual follows an existing project crop-production record and is not independently verified farm-survey ground truth.,20.66,85.6,1.0251219452338363,21.60401,85.99965,district_reference_coordinates_used_for_prototype
OBS0000333,DST09,Dhenkanal,CRP012,Urad,SEA02,Rabi,2024,20.66,85.6,7.19,42.1,49.79,56.07,21.06,1207.53,26.32,18.7,31.93,Rainfed,Lateritic,2024-10-04,2024-12-23,946.132,0.642,Urad,SYNTHETIC_AI_GENERATED,Prototype only; crop_actual follows an existing project crop-production record and is not independently verified farm-survey ground truth.,20.66,85.6,1.0415542175038262,21.61718,86.01066,district_reference_coordinates_used_for_prototype
OBS0000334,DST09,Dhenkanal,CRP002,Horse Gram,SEA99,Unknown,2022,20.66,85.6,5.96,79.01,15.57,44.41,35.75,1292.48,25.72,16.75,31.51,Rainfed,Lateritic,2022-06-14,2022-09-22,3722.702,0.931,Horse Gram,SYNTHETIC_AI_GENERATED,Prototype only; crop_actual follows an existing project crop-production record and is not independently verified farm-survey ground truth.,20.66,85.6,1.0271503823686203,21.61234,85.98482,district_reference_coordinates_used_for_prototype
OBS0000335,DST09,Dhenkanal,CRP002,Horse Gram,SEA99,Unknown,2023,20.66,85.6,6.65,30.12,41.91,23.02,30.27,1451.17,26.95,19.87,33.45,Rainfed,Lateritic,2023-06-05,2023-09-13,4002.767,0.981,Horse Gram,SYNTHETIC_AI_GENERATED,Prototype only; crop_actual follows an existing project crop-production record and is not independently verified farm-survey ground truth.,20.66,85.6,1.0328853915125376,21.60472,86.01756,district_reference_coordinates_used_for_prototype
OBS0000336,DST09,Dhenkanal,CRP002,Horse Gram,SEA99,Unknown,2024,20.66,85.6,5.73,37.71,47.58,37.32,23.42,1176.05,29.94,23.12,37.95,Irrigated,Sandy loam,2024-06-08,2024-09-16,3004.178,0.803,Horse Gram,SYNTHETIC_AI_GENERATED,Prototype only; crop_actual follows an existing project crop-production record and is not independently verified farm-survey ground truth.,20.66,85.6,1.0131589482899575,21.59408,85.99241,district_reference_coordinates_used_for_prototype
OBS0000337,DST09,Dhenkanal,CRP006,Potato,SEA02,Rabi,2022,20.66,85.6,6.43,39.33,39.92,64.53,32.83,1063.0,26.02,19.08,32.48,Rainfed,Lateritic,2022-10-18,2023-01-26,2077.066,20.568,Potato,SYNTHETIC_AI_GENERATED,Prototype only; crop_actual follows an existing project crop-production record and is not independently verified farm-survey ground truth.,20.66,85.6,1.0098516821791241,21.59474,85.98218,district_reference_coordinates_used_for_prototype
OBS0000338,DST09,Dhenkanal,CRP006,Potato,SEA02,Rabi,2023,20.66,85.6,7.09,47.04,49.86,22.2,28.34,1204.27,27.17,18.19,32.29,Irrigated,Lateritic,2023-10-10,2024-01-18,1999.337,22.225,Potato,SYNTHETIC_AI_GENERATED,Prototype only; crop_actual follows an existing project crop-production record and is not independently verified farm-survey ground truth.,20.66,85.6,1.0192235554577844,21.60004,85.99388,district_reference_coordinates_used_for_prototype
OBS0000339,DST09,Dhenkanal,CRP006,Potato,SEA02,Rabi,2024,20.66,85.6,6.25,58.6,32.67,32.01,32.38,923.86,25.35,18.05,32.85,Rainfed,Alluvial,2024-10-20,2025-01-28,2822.556,19.088,Potato,SYNTHETIC_AI_GENERATED,Prototype only; crop_actual follows an existing project crop-production record and is not independently verified farm-survey ground truth.,20.66,85.6,1.0242612374292064,21.60076,86.00507,district_reference_coordinates_used_for_prototype
OBS0000340,DST09,Dhenkanal,CRP008,Rapeseed &Mustard,SEA02,Rabi,2022,20.66,85.6,6.89,46.97,32.38,38.45,35.42,1183.15,25.96,20.7,33.49,Rainfed,Loam,2022-10-19,2023-02-11,3859.219,1.608,Rapeseed &Mustard,SYNTHETIC_AI_GENERATED,Prototype only; crop_actual follows an existing project crop-production record and is not independently verified farm-survey ground truth.,20.66,85.6,1.021546614746483,21.5977,86.00531,district_reference_coordinates_used_for_prototype
OBS0000341,DST09,Dhenkanal,CRP008,Rapeseed &Mustard,SEA02,Rabi,2023,20.66,85.6,6.8,61.69,31.58,21.42,37.47,976.46,29.18,20.66,34.21,Irrigated,Red,2023-10-10,2024-02-02,3004.682,1.551,Rapeseed &Mustard,SYNTHETIC_AI_GENERATED,Prototype only; crop_actual follows an existing project crop-production record and is not independently verified farm-survey ground truth.,20.66,85.6,1.0342436374955397,21.61141,86.00556,district_reference_coordinates_used_for_prototype
OBS0000342,DST09,Dhenkanal,CRP008,Rapeseed &Mustard,SEA02,Rabi,2024,20.66,85.6,5.69,43.45,25.22,26.16,42.43,1051.15,28.89,23.41,35.0,Irrigated,Sandy loam,2024-10-05,2025-01-28,3530.388,1.349,Rapeseed &Mustard,SYNTHETIC_AI_GENERATED,Prototype only; crop_actual follows an existing project crop-production record and is not independently verified farm-survey ground truth.,20.66,85.6,1.0082701015600974,21.58381,86.00396,district_reference_coordinates_used_for_prototype
OBS0000343,DST09,Dhenkanal,CRP011,Sugarcane,SEA03,Annual,2022,20.66,85.6,5.69,57.02,24.52,67.82,39.2,1157.69,29.6,21.48,36.25,Rainfed,Red,2022-02-10,2022-12-07,4337.538,49.568,Sugarcane,SYNTHETIC_AI_GENERATED,Prototype only; crop_actual follows an existing project crop-production record and is not independently verified farm-survey ground truth.,20.66,85.6,1.0370863919654907,21.615,86.00438,district_reference_coordinates_used_for_prototype
OBS0000344,DST09,Dhenkanal,CRP011,Sugarcane,SEA03,Annual,2023,20.66,85.6,6.29,65.34,40.12,26.92,29.51,1462.0,27.25,20.53,32.59,Rainfed,Sandy loam,2023-02-18,2023-12-15,6369.066,49.833,Sugarcane,SYNTHETIC_AI_GENERATED,Prototype only; crop_actual follows an existing project crop-production record and is not independently verified farm-survey ground truth.,20.66,85.6,1.0075456009531312,21.57936,86.01222,district_reference_coordinates_used_for_prototype
OBS0000345,DST09,Dhenkanal,CRP011,Sugarcane,SEA03,Annual,2024,20.66,85.6,7.04,53.68,45.75,33.02,28.24,1144.13,29.51,23.9,38.35,Irrigated,Alluvial,2024-02-19,2024-12-15,6023.566,49.012,Sugarcane,SYNTHETIC_AI_GENERATED,Prototype only; crop_actual follows an existing project crop-production record and is not independently verified farm-survey ground truth.,20.66,85.6,1.0164526700737255,21.59392,86.00121,district_reference_coordinates_used_for_prototype
OBS0000346,DST09,Dhenkanal,CRP003,Jute,SEA01,Kharif,2022,20.66,85.6,5.53,43.28,25.65,57.22,39.31,1310.58,27.34,21.08,35.97,Rainfed,Red,2022-06-18,2022-10-16,4189.422,2.061,Jute,SYNTHETIC_AI_GENERATED,Prototype only; crop_actual follows an existing project crop-production record and is not independently verified farm-survey ground truth.,20.66,85.6,1.0212147731990562,21.59863,86.00231,district_reference_coordinates_used_for_prototype
OBS0000347,DST09,Dhenkanal,CRP003,Jute,SEA01,Kharif,2023,20.66,85.6,6.15,65.75,37.93,30.02,32.6,813.91,27.71,19.28,33.65,Rainfed,Alluvial,2023-06-14,2023-10-12,4359.552,1.942,Jute,SYNTHETIC_AI_GENERATED,Prototype only; crop_actual follows an existing project crop-production record and is not independently verified farm-survey ground truth.,20.66,85.6,1.0327510175255261,21.61419,85.99509,district_reference_coordinates_used_for_prototype
OBS0000348,DST09,Dhenkanal,CRP003,Jute,SEA01,Kharif,2024,20.66,85.6,6.2,76.94,39.7,33.53,36.41,1254.64,31.75,23.85,40.67,Rainfed,Red,2024-06-06,2024-10-04,3393.709,1.587,Jute,SYNTHETIC_AI_GENERATED,Prototype only; crop_actual follows an existing project crop-production record and is not independently verified farm-survey ground truth.,20.66,85.6,1.0254864126354903,21.60892,85.98881,district_reference_coordinates_used_for_prototype
OBS0000349,DST09,Dhenkanal,CRP013,Wheat,SEA99,Unknown,2022,20.66,85.6,5.89,79.71,25.98,44.97,28.08,1226.14,30.6,22.21,36.08,Irrigated,Loam,2022-06-10,2022-09-18,4251.634,2.215,Wheat,SYNTHETIC_AI_GENERATED,Prototype only; crop_actual follows an existing project crop-production record and is not independently verified farm-survey ground truth.,20.66,85.6,1.025615616593274,21.60617,85.99579,district_reference_coordinates_used_for_prototype
OBS0000350,DST09,Dhenkanal,CRP013,Wheat,SEA99,Unknown,2023,20.66,85.6,6.48,41.0,25.46,40.41,23.85,1138.83,25.21,16.8,32.52,Rainfed,Loam,2023-06-05,2023-09-13,2728.404,2.674,Wheat,SYNTHETIC_AI_GENERATED,Prototype only; crop_actual follows an existing project crop-production record and is not independently verified farm-survey ground truth.,20.66,85.6,1.023837420931667,21.60446,85.99527,district_reference_coordinates_used_for_prototype
OBS0000351,DST09,Dhenkanal,CRP013,Wheat,SEA99,Unknown,2024,20.66,85.6,6.71,55.64,48.84,22.77,40.63,886.32,25.7,20.54,32.44,Rainfed,Alluvial,2024-06-04,2024-09-12,3955.483,2.203,Wheat,SYNTHETIC_AI_GENERATED,Prototype only; crop_actual follows an existing project crop-production record and is not independently verified farm-survey ground truth.,20.66,85.6,1.0208165330263828,21.60065,85.99654,district_reference_coordinates_used_for_prototype
OBS0000352,DST10,Gajapati,CRP001,Groundnut,SEA01,Kharif,2022,18.77,84.09,6.33,62.72,19.91,53.33,37.81,1352.42,28.64,23.39,34.58,Irrigated,Sandy loam,2022-06-11,2022-09-29,5362.014,1.976,Groundnut,SYNTHETIC_AI_GENERATED,Prototype only; crop_actual follows an existing project crop-production record and is not independently verified farm-survey ground truth.,18.77,84.09,4.069333601082609,22.04937,86.4994,district_reference_coordinates_used_for_prototype
OBS0000353,DST10,Gajapati,CRP001,Groundnut,SEA01,Kharif,2023,18.77,84.09,6.93,77.38,47.53,40.8,36.63,672.56,29.82,21.96,35.78,Rainfed,Loam,2023-06-20,2023-10-08,4758.803,1.687,Groundnut,SYNTHETIC_AI_GENERATED,Prototype only; crop_actual follows an existing project crop-production record and is not independently verified farm-survey ground truth.,18.77,84.09,4.0807035720449,22.0599,86.50427,district_reference_coordinates_used_for_prototype
OBS0000354,DST10,Gajapati,CRP001,Groundnut,SEA01,Kharif,2024,18.77,84.09,6.91,65.29,18.57,20.85,36.56,1128.56,27.29,19.35,35.2,Irrigated,Alluvial,2024-06-06,2024-09-24,4624.664,1.7,Groundnut,SYNTHETIC_AI_GENERATED,Prototype only; crop_actual follows an existing project crop-production record and is not independently verified farm-survey ground truth.,18.77,84.09,4.064445170905863,22.04233,86.50072,district_reference_coordinates_used_for_prototype
OBS0000355,DST10,Gajapati,CRP004,Maize,SEA01,Kharif,2022,18.77,84.09,6.33,72.9,39.83,56.93,41.54,1386.76,25.72,17.4,31.24,Rainfed,Loam,2022-06-05,2022-09-13,10048.346,4.359,Maize,SYNTHETIC_AI_GENERATED,Prototype only; crop_actual follows an existing project crop-production record and is not independently verified farm-survey ground truth.,18.77,84.09,4.0798311524498185,22.05615,86.5079,district_reference_coordinates_used_for_prototype
OBS0000356,DST10,Gajapati,CRP004,Maize,SEA01,Kharif,2023,18.77,84.09,6.62,31.19,25.26,49.85,27.89,1007.85,26.57,19.36,34.69,Irrigated,Alluvial,2023-06-04,2023-09-12,11013.228,3.984,Maize,SYNTHETIC_AI_GENERATED,Prototype only; crop_actual follows an existing project crop-production record and is not independently verified farm-survey ground truth.,18.77,84.09,4.066207571533944,22.04278,86.50308,district_reference_coordinates_used_for_prototype
OBS0000357,DST10,Gajapati,CRP004,Maize,SEA01,Kharif,2024,18.77,84.09,7.09,53.44,42.81,26.49,37.63,1110.12,27.52,20.56,33.47,Rainfed,Lateritic,2024-06-14,2024-09-22,7133.26,3.702,Maize,SYNTHETIC_AI_GENERATED,Prototype only; crop_actual follows an existing project crop-production record and is not independently verified farm-survey ground truth.,18.77,84.09,4.064605133995184,22.05443,86.48448,district_reference_coordinates_used_for_prototype
OBS0000358,DST10,Gajapati,CRP005,Moong(Green Gram),SEA02,Rabi,2022,18.77,84.09,6.89,35.25,44.85,66.81,42.06,954.08,22.75,14.71,31.25,Rainfed,Red,2022-10-18,2022-12-27,8115.653,0.564,Moong(Green Gram),SYNTHETIC_AI_GENERATED,Prototype only; crop_actual follows an existing project crop-production record and is not independently verified farm-survey ground truth.,18.77,84.09,4.083793944361054,22.05358,86.51806,district_reference_coordinates_used_for_prototype
OBS0000359,DST10,Gajapati,CRP005,Moong(Green Gram),SEA02,Rabi,2023,18.77,84.09,5.59,78.56,27.32,48.43,35.8,901.1,28.74,22.01,36.87,Irrigated,Alluvial,2023-10-01,2023-12-10,5517.94,0.684,Moong(Green Gram),SYNTHETIC_AI_GENERATED,Prototype only; crop_actual follows an existing project crop-production record and is not independently verified farm-survey ground truth.,18.77,84.09,4.070245079844702,22.05772,86.48954,district_reference_coordinates_used_for_prototype
OBS0000360,DST10,Gajapati,CRP005,Moong(Green Gram),SEA02,Rabi,2024,18.77,84.09,6.69,73.26,43.84,52.62,34.77,1568.59,26.91,21.85,33.12,Rainfed,Lateritic,2024-10-03,2024-12-12,7943.142,0.709,Moong(Green Gram),SYNTHETIC_AI_GENERATED,Prototype only; crop_actual follows an existing project crop-production record and is not independently verified farm-survey ground truth.,18.77,84.09,4.074146468697463,22.0518,86.50422,district_reference_coordinates_used_for_prototype
OBS0000361,DST10,Gajapati,CRP007,Ragi,SEA01,Kharif,2022,18.77,84.09,6.95,46.08,27.82,61.24,18.67,1699.97,24.26,18.22,30.04,Rainfed,Alluvial,2022-06-22,2022-10-10,6754.183,1.523,Ragi,SYNTHETIC_AI_GENERATED,Prototype only; crop_actual follows an existing project crop-production record and is not independently verified farm-survey ground truth.,18.77,84.09,4.07431456504036,22.04457,86.5143,district_reference_coordinates_used_for_prototype
OBS0000362,DST10,Gajapati,CRP007,Ragi,SEA01,Kharif,2023,18.77,84.09,6.26,48.33,19.43,21.64,28.01,1074.68,29.12,21.82,36.82,Irrigated,Sandy loam,2023-06-15,2023-10-03,6901.67,1.546,Ragi,SYNTHETIC_AI_GENERATED,Prototype only; crop_actual follows an existing project crop-production record and is not independently verified farm-survey ground truth.,18.77,84.09,4.065214066897335,22.04511,86.49824,district_reference_coordinates_used_for_prototype
OBS0000363,DST10,Gajapati,CRP007,Ragi,SEA01,Kharif,2024,18.77,84.09,6.52,47.89,39.59,44.2,41.6,952.41,26.35,18.69,35.08,Irrigated,Alluvial,2024-06-14,2024-10-02,5922.019,2.112,Ragi,SYNTHETIC_AI_GENERATED,Prototype only; crop_actual follows an existing project crop-production record and is not independently verified farm-survey ground truth.,18.77,84.09,4.059757280552622,22.03669,86.50047,district_reference_coordinates_used_for_prototype
OBS0000364,DST10,Gajapati,CRP009,Rice,SEA01,Kharif,2022,18.77,84.09,6.17,77.53,42.15,43.58,37.5,1096.87,26.44,21.15,35.31,Irrigated,Loam,2022-06-19,2022-10-17,82587.231,2.5,Rice,SYNTHETIC_AI_GENERATED,Prototype only; crop_actual follows an existing project crop-production record and is not independently verified farm-survey ground truth.,18.77,84.09,4.073639584708003,22.06206,86.48935,district_reference_coordinates_used_for_prototype
OBS0000365,DST10,Gajapati,CRP009,Rice,SEA01,Kharif,2023,18.77,84.09,6.81,53.65,35.11,64.88,39.72,673.04,25.74,19.94,31.91,Rainfed,Loam,2023-06-08,2023-10-06,72929.685,2.465,Rice,SYNTHETIC_AI_GENERATED,Prototype only; crop_actual follows an existing project crop-production record and is not independently verified farm-survey ground truth.,18.77,84.09,4.074411578338641,22.05296,86.50309,district_reference_coordinates_used_for_prototype
OBS0000366,DST10,Gajapati,CRP009,Rice,SEA01,Kharif,2024,18.77,84.09,6.45,36.65,30.7,21.64,25.89,1373.9,24.17,17.35,29.89,Irrigated,Loam,2024-06-06,2024-10-04,86404.605,2.971,Rice,SYNTHETIC_AI_GENERATED,Prototype only; crop_actual follows an existing project crop-production record and is not independently verified farm-survey ground truth.,18.77,84.09,4.050281225520021,22.03933,86.48087,district_reference_coordinates_used_for_prototype
OBS0000367,DST10,Gajapati,CRP010,Sesamum,SEA01,Kharif,2022,18.77,84.09,6.17,71.06,43.87,48.36,22.38,822.26,30.88,23.12,37.13,Rainfed,Loam,2022-06-17,2022-09-25,2312.566,0.997,Sesamum,SYNTHETIC_AI_GENERATED,Prototype only; crop_actual follows an existing project crop-production record and is not independently verified farm-survey ground truth.,18.77,84.09,4.055165343731377,22.03039,86.50127,district_reference_coordinates_used_for_prototype
OBS0000368,DST10,Gajapati,CRP010,Sesamum,SEA01,Kharif,2023,18.77,84.09,6.52,59.09,37.19,29.13,30.91,1156.78,28.61,20.11,37.28,Rainfed,Lateritic,2023-06-03,2023-09-11,2352.49,0.907,Sesamum,SYNTHETIC_AI_GENERATED,Prototype only; crop_actual follows an existing project crop-production record and is not independently verified farm-survey ground truth.,18.77,84.09,4.092034475172461,22.07164,86.50742,district_reference_coordinates_used_for_prototype
OBS0000369,DST10,Gajapati,CRP010,Sesamum,SEA01,Kharif,2024,18.77,84.09,5.76,33.93,27.95,28.78,35.82,799.67,27.02,19.79,34.46,Rainfed,Sandy loam,2024-06-24,2024-10-02,2503.454,0.954,Sesamum,SYNTHETIC_AI_GENERATED,Prototype only; crop_actual follows an existing project crop-production record and is not independently verified farm-survey ground truth.,18.77,84.09,4.093699685724397,22.06612,86.51775,district_reference_coordinates_used_for_prototype
OBS0000370,DST10,Gajapati,CRP012,Urad,SEA02,Rabi,2022,18.77,84.09,7.06,39.89,40.94,63.79,32.13,906.85,23.73,17.47,30.19,Rainfed,Lateritic,2022-10-24,2023-01-12,3477.036,0.603,Urad,SYNTHETIC_AI_GENERATED,Prototype only; crop_actual follows an existing project crop-production record and is not independently verified farm-survey ground truth.,18.77,84.09,4.062224948301115,22.04445,86.49409,district_reference_coordinates_used_for_prototype
OBS0000371,DST10,Gajapati,CRP012,Urad,SEA02,Rabi,2023,18.77,84.09,7.15,67.12,35.73,43.57,22.74,1559.16,24.82,16.35,33.6,Rainfed,Loam,2023-10-23,2024-01-11,4702.213,0.564,Urad,SYNTHETIC_AI_GENERATED,Prototype only; crop_actual follows an existing project crop-production record and is not independently verified farm-survey ground truth.,18.77,84.09,4.065835515143228,22.05491,86.48591,district_reference_coordinates_used_for_prototype
OBS0000372,DST10,Gajapati,CRP012,Urad,SEA02,Rabi,2024,18.77,84.09,6.22,73.21,22.71,33.38,20.43,1241.55,26.94,18.84,35.3,Irrigated,Loam,2024-10-24,2025-01-12,5538.002,0.616,Urad,SYNTHETIC_AI_GENERATED,Prototype only; crop_actual follows an existing project crop-production record and is not independently verified farm-survey ground truth.,18.77,84.09,4.083661980490057,22.05822,86.51155,district_reference_coordinates_used_for_prototype
OBS0000373,DST10,Gajapati,CRP002,Horse Gram,SEA99,Unknown,2022,18.77,84.09,5.79,31.41,22.23,64.18,21.29,1167.78,24.05,15.54,31.01,Irrigated,Red,2022-06-06,2022-09-14,3836.837,0.444,Horse Gram,SYNTHETIC_AI_GENERATED,Prototype only; crop_actual follows an existing project crop-production record and is not independently verified farm-survey ground truth.,18.77,84.09,4.056888071539557,22.04169,86.48883,district_reference_coordinates_used_for_prototype
OBS0000374,DST10,Gajapati,CRP002,Horse Gram,SEA99,Unknown,2023,18.77,84.09,6.4,76.6,24.98,50.89,26.39,1197.2,30.98,23.81,37.55,Irrigated,Lateritic,2023-06-16,2023-09-24,4562.113,0.465,Horse Gram,SYNTHETIC_AI_GENERATED,Prototype only; crop_actual follows an existing project crop-production record and is not independently verified farm-survey ground truth.,18.77,84.09,4.058736067915724,22.03781,86.49723,district_reference_coordinates_used_for_prototype
OBS0000375,DST10,Gajapati,CRP002,Horse Gram,SEA99,Unknown,2024,18.77,84.09,6.92,59.61,25.17,41.56,20.79,1109.93,24.45,18.17,30.8,Rainfed,Loam,2024-06-02,2024-09-10,5600.319,0.459,Horse Gram,SYNTHETIC_AI_GENERATED,Prototype only; crop_actual follows an existing project crop-production record and is not independently verified farm-survey ground truth.,18.77,84.09,4.056695756807501,22.03683,86.49512,district_reference_coordinates_used_for_prototype
OBS0000376,DST10,Gajapati,CRP006,Potato,SEA02,Rabi,2022,18.77,84.09,5.74,46.91,37.69,37.3,40.83,1116.64,32.71,25.81,38.19,Rainfed,Sandy loam,2022-10-06,2023-01-14,3334.368,19.376,Potato,SYNTHETIC_AI_GENERATED,Prototype only; crop_actual follows an existing project crop-production record and is not independently verified farm-survey ground truth.,18.77,84.09,4.063582895057021,22.04471,86.49603,district_reference_coordinates_used_for_prototype
OBS0000377,DST10,Gajapati,CRP006,Potato,SEA02,Rabi,2023,18.77,84.09,6.21,76.29,36.68,48.08,31.83,966.57,26.7,20.31,34.11,Rainfed,Sandy loam,2023-10-09,2024-01-17,4777.628,22.044,Potato,SYNTHETIC_AI_GENERATED,Prototype only; crop_actual follows an existing project crop-production record and is not independently verified farm-survey ground truth.,18.77,84.09,4.072882134324537,22.05201,86.5018,district_reference_coordinates_used_for_prototype
OBS0000378,DST10,Gajapati,CRP006,Potato,SEA02,Rabi,2024,18.77,84.09,6.7,56.27,31.32,51.26,24.67,1070.65,27.18,21.1,34.08,Irrigated,Sandy loam,2024-10-21,2025-01-29,3290.035,23.572,Potato,SYNTHETIC_AI_GENERATED,Prototype only; crop_actual follows an existing project crop-production record and is not independently verified farm-survey ground truth.,18.77,84.09,4.063267410200811,22.03132,86.51362,district_reference_coordinates_used_for_prototype
OBS0000379,DST10,Gajapati,CRP008,Rapeseed &Mustard,SEA02,Rabi,2022,18.77,84.09,6.29,39.72,15.85,36.0,39.94,1143.09,27.43,21.56,35.44,Rainfed,Loam,2022-10-10,2023-02-02,4811.248,0.785,Rapeseed &Mustard,SYNTHETIC_AI_GENERATED,Prototype only; crop_actual follows an existing project crop-production record and is not independently verified farm-survey ground truth.,18.77,84.09,4.056796997447611,22.03383,86.49936,district_reference_coordinates_used_for_prototype
OBS0000380,DST10,Gajapati,CRP008,Rapeseed &Mustard,SEA02,Rabi,2023,18.77,84.09,6.59,46.56,26.31,31.64,25.27,1163.78,25.03,19.23,33.45,Rainfed,Sandy loam,2023-10-06,2024-01-29,4404.335,0.831,Rapeseed &Mustard,SYNTHETIC_AI_GENERATED,Prototype only; crop_actual follows an existing project crop-production record and is not independently verified farm-survey ground truth.,18.77,84.09,4.063864831044457,22.03933,86.50381,district_reference_coordinates_used_for_prototype
OBS0000381,DST10,Gajapati,CRP008,Rapeseed &Mustard,SEA02,Rabi,2024,18.77,84.09,6.79,57.39,31.21,31.4,28.13,908.18,28.56,21.86,35.13,Rainfed,Alluvial,2024-10-06,2025-01-29,5077.004,0.743,Rapeseed &Mustard,SYNTHETIC_AI_GENERATED,Prototype only; crop_actual follows an existing project crop-production record and is not independently verified farm-survey ground truth.,18.77,84.09,4.06248437530534,22.0484,86.48914,district_reference_coordinates_used_for_prototype
OBS0000382,DST10,Gajapati,CRP011,Sugarcane,SEA03,Annual,2022,18.77,84.09,6.63,42.5,23.63,30.76,34.23,1196.41,26.61,18.39,32.22,Rainfed,Alluvial,2022-02-11,2022-12-08,734.602,52.233,Sugarcane,SYNTHETIC_AI_GENERATED,Prototype only; crop_actual follows an existing project crop-production record and is not independently verified farm-survey ground truth.,18.77,84.09,4.082288641436318,22.07016,86.49292,district_reference_coordinates_used_for_prototype
OBS0000383,DST10,Gajapati,CRP011,Sugarcane,SEA03,Annual,2023,18.77,84.09,5.94,64.01,24.01,57.32,38.02,1306.04,27.66,20.95,33.12,Irrigated,Alluvial,2023-02-05,2023-12-02,687.329,66.201,Sugarcane,SYNTHETIC_AI_GENERATED,Prototype only; crop_actual follows an existing project crop-production record and is not independently verified farm-survey ground truth.,18.77,84.09,4.0690759005208985,22.04691,86.50231,district_reference_coordinates_used_for_prototype
OBS0000384,DST10,Gajapati,CRP011,Sugarcane,SEA03,Annual,2024,18.77,84.09,6.84,47.47,25.63,34.71,31.29,884.15,26.74,19.62,33.79,Rainfed,Lateritic,2024-02-22,2024-12-18,797.89,71.701,Sugarcane,SYNTHETIC_AI_GENERATED,Prototype only; crop_actual follows an existing project crop-production record and is not independently verified farm-survey ground truth.,18.77,84.09,4.055794154601538,22.03666,86.49383,district_reference_coordinates_used_for_prototype
OBS0000385,DST10,Gajapati,CRP003,Jute,SEA01,Kharif,2022,18.77,84.09,6.23,56.95,18.41,44.57,26.21,1258.43,25.46,19.45,34.13,Rainfed,Sandy loam,2022-06-16,2022-10-14,3528.957,2.602,Jute,SYNTHETIC_AI_GENERATED,Prototype only; crop_actual follows an existing project crop-production record and is not independently verified farm-survey ground truth.,18.77,84.09,4.071969052890752,22.04794,86.50579,district_reference_coordinates_used_for_prototype
OBS0000386,DST10,Gajapati,CRP003,Jute,SEA01,Kharif,2023,18.77,84.09,6.77,44.51,17.28,23.3,35.88,1144.86,30.51,23.94,38.92,Rainfed,Lateritic,2023-06-18,2023-10-16,3631.045,2.416,Jute,SYNTHETIC_AI_GENERATED,Prototype only; crop_actual follows an existing project crop-production record and is not independently verified farm-survey ground truth.,18.77,84.09,4.0806385763995285,22.06466,86.49766,district_reference_coordinates_used_for_prototype
OBS0000387,DST10,Gajapati,CRP003,Jute,SEA01,Kharif,2024,18.77,84.09,6.95,41.46,17.18,54.33,33.54,1236.95,27.64,20.34,33.6,Irrigated,Lateritic,2024-06-17,2024-10-15,3653.11,2.445,Jute,SYNTHETIC_AI_GENERATED,Prototype only; crop_actual follows an existing project crop-production record and is not independently verified farm-survey ground truth.,18.77,84.09,4.058277837925831,22.03293,86.50307,district_reference_coordinates_used_for_prototype
OBS0000388,DST10,Gajapati,CRP013,Wheat,SEA99,Unknown,2022,18.77,84.09,7.2,50.94,39.37,21.24,24.99,1161.27,24.54,17.8,30.33,Irrigated,Red,2022-06-23,2022-10-01,3909.029,2.26,Wheat,SYNTHETIC_AI_GENERATED,Prototype only; crop_actual follows an existing project crop-production record and is not independently verified farm-survey ground truth.,18.77,84.09,4.0607030013287115,22.03959,86.49813,district_reference_coordinates_used_for_prototype
OBS0000389,DST10,Gajapati,CRP013,Wheat,SEA99,Unknown,2023,18.77,84.09,6.85,52.79,36.56,43.72,41.85,1034.85,24.47,19.14,31.83,Rainfed,Lateritic,2023-06-12,2023-09-20,3140.017,2.464,Wheat,SYNTHETIC_AI_GENERATED,Prototype only; crop_actual follows an existing project crop-production record and is not independently verified farm-survey ground truth.,18.77,84.09,4.066814560180976,22.04405,86.50238,district_reference_coordinates_used_for_prototype
OBS0000390,DST10,Gajapati,CRP013,Wheat,SEA99,Unknown,2024,18.77,84.09,7.25,74.85,48.42,49.32,18.25,1388.81,26.79,19.54,32.9,Irrigated,Loam,2024-06-14,2024-09-22,4341.617,2.187,Wheat,SYNTHETIC_AI_GENERATED,Prototype only; crop_actual follows an existing project crop-production record and is not independently verified farm-survey ground truth.,18.77,84.09,4.08374532303375,22.06603,86.50105,district_reference_coordinates_used_for_prototype
OBS0000391,DST11,Ganjam,CRP001,Groundnut,SEA01,Kharif,2022,19.35,84.98,6.95,39.63,42.76,32.79,31.52,1216.45,29.43,21.43,35.43,Rainfed,Alluvial,2022-06-23,2022-10-11,3007.133,1.232,Groundnut,SYNTHETIC_AI_GENERATED,Prototype only; crop_actual follows an existing project crop-production record and is not independently verified farm-survey ground truth.,19.35,84.98,3.2675329914325335,18.00585,82.00174,district_reference_coordinates_used_for_prototype
OBS0000392,DST11,Ganjam,CRP001,Groundnut,SEA01,Kharif,2023,19.35,84.98,6.63,34.88,21.38,57.45,23.27,954.7,24.43,16.82,32.11,Irrigated,Alluvial,2023-06-13,2023-10-01,2273.094,1.162,Groundnut,SYNTHETIC_AI_GENERATED,Prototype only; crop_actual follows an existing project crop-production record and is not independently verified farm-survey ground truth.,19.35,84.98,3.274427063655573,17.99264,82.00016,district_reference_coordinates_used_for_prototype
OBS0000393,DST11,Ganjam,CRP001,Groundnut,SEA01,Kharif,2024,19.35,84.98,6.27,64.16,35.51,30.46,41.38,1272.98,29.34,23.65,34.97,Irrigated,Lateritic,2024-06-10,2024-09-28,2301.732,1.351,Groundnut,SYNTHETIC_AI_GENERATED,Prototype only; crop_actual follows an existing project crop-production record and is not independently verified farm-survey ground truth.,19.35,84.98,3.2660858220352997,17.99588,82.00785,district_reference_coordinates_used_for_prototype
OBS0000394,DST11,Ganjam,CRP004,Maize,SEA01,Kharif,2022,19.35,84.98,7.02,57.82,44.5,59.25,18.51,926.8,24.2,18.83,30.53,Rainfed,Sandy loam,2022-06-19,2022-09-27,11964.628,2.87,Maize,SYNTHETIC_AI_GENERATED,Prototype only; crop_actual follows an existing project crop-production record and is not independently verified farm-survey ground truth.,19.35,84.98,3.2770050821138588,18.00199,81.99309,district_reference_coordinates_used_for_prototype
OBS0000395,DST11,Ganjam,CRP004,Maize,SEA01,Kharif,2023,19.35,84.98,6.02,47.39,18.87,64.81,31.38,1496.43,30.57,22.53,38.02,Irrigated,Alluvial,2023-06-04,2023-09-12,16295.803,3.119,Maize,SYNTHETIC_AI_GENERATED,Prototype only; crop_actual follows an existing project crop-production record and is not independently verified farm-survey ground truth.,19.35,84.98,3.2585738144930914,18.01606,82.00697,district_reference_coordinates_used_for_prototype
OBS0000396,DST11,Ganjam,CRP004,Maize,SEA01,Kharif,2024,19.35,84.98,6.19,71.77,25.62,59.11,20.87,1221.85,27.89,20.41,36.09,Rainfed,Alluvial,2024-06-05,2024-09-13,14785.296,2.703,Maize,SYNTHETIC_AI_GENERATED,Prototype only; crop_actual follows an existing project crop-production record and is not independently verified farm-survey ground truth.,19.35,84.98,3.2669961960186074,18.00618,82.00218,district_reference_coordinates_used_for_prototype
OBS0000397,DST11,Ganjam,CRP005,Moong(Green Gram),SEA02,Rabi,2022,19.35,84.98,6.96,43.46,21.83,31.01,35.26,1036.19,29.3,22.63,37.09,Rainfed,Lateritic,2022-10-13,2022-12-22,6493.321,1.189,Moong(Green Gram),SYNTHETIC_AI_GENERATED,Prototype only; crop_actual follows an existing project crop-production record and is not independently verified farm-survey ground truth.,19.35,84.98,3.2707719548907703,17.99145,82.00472,district_reference_coordinates_used_for_prototype
OBS0000398,DST11,Ganjam,CRP005,Moong(Green Gram),SEA02,Rabi,2023,19.35,84.98,5.51,54.89,26.14,45.03,23.26,1158.27,27.55,21.18,33.1,Irrigated,Alluvial,2023-10-18,2023-12-27,5612.084,1.177,Moong(Green Gram),SYNTHETIC_AI_GENERATED,Prototype only; crop_actual follows an existing project crop-production record and is not independently verified farm-survey ground truth.,19.35,84.98,3.2736285538985617,18.01695,81.99008,district_reference_coordinates_used_for_prototype
OBS0000399,DST11,Ganjam,CRP005,Moong(Green Gram),SEA02,Rabi,2024,19.35,84.98,6.27,41.15,42.47,31.19,20.64,957.82,27.62,19.23,34.79,Irrigated,Loam,2024-10-02,2024-12-11,6084.573,1.058,Moong(Green Gram),SYNTHETIC_AI_GENERATED,Prototype only; crop_actual follows an existing project crop-production record and is not independently verified farm-survey ground truth.,19.35,84.98,3.2702320842717043,18.01603,81.99421,district_reference_coordinates_used_for_prototype
OBS0000400,DST11,Ganjam,CRP007,Ragi,SEA01,Kharif,2022,19.35,84.98,5.97,48.02,47.25,50.94,35.11,831.47,25.49,19.96,34.17,Irrigated,Sandy loam,2022-06-20,2022-10-08,5595.153,1.051,Ragi,SYNTHETIC_AI_GENERATED,Prototype only; crop_actual follows an existing project crop-production record and is not independently verified farm-survey ground truth.,19.35,84.98,3.2810764634796366,17.98386,81.99686,district_reference_coordinates_used_for_prototype
OBS0000401,DST11,Ganjam,CRP007,Ragi,SEA01,Kharif,2023,19.35,84.98,6.29,34.54,40.77,67.09,42.68,1414.38,27.6,20.99,35.03,Rainfed,Lateritic,2023-06-05,2023-09-23,4325.206,1.045,Ragi,SYNTHETIC_AI_GENERATED,Prototype only; crop_actual follows an existing project crop-production record and is not independently verified farm-survey ground truth.,19.35,84.98,3.275086709569691,18.00384,81.99436,district_reference_coordinates_used_for_prototype
OBS0000402,DST11,Ganjam,CRP007,Ragi,SEA01,Kharif,2024,19.35,84.98,6.96,43.66,35.49,66.08,18.96,661.42,24.95,18.22,31.55,Irrigated,Loam,2024-06-03,2024-09-21,4284.127,0.977,Ragi,SYNTHETIC_AI_GENERATED,Prototype only; crop_actual follows an existing project crop-production record and is not independently verified farm-survey ground truth.,19.35,84.98,3.2841229131991994,17.98089,81.99487,district_reference_coordinates_used_for_prototype
OBS0000403,DST11,Ganjam,CRP009,Rice,SEA01,Kharif,2022,19.35,84.98,7.24,33.89,27.71,21.9,35.52,854.88,26.2,20.28,33.22,Irrigated,Loam,2022-06-07,2022-10-05,7333.794,2.922,Rice,SYNTHETIC_AI_GENERATED,Prototype only; crop_actual follows an existing project crop-production record and is not independently verified farm-survey ground truth.,19.35,84.98,3.2742563140047607,17.99303,82.00017,district_reference_coordinates_used_for_prototype
OBS0000404,DST11,Ganjam,CRP009,Rice,SEA01,Kharif,2023,19.35,84.98,7.0,62.96,27.33,24.25,37.01,1358.16,28.57,22.89,36.88,Rainfed,Lateritic,2023-06-20,2023-10-18,7718.477,2.378,Rice,SYNTHETIC_AI_GENERATED,Prototype only; crop_actual follows an existing project crop-production record and is not independently verified farm-survey ground truth.,19.35,84.98,3.2656886149325413,17.98289,82.01424,district_reference_coordinates_used_for_prototype
OBS0000405,DST11,Ganjam,CRP009,Rice,SEA01,Kharif,2024,19.35,84.98,5.53,69.91,23.13,55.6,24.89,1378.57,26.24,18.38,32.32,Rainfed,Sandy loam,2024-06-08,2024-10-06,6059.667,3.075,Rice,SYNTHETIC_AI_GENERATED,Prototype only; crop_actual follows an existing project crop-production record and is not independently verified farm-survey ground truth.,19.35,84.98,3.2718781892057067,18.01325,81.99365,district_reference_coordinates_used_for_prototype
OBS0000406,DST11,Ganjam,CRP010,Sesamum,SEA01,Kharif,2022,19.35,84.98,7.12,46.85,38.56,50.31,29.03,1364.79,24.35,16.39,33.25,Irrigated,Alluvial,2022-06-07,2022-09-15,4886.318,0.826,Sesamum,SYNTHETIC_AI_GENERATED,Prototype only; crop_actual follows an existing project crop-production record and is not independently verified farm-survey ground truth.,19.35,84.98,3.2533692881380682,18.01345,82.01385,district_reference_coordinates_used_for_prototype
OBS0000407,DST11,Ganjam,CRP010,Sesamum,SEA01,Kharif,2023,19.35,84.98,6.37,72.6,48.27,55.21,34.01,928.22,29.6,22.22,37.21,Irrigated,Lateritic,2023-06-03,2023-09-11,5661.34,0.704,Sesamum,SYNTHETIC_AI_GENERATED,Prototype only; crop_actual follows an existing project crop-production record and is not independently verified farm-survey ground truth.,19.35,84.98,3.28062224890341,18.00702,81.98686,district_reference_coordinates_used_for_prototype
OBS0000408,DST11,Ganjam,CRP010,Sesamum,SEA01,Kharif,2024,19.35,84.98,6.84,55.82,28.37,46.17,29.71,1215.07,23.73,15.53,30.9,Rainfed,Sandy loam,2024-06-18,2024-09-26,3819.796,0.665,Sesamum,SYNTHETIC_AI_GENERATED,Prototype only; crop_actual follows an existing project crop-production record and is not independently verified farm-survey ground truth.,19.35,84.98,3.2544759290091547,17.99403,82.02146,district_reference_coordinates_used_for_prototype
OBS0000409,DST11,Ganjam,CRP012,Urad,SEA02,Rabi,2022,19.35,84.98,5.72,49.0,23.37,59.68,20.93,1288.3,26.23,17.84,32.3,Irrigated,Alluvial,2022-10-03,2022-12-22,1641.582,0.866,Urad,SYNTHETIC_AI_GENERATED,Prototype only; crop_actual follows an existing project crop-production record and is not independently verified farm-survey ground truth.,19.35,84.98,3.276955294293778,18.00138,81.99342,district_reference_coordinates_used_for_prototype
OBS0000410,DST11,Ganjam,CRP012,Urad,SEA02,Rabi,2023,19.35,84.98,6.33,61.63,37.34,22.07,35.62,1584.13,28.46,21.33,34.4,Rainfed,Lateritic,2023-10-06,2023-12-25,1526.101,0.799,Urad,SYNTHETIC_AI_GENERATED,Prototype only; crop_actual follows an existing project crop-production record and is not independently verified farm-survey ground truth.,19.35,84.98,3.2853026107498833,17.99159,81.98869,district_reference_coordinates_used_for_prototype
OBS0000411,DST11,Ganjam,CRP012,Urad,SEA02,Rabi,2024,19.35,84.98,7.22,38.02,34.03,31.16,26.75,641.37,26.61,19.29,32.95,Irrigated,Loam,2024-10-08,2024-12-27,2353.921,0.919,Urad,SYNTHETIC_AI_GENERATED,Prototype only; crop_actual follows an existing project crop-production record and is not independently verified farm-survey ground truth.,19.35,84.98,3.291320508063595,17.99748,81.97942,district_reference_coordinates_used_for_prototype
OBS0000412,DST11,Ganjam,CRP002,Horse Gram,SEA99,Unknown,2022,19.35,84.98,6.29,44.89,43.85,64.4,34.49,804.39,26.45,19.88,31.6,Irrigated,Lateritic,2022-06-17,2022-09-25,3472.279,0.802,Horse Gram,SYNTHETIC_AI_GENERATED,Prototype only; crop_actual follows an existing project crop-production record and is not independently verified farm-survey ground truth.,19.35,84.98,3.2914253092087686,18.00294,81.97685,district_reference_coordinates_used_for_prototype
OBS0000413,DST11,Ganjam,CRP002,Horse Gram,SEA99,Unknown,2023,19.35,84.98,7.02,59.68,31.88,40.29,27.6,857.97,26.8,19.75,34.25,Irrigated,Lateritic,2023-06-16,2023-09-24,3307.491,0.751,Horse Gram,SYNTHETIC_AI_GENERATED,Prototype only; crop_actual follows an existing project crop-production record and is not independently verified farm-survey ground truth.,19.35,84.98,3.2636834545188402,17.99768,82.00967,district_reference_coordinates_used_for_prototype
OBS0000414,DST11,Ganjam,CRP002,Horse Gram,SEA99,Unknown,2024,19.35,84.98,6.51,79.19,48.38,64.94,26.72,1205.17,25.49,19.94,32.94,Rainfed,Loam,2024-06-21,2024-09-29,3532.38,0.846,Horse Gram,SYNTHETIC_AI_GENERATED,Prototype only; crop_actual follows an existing project crop-production record and is not independently verified farm-survey ground truth.,19.35,84.98,3.271377496178028,18.00125,81.9996,district_reference_coordinates_used_for_prototype
OBS0000415,DST11,Ganjam,CRP006,Potato,SEA02,Rabi,2022,19.35,84.98,6.04,62.14,31.45,44.92,24.86,845.0,27.05,19.76,35.52,Rainfed,Loam,2022-10-09,2023-01-17,916.66,17.109,Potato,SYNTHETIC_AI_GENERATED,Prototype only; crop_actual follows an existing project crop-production record and is not independently verified farm-survey ground truth.,19.35,84.98,3.2767274621182723,18.00107,81.99381,district_reference_coordinates_used_for_prototype
OBS0000416,DST11,Ganjam,CRP006,Potato,SEA02,Rabi,2023,19.35,84.98,6.33,72.17,38.25,54.19,39.54,1298.9,29.34,21.05,35.45,Irrigated,Loam,2023-10-02,2024-01-10,1448.807,24.746,Potato,SYNTHETIC_AI_GENERATED,Prototype only; crop_actual follows an existing project crop-production record and is not independently verified farm-survey ground truth.,19.35,84.98,3.2715519284889933,18.00552,81.99748,district_reference_coordinates_used_for_prototype
OBS0000417,DST11,Ganjam,CRP006,Potato,SEA02,Rabi,2024,19.35,84.98,6.6,68.85,39.48,47.02,18.18,1096.52,24.47,16.53,32.24,Irrigated,Lateritic,2024-10-12,2025-01-20,1196.267,18.894,Potato,SYNTHETIC_AI_GENERATED,Prototype only; crop_actual follows an existing project crop-production record and is not independently verified farm-survey ground truth.,19.35,84.98,3.285963718850226,17.99504,81.9864,district_reference_coordinates_used_for_prototype
OBS0000418,DST11,Ganjam,CRP008,Rapeseed &Mustard,SEA02,Rabi,2022,19.35,84.98,7.21,32.2,42.37,21.22,27.63,1109.47,26.47,18.47,32.48,Rainfed,Sandy loam,2022-10-14,2023-02-06,6702.863,1.139,Rapeseed &Mustard,SYNTHETIC_AI_GENERATED,Prototype only; crop_actual follows an existing project crop-production record and is not independently verified farm-survey ground truth.,19.35,84.98,3.273761511854526,18.00907,81.99346,district_reference_coordinates_used_for_prototype
OBS0000419,DST11,Ganjam,CRP008,Rapeseed &Mustard,SEA02,Rabi,2023,19.35,84.98,6.63,53.56,21.43,50.94,38.88,1340.58,23.98,15.09,32.21,Irrigated,Lateritic,2023-10-22,2024-02-14,5987.82,1.032,Rapeseed &Mustard,SYNTHETIC_AI_GENERATED,Prototype only; crop_actual follows an existing project crop-production record and is not independently verified farm-survey ground truth.,19.35,84.98,3.2718354024156,17.99426,82.00227,district_reference_coordinates_used_for_prototype
OBS0000420,DST11,Ganjam,CRP008,Rapeseed &Mustard,SEA02,Rabi,2024,19.35,84.98,5.85,66.72,45.49,24.76,35.02,1157.36,30.38,22.83,35.68,Irrigated,Lateritic,2024-10-11,2025-02-03,4957.765,1.211,Rapeseed &Mustard,SYNTHETIC_AI_GENERATED,Prototype only; crop_actual follows an existing project crop-production record and is not independently verified farm-survey ground truth.,19.35,84.98,3.2673377597365163,18.00861,82.00071,district_reference_coordinates_used_for_prototype
OBS0000421,DST11,Ganjam,CRP011,Sugarcane,SEA03,Annual,2022,19.35,84.98,6.96,43.25,25.32,65.91,26.04,805.79,29.09,23.7,34.13,Irrigated,Lateritic,2022-02-20,2022-12-17,11351.898,83.408,Sugarcane,SYNTHETIC_AI_GENERATED,Prototype only; crop_actual follows an existing project crop-production record and is not independently verified farm-survey ground truth.,19.35,84.98,3.286043466085012,17.99801,81.98497,district_reference_coordinates_used_for_prototype
OBS0000422,DST11,Ganjam,CRP011,Sugarcane,SEA03,Annual,2023,19.35,84.98,7.26,61.65,36.54,56.96,24.45,1427.19,28.33,22.6,34.15,Rainfed,Loam,2023-02-15,2023-12-12,9972.9,56.35,Sugarcane,SYNTHETIC_AI_GENERATED,Prototype only; crop_actual follows an existing project crop-production record and is not independently verified farm-survey ground truth.,19.35,84.98,3.277396557406505,17.99259,81.99692,district_reference_coordinates_used_for_prototype
OBS0000423,DST11,Ganjam,CRP011,Sugarcane,SEA03,Annual,2024,19.35,84.98,5.68,65.65,39.13,22.08,27.08,1092.37,31.35,24.57,38.13,Irrigated,Alluvial,2024-02-15,2024-12-11,8526.143,78.185,Sugarcane,SYNTHETIC_AI_GENERATED,Prototype only; crop_actual follows an existing project crop-production record and is not independently verified farm-survey ground truth.,19.35,84.98,3.263096555191095,17.99473,82.01166,district_reference_coordinates_used_for_prototype
OBS0000424,DST11,Ganjam,CRP003,Jute,SEA01,Kharif,2022,19.35,84.98,6.17,51.82,20.4,53.36,32.53,1243.55,27.86,21.47,35.24,Rainfed,Lateritic,2022-06-20,2022-10-18,673.557,1.923,Jute,SYNTHETIC_AI_GENERATED,Prototype only; crop_actual follows an existing project crop-production record and is not independently verified farm-survey ground truth.,19.35,84.98,3.263659155258107,17.99561,82.01064,district_reference_coordinates_used_for_prototype
OBS0000425,DST11,Ganjam,CRP003,Jute,SEA01,Kharif,2023,19.35,84.98,7.29,45.53,43.72,28.22,19.88,1035.02,27.6,20.13,36.24,Rainfed,Lateritic,2023-06-10,2023-10-08,802.433,2.254,Jute,SYNTHETIC_AI_GENERATED,Prototype only; crop_actual follows an existing project crop-production record and is not independently verified farm-survey ground truth.,19.35,84.98,3.268128676857752,18.01231,81.99818,district_reference_coordinates_used_for_prototype
OBS0000426,DST11,Ganjam,CRP003,Jute,SEA01,Kharif,2024,19.35,84.98,6.95,65.04,29.79,52.52,19.34,1057.82,26.4,19.32,32.58,Rainfed,Red,2024-06-05,2024-10-03,655.25,2.246,Jute,SYNTHETIC_AI_GENERATED,Prototype only; crop_actual follows an existing project crop-production record and is not independently verified farm-survey ground truth.,19.35,84.98,3.2564360549072764,18.01511,82.00974,district_reference_coordinates_used_for_prototype
OBS0000427,DST11,Ganjam,CRP013,Wheat,SEA99,Unknown,2022,19.35,84.98,6.31,47.81,35.58,65.42,34.34,1054.51,29.29,20.85,38.28,Irrigated,Lateritic,2022-06-05,2022-09-13,272.053,2.87,Wheat,SYNTHETIC_AI_GENERATED,Prototype only; crop_actual follows an existing project crop-production record and is not independently verified farm-survey ground truth.,19.35,84.98,3.278998042710607,17.99965,81.99196,district_reference_coordinates_used_for_prototype
OBS0000428,DST11,Ganjam,CRP013,Wheat,SEA99,Unknown,2023,19.35,84.98,7.28,45.03,46.95,27.91,38.02,1032.35,27.62,18.73,33.09,Rainfed,Alluvial,2023-06-12,2023-09-20,324.179,2.731,Wheat,SYNTHETIC_AI_GENERATED,Prototype only; crop_actual follows an existing project crop-production record and is not independently verified farm-survey ground truth.,19.35,84.98,3.267724596718651,18.00472,82.00204,district_reference_coordinates_used_for_prototype
OBS0000429,DST11,Ganjam,CRP013,Wheat,SEA99,Unknown,2024,19.35,84.98,6.17,64.57,38.8,34.06,42.27,1240.0,29.54,21.42,35.94,Irrigated,Alluvial,2024-06-14,2024-09-22,314.863,3.061,Wheat,SYNTHETIC_AI_GENERATED,Prototype only; crop_actual follows an existing project crop-production record and is not independently verified farm-survey ground truth.,19.35,84.98,3.2640164377803074,18.00906,82.00415,district_reference_coordinates_used_for_prototype
OBS0000430,DST12,Jagatsinghpur,CRP001,Groundnut,SEA01,Kharif,2022,20.27,86.16,7.19,47.71,22.42,20.8,26.96,380.32,30.13,23.11,36.78,Rainfed,Red,2022-06-01,2022-09-19,3919.297,1.646,Groundnut,SYNTHETIC_AI_GENERATED,Prototype only; crop_actual follows an existing project crop-production record and is not independently verified farm-survey ground truth.,20.27,86.16,4.098385956849358,18.44793,82.48892,district_reference_coordinates_used_for_prototype
OBS0000431,DST12,Jagatsinghpur,CRP001,Groundnut,SEA01,Kharif,2023,20.27,86.16,6.43,55.75,34.26,33.79,21.23,909.66,27.64,21.65,34.22,Rainfed,Lateritic,2023-06-07,2023-09-25,3891.061,1.641,Groundnut,SYNTHETIC_AI_GENERATED,Prototype only; crop_actual follows an existing project crop-production record and is not independently verified farm-survey ground truth.,20.27,86.16,4.078053266253394,18.43782,82.5167,district_reference_coordinates_used_for_prototype
OBS0000432,DST12,Jagatsinghpur,CRP001,Groundnut,SEA01,Kharif,2024,20.27,86.16,6.38,76.24,43.52,27.63,33.29,1245.97,27.18,20.17,35.7,Rainfed,Loam,2024-06-08,2024-09-26,4247.594,1.729,Groundnut,SYNTHETIC_AI_GENERATED,Prototype only; crop_actual follows an existing project crop-production record and is not independently verified farm-survey ground truth.,20.27,86.16,4.091598320180019,18.44259,82.49916,district_reference_coordinates_used_for_prototype
OBS0000433,DST12,Jagatsinghpur,CRP004,Maize,SEA01,Kharif,2022,20.27,86.16,6.35,78.92,26.97,20.92,30.83,1082.75,30.82,23.21,38.29,Irrigated,Loam,2022-06-22,2022-09-30,4147.789,1.78,Maize,SYNTHETIC_AI_GENERATED,Prototype only; crop_actual follows an existing project crop-production record and is not independently verified farm-survey ground truth.,20.27,86.16,4.080086235914623,18.44461,82.51102,district_reference_coordinates_used_for_prototype
OBS0000434,DST12,Jagatsinghpur,CRP004,Maize,SEA01,Kharif,2023,20.27,86.16,5.95,30.52,16.18,37.97,36.31,1022.39,27.12,19.56,35.05,Rainfed,Alluvial,2023-06-03,2023-09-11,3872.416,2.409,Maize,SYNTHETIC_AI_GENERATED,Prototype only; crop_actual follows an existing project crop-production record and is not independently verified farm-survey ground truth.,20.27,86.16,4.088554104643834,18.44815,82.49979,district_reference_coordinates_used_for_prototype
OBS0000435,DST12,Jagatsinghpur,CRP004,Maize,SEA01,Kharif,2024,20.27,86.16,6.56,74.11,20.09,22.17,33.43,1308.5,26.78,21.33,34.68,Irrigated,Red,2024-06-21,2024-09-29,4283.623,2.011,Maize,SYNTHETIC_AI_GENERATED,Prototype only; crop_actual follows an existing project crop-production record and is not independently verified farm-survey ground truth.,20.27,86.16,4.10970507337205,18.43974,82.48035,district_reference_coordinates_used_for_prototype
OBS0000436,DST12,Jagatsinghpur,CRP005,Moong(Green Gram),SEA02,Rabi,2022,20.27,86.16,7.25,51.47,24.13,45.28,24.48,1038.58,21.97,13.85,28.88,Rainfed,Alluvial,2022-10-08,2022-12-17,3308.529,1.003,Moong(Green Gram),SYNTHETIC_AI_GENERATED,Prototype only; crop_actual follows an existing project crop-production record and is not independently verified farm-survey ground truth.,20.27,86.16,4.089395602836687,18.44813,82.49886,district_reference_coordinates_used_for_prototype
OBS0000437,DST12,Jagatsinghpur,CRP005,Moong(Green Gram),SEA02,Rabi,2023,20.27,86.16,5.92,60.1,25.1,53.2,25.88,1160.76,27.69,19.59,36.17,Irrigated,Red,2023-10-13,2023-12-22,2309.9,0.686,Moong(Green Gram),SYNTHETIC_AI_GENERATED,Prototype only; crop_actual follows an existing project crop-production record and is not independently verified farm-survey ground truth.,20.27,86.16,4.082829314115395,18.45881,82.50089,district_reference_coordinates_used_for_prototype
OBS0000438,DST12,Jagatsinghpur,CRP005,Moong(Green Gram),SEA02,Rabi,2024,20.27,86.16,6.13,65.15,47.1,50.52,30.1,674.64,29.06,20.69,34.72,Irrigated,Alluvial,2024-10-07,2024-12-16,2921.782,0.973,Moong(Green Gram),SYNTHETIC_AI_GENERATED,Prototype only; crop_actual follows an existing project crop-production record and is not independently verified farm-survey ground truth.,20.27,86.16,4.0922776028637164,18.45083,82.4943,district_reference_coordinates_used_for_prototype
OBS0000439,DST12,Jagatsinghpur,CRP007,Ragi,SEA01,Kharif,2022,20.27,86.16,5.73,46.18,40.84,52.22,39.86,1305.73,30.08,23.41,37.26,Rainfed,Red,2022-06-18,2022-10-06,463.8,1.437,Ragi,SYNTHETIC_AI_GENERATED,Prototype only; crop_actual follows an existing project crop-production record and is not independently verified farm-survey ground truth.,20.27,86.16,4.076848474912942,18.44775,82.51307,district_reference_coordinates_used_for_prototype
OBS0000440,DST12,Jagatsinghpur,CRP007,Ragi,SEA01,Kharif,2023,20.27,86.16,6.15,68.84,19.09,66.83,38.21,899.88,29.58,21.34,37.86,Irrigated,Loam,2023-06-09,2023-09-27,523.929,1.063,Ragi,SYNTHETIC_AI_GENERATED,Prototype only; crop_actual follows an existing project crop-production record and is not independently verified farm-survey ground truth.,20.27,86.16,4.095908893872025,18.44605,82.49262,district_reference_coordinates_used_for_prototype
OBS0000441,DST12,Jagatsinghpur,CRP007,Ragi,SEA01,Kharif,2024,20.27,86.16,6.14,74.61,17.46,59.75,33.88,1108.87,27.42,21.99,34.61,Rainfed,Lateritic,2024-06-09,2024-09-27,712.086,1.522,Ragi,SYNTHETIC_AI_GENERATED,Prototype only; crop_actual follows an existing project crop-production record and is not independently verified farm-survey ground truth.,20.27,86.16,4.083472418775468,18.44618,82.50645,district_reference_coordinates_used_for_prototype
OBS0000442,DST12,Jagatsinghpur,CRP009,Rice,SEA01,Kharif,2022,20.27,86.16,6.37,53.53,33.59,50.89,27.91,1038.37,24.61,17.7,29.95,Irrigated,Alluvial,2022-06-02,2022-09-30,54657.387,3.178,Rice,SYNTHETIC_AI_GENERATED,Prototype only; crop_actual follows an existing project crop-production record and is not independently verified farm-survey ground truth.,20.27,86.16,4.086085253834041,18.47254,82.4905,district_reference_coordinates_used_for_prototype
OBS0000443,DST12,Jagatsinghpur,CRP009,Rice,SEA01,Kharif,2023,20.27,86.16,6.55,76.74,40.05,27.72,35.56,976.45,28.35,22.37,36.6,Rainfed,Sandy loam,2023-06-03,2023-10-01,50266.364,3.162,Rice,SYNTHETIC_AI_GENERATED,Prototype only; crop_actual follows an existing project crop-production record and is not independently verified farm-survey ground truth.,20.27,86.16,4.101471928673897,18.43611,82.49136,district_reference_coordinates_used_for_prototype
OBS0000444,DST12,Jagatsinghpur,CRP009,Rice,SEA01,Kharif,2024,20.27,86.16,6.74,63.68,42.48,69.79,21.9,986.59,22.65,16.75,29.67,Rainfed,Red,2024-06-10,2024-10-08,60608.152,3.278,Rice,SYNTHETIC_AI_GENERATED,Prototype only; crop_actual follows an existing project crop-production record and is not independently verified farm-survey ground truth.,20.27,86.16,4.0742366903507135,18.44719,82.51627,district_reference_coordinates_used_for_prototype
OBS0000445,DST12,Jagatsinghpur,CRP010,Sesamum,SEA01,Kharif,2022,20.27,86.16,6.41,76.91,28.38,30.28,36.93,884.93,26.67,21.41,34.04,Rainfed,Red,2022-06-09,2022-09-17,2712.343,0.685,Sesamum,SYNTHETIC_AI_GENERATED,Prototype only; crop_actual follows an existing project crop-production record and is not independently verified farm-survey ground truth.,20.27,86.16,4.093816712421308,18.45035,82.49282,district_reference_coordinates_used_for_prototype
OBS0000446,DST12,Jagatsinghpur,CRP010,Sesamum,SEA01,Kharif,2023,20.27,86.16,6.06,69.38,17.56,23.2,41.44,950.22,27.4,22.37,35.56,Rainfed,Lateritic,2023-06-08,2023-09-16,1728.1,0.709,Sesamum,SYNTHETIC_AI_GENERATED,Prototype only; crop_actual follows an existing project crop-production record and is not independently verified farm-survey ground truth.,20.27,86.16,4.086760670029496,18.46685,82.49254,district_reference_coordinates_used_for_prototype
OBS0000447,DST12,Jagatsinghpur,CRP010,Sesamum,SEA01,Kharif,2024,20.27,86.16,6.87,46.36,45.2,26.17,37.34,783.83,27.58,18.61,35.34,Irrigated,Sandy loam,2024-06-03,2024-09-11,2194.932,0.865,Sesamum,SYNTHETIC_AI_GENERATED,Prototype only; crop_actual follows an existing project crop-production record and is not independently verified farm-survey ground truth.,20.27,86.16,4.085503058987956,18.44897,82.50279,district_reference_coordinates_used_for_prototype
OBS0000448,DST12,Jagatsinghpur,CRP012,Urad,SEA02,Rabi,2022,20.27,86.16,6.16,43.99,29.78,43.55,26.66,741.74,24.66,17.93,32.86,Irrigated,Lateritic,2022-10-12,2022-12-31,544.557,0.993,Urad,SYNTHETIC_AI_GENERATED,Prototype only; crop_actual follows an existing project crop-production record and is not independently verified farm-survey ground truth.,20.27,86.16,4.079827437588504,18.45337,82.50694,district_reference_coordinates_used_for_prototype
OBS0000449,DST12,Jagatsinghpur,CRP012,Urad,SEA02,Rabi,2023,20.27,86.16,6.74,73.53,39.79,48.71,40.82,1249.16,26.0,20.14,32.26,Irrigated,Loam,2023-10-03,2023-12-22,747.395,0.701,Urad,SYNTHETIC_AI_GENERATED,Prototype only; crop_actual follows an existing project crop-production record and is not independently verified farm-survey ground truth.,20.27,86.16,4.07728422204045,18.46408,82.50447,district_reference_coordinates_used_for_prototype
OBS0000450,DST12,Jagatsinghpur,CRP012,Urad,SEA02,Rabi,2024,20.27,86.16,7.28,60.5,35.13,63.0,39.55,1247.47,25.69,19.15,34.45,Rainfed,Sandy loam,2024-10-07,2024-12-26,590.387,0.929,Urad,SYNTHETIC_AI_GENERATED,Prototype only; crop_actual follows an existing project crop-production record and is not independently verified farm-survey ground truth.,20.27,86.16,4.098684217855775,18.44139,82.49184,district_reference_coordinates_used_for_prototype
OBS0000451,DST12,Jagatsinghpur,CRP002,Horse Gram,SEA99,Unknown,2022,20.27,86.16,6.26,58.39,23.7,42.19,26.94,1336.71,28.33,20.57,33.85,Rainfed,Red,2022-06-10,2022-09-18,631.123,0.877,Horse Gram,SYNTHETIC_AI_GENERATED,Prototype only; crop_actual follows an existing project crop-production record and is not independently verified farm-survey ground truth.,20.27,86.16,4.093780712373338,18.44723,82.49441,district_reference_coordinates_used_for_prototype
OBS0000452,DST12,Jagatsinghpur,CRP002,Horse Gram,SEA99,Unknown,2023,20.27,86.16,6.83,71.28,36.75,29.56,18.76,1175.58,24.46,18.12,32.11,Irrigated,Loam,2023-06-11,2023-09-19,690.296,0.783,Horse Gram,SYNTHETIC_AI_GENERATED,Prototype only; crop_actual follows an existing project crop-production record and is not independently verified farm-survey ground truth.,20.27,86.16,4.078093473242117,18.43487,82.51814,district_reference_coordinates_used_for_prototype
OBS0000453,DST12,Jagatsinghpur,CRP002,Horse Gram,SEA99,Unknown,2024,20.27,86.16,6.53,67.78,30.17,23.37,38.5,733.55,24.42,18.82,32.13,Irrigated,Alluvial,2024-06-19,2024-09-27,581.173,0.936,Horse Gram,SYNTHETIC_AI_GENERATED,Prototype only; crop_actual follows an existing project crop-production record and is not independently verified farm-survey ground truth.,20.27,86.16,4.083033165540054,18.4611,82.49953,district_reference_coordinates_used_for_prototype
OBS0000454,DST12,Jagatsinghpur,CRP006,Potato,SEA02,Rabi,2022,20.27,86.16,5.95,49.43,27.56,60.13,25.58,808.51,28.44,21.36,34.37,Irrigated,Red,2022-10-06,2023-01-14,809.572,16.037,Potato,SYNTHETIC_AI_GENERATED,Prototype only; crop_actual follows an existing project crop-production record and is not independently verified farm-survey ground truth.,20.27,86.16,4.082129993140838,18.45653,82.5028,district_reference_coordinates_used_for_prototype
OBS0000455,DST12,Jagatsinghpur,CRP006,Potato,SEA02,Rabi,2023,20.27,86.16,6.17,42.74,16.52,32.11,32.01,833.77,24.54,17.37,33.22,Irrigated,Lateritic,2023-10-17,2024-01-25,821.337,17.179,Potato,SYNTHETIC_AI_GENERATED,Prototype only; crop_actual follows an existing project crop-production record and is not independently verified farm-survey ground truth.,20.27,86.16,4.08574728813469,18.45196,82.50103,district_reference_coordinates_used_for_prototype
OBS0000456,DST12,Jagatsinghpur,CRP006,Potato,SEA02,Rabi,2024,20.27,86.16,6.66,60.98,22.63,45.65,28.49,1217.55,22.12,14.63,27.59,Rainfed,Loam,2024-10-21,2025-01-29,819.13,19.275,Potato,SYNTHETIC_AI_GENERATED,Prototype only; crop_actual follows an existing project crop-production record and is not independently verified farm-survey ground truth.,20.27,86.16,4.090677333865381,18.44873,82.49713,district_reference_coordinates_used_for_prototype
OBS0000457,DST12,Jagatsinghpur,CRP008,Rapeseed &Mustard,SEA02,Rabi,2022,20.27,86.16,7.0,79.67,47.54,42.63,33.47,965.66,25.93,17.24,33.47,Rainfed,Sandy loam,2022-10-21,2023-02-13,6387.962,0.851,Rapeseed &Mustard,SYNTHETIC_AI_GENERATED,Prototype only; crop_actual follows an existing project crop-production record and is not independently verified farm-survey ground truth.,20.27,86.16,4.077399616642933,18.46767,82.50257,district_reference_coordinates_used_for_prototype
OBS0000458,DST12,Jagatsinghpur,CRP008,Rapeseed &Mustard,SEA02,Rabi,2023,20.27,86.16,5.67,75.09,15.25,68.34,33.96,552.71,28.23,22.0,34.39,Irrigated,Loam,2023-10-19,2024-02-11,4101.434,0.833,Rapeseed &Mustard,SYNTHETIC_AI_GENERATED,Prototype only; crop_actual follows an existing project crop-production record and is not independently verified farm-survey ground truth.,20.27,86.16,4.091706074206691,18.45476,82.49299,district_reference_coordinates_used_for_prototype
OBS0000459,DST12,Jagatsinghpur,CRP008,Rapeseed &Mustard,SEA02,Rabi,2024,20.27,86.16,6.52,41.72,21.74,59.11,29.85,1651.06,29.07,22.17,36.97,Irrigated,Alluvial,2024-10-18,2025-02-10,4141.088,0.903,Rapeseed &Mustard,SYNTHETIC_AI_GENERATED,Prototype only; crop_actual follows an existing project crop-production record and is not independently verified farm-survey ground truth.,20.27,86.16,4.090213692828289,18.45667,82.49371,district_reference_coordinates_used_for_prototype
OBS0000460,DST12,Jagatsinghpur,CRP011,Sugarcane,SEA03,Annual,2022,20.27,86.16,7.26,63.83,35.7,53.18,30.37,877.14,26.88,20.3,33.97,Irrigated,Red,2022-02-13,2022-12-10,6084.562,71.782,Sugarcane,SYNTHETIC_AI_GENERATED,Prototype only; crop_actual follows an existing project crop-production record and is not independently verified farm-survey ground truth.,20.27,86.16,4.085233925554326,18.44452,82.50531,district_reference_coordinates_used_for_prototype
OBS0000461,DST12,Jagatsinghpur,CRP011,Sugarcane,SEA03,Annual,2023,20.27,86.16,6.68,73.13,25.17,51.2,31.49,1210.92,28.74,21.54,36.17,Irrigated,Sandy loam,2023-02-22,2023-12-19,9582.657,77.7,Sugarcane,SYNTHETIC_AI_GENERATED,Prototype only; crop_actual follows an existing project crop-production record and is not independently verified farm-survey ground truth.,20.27,86.16,4.092659368674601,18.45546,82.49158,district_reference_coordinates_used_for_prototype
OBS0000462,DST12,Jagatsinghpur,CRP011,Sugarcane,SEA03,Annual,2024,20.27,86.16,6.45,63.44,27.73,63.88,28.97,1564.65,26.87,18.32,33.1,Rainfed,Lateritic,2024-02-13,2024-12-09,9536.069,80.216,Sugarcane,SYNTHETIC_AI_GENERATED,Prototype only; crop_actual follows an existing project crop-production record and is not independently verified farm-survey ground truth.,20.27,86.16,4.097984440209599,18.43961,82.49351,district_reference_coordinates_used_for_prototype
OBS0000463,DST12,Jagatsinghpur,CRP003,Jute,SEA01,Kharif,2022,20.27,86.16,7.19,32.82,32.98,34.57,25.23,1089.88,24.36,16.48,31.24,Rainfed,Lateritic,2022-06-02,2022-09-30,2332.27,2.677,Jute,SYNTHETIC_AI_GENERATED,Prototype only; crop_actual follows an existing project crop-production record and is not independently verified farm-survey ground truth.,20.27,86.16,4.083931184202298,18.45262,82.50273,district_reference_coordinates_used_for_prototype
OBS0000464,DST12,Jagatsinghpur,CRP003,Jute,SEA01,Kharif,2023,20.27,86.16,6.62,70.83,41.41,37.62,28.43,945.04,28.72,23.52,36.44,Rainfed,Red,2023-06-15,2023-10-13,3317.912,2.993,Jute,SYNTHETIC_AI_GENERATED,Prototype only; crop_actual follows an existing project crop-production record and is not independently verified farm-survey ground truth.,20.27,86.16,4.076363996038626,18.45739,82.50881,district_reference_coordinates_used_for_prototype
OBS0000465,DST12,Jagatsinghpur,CRP003,Jute,SEA01,Kharif,2024,20.27,86.16,5.9,46.4,31.32,69.46,22.44,1175.66,23.1,15.93,28.69,Irrigated,Alluvial,2024-06-18,2024-10-16,3308.837,3.021,Jute,SYNTHETIC_AI_GENERATED,Prototype only; crop_actual follows an existing project crop-production record and is not independently verified farm-survey ground truth.,20.27,86.16,4.087872187825828,18.44132,82.50396,district_reference_coordinates_used_for_prototype
OBS0000466,DST12,Jagatsinghpur,CRP013,Wheat,SEA99,Unknown,2022,20.27,86.16,6.33,31.47,36.91,48.28,23.42,1410.51,29.68,21.34,34.72,Rainfed,Red,2022-06-05,2022-09-13,3998.781,2.415,Wheat,SYNTHETIC_AI_GENERATED,Prototype only; crop_actual follows an existing project crop-production record and is not independently verified farm-survey ground truth.,20.27,86.16,4.079151833028525,18.46112,82.50385,district_reference_coordinates_used_for_prototype
OBS0000467,DST12,Jagatsinghpur,CRP013,Wheat,SEA99,Unknown,2023,20.27,86.16,6.52,60.45,40.74,62.43,37.79,1093.09,26.33,20.52,31.9,Irrigated,Red,2023-06-14,2023-09-22,2978.067,2.621,Wheat,SYNTHETIC_AI_GENERATED,Prototype only; crop_actual follows an existing project crop-production record and is not independently verified farm-survey ground truth.,20.27,86.16,4.094192113176904,18.45136,82.4919,district_reference_coordinates_used_for_prototype
OBS0000468,DST12,Jagatsinghpur,CRP013,Wheat,SEA99,Unknown,2024,20.27,86.16,6.94,46.15,40.16,34.74,36.61,1329.32,27.74,21.89,34.24,Rainfed,Loam,2024-06-07,2024-09-15,2833.408,2.528,Wheat,SYNTHETIC_AI_GENERATED,Prototype only; crop_actual follows an existing project crop-production record and is not independently verified farm-survey ground truth.,20.27,86.16,4.083410410588182,18.45007,82.50458,district_reference_coordinates_used_for_prototype
OBS0000469,DST13,Jajpur,CRP001,Groundnut,SEA01,Kharif,2022,20.84,86.33,6.25,33.05,45.85,52.86,42.84,785.56,24.79,19.5,33.3,Irrigated,Red,2022-06-20,2022-10-08,491.962,1.19,Groundnut,SYNTHETIC_AI_GENERATED,Prototype only; crop_actual follows an existing project crop-production record and is not independently verified farm-survey ground truth.,20.84,86.33,3.8560751735410927,18.90488,82.99464,district_reference_coordinates_used_for_prototype
OBS0000470,DST13,Jajpur,CRP001,Groundnut,SEA01,Kharif,2023,20.84,86.33,6.86,64.97,49.76,39.58,20.46,1165.37,26.26,19.05,34.4,Rainfed,Sandy loam,2023-06-15,2023-10-03,596.599,1.312,Groundnut,SYNTHETIC_AI_GENERATED,Prototype only; crop_actual follows an existing project crop-production record and is not independently verified farm-survey ground truth.,20.84,86.33,3.8497157526238177,18.90068,83.00444,district_reference_coordinates_used_for_prototype
OBS0000471,DST13,Jajpur,CRP001,Groundnut,SEA01,Kharif,2024,20.84,86.33,7.04,73.0,35.53,51.74,37.79,1094.03,23.28,15.68,30.39,Irrigated,Loam,2024-06-02,2024-09-20,508.622,1.203,Groundnut,SYNTHETIC_AI_GENERATED,Prototype only; crop_actual follows an existing project crop-production record and is not independently verified farm-survey ground truth.,20.84,86.33,3.849389236879009,18.92267,82.99209,district_reference_coordinates_used_for_prototype
OBS0000472,DST13,Jajpur,CRP004,Maize,SEA01,Kharif,2022,20.84,86.33,5.99,31.36,47.06,52.3,38.56,1183.24,29.52,22.04,36.33,Irrigated,Loam,2022-06-03,2022-09-11,11215.396,3.247,Maize,SYNTHETIC_AI_GENERATED,Prototype only; crop_actual follows an existing project crop-production record and is not independently verified farm-survey ground truth.,20.84,86.33,3.847407124623018,18.89651,83.00955,district_reference_coordinates_used_for_prototype
OBS0000473,DST13,Jajpur,CRP004,Maize,SEA01,Kharif,2023,20.84,86.33,7.28,39.86,39.13,31.05,21.34,1023.54,22.85,14.97,29.2,Irrigated,Lateritic,2023-06-19,2023-09-27,11700.687,3.439,Maize,SYNTHETIC_AI_GENERATED,Prototype only; crop_actual follows an existing project crop-production record and is not independently verified farm-survey ground truth.,20.84,86.33,3.8653608846393626,18.88593,82.99494,district_reference_coordinates_used_for_prototype
OBS0000474,DST13,Jajpur,CRP004,Maize,SEA01,Kharif,2024,20.84,86.33,5.59,62.26,49.57,33.11,28.65,1004.6,24.83,15.98,30.63,Rainfed,Red,2024-06-18,2024-09-26,11905.614,3.055,Maize,SYNTHETIC_AI_GENERATED,Prototype only; crop_actual follows an existing project crop-production record and is not independently verified farm-survey ground truth.,20.84,86.33,3.836291258520393,18.89911,83.02091,district_reference_coordinates_used_for_prototype
OBS0000475,DST13,Jajpur,CRP005,Moong(Green Gram),SEA02,Rabi,2022,20.84,86.33,6.49,38.79,42.01,24.35,24.5,955.81,25.18,18.12,32.7,Irrigated,Loam,2022-10-10,2022-12-19,1372.904,0.718,Moong(Green Gram),SYNTHETIC_AI_GENERATED,Prototype only; crop_actual follows an existing project crop-production record and is not independently verified farm-survey ground truth.,20.84,86.33,3.8732122473858777,18.88597,82.98582,district_reference_coordinates_used_for_prototype
OBS0000476,DST13,Jajpur,CRP005,Moong(Green Gram),SEA02,Rabi,2023,20.84,86.33,5.64,34.46,28.51,23.4,24.22,1165.67,26.14,18.18,31.28,Rainfed,Loam,2023-10-20,2023-12-29,1292.817,0.62,Moong(Green Gram),SYNTHETIC_AI_GENERATED,Prototype only; crop_actual follows an existing project crop-production record and is not independently verified farm-survey ground truth.,20.84,86.33,3.872690694039481,18.88466,82.98719,district_reference_coordinates_used_for_prototype
OBS0000477,DST13,Jajpur,CRP005,Moong(Green Gram),SEA02,Rabi,2024,20.84,86.33,7.21,70.1,24.85,51.58,27.16,1392.06,30.21,23.64,37.25,Irrigated,Lateritic,2024-10-24,2025-01-02,1001.954,0.658,Moong(Green Gram),SYNTHETIC_AI_GENERATED,Prototype only; crop_actual follows an existing project crop-production record and is not independently verified farm-survey ground truth.,20.84,86.33,3.86050841110339,18.89649,82.99439,district_reference_coordinates_used_for_prototype
OBS0000478,DST13,Jajpur,CRP007,Ragi,SEA01,Kharif,2022,20.84,86.33,5.68,59.37,44.36,43.13,30.3,1522.49,27.49,20.27,34.15,Rainfed,Red,2022-06-05,2022-09-23,6350.469,0.797,Ragi,SYNTHETIC_AI_GENERATED,Prototype only; crop_actual follows an existing project crop-production record and is not independently verified farm-survey ground truth.,20.84,86.33,3.8336757910391994,18.90992,83.01762,district_reference_coordinates_used_for_prototype
OBS0000479,DST13,Jajpur,CRP007,Ragi,SEA01,Kharif,2023,20.84,86.33,6.06,37.16,24.61,22.85,27.96,894.86,24.57,17.35,32.04,Irrigated,Red,2023-06-05,2023-09-23,6155.006,0.654,Ragi,SYNTHETIC_AI_GENERATED,Prototype only; crop_actual follows an existing project crop-production record and is not independently verified farm-survey ground truth.,20.84,86.33,3.846630093328447,18.90293,83.0067,district_reference_coordinates_used_for_prototype
OBS0000480,DST13,Jajpur,CRP007,Ragi,SEA01,Kharif,2024,20.84,86.33,6.41,42.83,33.37,28.94,21.91,824.52,24.78,17.45,32.53,Rainfed,Alluvial,2024-06-05,2024-09-23,8779.794,0.885,Ragi,SYNTHETIC_AI_GENERATED,Prototype only; crop_actual follows an existing project crop-production record and is not independently verified farm-survey ground truth.,20.84,86.33,3.846512843862599,18.89758,83.00996,district_reference_coordinates_used_for_prototype
OBS0000481,DST13,Jajpur,CRP009,Rice,SEA01,Kharif,2022,20.84,86.33,7.23,76.41,26.13,30.16,26.19,1292.79,25.58,18.89,32.68,Rainfed,Red,2022-06-19,2022-10-17,19156.307,4.41,Rice,SYNTHETIC_AI_GENERATED,Prototype only; crop_actual follows an existing project crop-production record and is not independently verified farm-survey ground truth.,20.84,86.33,3.8441982093149187,18.90577,83.00786,district_reference_coordinates_used_for_prototype
OBS0000482,DST13,Jajpur,CRP009,Rice,SEA01,Kharif,2023,20.84,86.33,6.2,67.99,46.28,33.89,35.36,1153.29,28.82,21.16,35.39,Rainfed,Sandy loam,2023-06-21,2023-10-19,20256.902,3.543,Rice,SYNTHETIC_AI_GENERATED,Prototype only; crop_actual follows an existing project crop-production record and is not independently verified farm-survey ground truth.,20.84,86.33,3.8596664943100962,18.88733,83.00072,district_reference_coordinates_used_for_prototype
OBS0000483,DST13,Jajpur,CRP009,Rice,SEA01,Kharif,2024,20.84,86.33,6.29,66.2,25.44,40.35,39.19,589.5,26.95,21.2,32.02,Irrigated,Loam,2024-06-20,2024-10-18,22669.255,3.549,Rice,SYNTHETIC_AI_GENERATED,Prototype only; crop_actual follows an existing project crop-production record and is not independently verified farm-survey ground truth.,20.84,86.33,3.860723059428113,18.9011,82.99146,district_reference_coordinates_used_for_prototype
OBS0000484,DST13,Jajpur,CRP010,Sesamum,SEA01,Kharif,2022,20.84,86.33,6.13,41.2,24.71,63.18,39.04,1162.65,25.94,19.25,33.61,Rainfed,Loam,2022-06-12,2022-09-20,1666.698,0.5,Sesamum,SYNTHETIC_AI_GENERATED,Prototype only; crop_actual follows an existing project crop-production record and is not independently verified farm-survey ground truth.,20.84,86.33,3.8621962842015183,18.90199,82.98924,district_reference_coordinates_used_for_prototype
OBS0000485,DST13,Jajpur,CRP010,Sesamum,SEA01,Kharif,2023,20.84,86.33,6.24,70.32,16.6,24.71,24.16,1082.44,26.6,19.54,34.05,Irrigated,Red,2023-06-24,2023-10-02,1394.171,0.481,Sesamum,SYNTHETIC_AI_GENERATED,Prototype only; crop_actual follows an existing project crop-production record and is not independently verified farm-survey ground truth.,20.84,86.33,3.8638526175826153,18.8957,82.99098,district_reference_coordinates_used_for_prototype
OBS0000486,DST13,Jajpur,CRP010,Sesamum,SEA01,Kharif,2024,20.84,86.33,5.67,69.62,46.79,59.06,21.5,1303.43,29.13,21.06,35.95,Rainfed,Loam,2024-06-23,2024-10-01,1866.225,0.415,Sesamum,SYNTHETIC_AI_GENERATED,Prototype only; crop_actual follows an existing project crop-production record and is not independently verified farm-survey ground truth.,20.84,86.33,3.8477811631250485,18.90712,83.00293,district_reference_coordinates_used_for_prototype
OBS0000487,DST13,Jajpur,CRP012,Urad,SEA02,Rabi,2022,20.84,86.33,5.6,31.11,49.22,33.12,27.48,1197.58,27.19,18.62,32.85,Rainfed,Sandy loam,2022-10-17,2023-01-05,6149.083,0.692,Urad,SYNTHETIC_AI_GENERATED,Prototype only; crop_actual follows an existing project crop-production record and is not independently verified farm-survey ground truth.,20.84,86.33,3.8571226076053087,18.90226,82.99495,district_reference_coordinates_used_for_prototype
OBS0000488,DST13,Jajpur,CRP012,Urad,SEA02,Rabi,2023,20.84,86.33,7.22,60.38,32.99,29.84,22.27,1063.45,27.1,20.72,35.09,Rainfed,Sandy loam,2023-10-08,2023-12-27,5661.242,0.668,Urad,SYNTHETIC_AI_GENERATED,Prototype only; crop_actual follows an existing project crop-production record and is not independently verified farm-survey ground truth.,20.84,86.33,3.8542916159782132,18.88839,83.00633,district_reference_coordinates_used_for_prototype
OBS0000489,DST13,Jajpur,CRP012,Urad,SEA02,Rabi,2024,20.84,86.33,5.9,32.39,18.53,43.64,33.46,1543.78,27.13,18.76,33.82,Irrigated,Lateritic,2024-10-15,2025-01-03,4610.93,0.594,Urad,SYNTHETIC_AI_GENERATED,Prototype only; crop_actual follows an existing project crop-production record and is not independently verified farm-survey ground truth.,20.84,86.33,3.845168132877935,18.91074,83.00385,district_reference_coordinates_used_for_prototype
OBS0000490,DST13,Jajpur,CRP002,Horse Gram,SEA99,Unknown,2022,20.84,86.33,6.24,51.33,29.9,30.05,39.76,1319.69,26.62,19.25,32.79,Irrigated,Loam,2022-06-09,2022-09-17,1794.928,0.777,Horse Gram,SYNTHETIC_AI_GENERATED,Prototype only; crop_actual follows an existing project crop-production record and is not independently verified farm-survey ground truth.,20.84,86.33,3.870876276116301,18.89919,82.98083,district_reference_coordinates_used_for_prototype
OBS0000491,DST13,Jajpur,CRP002,Horse Gram,SEA99,Unknown,2023,20.84,86.33,6.06,36.11,40.85,27.13,40.39,1110.49,27.79,21.52,33.67,Rainfed,Sandy loam,2023-06-17,2023-09-25,1715.497,0.87,Horse Gram,SYNTHETIC_AI_GENERATED,Prototype only; crop_actual follows an existing project crop-production record and is not independently verified farm-survey ground truth.,20.84,86.33,3.8712364643095625,18.88785,82.98701,district_reference_coordinates_used_for_prototype
OBS0000492,DST13,Jajpur,CRP002,Horse Gram,SEA99,Unknown,2024,20.84,86.33,6.87,69.44,44.12,36.65,32.27,922.32,28.07,21.21,33.35,Irrigated,Loam,2024-06-01,2024-09-09,1327.07,0.936,Horse Gram,SYNTHETIC_AI_GENERATED,Prototype only; crop_actual follows an existing project crop-production record and is not independently verified farm-survey ground truth.,20.84,86.33,3.8379876205767003,18.90219,83.01714,district_reference_coordinates_used_for_prototype
OBS0000493,DST13,Jajpur,CRP006,Potato,SEA02,Rabi,2022,20.84,86.33,6.87,44.66,44.69,28.26,25.82,1369.68,26.43,19.28,33.94,Rainfed,Lateritic,2022-10-13,2023-01-21,6284.394,19.761,Potato,SYNTHETIC_AI_GENERATED,Prototype only; crop_actual follows an existing project crop-production record and is not independently verified farm-survey ground truth.,20.84,86.33,3.8532084558326205,18.90315,82.99896,district_reference_coordinates_used_for_prototype
OBS0000494,DST13,Jajpur,CRP006,Potato,SEA02,Rabi,2023,20.84,86.33,5.58,45.13,21.61,52.0,33.07,1301.25,24.32,17.71,32.59,Irrigated,Red,2023-10-03,2024-01-11,4515.169,15.444,Potato,SYNTHETIC_AI_GENERATED,Prototype only; crop_actual follows an existing project crop-production record and is not independently verified farm-survey ground truth.,20.84,86.33,3.8494971520446666,18.90806,83.0004,district_reference_coordinates_used_for_prototype
OBS0000495,DST13,Jajpur,CRP006,Potato,SEA02,Rabi,2024,20.84,86.33,6.81,31.07,24.09,33.58,41.3,1195.13,31.53,23.92,37.25,Rainfed,Sandy loam,2024-10-12,2025-01-20,5822.184,20.323,Potato,SYNTHETIC_AI_GENERATED,Prototype only; crop_actual follows an existing project crop-production record and is not independently verified farm-survey ground truth.,20.84,86.33,3.846296076604085,18.90617,83.0052,district_reference_coordinates_used_for_prototype
OBS0000496,DST13,Jajpur,CRP008,Rapeseed &Mustard,SEA02,Rabi,2022,20.84,86.33,6.7,52.14,32.28,31.47,40.92,851.11,27.12,21.36,32.43,Irrigated,Alluvial,2022-10-24,2023-02-16,2890.575,0.981,Rapeseed &Mustard,SYNTHETIC_AI_GENERATED,Prototype only; crop_actual follows an existing project crop-production record and is not independently verified farm-survey ground truth.,20.84,86.33,3.8667928134954423,18.8906,82.99055,district_reference_coordinates_used_for_prototype
OBS0000497,DST13,Jajpur,CRP008,Rapeseed &Mustard,SEA02,Rabi,2023,20.84,86.33,7.2,78.9,46.24,35.31,34.01,1143.82,29.46,20.71,37.46,Rainfed,Alluvial,2023-10-20,2024-02-12,3815.769,0.919,Rapeseed &Mustard,SYNTHETIC_AI_GENERATED,Prototype only; crop_actual follows an existing project crop-production record and is not independently verified farm-survey ground truth.,20.84,86.33,3.8415891101990574,18.9351,82.99396,district_reference_coordinates_used_for_prototype
OBS0000498,DST13,Jajpur,CRP008,Rapeseed &Mustard,SEA02,Rabi,2024,20.84,86.33,6.5,62.96,36.51,42.29,25.14,1169.69,24.75,19.14,30.44,Rainfed,Red,2024-10-15,2025-02-07,3429.144,0.946,Rapeseed &Mustard,SYNTHETIC_AI_GENERATED,Prototype only; crop_actual follows an existing project crop-production record and is not independently verified farm-survey ground truth.,20.84,86.33,3.858697506801997,18.89121,82.99957,district_reference_coordinates_used_for_prototype
OBS0000499,DST13,Jajpur,CRP011,Sugarcane,SEA03,Annual,2022,20.84,86.33,6.6,35.23,20.59,69.33,39.79,1426.08,24.53,18.24,32.46,Rainfed,Loam,2022-02-14,2022-12-11,1393.034,60.155,Sugarcane,SYNTHETIC_AI_GENERATED,Prototype only; crop_actual follows an existing project crop-production record and is not independently verified farm-survey ground truth.,20.84,86.33,3.866841131737898,18.87466,82.99985,district_reference_coordinates_used_for_prototype
OBS0000500,DST13,Jajpur,CRP011,Sugarcane,SEA03,Annual,2023,20.84,86.33,6.68,39.03,37.95,57.47,33.87,1054.14,28.0,21.12,33.01,Rainfed,Loam,2023-02-02,2023-11-29,1533.825,61.096,Sugarcane,SYNTHETIC_AI_GENERATED,Prototype only; crop_actual follows an existing project crop-production record and is not independently verified farm-survey ground truth.,20.84,86.33,3.84818589453524,18.90542,83.00345,district_reference_coordinates_used_for_prototype
OBS0000501,DST13,Jajpur,CRP011,Sugarcane,SEA03,Annual,2024,20.84,86.33,6.04,61.37,48.38,39.24,35.05,1032.18,28.11,21.38,35.04,Rainfed,Lateritic,2024-02-06,2024-12-02,1200.018,75.822,Sugarcane,SYNTHETIC_AI_GENERATED,Prototype only; crop_actual follows an existing project crop-production record and is not independently verified farm-survey ground truth.,20.84,86.33,3.8637731517520586,18.89409,82.99201,district_reference_coordinates_used_for_prototype
OBS0000502,DST13,Jajpur,CRP003,Jute,SEA01,Kharif,2022,20.84,86.33,6.32,60.73,44.14,51.83,35.45,634.63,25.56,19.23,34.44,Irrigated,Red,2022-06-14,2022-10-12,4539.585,1.806,Jute,SYNTHETIC_AI_GENERATED,Prototype only; crop_actual follows an existing project crop-production record and is not independently verified farm-survey ground truth.,20.84,86.33,3.8460430640464716,18.90029,83.00892,district_reference_coordinates_used_for_prototype
OBS0000503,DST13,Jajpur,CRP003,Jute,SEA01,Kharif,2023,20.84,86.33,6.86,71.27,36.75,48.9,28.32,976.05,26.0,19.25,34.68,Rainfed,Sandy loam,2023-06-16,2023-10-14,3880.059,1.507,Jute,SYNTHETIC_AI_GENERATED,Prototype only; crop_actual follows an existing project crop-production record and is not independently verified farm-survey ground truth.,20.84,86.33,3.8571465322048577,18.9039,82.99397,district_reference_coordinates_used_for_prototype
OBS0000504,DST13,Jajpur,CRP003,Jute,SEA01,Kharif,2024,20.84,86.33,5.73,77.13,39.03,27.34,42.07,1181.89,26.81,18.18,32.39,Rainfed,Lateritic,2024-06-12,2024-10-10,3050.571,1.639,Jute,SYNTHETIC_AI_GENERATED,Prototype only; crop_actual follows an existing project crop-production record and is not independently verified farm-survey ground truth.,20.84,86.33,3.8433890820472443,18.90786,83.00758,district_reference_coordinates_used_for_prototype
OBS0000505,DST13,Jajpur,CRP013,Wheat,SEA99,Unknown,2022,20.84,86.33,5.67,45.41,46.07,67.73,22.57,1152.63,28.03,20.76,34.87,Irrigated,Red,2022-06-18,2022-09-26,1484.638,2.997,Wheat,SYNTHETIC_AI_GENERATED,Prototype only; crop_actual follows an existing project crop-production record and is not independently verified farm-survey ground truth.,20.84,86.33,3.866941533473196,18.90428,82.98243,district_reference_coordinates_used_for_prototype
OBS0000506,DST13,Jajpur,CRP013,Wheat,SEA99,Unknown,2023,20.84,86.33,6.28,48.44,32.67,27.51,35.62,846.32,29.94,22.45,37.08,Rainfed,Red,2023-06-01,2023-09-09,1396.736,2.842,Wheat,SYNTHETIC_AI_GENERATED,Prototype only; crop_actual follows an existing project crop-production record and is not independently verified farm-survey ground truth.,20.84,86.33,3.8474705551050032,18.90332,83.0055,district_reference_coordinates_used_for_prototype
OBS0000507,DST13,Jajpur,CRP013,Wheat,SEA99,Unknown,2024,20.84,86.33,6.03,47.67,24.95,69.0,27.9,1034.23,28.63,20.83,35.05,Rainfed,Red,2024-06-11,2024-09-19,1523.775,2.033,Wheat,SYNTHETIC_AI_GENERATED,Prototype only; crop_actual follows an existing project crop-production record and is not independently verified farm-survey ground truth.,20.84,86.33,3.8600569972216707,18.88603,83.00103,district_reference_coordinates_used_for_prototype
OBS0000508,DST14,Jharsuguda,CRP001,Groundnut,SEA01,Kharif,2022,21.86,84.01,7.25,41.19,27.84,45.08,34.25,988.24,24.7,19.37,33.32,Rainfed,Sandy loam,2022-06-11,2022-09-29,6556.58,1.701,Groundnut,SYNTHETIC_AI_GENERATED,Prototype only; crop_actual follows an existing project crop-production record and is not independently verified farm-survey ground truth.,21.86,84.01,2.551490391908227,19.35958,83.50206,district_reference_coordinates_used_for_prototype
OBS0000509,DST14,Jharsuguda,CRP001,Groundnut,SEA01,Kharif,2023,21.86,84.01,6.22,54.4,44.98,33.42,40.45,1101.14,24.55,18.94,31.05,Irrigated,Sandy loam,2023-06-17,2023-10-05,6797.566,1.833,Groundnut,SYNTHETIC_AI_GENERATED,Prototype only; crop_actual follows an existing project crop-production record and is not independently verified farm-survey ground truth.,21.86,84.01,2.5602036181913337,19.35115,83.49979,district_reference_coordinates_used_for_prototype
OBS0000510,DST14,Jharsuguda,CRP001,Groundnut,SEA01,Kharif,2024,21.86,84.01,7.28,76.5,38.12,51.82,25.43,1126.48,25.86,18.34,32.4,Rainfed,Loam,2024-06-10,2024-09-28,5660.125,1.787,Groundnut,SYNTHETIC_AI_GENERATED,Prototype only; crop_actual follows an existing project crop-production record and is not independently verified farm-survey ground truth.,21.86,84.01,2.560507973547438,19.35099,83.49905,district_reference_coordinates_used_for_prototype
OBS0000511,DST14,Jharsuguda,CRP004,Maize,SEA01,Kharif,2022,21.86,84.01,6.25,65.32,42.27,61.7,23.65,1372.98,27.48,21.34,35.48,Rainfed,Red,2022-06-08,2022-09-16,10897.439,4.435,Maize,SYNTHETIC_AI_GENERATED,Prototype only; crop_actual follows an existing project crop-production record and is not independently verified farm-survey ground truth.,21.86,84.01,2.5720418673497503,19.34607,83.46635,district_reference_coordinates_used_for_prototype
OBS0000512,DST14,Jharsuguda,CRP004,Maize,SEA01,Kharif,2023,21.86,84.01,5.9,60.46,40.86,38.97,26.54,1152.11,27.73,20.93,33.49,Rainfed,Red,2023-06-21,2023-09-29,10758.247,3.769,Maize,SYNTHETIC_AI_GENERATED,Prototype only; crop_actual follows an existing project crop-production record and is not independently verified farm-survey ground truth.,21.86,84.01,2.557789463130223,19.35084,83.51361,district_reference_coordinates_used_for_prototype
OBS0000513,DST14,Jharsuguda,CRP004,Maize,SEA01,Kharif,2024,21.86,84.01,7.25,73.82,35.46,66.07,31.32,1125.31,22.68,14.92,29.56,Irrigated,Red,2024-06-03,2024-09-11,8212.772,4.661,Maize,SYNTHETIC_AI_GENERATED,Prototype only; crop_actual follows an existing project crop-production record and is not independently verified farm-survey ground truth.,21.86,84.01,2.5527103629279986,19.35921,83.49777,district_reference_coordinates_used_for_prototype
OBS0000514,DST14,Jharsuguda,CRP005,Moong(Green Gram),SEA02,Rabi,2022,21.86,84.01,6.9,63.04,22.21,61.51,34.26,874.62,28.5,19.55,34.74,Rainfed,Alluvial,2022-10-18,2022-12-27,5601.02,0.592,Moong(Green Gram),SYNTHETIC_AI_GENERATED,Prototype only; crop_actual follows an existing project crop-production record and is not independently verified farm-survey ground truth.,21.86,84.01,2.577716541146449,19.33384,83.49703,district_reference_coordinates_used_for_prototype
OBS0000515,DST14,Jharsuguda,CRP005,Moong(Green Gram),SEA02,Rabi,2023,21.86,84.01,7.28,73.14,30.18,22.77,22.83,1518.06,26.19,17.73,34.44,Rainfed,Red,2023-10-02,2023-12-11,4882.112,0.588,Moong(Green Gram),SYNTHETIC_AI_GENERATED,Prototype only; crop_actual follows an existing project crop-production record and is not independently verified farm-survey ground truth.,21.86,84.01,2.5555399221690913,19.35513,83.50363,district_reference_coordinates_used_for_prototype
OBS0000516,DST14,Jharsuguda,CRP005,Moong(Green Gram),SEA02,Rabi,2024,21.86,84.01,6.24,36.3,40.91,65.71,34.49,648.85,25.06,17.25,32.7,Irrigated,Loam,2024-10-02,2024-12-11,4120.915,0.523,Moong(Green Gram),SYNTHETIC_AI_GENERATED,Prototype only; crop_actual follows an existing project crop-production record and is not independently verified farm-survey ground truth.,21.86,84.01,2.5435567907361527,19.37001,83.49074,district_reference_coordinates_used_for_prototype
OBS0000517,DST14,Jharsuguda,CRP007,Ragi,SEA01,Kharif,2022,21.86,84.01,6.17,57.58,40.26,69.65,31.79,1573.81,27.07,21.3,35.54,Irrigated,Sandy loam,2022-06-15,2022-10-03,9200.96,0.994,Ragi,SYNTHETIC_AI_GENERATED,Prototype only; crop_actual follows an existing project crop-production record and is not independently verified farm-survey ground truth.,21.86,84.01,2.565518658770581,19.34307,83.51306,district_reference_coordinates_used_for_prototype
OBS0000518,DST14,Jharsuguda,CRP007,Ragi,SEA01,Kharif,2023,21.86,84.01,6.9,61.65,38.41,44.8,37.78,1166.02,27.65,22.06,35.64,Rainfed,Loam,2023-06-02,2023-09-20,7367.37,1.4,Ragi,SYNTHETIC_AI_GENERATED,Prototype only; crop_actual follows an existing project crop-production record and is not independently verified farm-survey ground truth.,21.86,84.01,2.5745275593786126,19.33752,83.49494,district_reference_coordinates_used_for_prototype
OBS0000519,DST14,Jharsuguda,CRP007,Ragi,SEA01,Kharif,2024,21.86,84.01,7.29,33.21,46.97,69.37,37.36,1409.09,26.79,21.1,35.7,Rainfed,Lateritic,2024-06-08,2024-09-26,7920.597,1.253,Ragi,SYNTHETIC_AI_GENERATED,Prototype only; crop_actual follows an existing project crop-production record and is not independently verified farm-survey ground truth.,21.86,84.01,2.5661090733637972,19.34608,83.4951,district_reference_coordinates_used_for_prototype
OBS0000520,DST14,Jharsuguda,CRP009,Rice,SEA01,Kharif,2022,21.86,84.01,6.63,40.19,27.94,20.52,26.37,724.97,27.07,18.75,35.92,Rainfed,Red,2022-06-16,2022-10-14,48977.488,2.985,Rice,SYNTHETIC_AI_GENERATED,Prototype only; crop_actual follows an existing project crop-production record and is not independently verified farm-survey ground truth.,21.86,84.01,2.549954962994446,19.35963,83.50958,district_reference_coordinates_used_for_prototype
OBS0000521,DST14,Jharsuguda,CRP009,Rice,SEA01,Kharif,2023,21.86,84.01,5.77,39.54,26.44,28.0,24.43,1177.63,26.81,19.41,33.77,Rainfed,Red,2023-06-17,2023-10-15,32270.12,3.41,Rice,SYNTHETIC_AI_GENERATED,Prototype only; crop_actual follows an existing project crop-production record and is not independently verified farm-survey ground truth.,21.86,84.01,2.5624773619292722,19.34948,83.4966,district_reference_coordinates_used_for_prototype
OBS0000522,DST14,Jharsuguda,CRP009,Rice,SEA01,Kharif,2024,21.86,84.01,6.96,70.94,16.93,67.88,23.83,910.8,27.76,21.44,35.2,Irrigated,Loam,2024-06-17,2024-10-15,33137.563,3.465,Rice,SYNTHETIC_AI_GENERATED,Prototype only; crop_actual follows an existing project crop-production record and is not independently verified farm-survey ground truth.,21.86,84.01,2.5583036623903754,19.35127,83.50881,district_reference_coordinates_used_for_prototype
OBS0000523,DST14,Jharsuguda,CRP010,Sesamum,SEA01,Kharif,2022,21.86,84.01,6.7,58.76,42.47,20.29,38.48,1084.35,24.43,18.5,31.25,Rainfed,Red,2022-06-21,2022-09-29,1724.258,0.575,Sesamum,SYNTHETIC_AI_GENERATED,Prototype only; crop_actual follows an existing project crop-production record and is not independently verified farm-survey ground truth.,21.86,84.01,2.569764998458029,19.33873,83.51312,district_reference_coordinates_used_for_prototype
OBS0000524,DST14,Jharsuguda,CRP010,Sesamum,SEA01,Kharif,2023,21.86,84.01,6.41,52.88,42.99,30.2,33.46,1307.73,31.68,22.92,38.26,Rainfed,Alluvial,2023-06-07,2023-09-15,1488.373,0.539,Sesamum,SYNTHETIC_AI_GENERATED,Prototype only; crop_actual follows an existing project crop-production record and is not independently verified farm-survey ground truth.,21.86,84.01,2.5658129055915215,19.34396,83.50707,district_reference_coordinates_used_for_prototype
OBS0000525,DST14,Jharsuguda,CRP010,Sesamum,SEA01,Kharif,2024,21.86,84.01,6.1,42.41,18.49,21.99,26.2,1324.64,25.92,17.1,33.14,Irrigated,Lateritic,2024-06-22,2024-09-30,1333.107,0.596,Sesamum,SYNTHETIC_AI_GENERATED,Prototype only; crop_actual follows an existing project crop-production record and is not independently verified farm-survey ground truth.,21.86,84.01,2.5625658607926547,19.3485,83.50097,district_reference_coordinates_used_for_prototype
OBS0000526,DST14,Jharsuguda,CRP012,Urad,SEA02,Rabi,2022,21.86,84.01,7.05,39.76,38.42,24.65,29.05,1001.31,28.46,19.46,36.48,Rainfed,Alluvial,2022-10-06,2022-12-25,2574.529,1.106,Urad,SYNTHETIC_AI_GENERATED,Prototype only; crop_actual follows an existing project crop-production record and is not independently verified farm-survey ground truth.,21.86,84.01,2.5477821741467643,19.36538,83.49225,district_reference_coordinates_used_for_prototype
OBS0000527,DST14,Jharsuguda,CRP012,Urad,SEA02,Rabi,2023,21.86,84.01,6.95,31.07,41.12,44.79,33.3,1119.54,29.13,20.87,35.08,Rainfed,Lateritic,2023-10-13,2024-01-01,2070.955,1.333,Urad,SYNTHETIC_AI_GENERATED,Prototype only; crop_actual follows an existing project crop-production record and is not independently verified farm-survey ground truth.,21.86,84.01,2.5696835218368834,19.34618,83.4771,district_reference_coordinates_used_for_prototype
OBS0000528,DST14,Jharsuguda,CRP012,Urad,SEA02,Rabi,2024,21.86,84.01,6.34,61.55,29.05,45.19,33.13,825.46,25.85,18.69,32.92,Rainfed,Alluvial,2024-10-10,2024-12-29,2624.271,1.142,Urad,SYNTHETIC_AI_GENERATED,Prototype only; crop_actual follows an existing project crop-production record and is not independently verified farm-survey ground truth.,21.86,84.01,2.571599083858134,19.34016,83.49665,district_reference_coordinates_used_for_prototype
OBS0000529,DST14,Jharsuguda,CRP002,Horse Gram,SEA99,Unknown,2022,21.86,84.01,5.54,49.83,33.11,33.89,39.64,1127.17,25.25,20.1,30.33,Rainfed,Sandy loam,2022-06-18,2022-09-26,4478.949,0.729,Horse Gram,SYNTHETIC_AI_GENERATED,Prototype only; crop_actual follows an existing project crop-production record and is not independently verified farm-survey ground truth.,21.86,84.01,2.5693209051615176,19.34161,83.50096,district_reference_coordinates_used_for_prototype
OBS0000530,DST14,Jharsuguda,CRP002,Horse Gram,SEA99,Unknown,2023,21.86,84.01,7.13,48.51,43.42,53.74,41.59,901.1,29.26,22.75,34.27,Irrigated,Loam,2023-06-01,2023-09-09,4467.514,0.693,Horse Gram,SYNTHETIC_AI_GENERATED,Prototype only; crop_actual follows an existing project crop-production record and is not independently verified farm-survey ground truth.,21.86,84.01,2.5597901483715426,19.35054,83.50489,district_reference_coordinates_used_for_prototype
OBS0000531,DST14,Jharsuguda,CRP002,Horse Gram,SEA99,Unknown,2024,21.86,84.01,6.91,68.98,26.99,57.53,25.65,1072.62,26.81,19.2,32.36,Irrigated,Red,2024-06-09,2024-09-17,5423.14,0.63,Horse Gram,SYNTHETIC_AI_GENERATED,Prototype only; crop_actual follows an existing project crop-production record and is not independently verified farm-survey ground truth.,21.86,84.01,2.5600038099971667,19.35136,83.49976,district_reference_coordinates_used_for_prototype
OBS0000532,DST14,Jharsuguda,CRP006,Potato,SEA02,Rabi,2022,21.86,84.01,6.62,40.3,17.34,40.84,27.55,1215.59,27.03,21.23,35.46,Rainfed,Lateritic,2022-10-02,2023-01-10,3882.001,14.791,Potato,SYNTHETIC_AI_GENERATED,Prototype only; crop_actual follows an existing project crop-production record and is not independently verified farm-survey ground truth.,21.86,84.01,2.5740772865825123,19.33602,83.50463,district_reference_coordinates_used_for_prototype
OBS0000533,DST14,Jharsuguda,CRP006,Potato,SEA02,Rabi,2023,21.86,84.01,6.54,35.6,39.8,31.85,42.93,1289.41,26.03,20.11,31.21,Irrigated,Lateritic,2023-10-05,2024-01-13,3991.474,15.779,Potato,SYNTHETIC_AI_GENERATED,Prototype only; crop_actual follows an existing project crop-production record and is not independently verified farm-survey ground truth.,21.86,84.01,2.574379149329017,19.33686,83.49893,district_reference_coordinates_used_for_prototype
OBS0000534,DST14,Jharsuguda,CRP006,Potato,SEA02,Rabi,2024,21.86,84.01,6.97,61.07,30.87,28.7,36.25,1246.62,28.08,22.17,33.56,Irrigated,Alluvial,2024-10-04,2025-01-12,3237.325,12.675,Potato,SYNTHETIC_AI_GENERATED,Prototype only; crop_actual follows an existing project crop-production record and is not independently verified farm-survey ground truth.,21.86,84.01,2.5643636594679773,19.34532,83.50766,district_reference_coordinates_used_for_prototype
OBS0000535,DST14,Jharsuguda,CRP008,Rapeseed &Mustard,SEA02,Rabi,2022,21.86,84.01,7.27,53.38,44.98,56.87,29.05,1087.5,26.94,21.16,34.12,Rainfed,Loam,2022-10-19,2023-02-11,6059.917,0.943,Rapeseed &Mustard,SYNTHETIC_AI_GENERATED,Prototype only; crop_actual follows an existing project crop-production record and is not independently verified farm-survey ground truth.,21.86,84.01,2.5541476562642194,19.35752,83.49886,district_reference_coordinates_used_for_prototype
OBS0000536,DST14,Jharsuguda,CRP008,Rapeseed &Mustard,SEA02,Rabi,2023,21.86,84.01,6.05,73.25,23.61,32.05,32.73,659.36,30.08,21.72,38.11,Irrigated,Red,2023-10-23,2024-02-15,5225.878,1.04,Rapeseed &Mustard,SYNTHETIC_AI_GENERATED,Prototype only; crop_actual follows an existing project crop-production record and is not independently verified farm-survey ground truth.,21.86,84.01,2.556528422138116,19.35626,83.49316,district_reference_coordinates_used_for_prototype
OBS0000537,DST14,Jharsuguda,CRP008,Rapeseed &Mustard,SEA02,Rabi,2024,21.86,84.01,5.71,61.66,46.6,31.37,39.06,1143.24,25.1,19.69,32.59,Rainfed,Sandy loam,2024-10-18,2025-02-10,4640.063,1.187,Rapeseed &Mustard,SYNTHETIC_AI_GENERATED,Prototype only; crop_actual follows an existing project crop-production record and is not independently verified farm-survey ground truth.,21.86,84.01,2.565902002532442,19.34129,83.52015,district_reference_coordinates_used_for_prototype
OBS0000538,DST14,Jharsuguda,CRP011,Sugarcane,SEA03,Annual,2022,21.86,84.01,6.84,54.01,35.74,23.13,40.08,1037.04,22.56,15.62,30.92,Irrigated,Lateritic,2022-02-17,2022-12-14,10239.321,69.973,Sugarcane,SYNTHETIC_AI_GENERATED,Prototype only; crop_actual follows an existing project crop-production record and is not independently verified farm-survey ground truth.,21.86,84.01,2.5704875363440323,19.34192,83.49359,district_reference_coordinates_used_for_prototype
OBS0000539,DST14,Jharsuguda,CRP011,Sugarcane,SEA03,Annual,2023,21.86,84.01,6.53,43.81,32.71,46.36,36.84,1150.36,25.96,20.0,33.3,Rainfed,Lateritic,2023-02-22,2023-12-19,8312.353,69.671,Sugarcane,SYNTHETIC_AI_GENERATED,Prototype only; crop_actual follows an existing project crop-production record and is not independently verified farm-survey ground truth.,21.86,84.01,2.5547181861997994,19.35675,83.49978,district_reference_coordinates_used_for_prototype
OBS0000540,DST14,Jharsuguda,CRP011,Sugarcane,SEA03,Annual,2024,21.86,84.01,6.93,49.94,34.73,39.46,40.68,1101.82,24.93,19.07,32.29,Irrigated,Red,2024-02-11,2024-12-07,7359.518,83.831,Sugarcane,SYNTHETIC_AI_GENERATED,Prototype only; crop_actual follows an existing project crop-production record and is not independently verified farm-survey ground truth.,21.86,84.01,2.552907158084679,19.35797,83.50287,district_reference_coordinates_used_for_prototype
OBS0000541,DST14,Jharsuguda,CRP003,Jute,SEA01,Kharif,2022,21.86,84.01,6.58,67.16,38.27,36.29,25.87,1198.33,28.63,20.4,34.14,Irrigated,Lateritic,2022-06-07,2022-10-05,4531.628,1.821,Jute,SYNTHETIC_AI_GENERATED,Prototype only; crop_actual follows an existing project crop-production record and is not independently verified farm-survey ground truth.,21.86,84.01,2.554628573119778,19.35479,83.50995,district_reference_coordinates_used_for_prototype
OBS0000542,DST14,Jharsuguda,CRP003,Jute,SEA01,Kharif,2023,21.86,84.01,5.51,69.88,37.8,53.02,30.59,881.96,25.53,20.18,34.02,Rainfed,Lateritic,2023-06-12,2023-10-10,6134.263,1.631,Jute,SYNTHETIC_AI_GENERATED,Prototype only; crop_actual follows an existing project crop-production record and is not independently verified farm-survey ground truth.,21.86,84.01,2.5555737998343946,19.35192,83.5196,district_reference_coordinates_used_for_prototype
OBS0000543,DST14,Jharsuguda,CRP003,Jute,SEA01,Kharif,2024,21.86,84.01,6.56,73.22,18.09,31.53,21.92,827.38,26.87,19.24,35.56,Rainfed,Red,2024-06-06,2024-10-04,6066.484,1.708,Jute,SYNTHETIC_AI_GENERATED,Prototype only; crop_actual follows an existing project crop-production record and is not independently verified farm-survey ground truth.,21.86,84.01,2.5740743765672334,19.34044,83.48305,district_reference_coordinates_used_for_prototype
OBS0000544,DST14,Jharsuguda,CRP013,Wheat,SEA99,Unknown,2022,21.86,84.01,6.05,30.12,17.51,34.34,36.64,835.45,23.54,16.87,31.13,Irrigated,Sandy loam,2022-06-07,2022-09-15,545.826,2.653,Wheat,SYNTHETIC_AI_GENERATED,Prototype only; crop_actual follows an existing project crop-production record and is not independently verified farm-survey ground truth.,21.86,84.01,2.5534627994548913,19.36021,83.48921,district_reference_coordinates_used_for_prototype
OBS0000545,DST14,Jharsuguda,CRP013,Wheat,SEA99,Unknown,2023,21.86,84.01,6.55,44.58,42.39,22.67,36.46,1012.62,27.6,22.28,33.46,Rainfed,Loam,2023-06-21,2023-09-29,752.304,3.09,Wheat,SYNTHETIC_AI_GENERATED,Prototype only; crop_actual follows an existing project crop-production record and is not independently verified farm-survey ground truth.,21.86,84.01,2.560591719817902,19.34966,83.5052,district_reference_coordinates_used_for_prototype
OBS0000546,DST14,Jharsuguda,CRP013,Wheat,SEA99,Unknown,2024,21.86,84.01,5.54,57.75,32.75,61.03,28.24,1277.0,24.68,16.59,32.56,Rainfed,Alluvial,2024-06-06,2024-09-14,775.067,3.485,Wheat,SYNTHETIC_AI_GENERATED,Prototype only; crop_actual follows an existing project crop-production record and is not independently verified farm-survey ground truth.,21.86,84.01,2.5475270228399927,19.36195,83.51036,district_reference_coordinates_used_for_prototype
OBS0000547,DST15,Kalahandi,CRP001,Groundnut,SEA01,Kharif,2022,19.9,83.16,6.82,56.17,29.23,49.62,42.03,1410.67,29.27,22.8,37.53,Rainfed,Red,2022-06-23,2022-10-11,1872.732,1.697,Groundnut,SYNTHETIC_AI_GENERATED,Prototype only; crop_actual follows an existing project crop-production record and is not independently verified farm-survey ground truth.,19.9,83.16,0.8539980550914665,19.77466,84.00475,district_reference_coordinates_used_for_prototype
OBS0000548,DST15,Kalahandi,CRP001,Groundnut,SEA01,Kharif,2023,19.9,83.16,5.85,38.5,15.88,46.03,28.14,1147.4,24.94,18.46,33.33,Irrigated,Lateritic,2023-06-05,2023-09-23,1861.797,1.668,Groundnut,SYNTHETIC_AI_GENERATED,Prototype only; crop_actual follows an existing project crop-production record and is not independently verified farm-survey ground truth.,19.9,83.16,0.8576102623569853,19.81255,84.01314,district_reference_coordinates_used_for_prototype
OBS0000549,DST15,Kalahandi,CRP001,Groundnut,SEA01,Kharif,2024,19.9,83.16,6.15,72.83,37.95,53.06,40.34,1025.88,28.36,19.64,35.35,Rainfed,Alluvial,2024-06-16,2024-10-04,1358.502,2.063,Groundnut,SYNTHETIC_AI_GENERATED,Prototype only; crop_actual follows an existing project crop-production record and is not independently verified farm-survey ground truth.,19.9,83.16,0.8314595038244523,19.79728,83.98509,district_reference_coordinates_used_for_prototype
OBS0000550,DST15,Kalahandi,CRP004,Maize,SEA01,Kharif,2022,19.9,83.16,6.36,30.14,38.14,59.72,31.5,1127.27,26.8,21.62,34.04,Rainfed,Red,2022-06-14,2022-09-22,5175.094,3.568,Maize,SYNTHETIC_AI_GENERATED,Prototype only; crop_actual follows an existing project crop-production record and is not independently verified farm-survey ground truth.,19.9,83.16,0.8287000910462192,19.7946,83.98197,district_reference_coordinates_used_for_prototype
OBS0000551,DST15,Kalahandi,CRP004,Maize,SEA01,Kharif,2023,19.9,83.16,6.53,54.51,45.58,69.87,18.61,893.93,28.21,19.71,36.54,Irrigated,Red,2023-06-12,2023-09-20,5132.953,3.542,Maize,SYNTHETIC_AI_GENERATED,Prototype only; crop_actual follows an existing project crop-production record and is not independently verified farm-survey ground truth.,19.9,83.16,0.861038218722031,19.80285,84.01554,district_reference_coordinates_used_for_prototype
OBS0000552,DST15,Kalahandi,CRP004,Maize,SEA01,Kharif,2024,19.9,83.16,5.64,68.96,36.25,50.27,23.66,1302.29,26.44,18.94,33.91,Irrigated,Loam,2024-06-08,2024-09-16,3355.391,3.411,Maize,SYNTHETIC_AI_GENERATED,Prototype only; crop_actual follows an existing project crop-production record and is not independently verified farm-survey ground truth.,19.9,83.16,0.8385125966853527,19.81198,83.99388,district_reference_coordinates_used_for_prototype
OBS0000553,DST15,Kalahandi,CRP005,Moong(Green Gram),SEA02,Rabi,2022,19.9,83.16,5.88,73.26,17.08,37.93,40.28,1152.24,25.65,18.06,33.4,Irrigated,Loam,2022-10-11,2022-12-20,6643.232,0.585,Moong(Green Gram),SYNTHETIC_AI_GENERATED,Prototype only; crop_actual follows an existing project crop-production record and is not independently verified farm-survey ground truth.,19.9,83.16,0.8449859540252761,19.7874,83.99745,district_reference_coordinates_used_for_prototype
OBS0000554,DST15,Kalahandi,CRP005,Moong(Green Gram),SEA02,Rabi,2023,19.9,83.16,6.56,77.4,46.57,49.46,24.52,703.33,28.43,20.76,36.91,Irrigated,Red,2023-10-07,2023-12-16,5916.593,0.724,Moong(Green Gram),SYNTHETIC_AI_GENERATED,Prototype only; crop_actual follows an existing project crop-production record and is not independently verified farm-survey ground truth.,19.9,83.16,0.8499871411968524,19.80889,84.00509,district_reference_coordinates_used_for_prototype
OBS0000555,DST15,Kalahandi,CRP005,Moong(Green Gram),SEA02,Rabi,2024,19.9,83.16,6.23,55.48,38.39,38.7,39.19,1027.37,25.42,19.38,31.15,Rainfed,Lateritic,2024-10-09,2024-12-18,4977.44,0.559,Moong(Green Gram),SYNTHETIC_AI_GENERATED,Prototype only; crop_actual follows an existing project crop-production record and is not independently verified farm-survey ground truth.,19.9,83.16,0.8540810702737831,19.79735,84.00789,district_reference_coordinates_used_for_prototype
OBS0000556,DST15,Kalahandi,CRP007,Ragi,SEA01,Kharif,2022,19.9,83.16,6.99,76.83,42.61,30.38,24.45,1271.65,24.37,16.91,29.63,Rainfed,Sandy loam,2022-06-08,2022-09-26,7031.94,0.918,Ragi,SYNTHETIC_AI_GENERATED,Prototype only; crop_actual follows an existing project crop-production record and is not independently verified farm-survey ground truth.,19.9,83.16,0.8373871067194715,19.80508,83.99199,district_reference_coordinates_used_for_prototype
OBS0000557,DST15,Kalahandi,CRP007,Ragi,SEA01,Kharif,2023,19.9,83.16,5.84,65.74,20.42,56.23,20.53,1085.78,29.42,23.85,36.66,Rainfed,Sandy loam,2023-06-06,2023-09-24,5332.67,0.879,Ragi,SYNTHETIC_AI_GENERATED,Prototype only; crop_actual follows an existing project crop-production record and is not independently verified farm-survey ground truth.,19.9,83.16,0.8550936407785991,19.78772,84.00769,district_reference_coordinates_used_for_prototype
OBS0000558,DST15,Kalahandi,CRP007,Ragi,SEA01,Kharif,2024,19.9,83.16,6.92,39.61,26.24,63.0,35.5,1394.46,25.84,20.68,31.85,Rainfed,Red,2024-06-05,2024-09-23,6436.018,1.165,Ragi,SYNTHETIC_AI_GENERATED,Prototype only; crop_actual follows an existing project crop-production record and is not independently verified farm-survey ground truth.,19.9,83.16,0.8464078412916559,19.79743,84.00017,district_reference_coordinates_used_for_prototype
OBS0000559,DST15,Kalahandi,CRP009,Rice,SEA01,Kharif,2022,19.9,83.16,5.7,78.87,23.01,60.54,27.47,1052.29,29.81,24.61,35.86,Irrigated,Loam,2022-06-13,2022-10-11,52611.81,3.241,Rice,SYNTHETIC_AI_GENERATED,Prototype only; crop_actual follows an existing project crop-production record and is not independently verified farm-survey ground truth.,19.9,83.16,0.8470967007963193,19.80822,84.00211,district_reference_coordinates_used_for_prototype
OBS0000560,DST15,Kalahandi,CRP009,Rice,SEA01,Kharif,2023,19.9,83.16,6.96,71.49,39.37,46.17,25.45,1060.4,28.22,20.21,35.84,Rainfed,Alluvial,2023-06-03,2023-10-01,51006.677,2.898,Rice,SYNTHETIC_AI_GENERATED,Prototype only; crop_actual follows an existing project crop-production record and is not independently verified farm-survey ground truth.,19.9,83.16,0.8395436194743029,19.79707,83.99321,district_reference_coordinates_used_for_prototype
OBS0000561,DST15,Kalahandi,CRP009,Rice,SEA01,Kharif,2024,19.9,83.16,5.74,58.89,39.27,50.93,30.21,1251.14,26.95,19.44,33.69,Irrigated,Sandy loam,2024-06-06,2024-10-04,45997.507,3.179,Rice,SYNTHETIC_AI_GENERATED,Prototype only; crop_actual follows an existing project crop-production record and is not independently verified farm-survey ground truth.,19.9,83.16,0.838543566488952,19.80835,83.99352,district_reference_coordinates_used_for_prototype
OBS0000562,DST15,Kalahandi,CRP010,Sesamum,SEA01,Kharif,2022,19.9,83.16,5.77,74.41,28.52,53.99,39.83,897.5,25.26,17.49,33.82,Irrigated,Alluvial,2022-06-02,2022-09-10,1597.182,0.511,Sesamum,SYNTHETIC_AI_GENERATED,Prototype only; crop_actual follows an existing project crop-production record and is not independently verified farm-survey ground truth.,19.9,83.16,0.8554373470921182,19.80388,84.01002,district_reference_coordinates_used_for_prototype
OBS0000563,DST15,Kalahandi,CRP010,Sesamum,SEA01,Kharif,2023,19.9,83.16,6.69,44.46,36.24,59.64,18.0,1359.94,22.25,13.72,29.93,Rainfed,Lateritic,2023-06-15,2023-09-23,1588.704,0.559,Sesamum,SYNTHETIC_AI_GENERATED,Prototype only; crop_actual follows an existing project crop-production record and is not independently verified farm-survey ground truth.,19.9,83.16,0.8335749277059602,19.79551,83.987,district_reference_coordinates_used_for_prototype
OBS0000564,DST15,Kalahandi,CRP010,Sesamum,SEA01,Kharif,2024,19.9,83.16,6.29,41.51,18.77,43.63,36.46,1285.0,26.22,18.07,35.0,Rainfed,Sandy loam,2024-06-07,2024-09-15,1645.866,0.516,Sesamum,SYNTHETIC_AI_GENERATED,Prototype only; crop_actual follows an existing project crop-production record and is not independently verified farm-survey ground truth.,19.9,83.16,0.8629203284776725,19.78953,84.01582,district_reference_coordinates_used_for_prototype
OBS0000565,DST15,Kalahandi,CRP012,Urad,SEA02,Rabi,2022,19.9,83.16,6.49,42.47,47.63,45.09,35.62,964.87,25.08,16.21,33.01,Rainfed,Alluvial,2022-10-22,2023-01-10,4811.947,1.053,Urad,SYNTHETIC_AI_GENERATED,Prototype only; crop_actual follows an existing project crop-production record and is not independently verified farm-survey ground truth.,19.9,83.16,0.8525609619258964,19.79027,84.00547,district_reference_coordinates_used_for_prototype
OBS0000566,DST15,Kalahandi,CRP012,Urad,SEA02,Rabi,2023,19.9,83.16,6.08,30.19,26.82,24.74,26.41,747.81,29.05,22.06,34.49,Irrigated,Alluvial,2023-10-01,2023-12-20,4916.099,1.033,Urad,SYNTHETIC_AI_GENERATED,Prototype only; crop_actual follows an existing project crop-production record and is not independently verified farm-survey ground truth.,19.9,83.16,0.8586343352673524,19.80016,84.01281,district_reference_coordinates_used_for_prototype
OBS0000567,DST15,Kalahandi,CRP012,Urad,SEA02,Rabi,2024,19.9,83.16,6.65,31.97,46.15,60.99,28.84,1383.79,24.76,15.81,32.42,Rainfed,Red,2024-10-19,2025-01-07,5236.715,0.941,Urad,SYNTHETIC_AI_GENERATED,Prototype only; crop_actual follows an existing project crop-production record and is not independently verified farm-survey ground truth.,19.9,83.16,0.8384178221507558,19.80634,83.99317,district_reference_coordinates_used_for_prototype
OBS0000568,DST15,Kalahandi,CRP002,Horse Gram,SEA99,Unknown,2022,19.9,83.16,5.89,31.99,33.93,61.75,19.75,990.36,28.64,23.46,35.73,Irrigated,Alluvial,2022-06-09,2022-09-17,2012.656,0.682,Horse Gram,SYNTHETIC_AI_GENERATED,Prototype only; crop_actual follows an existing project crop-production record and is not independently verified farm-survey ground truth.,19.9,83.16,0.8487699147000908,19.78991,84.0016,district_reference_coordinates_used_for_prototype
OBS0000569,DST15,Kalahandi,CRP002,Horse Gram,SEA99,Unknown,2023,19.9,83.16,6.41,42.48,17.42,63.8,38.95,1216.43,24.98,18.25,32.49,Rainfed,Red,2023-06-23,2023-10-01,2777.29,0.604,Horse Gram,SYNTHETIC_AI_GENERATED,Prototype only; crop_actual follows an existing project crop-production record and is not independently verified farm-survey ground truth.,19.9,83.16,0.8620514830333611,19.79695,84.01587,district_reference_coordinates_used_for_prototype
OBS0000570,DST15,Kalahandi,CRP002,Horse Gram,SEA99,Unknown,2024,19.9,83.16,5.52,70.69,43.09,49.09,18.56,1094.8,26.06,20.93,32.29,Rainfed,Alluvial,2024-06-18,2024-09-26,1815.357,0.488,Horse Gram,SYNTHETIC_AI_GENERATED,Prototype only; crop_actual follows an existing project crop-production record and is not independently verified farm-survey ground truth.,19.9,83.16,0.8426072409491919,19.80901,83.99768,district_reference_coordinates_used_for_prototype
OBS0000571,DST15,Kalahandi,CRP006,Potato,SEA02,Rabi,2022,19.9,83.16,7.01,57.55,37.02,59.23,25.4,1052.38,23.71,15.55,31.76,Irrigated,Loam,2022-10-07,2023-01-15,7501.937,12.344,Potato,SYNTHETIC_AI_GENERATED,Prototype only; crop_actual follows an existing project crop-production record and is not independently verified farm-survey ground truth.,19.9,83.16,0.8504042738603808,19.79209,84.00353,district_reference_coordinates_used_for_prototype
OBS0000572,DST15,Kalahandi,CRP006,Potato,SEA02,Rabi,2023,19.9,83.16,6.23,66.85,40.45,35.57,29.93,1001.92,29.75,23.95,38.52,Irrigated,Loam,2023-10-07,2024-01-15,6829.777,15.294,Potato,SYNTHETIC_AI_GENERATED,Prototype only; crop_actual follows an existing project crop-production record and is not independently verified farm-survey ground truth.,19.9,83.16,0.8435785189891936,19.79164,83.99659,district_reference_coordinates_used_for_prototype
OBS0000573,DST15,Kalahandi,CRP006,Potato,SEA02,Rabi,2024,19.9,83.16,7.03,37.86,40.48,48.24,33.32,1146.18,23.51,15.01,31.34,Irrigated,Loam,2024-10-05,2025-01-13,7143.802,11.53,Potato,SYNTHETIC_AI_GENERATED,Prototype only; crop_actual follows an existing project crop-production record and is not independently verified farm-survey ground truth.,19.9,83.16,0.8462673000890454,19.79606,83.99986,district_reference_coordinates_used_for_prototype
OBS0000574,DST15,Kalahandi,CRP008,Rapeseed &Mustard,SEA02,Rabi,2022,19.9,83.16,5.71,57.11,28.03,60.75,26.49,1043.08,25.0,18.28,30.54,Rainfed,Red,2022-10-10,2023-02-02,478.727,0.77,Rapeseed &Mustard,SYNTHETIC_AI_GENERATED,Prototype only; crop_actual follows an existing project crop-production record and is not independently verified farm-survey ground truth.,19.9,83.16,0.8541215756553704,19.80234,84.00852,district_reference_coordinates_used_for_prototype
OBS0000575,DST15,Kalahandi,CRP008,Rapeseed &Mustard,SEA02,Rabi,2023,19.9,83.16,6.35,71.18,47.32,29.36,19.77,1216.24,22.36,17.05,30.19,Rainfed,Loam,2023-10-21,2024-02-13,434.065,0.914,Rapeseed &Mustard,SYNTHETIC_AI_GENERATED,Prototype only; crop_actual follows an existing project crop-production record and is not independently verified farm-survey ground truth.,19.9,83.16,0.843875088623906,19.78674,83.99624,district_reference_coordinates_used_for_prototype
OBS0000576,DST15,Kalahandi,CRP008,Rapeseed &Mustard,SEA02,Rabi,2024,19.9,83.16,6.41,66.79,34.72,51.03,20.65,935.55,25.25,17.59,32.93,Irrigated,Loam,2024-10-01,2025-01-24,412.008,0.932,Rapeseed &Mustard,SYNTHETIC_AI_GENERATED,Prototype only; crop_actual follows an existing project crop-production record and is not independently verified farm-survey ground truth.,19.9,83.16,0.8542909997184764,19.79179,84.00741,district_reference_coordinates_used_for_prototype
OBS0000577,DST15,Kalahandi,CRP011,Sugarcane,SEA03,Annual,2022,19.9,83.16,6.45,66.27,36.0,54.23,32.22,1155.56,29.21,21.06,35.56,Irrigated,Sandy loam,2022-02-24,2022-12-21,6888.937,65.185,Sugarcane,SYNTHETIC_AI_GENERATED,Prototype only; crop_actual follows an existing project crop-production record and is not independently verified farm-survey ground truth.,19.9,83.16,0.8462607448062365,19.79799,84.00009,district_reference_coordinates_used_for_prototype
OBS0000578,DST15,Kalahandi,CRP011,Sugarcane,SEA03,Annual,2023,19.9,83.16,6.19,48.05,18.47,28.92,27.6,1446.76,27.11,19.44,32.56,Rainfed,Red,2023-02-05,2023-12-02,7048.238,46.39,Sugarcane,SYNTHETIC_AI_GENERATED,Prototype only; crop_actual follows an existing project crop-production record and is not independently verified farm-survey ground truth.,19.9,83.16,0.8636014137320583,19.80383,84.01823,district_reference_coordinates_used_for_prototype
OBS0000579,DST15,Kalahandi,CRP011,Sugarcane,SEA03,Annual,2024,19.9,83.16,6.09,47.37,41.17,43.9,32.63,1346.97,28.28,21.22,33.34,Rainfed,Alluvial,2024-02-13,2024-12-09,6984.328,52.396,Sugarcane,SYNTHETIC_AI_GENERATED,Prototype only; crop_actual follows an existing project crop-production record and is not independently verified farm-survey ground truth.,19.9,83.16,0.8523586936261076,19.80015,84.00649,district_reference_coordinates_used_for_prototype
OBS0000580,DST15,Kalahandi,CRP003,Jute,SEA01,Kharif,2022,19.9,83.16,5.76,46.24,47.22,51.25,37.04,1185.29,26.0,19.69,33.19,Rainfed,Red,2022-06-21,2022-10-19,3853.062,2.744,Jute,SYNTHETIC_AI_GENERATED,Prototype only; crop_actual follows an existing project crop-production record and is not independently verified farm-survey ground truth.,19.9,83.16,0.8334803280821946,19.79182,83.98643,district_reference_coordinates_used_for_prototype
OBS0000581,DST15,Kalahandi,CRP003,Jute,SEA01,Kharif,2023,19.9,83.16,6.88,42.62,40.15,22.01,32.37,1297.94,28.25,22.12,37.13,Irrigated,Loam,2023-06-10,2023-10-08,3938.626,2.457,Jute,SYNTHETIC_AI_GENERATED,Prototype only; crop_actual follows an existing project crop-production record and is not independently verified farm-survey ground truth.,19.9,83.16,0.8619448024670797,19.7952,84.01555,district_reference_coordinates_used_for_prototype
OBS0000582,DST15,Kalahandi,CRP003,Jute,SEA01,Kharif,2024,19.9,83.16,6.31,73.58,26.19,52.88,36.51,1111.59,29.99,22.22,38.88,Irrigated,Alluvial,2024-06-21,2024-10-19,4202.561,2.166,Jute,SYNTHETIC_AI_GENERATED,Prototype only; crop_actual follows an existing project crop-production record and is not independently verified farm-survey ground truth.,19.9,83.16,0.8429747261929118,19.80417,83.99751,district_reference_coordinates_used_for_prototype
OBS0000583,DST15,Kalahandi,CRP013,Wheat,SEA99,Unknown,2022,19.9,83.16,6.18,75.8,46.91,25.21,42.32,1178.88,30.75,24.79,36.4,Rainfed,Sandy loam,2022-06-13,2022-09-21,2480.559,1.905,Wheat,SYNTHETIC_AI_GENERATED,Prototype only; crop_actual follows an existing project crop-production record and is not independently verified farm-survey ground truth.,19.9,83.16,0.8372291998013409,19.78849,83.98977,district_reference_coordinates_used_for_prototype
OBS0000584,DST15,Kalahandi,CRP013,Wheat,SEA99,Unknown,2023,19.9,83.16,7.12,65.0,37.8,32.9,27.1,812.14,25.65,16.87,33.91,Rainfed,Sandy loam,2023-06-21,2023-09-29,1812.719,1.722,Wheat,SYNTHETIC_AI_GENERATED,Prototype only; crop_actual follows an existing project crop-production record and is not independently verified farm-survey ground truth.,19.9,83.16,0.8269110305830937,19.7877,83.97925,district_reference_coordinates_used_for_prototype
OBS0000585,DST15,Kalahandi,CRP013,Wheat,SEA99,Unknown,2024,19.9,83.16,5.95,53.89,15.27,62.08,25.69,1334.33,23.95,15.29,29.38,Irrigated,Red,2024-06-07,2024-09-15,2614.354,1.601,Wheat,SYNTHETIC_AI_GENERATED,Prototype only; crop_actual follows an existing project crop-production record and is not independently verified farm-survey ground truth.,19.9,83.16,0.8592739398468927,19.80621,84.01414,district_reference_coordinates_used_for_prototype
OBS0000586,DST16,Kandhamal,CRP001,Groundnut,SEA01,Kharif,2022,20.47,84.23,6.84,73.85,41.78,40.01,41.84,1164.18,22.68,13.91,29.17,Rainfed,Alluvial,2022-06-03,2022-09-21,6642.141,1.178,Groundnut,SYNTHETIC_AI_GENERATED,Prototype only; crop_actual follows an existing project crop-production record and is not independently verified farm-survey ground truth.,20.47,84.23,0.3512112858380253,20.23392,84.49003,district_reference_coordinates_used_for_prototype
OBS0000587,DST16,Kandhamal,CRP001,Groundnut,SEA01,Kharif,2023,20.47,84.23,6.17,55.18,15.73,45.4,31.05,1100.66,29.95,24.46,37.52,Irrigated,Loam,2023-06-06,2023-09-24,6245.867,1.289,Groundnut,SYNTHETIC_AI_GENERATED,Prototype only; crop_actual follows an existing project crop-production record and is not independently verified farm-survey ground truth.,20.47,84.23,0.35875032501727316,20.25671,84.51846,district_reference_coordinates_used_for_prototype
OBS0000588,DST16,Kandhamal,CRP001,Groundnut,SEA01,Kharif,2024,20.47,84.23,6.59,32.57,48.93,40.48,23.23,962.34,24.34,17.02,32.73,Irrigated,Alluvial,2024-06-14,2024-10-02,7855.019,1.244,Groundnut,SYNTHETIC_AI_GENERATED,Prototype only; crop_actual follows an existing project crop-production record and is not independently verified farm-survey ground truth.,20.47,84.23,0.34694942138588064,20.25767,84.50439,district_reference_coordinates_used_for_prototype
OBS0000589,DST16,Kandhamal,CRP004,Maize,SEA01,Kharif,2022,20.47,84.23,6.9,30.48,16.07,24.26,30.98,1379.12,28.93,21.61,36.74,Rainfed,Sandy loam,2022-06-21,2022-09-29,871.405,4.245,Maize,SYNTHETIC_AI_GENERATED,Prototype only; crop_actual follows an existing project crop-production record and is not independently verified farm-survey ground truth.,20.47,84.23,0.3404481741763258,20.25768,84.49613,district_reference_coordinates_used_for_prototype
OBS0000590,DST16,Kandhamal,CRP004,Maize,SEA01,Kharif,2023,20.47,84.23,5.86,41.6,40.74,66.0,37.53,930.35,27.51,21.89,35.96,Irrigated,Red,2023-06-07,2023-09-15,867.129,3.613,Maize,SYNTHETIC_AI_GENERATED,Prototype only; crop_actual follows an existing project crop-production record and is not independently verified farm-survey ground truth.,20.47,84.23,0.33461653067354574,20.25935,84.48999,district_reference_coordinates_used_for_prototype
OBS0000591,DST16,Kandhamal,CRP004,Maize,SEA01,Kharif,2024,20.47,84.23,7.29,50.24,28.27,47.85,37.77,994.85,26.23,20.89,31.42,Irrigated,Loam,2024-06-16,2024-09-24,1093.562,4.952,Maize,SYNTHETIC_AI_GENERATED,Prototype only; crop_actual follows an existing project crop-production record and is not independently verified farm-survey ground truth.,20.47,84.23,0.34165639713021667,20.26189,84.50096,district_reference_coordinates_used_for_prototype
OBS0000592,DST16,Kandhamal,CRP005,Moong(Green Gram),SEA02,Rabi,2022,20.47,84.23,5.55,45.59,34.51,33.88,23.47,843.26,26.61,20.48,33.54,Rainfed,Red,2022-10-24,2023-01-02,1043.316,0.587,Moong(Green Gram),SYNTHETIC_AI_GENERATED,Prototype only; crop_actual follows an existing project crop-production record and is not independently verified farm-survey ground truth.,20.47,84.23,0.34000289895822117,20.25783,84.49568,district_reference_coordinates_used_for_prototype
OBS0000593,DST16,Kandhamal,CRP005,Moong(Green Gram),SEA02,Rabi,2023,20.47,84.23,5.59,77.79,45.33,66.57,39.61,1194.33,26.1,18.95,34.78,Irrigated,Red,2023-10-03,2023-12-12,943.686,0.626,Moong(Green Gram),SYNTHETIC_AI_GENERATED,Prototype only; crop_actual follows an existing project crop-production record and is not independently verified farm-survey ground truth.,20.47,84.23,0.32655212524188865,20.27384,84.49107,district_reference_coordinates_used_for_prototype
OBS0000594,DST16,Kandhamal,CRP005,Moong(Green Gram),SEA02,Rabi,2024,20.47,84.23,5.73,67.01,19.93,24.96,39.27,832.86,27.69,18.94,33.52,Irrigated,Sandy loam,2024-10-18,2024-12-27,943.469,0.742,Moong(Green Gram),SYNTHETIC_AI_GENERATED,Prototype only; crop_actual follows an existing project crop-production record and is not independently verified farm-survey ground truth.,20.47,84.23,0.33585169971282647,20.25939,84.49161,district_reference_coordinates_used_for_prototype
OBS0000595,DST16,Kandhamal,CRP007,Ragi,SEA01,Kharif,2022,20.47,84.23,6.52,40.2,46.18,39.27,22.96,1472.35,25.44,17.06,31.36,Irrigated,Loam,2022-06-22,2022-10-10,3282.472,1.337,Ragi,SYNTHETIC_AI_GENERATED,Prototype only; crop_actual follows an existing project crop-production record and is not independently verified farm-survey ground truth.,20.47,84.23,0.32721538671033723,20.26673,84.48642,district_reference_coordinates_used_for_prototype
OBS0000596,DST16,Kandhamal,CRP007,Ragi,SEA01,Kharif,2023,20.47,84.23,6.28,71.13,32.23,42.74,33.71,665.31,29.76,22.62,36.31,Rainfed,Sandy loam,2023-06-06,2023-09-24,3056.726,1.234,Ragi,SYNTHETIC_AI_GENERATED,Prototype only; crop_actual follows an existing project crop-production record and is not independently verified farm-survey ground truth.,20.47,84.23,0.3422186840311328,20.24926,84.49151,district_reference_coordinates_used_for_prototype
OBS0000597,DST16,Kandhamal,CRP007,Ragi,SEA01,Kharif,2024,20.47,84.23,6.39,76.25,38.47,29.77,19.37,1139.71,25.36,19.45,32.35,Rainfed,Red,2024-06-01,2024-09-19,4265.63,1.681,Ragi,SYNTHETIC_AI_GENERATED,Prototype only; crop_actual follows an existing project crop-production record and is not independently verified farm-survey ground truth.,20.47,84.23,0.3440870602042462,20.25543,84.49899,district_reference_coordinates_used_for_prototype
OBS0000598,DST16,Kandhamal,CRP009,Rice,SEA01,Kharif,2022,20.47,84.23,6.64,62.68,47.75,47.55,33.84,1200.58,27.65,19.01,35.24,Rainfed,Sandy loam,2022-06-22,2022-10-20,56663.327,3.305,Rice,SYNTHETIC_AI_GENERATED,Prototype only; crop_actual follows an existing project crop-production record and is not independently verified farm-survey ground truth.,20.47,84.23,0.3408122758939248,20.24293,84.48415,district_reference_coordinates_used_for_prototype
OBS0000599,DST16,Kandhamal,CRP009,Rice,SEA01,Kharif,2023,20.47,84.23,6.79,59.91,34.81,62.61,22.04,1277.27,26.19,19.66,32.47,Rainfed,Alluvial,2023-06-23,2023-10-21,56392.991,3.56,Rice,SYNTHETIC_AI_GENERATED,Prototype only; crop_actual follows an existing project crop-production record and is not independently verified farm-survey ground truth.,20.47,84.23,0.34543950468931445,20.24565,84.49267,district_reference_coordinates_used_for_prototype
OBS0000600,DST16,Kandhamal,CRP009,Rice,SEA01,Kharif,2024,20.47,84.23,6.11,43.66,41.12,42.09,38.8,1380.16,24.85,19.47,32.17,Rainfed,Sandy loam,2024-06-16,2024-10-14,44626.654,4.026,Rice,SYNTHETIC_AI_GENERATED,Prototype only; crop_actual follows an existing project crop-production record and is not independently verified farm-survey ground truth.,20.47,84.23,0.35708290353921146,20.2546,84.5148,district_reference_coordinates_used_for_prototype
OBS0000601,DST16,Kandhamal,CRP010,Sesamum,SEA01,Kharif,2022,20.47,84.23,6.33,73.09,40.06,25.55,28.64,863.04,29.03,22.08,35.38,Rainfed,Sandy loam,2022-06-24,2022-10-02,4633.278,0.469,Sesamum,SYNTHETIC_AI_GENERATED,Prototype only; crop_actual follows an existing project crop-production record and is not independently verified farm-survey ground truth.,20.47,84.23,0.3608080249939001,20.23922,84.50735,district_reference_coordinates_used_for_prototype
OBS0000602,DST16,Kandhamal,CRP010,Sesamum,SEA01,Kharif,2023,20.47,84.23,5.59,58.71,33.38,58.96,30.44,896.5,25.93,17.57,33.77,Rainfed,Lateritic,2023-06-09,2023-09-17,4634.905,0.335,Sesamum,SYNTHETIC_AI_GENERATED,Prototype only; crop_actual follows an existing project crop-production record and is not independently verified farm-survey ground truth.,20.47,84.23,0.34344101400385324,20.2433,84.48799,district_reference_coordinates_used_for_prototype
OBS0000603,DST16,Kandhamal,CRP010,Sesamum,SEA01,Kharif,2024,20.47,84.23,6.09,46.76,41.42,59.26,39.01,1151.49,23.98,15.38,29.0,Rainfed,Lateritic,2024-06-08,2024-09-16,4471.727,0.409,Sesamum,SYNTHETIC_AI_GENERATED,Prototype only; crop_actual follows an existing project crop-production record and is not independently verified farm-survey ground truth.,20.47,84.23,0.36377445003737996,20.22968,84.50309,district_reference_coordinates_used_for_prototype
OBS0000604,DST16,Kandhamal,CRP012,Urad,SEA02,Rabi,2022,20.47,84.23,6.6,34.69,37.89,24.34,38.05,778.46,23.46,17.6,29.97,Rainfed,Loam,2022-10-07,2022-12-26,7834.915,0.77,Urad,SYNTHETIC_AI_GENERATED,Prototype only; crop_actual follows an existing project crop-production record and is not independently verified farm-survey ground truth.,20.47,84.23,0.3655187525969096,20.24604,84.51887,district_reference_coordinates_used_for_prototype
OBS0000605,DST16,Kandhamal,CRP012,Urad,SEA02,Rabi,2023,20.47,84.23,5.93,44.76,45.66,27.63,27.67,1407.52,24.4,17.89,29.94,Rainfed,Alluvial,2023-10-12,2023-12-31,6063.459,0.806,Urad,SYNTHETIC_AI_GENERATED,Prototype only; crop_actual follows an existing project crop-production record and is not independently verified farm-survey ground truth.,20.47,84.23,0.3430125166812436,20.26205,84.50279,district_reference_coordinates_used_for_prototype
OBS0000606,DST16,Kandhamal,CRP012,Urad,SEA02,Rabi,2024,20.47,84.23,5.9,74.2,15.82,46.96,22.06,1115.21,23.6,17.5,28.9,Rainfed,Red,2024-10-01,2024-12-20,7311.731,0.923,Urad,SYNTHETIC_AI_GENERATED,Prototype only; crop_actual follows an existing project crop-production record and is not independently verified farm-survey ground truth.,20.47,84.23,0.35220308701088116,20.24767,84.50316,district_reference_coordinates_used_for_prototype
OBS0000607,DST16,Kandhamal,CRP002,Horse Gram,SEA99,Unknown,2022,20.47,84.23,6.07,63.46,25.49,34.92,28.53,1165.22,23.79,16.06,32.57,Rainfed,Alluvial,2022-06-09,2022-09-17,2138.183,0.856,Horse Gram,SYNTHETIC_AI_GENERATED,Prototype only; crop_actual follows an existing project crop-production record and is not independently verified farm-survey ground truth.,20.47,84.23,0.3441989373894087,20.25778,84.50099,district_reference_coordinates_used_for_prototype
OBS0000608,DST16,Kandhamal,CRP002,Horse Gram,SEA99,Unknown,2023,20.47,84.23,6.53,65.2,48.05,24.5,25.74,882.19,24.63,16.26,32.74,Rainfed,Red,2023-06-19,2023-09-27,2146.997,0.759,Horse Gram,SYNTHETIC_AI_GENERATED,Prototype only; crop_actual follows an existing project crop-production record and is not independently verified farm-survey ground truth.,20.47,84.23,0.3608404795751112,20.25206,84.51759,district_reference_coordinates_used_for_prototype
OBS0000609,DST16,Kandhamal,CRP002,Horse Gram,SEA99,Unknown,2024,20.47,84.23,6.4,69.26,15.93,52.49,42.28,877.13,28.87,20.22,35.95,Rainfed,Loam,2024-06-21,2024-09-29,2486.007,0.81,Horse Gram,SYNTHETIC_AI_GENERATED,Prototype only; crop_actual follows an existing project crop-production record and is not independently verified farm-survey ground truth.,20.47,84.23,0.3517204628678816,20.24846,84.50318,district_reference_coordinates_used_for_prototype
OBS0000610,DST16,Kandhamal,CRP006,Potato,SEA02,Rabi,2022,20.47,84.23,7.05,37.27,20.82,35.6,42.66,1100.3,27.0,21.27,34.71,Irrigated,Red,2022-10-06,2023-01-14,3956.788,23.86,Potato,SYNTHETIC_AI_GENERATED,Prototype only; crop_actual follows an existing project crop-production record and is not independently verified farm-survey ground truth.,20.47,84.23,0.33592354427756294,20.26026,84.4924,district_reference_coordinates_used_for_prototype
OBS0000611,DST16,Kandhamal,CRP006,Potato,SEA02,Rabi,2023,20.47,84.23,5.85,79.87,32.8,32.29,36.82,1208.84,27.54,20.57,33.89,Rainfed,Sandy loam,2023-10-18,2024-01-26,3444.57,16.878,Potato,SYNTHETIC_AI_GENERATED,Prototype only; crop_actual follows an existing project crop-production record and is not independently verified farm-survey ground truth.,20.47,84.23,0.3451246180729483,20.25594,84.50072,district_reference_coordinates_used_for_prototype
OBS0000612,DST16,Kandhamal,CRP006,Potato,SEA02,Rabi,2024,20.47,84.23,7.0,72.71,24.77,50.99,29.41,1260.7,27.37,21.91,34.08,Rainfed,Lateritic,2024-10-01,2025-01-09,3460.538,20.987,Potato,SYNTHETIC_AI_GENERATED,Prototype only; crop_actual follows an existing project crop-production record and is not independently verified farm-survey ground truth.,20.47,84.23,0.35941729952799367,20.24396,84.50944,district_reference_coordinates_used_for_prototype
OBS0000613,DST16,Kandhamal,CRP008,Rapeseed &Mustard,SEA02,Rabi,2022,20.47,84.23,6.33,30.05,23.83,64.02,34.6,843.66,28.09,20.53,34.39,Irrigated,Red,2022-10-24,2023-02-16,2254.882,1.249,Rapeseed &Mustard,SYNTHETIC_AI_GENERATED,Prototype only; crop_actual follows an existing project crop-production record and is not independently verified farm-survey ground truth.,20.47,84.23,0.3294748829577083,20.25684,84.48123,district_reference_coordinates_used_for_prototype
OBS0000614,DST16,Kandhamal,CRP008,Rapeseed &Mustard,SEA02,Rabi,2023,20.47,84.23,5.88,43.79,33.9,63.61,37.2,1006.59,25.7,19.26,33.3,Irrigated,Lateritic,2023-10-17,2024-02-09,2847.993,1.181,Rapeseed &Mustard,SYNTHETIC_AI_GENERATED,Prototype only; crop_actual follows an existing project crop-production record and is not independently verified farm-survey ground truth.,20.47,84.23,0.33081540290621,20.26548,84.49002,district_reference_coordinates_used_for_prototype
OBS0000615,DST16,Kandhamal,CRP008,Rapeseed &Mustard,SEA02,Rabi,2024,20.47,84.23,5.93,34.86,20.78,40.9,23.65,1083.49,28.42,20.0,36.1,Irrigated,Alluvial,2024-10-01,2025-01-24,2038.535,1.198,Rapeseed &Mustard,SYNTHETIC_AI_GENERATED,Prototype only; crop_actual follows an existing project crop-production record and is not independently verified farm-survey ground truth.,20.47,84.23,0.3398526870571962,20.25592,84.49395,district_reference_coordinates_used_for_prototype
OBS0000616,DST16,Kandhamal,CRP011,Sugarcane,SEA03,Annual,2022,20.47,84.23,7.21,43.43,47.22,68.88,27.73,1030.44,30.23,22.32,36.24,Rainfed,Lateritic,2022-02-09,2022-12-06,6918.737,69.781,Sugarcane,SYNTHETIC_AI_GENERATED,Prototype only; crop_actual follows an existing project crop-production record and is not independently verified farm-survey ground truth.,20.47,84.23,0.3499389822526198,20.24992,84.50207,district_reference_coordinates_used_for_prototype
OBS0000617,DST16,Kandhamal,CRP011,Sugarcane,SEA03,Annual,2023,20.47,84.23,6.74,73.96,39.99,69.08,18.03,1047.32,24.11,17.06,29.33,Rainfed,Alluvial,2023-02-21,2023-12-18,9809.781,70.285,Sugarcane,SYNTHETIC_AI_GENERATED,Prototype only; crop_actual follows an existing project crop-production record and is not independently verified farm-survey ground truth.,20.47,84.23,0.340222034853705,20.26599,84.50227,district_reference_coordinates_used_for_prototype
OBS0000618,DST16,Kandhamal,CRP011,Sugarcane,SEA03,Annual,2024,20.47,84.23,6.38,40.18,18.72,42.54,24.43,988.94,28.65,23.26,36.35,Irrigated,Sandy loam,2024-02-17,2024-12-13,9305.817,69.071,Sugarcane,SYNTHETIC_AI_GENERATED,Prototype only; crop_actual follows an existing project crop-production record and is not independently verified farm-survey ground truth.,20.47,84.23,0.3546335135037289,20.24355,84.50292,district_reference_coordinates_used_for_prototype
OBS0000619,DST16,Kandhamal,CRP003,Jute,SEA01,Kharif,2022,20.47,84.23,6.79,77.81,42.78,64.18,36.1,1053.65,29.56,20.78,36.95,Irrigated,Red,2022-06-14,2022-10-12,3009.441,2.645,Jute,SYNTHETIC_AI_GENERATED,Prototype only; crop_actual follows an existing project crop-production record and is not independently verified farm-survey ground truth.,20.47,84.23,0.33983369712257416,20.26696,84.50251,district_reference_coordinates_used_for_prototype
OBS0000620,DST16,Kandhamal,CRP003,Jute,SEA01,Kharif,2023,20.47,84.23,5.63,33.39,39.81,25.56,23.96,1147.0,25.11,18.9,32.24,Irrigated,Lateritic,2023-06-04,2023-10-02,3401.378,2.717,Jute,SYNTHETIC_AI_GENERATED,Prototype only; crop_actual follows an existing project crop-production record and is not independently verified farm-survey ground truth.,20.47,84.23,0.3439172209994683,20.25345,84.49718,district_reference_coordinates_used_for_prototype
OBS0000621,DST16,Kandhamal,CRP003,Jute,SEA01,Kharif,2024,20.47,84.23,6.84,69.11,18.93,56.71,23.02,650.0,26.09,17.84,31.52,Rainfed,Sandy loam,2024-06-02,2024-09-30,2716.254,3.041,Jute,SYNTHETIC_AI_GENERATED,Prototype only; crop_actual follows an existing project crop-production record and is not independently verified farm-survey ground truth.,20.47,84.23,0.3366569188357768,20.25267,84.48711,district_reference_coordinates_used_for_prototype
OBS0000622,DST16,Kandhamal,CRP013,Wheat,SEA99,Unknown,2022,20.47,84.23,6.3,56.42,25.04,34.26,20.2,935.53,24.53,17.79,30.79,Irrigated,Lateritic,2022-06-11,2022-09-19,936.451,2.165,Wheat,SYNTHETIC_AI_GENERATED,Prototype only; crop_actual follows an existing project crop-production record and is not independently verified farm-survey ground truth.,20.47,84.23,0.341634342682339,20.26735,84.50504,district_reference_coordinates_used_for_prototype
OBS0000623,DST16,Kandhamal,CRP013,Wheat,SEA99,Unknown,2023,20.47,84.23,6.76,37.25,38.84,65.84,19.89,1329.09,25.14,16.49,30.74,Rainfed,Red,2023-06-02,2023-09-10,1500.116,2.307,Wheat,SYNTHETIC_AI_GENERATED,Prototype only; crop_actual follows an existing project crop-production record and is not independently verified farm-survey ground truth.,20.47,84.23,0.34564854201919704,20.24795,84.49489,district_reference_coordinates_used_for_prototype
OBS0000624,DST16,Kandhamal,CRP013,Wheat,SEA99,Unknown,2024,20.47,84.23,6.14,65.44,40.69,55.15,25.16,1179.73,27.02,18.53,35.24,Irrigated,Loam,2024-06-18,2024-09-26,1291.096,2.232,Wheat,SYNTHETIC_AI_GENERATED,Prototype only; crop_actual follows an existing project crop-production record and is not independently verified farm-survey ground truth.,20.47,84.23,0.3541182792514365,20.24831,84.50614,district_reference_coordinates_used_for_prototype
OBS0000625,DST17,Kendrapara,CRP001,Groundnut,SEA01,Kharif,2022,20.5,86.42,5.64,59.06,34.29,23.6,31.73,749.15,25.19,18.76,32.04,Rainfed,Loam,2022-06-23,2022-10-11,3607.17,1.67,Groundnut,SYNTHETIC_AI_GENERATED,Prototype only; crop_actual follows an existing project crop-production record and is not independently verified farm-survey ground truth.,20.5,86.42,1.431833501528727,20.71631,85.0046,district_reference_coordinates_used_for_prototype
OBS0000626,DST17,Kendrapara,CRP001,Groundnut,SEA01,Kharif,2023,20.5,86.42,7.16,39.99,38.69,63.61,32.15,1221.95,26.83,20.62,34.2,Rainfed,Red,2023-06-11,2023-09-29,4904.557,1.982,Groundnut,SYNTHETIC_AI_GENERATED,Prototype only; crop_actual follows an existing project crop-production record and is not independently verified farm-survey ground truth.,20.5,86.42,1.4373050346046958,20.69973,84.99664,district_reference_coordinates_used_for_prototype
OBS0000627,DST17,Kendrapara,CRP001,Groundnut,SEA01,Kharif,2024,20.5,86.42,6.78,56.84,20.97,45.07,40.62,1253.56,27.1,19.79,34.18,Irrigated,Loam,2024-06-11,2024-09-29,3674.376,1.931,Groundnut,SYNTHETIC_AI_GENERATED,Prototype only; crop_actual follows an existing project crop-production record and is not independently verified farm-survey ground truth.,20.5,86.42,1.4487514462460425,20.70207,84.98541,district_reference_coordinates_used_for_prototype
OBS0000628,DST17,Kendrapara,CRP004,Maize,SEA01,Kharif,2022,20.5,86.42,6.98,73.64,15.84,47.02,22.9,572.48,25.64,17.1,30.72,Rainfed,Loam,2022-06-18,2022-09-26,8073.432,2.733,Maize,SYNTHETIC_AI_GENERATED,Prototype only; crop_actual follows an existing project crop-production record and is not independently verified farm-survey ground truth.,20.5,86.42,1.4387484070886116,20.69333,84.9943,district_reference_coordinates_used_for_prototype
OBS0000629,DST17,Kendrapara,CRP004,Maize,SEA01,Kharif,2023,20.5,86.42,7.04,76.71,33.77,45.27,18.46,790.22,27.63,21.95,36.1,Rainfed,Lateritic,2023-06-04,2023-09-12,6463.606,3.129,Maize,SYNTHETIC_AI_GENERATED,Prototype only; crop_actual follows an existing project crop-production record and is not independently verified farm-survey ground truth.,20.5,86.42,1.4363805554935603,20.72079,85.00069,district_reference_coordinates_used_for_prototype
OBS0000630,DST17,Kendrapara,CRP004,Maize,SEA01,Kharif,2024,20.5,86.42,6.04,51.55,19.13,50.72,41.15,1057.44,23.69,16.98,31.14,Irrigated,Lateritic,2024-06-09,2024-09-17,5359.183,3.262,Maize,SYNTHETIC_AI_GENERATED,Prototype only; crop_actual follows an existing project crop-production record and is not independently verified farm-survey ground truth.,20.5,86.42,1.4027901839191799,20.70076,85.03165,district_reference_coordinates_used_for_prototype
OBS0000631,DST17,Kendrapara,CRP005,Moong(Green Gram),SEA02,Rabi,2022,20.5,86.42,7.23,40.54,35.02,68.26,37.43,1112.52,30.94,21.95,37.7,Rainfed,Sandy loam,2022-10-02,2022-12-11,599.036,1.036,Moong(Green Gram),SYNTHETIC_AI_GENERATED,Prototype only; crop_actual follows an existing project crop-production record and is not independently verified farm-survey ground truth.,20.5,86.42,1.441426270226821,20.69845,84.9923,district_reference_coordinates_used_for_prototype
OBS0000632,DST17,Kendrapara,CRP005,Moong(Green Gram),SEA02,Rabi,2023,20.5,86.42,6.35,72.94,25.65,40.79,23.25,1329.42,25.8,17.39,33.71,Rainfed,Loam,2023-10-11,2023-12-20,404.942,0.873,Moong(Green Gram),SYNTHETIC_AI_GENERATED,Prototype only; crop_actual follows an existing project crop-production record and is not independently verified farm-survey ground truth.,20.5,86.42,1.4309688920797718,20.71145,85.00474,district_reference_coordinates_used_for_prototype
OBS0000633,DST17,Kendrapara,CRP005,Moong(Green Gram),SEA02,Rabi,2024,20.5,86.42,5.59,40.28,41.4,41.79,37.87,1124.45,25.11,17.1,31.27,Rainfed,Alluvial,2024-10-10,2024-12-19,606.849,1.028,Moong(Green Gram),SYNTHETIC_AI_GENERATED,Prototype only; crop_actual follows an existing project crop-production record and is not independently verified farm-survey ground truth.,20.5,86.42,1.428915821733391,20.69316,85.0042,district_reference_coordinates_used_for_prototype
OBS0000634,DST17,Kendrapara,CRP007,Ragi,SEA01,Kharif,2022,20.5,86.42,7.3,71.29,19.54,65.74,25.9,889.86,26.25,20.4,33.72,Irrigated,Sandy loam,2022-06-03,2022-09-21,7763.064,1.672,Ragi,SYNTHETIC_AI_GENERATED,Prototype only; crop_actual follows an existing project crop-production record and is not independently verified farm-survey ground truth.,20.5,86.42,1.4393597243913674,20.69279,84.99361,district_reference_coordinates_used_for_prototype
OBS0000635,DST17,Kendrapara,CRP007,Ragi,SEA01,Kharif,2023,20.5,86.42,6.08,32.0,39.82,60.23,32.44,1305.32,29.22,23.85,38.08,Irrigated,Red,2023-06-06,2023-09-24,7516.492,1.721,Ragi,SYNTHETIC_AI_GENERATED,Prototype only; crop_actual follows an existing project crop-production record and is not independently verified farm-survey ground truth.,20.5,86.42,1.4439078080334673,20.7041,84.99059,district_reference_coordinates_used_for_prototype
OBS0000636,DST17,Kendrapara,CRP007,Ragi,SEA01,Kharif,2024,20.5,86.42,6.46,59.7,22.73,60.54,36.85,1280.0,22.93,15.11,30.71,Rainfed,Lateritic,2024-06-23,2024-10-11,8025.613,1.317,Ragi,SYNTHETIC_AI_GENERATED,Prototype only; crop_actual follows an existing project crop-production record and is not independently verified farm-survey ground truth.,20.5,86.42,1.4375482262866888,20.69798,84.99615,district_reference_coordinates_used_for_prototype
OBS0000637,DST17,Kendrapara,CRP009,Rice,SEA01,Kharif,2022,20.5,86.42,6.13,38.3,48.78,61.42,20.72,1054.44,24.99,18.79,32.48,Rainfed,Loam,2022-06-05,2022-10-03,47008.294,2.283,Rice,SYNTHETIC_AI_GENERATED,Prototype only; crop_actual follows an existing project crop-production record and is not independently verified farm-survey ground truth.,20.5,86.42,1.434543237724126,20.7104,85.00097,district_reference_coordinates_used_for_prototype
OBS0000638,DST17,Kendrapara,CRP009,Rice,SEA01,Kharif,2023,20.5,86.42,7.11,31.01,39.64,35.28,20.9,1042.18,26.01,19.33,34.77,Rainfed,Lateritic,2023-06-20,2023-10-18,61863.509,2.443,Rice,SYNTHETIC_AI_GENERATED,Prototype only; crop_actual follows an existing project crop-production record and is not independently verified farm-survey ground truth.,20.5,86.42,1.4286949292623625,20.71595,85.00772,district_reference_coordinates_used_for_prototype
OBS0000639,DST17,Kendrapara,CRP009,Rice,SEA01,Kharif,2024,20.5,86.42,6.25,44.84,40.95,55.76,23.09,1059.79,30.53,23.51,39.23,Rainfed,Loam,2024-06-06,2024-10-04,62302.517,2.854,Rice,SYNTHETIC_AI_GENERATED,Prototype only; crop_actual follows an existing project crop-production record and is not independently verified farm-survey ground truth.,20.5,86.42,1.4208235402399514,20.69899,85.01318,district_reference_coordinates_used_for_prototype
OBS0000640,DST17,Kendrapara,CRP010,Sesamum,SEA01,Kharif,2022,20.5,86.42,5.69,76.38,33.17,50.47,42.66,1102.03,29.16,20.21,34.24,Irrigated,Loam,2022-06-16,2022-09-24,5790.723,0.981,Sesamum,SYNTHETIC_AI_GENERATED,Prototype only; crop_actual follows an existing project crop-production record and is not independently verified farm-survey ground truth.,20.5,86.42,1.4237385829217402,20.70225,85.0107,district_reference_coordinates_used_for_prototype
OBS0000641,DST17,Kendrapara,CRP010,Sesamum,SEA01,Kharif,2023,20.5,86.42,6.98,70.67,35.61,46.68,20.03,1274.74,25.0,18.36,32.82,Rainfed,Alluvial,2023-06-13,2023-09-21,4201.639,0.769,Sesamum,SYNTHETIC_AI_GENERATED,Prototype only; crop_actual follows an existing project crop-production record and is not independently verified farm-survey ground truth.,20.5,86.42,1.4298393344708409,20.7067,85.00518,district_reference_coordinates_used_for_prototype
OBS0000642,DST17,Kendrapara,CRP010,Sesamum,SEA01,Kharif,2024,20.5,86.42,6.19,44.86,23.71,62.11,26.59,933.55,27.4,20.36,33.45,Rainfed,Lateritic,2024-06-23,2024-10-01,5039.404,1.082,Sesamum,SYNTHETIC_AI_GENERATED,Prototype only; crop_actual follows an existing project crop-production record and is not independently verified farm-survey ground truth.,20.5,86.42,1.4256511568402663,20.71127,85.01009,district_reference_coordinates_used_for_prototype
OBS0000643,DST17,Kendrapara,CRP012,Urad,SEA02,Rabi,2022,20.5,86.42,6.79,66.47,43.07,55.46,41.87,1105.23,28.25,20.4,35.11,Rainfed,Sandy loam,2022-10-19,2023-01-07,3181.054,0.816,Urad,SYNTHETIC_AI_GENERATED,Prototype only; crop_actual follows an existing project crop-production record and is not independently verified farm-survey ground truth.,20.5,86.42,1.4358300108996187,20.70659,84.99911,district_reference_coordinates_used_for_prototype
OBS0000644,DST17,Kendrapara,CRP012,Urad,SEA02,Rabi,2023,20.5,86.42,6.19,67.2,45.66,43.46,39.04,765.04,29.67,20.69,38.57,Irrigated,Lateritic,2023-10-08,2023-12-27,2617.986,0.719,Urad,SYNTHETIC_AI_GENERATED,Prototype only; crop_actual follows an existing project crop-production record and is not independently verified farm-survey ground truth.,20.5,86.42,1.4447772332785438,20.69637,84.98863,district_reference_coordinates_used_for_prototype
OBS0000645,DST17,Kendrapara,CRP012,Urad,SEA02,Rabi,2024,20.5,86.42,6.42,57.1,30.82,31.92,42.09,980.25,21.29,15.57,28.31,Irrigated,Alluvial,2024-10-17,2025-01-05,3255.209,0.984,Urad,SYNTHETIC_AI_GENERATED,Prototype only; crop_actual follows an existing project crop-production record and is not independently verified farm-survey ground truth.,20.5,86.42,1.4199387407208757,20.72343,85.01775,district_reference_coordinates_used_for_prototype
OBS0000646,DST17,Kendrapara,CRP002,Horse Gram,SEA99,Unknown,2022,20.5,86.42,7.17,79.37,47.17,46.91,31.12,1154.28,25.87,17.18,32.62,Rainfed,Loam,2022-06-05,2022-09-13,1528.635,0.709,Horse Gram,SYNTHETIC_AI_GENERATED,Prototype only; crop_actual follows an existing project crop-production record and is not independently verified farm-survey ground truth.,20.5,86.42,1.4301760521698053,20.70009,85.00389,district_reference_coordinates_used_for_prototype
OBS0000647,DST17,Kendrapara,CRP002,Horse Gram,SEA99,Unknown,2023,20.5,86.42,6.51,68.13,35.73,62.39,35.96,844.11,27.65,19.47,36.0,Irrigated,Alluvial,2023-06-04,2023-09-12,1069.9,0.886,Horse Gram,SYNTHETIC_AI_GENERATED,Prototype only; crop_actual follows an existing project crop-production record and is not independently verified farm-survey ground truth.,20.5,86.42,1.4403394565518233,20.69374,84.99275,district_reference_coordinates_used_for_prototype
OBS0000648,DST17,Kendrapara,CRP002,Horse Gram,SEA99,Unknown,2024,20.5,86.42,6.5,48.96,44.2,57.06,42.45,1502.63,27.44,19.25,33.96,Rainfed,Red,2024-06-14,2024-09-22,1350.683,0.812,Horse Gram,SYNTHETIC_AI_GENERATED,Prototype only; crop_actual follows an existing project crop-production record and is not independently verified farm-survey ground truth.,20.5,86.42,1.4347624360848008,20.69652,84.99876,district_reference_coordinates_used_for_prototype
OBS0000649,DST17,Kendrapara,CRP006,Potato,SEA02,Rabi,2022,20.5,86.42,6.19,68.11,30.05,64.95,25.61,1101.34,27.54,21.91,33.04,Irrigated,Alluvial,2022-10-23,2023-01-31,7212.814,12.799,Potato,SYNTHETIC_AI_GENERATED,Prototype only; crop_actual follows an existing project crop-production record and is not independently verified farm-survey ground truth.,20.5,86.42,1.4474867613211584,20.70209,84.98669,district_reference_coordinates_used_for_prototype
OBS0000650,DST17,Kendrapara,CRP006,Potato,SEA02,Rabi,2023,20.5,86.42,6.89,70.48,39.7,61.47,23.7,1058.01,28.57,19.86,34.55,Irrigated,Red,2023-10-01,2024-01-09,7132.395,12.209,Potato,SYNTHETIC_AI_GENERATED,Prototype only; crop_actual follows an existing project crop-production record and is not independently verified farm-survey ground truth.,20.5,86.42,1.4311411237889848,20.69561,85.00229,district_reference_coordinates_used_for_prototype
OBS0000651,DST17,Kendrapara,CRP006,Potato,SEA02,Rabi,2024,20.5,86.42,6.39,34.9,42.47,27.29,38.77,1466.0,23.47,18.01,30.76,Rainfed,Red,2024-10-23,2025-01-31,5662.723,11.655,Potato,SYNTHETIC_AI_GENERATED,Prototype only; crop_actual follows an existing project crop-production record and is not independently verified farm-survey ground truth.,20.5,86.42,1.4396785749951277,20.69012,84.99293,district_reference_coordinates_used_for_prototype
OBS0000652,DST17,Kendrapara,CRP008,Rapeseed &Mustard,SEA02,Rabi,2022,20.5,86.42,6.47,49.41,19.51,54.57,27.51,1138.56,29.0,21.64,34.14,Rainfed,Loam,2022-10-10,2023-02-02,4499.647,1.091,Rapeseed &Mustard,SYNTHETIC_AI_GENERATED,Prototype only; crop_actual follows an existing project crop-production record and is not independently verified farm-survey ground truth.,20.5,86.42,1.451688884196608,20.70126,84.98233,district_reference_coordinates_used_for_prototype
OBS0000653,DST17,Kendrapara,CRP008,Rapeseed &Mustard,SEA02,Rabi,2023,20.5,86.42,6.03,68.29,42.08,36.01,42.07,1264.15,30.75,25.5,38.94,Rainfed,Loam,2023-10-20,2024-02-12,5034.76,0.815,Rapeseed &Mustard,SYNTHETIC_AI_GENERATED,Prototype only; crop_actual follows an existing project crop-production record and is not independently verified farm-survey ground truth.,20.5,86.42,1.4304428373059883,20.72598,85.00752,district_reference_coordinates_used_for_prototype
OBS0000654,DST17,Kendrapara,CRP008,Rapeseed &Mustard,SEA02,Rabi,2024,20.5,86.42,6.83,47.88,15.54,45.89,33.44,1330.03,31.19,25.94,38.76,Rainfed,Red,2024-10-09,2025-02-01,5084.071,0.819,Rapeseed &Mustard,SYNTHETIC_AI_GENERATED,Prototype only; crop_actual follows an existing project crop-production record and is not independently verified farm-survey ground truth.,20.5,86.42,1.4193709229443932,20.7108,85.01637,district_reference_coordinates_used_for_prototype
OBS0000655,DST17,Kendrapara,CRP011,Sugarcane,SEA03,Annual,2022,20.5,86.42,5.52,66.17,37.17,29.89,28.71,1111.66,25.4,19.33,32.56,Rainfed,Lateritic,2022-02-12,2022-12-09,13375.146,49.722,Sugarcane,SYNTHETIC_AI_GENERATED,Prototype only; crop_actual follows an existing project crop-production record and is not independently verified farm-survey ground truth.,20.5,86.42,1.4336946838500906,20.69472,84.99959,district_reference_coordinates_used_for_prototype
OBS0000656,DST17,Kendrapara,CRP011,Sugarcane,SEA03,Annual,2023,20.5,86.42,7.04,72.81,39.58,58.9,26.81,1208.85,25.15,19.49,33.26,Rainfed,Alluvial,2023-02-23,2023-12-20,11608.696,56.584,Sugarcane,SYNTHETIC_AI_GENERATED,Prototype only; crop_actual follows an existing project crop-production record and is not independently verified farm-survey ground truth.,20.5,86.42,1.4359372255081406,20.68166,84.9956,district_reference_coordinates_used_for_prototype
OBS0000657,DST17,Kendrapara,CRP011,Sugarcane,SEA03,Annual,2024,20.5,86.42,6.9,32.78,28.76,40.09,27.88,1323.94,28.77,22.19,35.54,Rainfed,Lateritic,2024-02-01,2024-11-27,10931.081,54.11,Sugarcane,SYNTHETIC_AI_GENERATED,Prototype only; crop_actual follows an existing project crop-production record and is not independently verified farm-survey ground truth.,20.5,86.42,1.4378947088712803,20.71207,84.99783,district_reference_coordinates_used_for_prototype
OBS0000658,DST17,Kendrapara,CRP003,Jute,SEA01,Kharif,2022,20.5,86.42,6.13,60.3,46.74,35.82,42.67,1549.44,27.22,20.62,36.1,Rainfed,Sandy loam,2022-06-18,2022-10-16,4698.234,2.664,Jute,SYNTHETIC_AI_GENERATED,Prototype only; crop_actual follows an existing project crop-production record and is not independently verified farm-survey ground truth.,20.5,86.42,1.4303192116447296,20.70646,85.00466,district_reference_coordinates_used_for_prototype
OBS0000659,DST17,Kendrapara,CRP003,Jute,SEA01,Kharif,2023,20.5,86.42,7.2,41.59,32.18,34.93,26.49,1181.52,27.02,18.68,35.0,Rainfed,Sandy loam,2023-06-04,2023-10-02,6009.495,2.442,Jute,SYNTHETIC_AI_GENERATED,Prototype only; crop_actual follows an existing project crop-production record and is not independently verified farm-survey ground truth.,20.5,86.42,1.4457013808529113,20.71905,84.99099,district_reference_coordinates_used_for_prototype
OBS0000660,DST17,Kendrapara,CRP003,Jute,SEA01,Kharif,2024,20.5,86.42,6.57,76.93,26.93,31.91,35.81,1417.96,27.98,22.05,35.48,Rainfed,Red,2024-06-18,2024-10-16,4423.566,2.727,Jute,SYNTHETIC_AI_GENERATED,Prototype only; crop_actual follows an existing project crop-production record and is not independently verified farm-survey ground truth.,20.5,86.42,1.4451105257730292,20.71611,84.99114,district_reference_coordinates_used_for_prototype
OBS0000661,DST17,Kendrapara,CRP013,Wheat,SEA99,Unknown,2022,20.5,86.42,5.77,43.28,16.9,42.94,38.41,1004.44,29.45,22.06,37.74,Rainfed,Sandy loam,2022-06-21,2022-09-29,1437.941,3.609,Wheat,SYNTHETIC_AI_GENERATED,Prototype only; crop_actual follows an existing project crop-production record and is not independently verified farm-survey ground truth.,20.5,86.42,1.4388155691401234,20.71972,84.99806,district_reference_coordinates_used_for_prototype
OBS0000662,DST17,Kendrapara,CRP013,Wheat,SEA99,Unknown,2023,20.5,86.42,6.21,74.29,31.2,55.89,26.92,1331.69,24.92,18.26,33.1,Irrigated,Red,2023-06-09,2023-09-17,1501.964,3.573,Wheat,SYNTHETIC_AI_GENERATED,Prototype only; crop_actual follows an existing project crop-production record and is not independently verified farm-survey ground truth.,20.5,86.42,1.4495984903758703,20.71828,84.98693,district_reference_coordinates_used_for_prototype
OBS0000663,DST17,Kendrapara,CRP013,Wheat,SEA99,Unknown,2024,20.5,86.42,6.71,43.49,29.32,31.25,38.97,1181.3,26.52,18.62,34.02,Rainfed,Red,2024-06-13,2024-09-21,1964.093,3.62,Wheat,SYNTHETIC_AI_GENERATED,Prototype only; crop_actual follows an existing project crop-production record and is not independently verified farm-survey ground truth.,20.5,86.42,1.4374246349983095,20.68142,84.99407,district_reference_coordinates_used_for_prototype
OBS0000664,DST18,Kendujhar,CRP001,Groundnut,SEA01,Kharif,2022,21.63,85.58,6.71,67.82,48.05,61.48,23.67,728.17,24.14,16.7,31.43,Rainfed,Sandy loam,2022-06-16,2022-10-04,4073.028,1.328,Groundnut,SYNTHETIC_AI_GENERATED,Prototype only; crop_actual follows an existing project crop-production record and is not independently verified farm-survey ground truth.,21.63,85.58,0.4893861359907923,21.14499,85.5147,district_reference_coordinates_used_for_prototype
OBS0000665,DST18,Kendujhar,CRP001,Groundnut,SEA01,Kharif,2023,21.63,85.58,5.72,60.16,16.29,60.93,26.91,1546.79,29.04,23.97,34.49,Rainfed,Sandy loam,2023-06-10,2023-09-28,4198.515,1.847,Groundnut,SYNTHETIC_AI_GENERATED,Prototype only; crop_actual follows an existing project crop-production record and is not independently verified farm-survey ground truth.,21.63,85.58,0.48868673830993004,21.14601,85.51241,district_reference_coordinates_used_for_prototype
OBS0000666,DST18,Kendujhar,CRP001,Groundnut,SEA01,Kharif,2024,21.63,85.58,6.59,43.52,26.74,66.41,27.55,915.79,27.67,21.23,33.32,Rainfed,Lateritic,2024-06-09,2024-09-27,3564.604,1.82,Groundnut,SYNTHETIC_AI_GENERATED,Prototype only; crop_actual follows an existing project crop-production record and is not independently verified farm-survey ground truth.,21.63,85.58,0.48650496441454566,21.149,85.50702,district_reference_coordinates_used_for_prototype
OBS0000667,DST18,Kendujhar,CRP004,Maize,SEA01,Kharif,2022,21.63,85.58,6.53,66.14,29.33,23.63,29.27,1036.15,25.55,17.58,31.94,Irrigated,Alluvial,2022-06-03,2022-09-11,11771.162,4.569,Maize,SYNTHETIC_AI_GENERATED,Prototype only; crop_actual follows an existing project crop-production record and is not independently verified farm-survey ground truth.,21.63,85.58,0.4972740355176394,21.13642,85.5195,district_reference_coordinates_used_for_prototype
OBS0000668,DST18,Kendujhar,CRP004,Maize,SEA01,Kharif,2023,21.63,85.58,5.59,36.02,37.93,69.1,39.76,986.19,25.85,16.88,30.9,Irrigated,Alluvial,2023-06-20,2023-09-28,9865.77,5.226,Maize,SYNTHETIC_AI_GENERATED,Prototype only; crop_actual follows an existing project crop-production record and is not independently verified farm-survey ground truth.,21.63,85.58,0.5030720939388269,21.13406,85.49559,district_reference_coordinates_used_for_prototype
OBS0000669,DST18,Kendujhar,CRP004,Maize,SEA01,Kharif,2024,21.63,85.58,6.81,59.29,27.87,60.8,39.24,782.96,28.16,21.82,36.13,Rainfed,Red,2024-06-08,2024-09-16,13909.594,5.299,Maize,SYNTHETIC_AI_GENERATED,Prototype only; crop_actual follows an existing project crop-production record and is not independently verified farm-survey ground truth.,21.63,85.58,0.48541180558367025,21.15219,85.49443,district_reference_coordinates_used_for_prototype
OBS0000670,DST18,Kendujhar,CRP005,Moong(Green Gram),SEA02,Rabi,2022,21.63,85.58,7.22,70.44,32.33,28.51,23.52,1037.88,24.73,19.43,31.74,Rainfed,Red,2022-10-17,2022-12-26,9433.944,0.876,Moong(Green Gram),SYNTHETIC_AI_GENERATED,Prototype only; crop_actual follows an existing project crop-production record and is not independently verified farm-survey ground truth.,21.63,85.58,0.4995056433114643,21.13779,85.49494,district_reference_coordinates_used_for_prototype
OBS0000671,DST18,Kendujhar,CRP005,Moong(Green Gram),SEA02,Rabi,2023,21.63,85.58,6.46,65.73,23.21,59.24,20.48,734.49,24.58,19.07,32.86,Irrigated,Red,2023-10-02,2023-12-11,8379.818,0.803,Moong(Green Gram),SYNTHETIC_AI_GENERATED,Prototype only; crop_actual follows an existing project crop-production record and is not independently verified farm-survey ground truth.,21.63,85.58,0.5011331499711424,21.13452,85.50494,district_reference_coordinates_used_for_prototype
OBS0000672,DST18,Kendujhar,CRP005,Moong(Green Gram),SEA02,Rabi,2024,21.63,85.58,6.39,57.37,47.78,27.85,39.02,1088.14,27.91,21.29,35.64,Irrigated,Alluvial,2024-10-02,2024-12-11,9220.702,0.656,Moong(Green Gram),SYNTHETIC_AI_GENERATED,Prototype only; crop_actual follows an existing project crop-production record and is not independently verified farm-survey ground truth.,21.63,85.58,0.4857796625014271,21.15073,85.50074,district_reference_coordinates_used_for_prototype
OBS0000673,DST18,Kendujhar,CRP007,Ragi,SEA01,Kharif,2022,21.63,85.58,5.95,32.37,24.61,37.66,34.49,1375.44,29.93,22.15,37.16,Rainfed,Alluvial,2022-06-07,2022-09-25,4785.702,0.97,Ragi,SYNTHETIC_AI_GENERATED,Prototype only; crop_actual follows an existing project crop-production record and is not independently verified farm-survey ground truth.,21.63,85.58,0.5010441255019352,21.13714,85.48981,district_reference_coordinates_used_for_prototype
OBS0000674,DST18,Kendujhar,CRP007,Ragi,SEA01,Kharif,2023,21.63,85.58,5.75,33.01,40.17,67.63,24.26,1338.47,23.84,18.09,32.42,Irrigated,Alluvial,2023-06-14,2023-10-02,4597.905,0.965,Ragi,SYNTHETIC_AI_GENERATED,Prototype only; crop_actual follows an existing project crop-production record and is not independently verified farm-survey ground truth.,21.63,85.58,0.4952293009303862,21.14141,85.49918,district_reference_coordinates_used_for_prototype
OBS0000675,DST18,Kendujhar,CRP007,Ragi,SEA01,Kharif,2024,21.63,85.58,5.91,74.71,37.75,25.13,37.85,1102.77,29.07,20.89,34.92,Irrigated,Red,2024-06-06,2024-09-24,4289.969,1.253,Ragi,SYNTHETIC_AI_GENERATED,Prototype only; crop_actual follows an existing project crop-production record and is not independently verified farm-survey ground truth.,21.63,85.58,0.4959432049136248,21.14095,85.4976,district_reference_coordinates_used_for_prototype
OBS0000676,DST18,Kendujhar,CRP009,Rice,SEA01,Kharif,2022,21.63,85.58,7.02,53.76,26.88,41.76,20.98,1251.43,29.74,21.49,37.88,Irrigated,Lateritic,2022-06-12,2022-10-10,52151.653,2.624,Rice,SYNTHETIC_AI_GENERATED,Prototype only; crop_actual follows an existing project crop-production record and is not independently verified farm-survey ground truth.,21.63,85.58,0.49818944238110585,21.14007,85.48966,district_reference_coordinates_used_for_prototype
OBS0000677,DST18,Kendujhar,CRP009,Rice,SEA01,Kharif,2023,21.63,85.58,6.81,36.1,41.52,68.83,36.33,1149.69,27.77,19.23,35.99,Rainfed,Alluvial,2023-06-05,2023-10-03,55763.111,2.385,Rice,SYNTHETIC_AI_GENERATED,Prototype only; crop_actual follows an existing project crop-production record and is not independently verified farm-survey ground truth.,21.63,85.58,0.4911516520383495,21.14483,85.50358,district_reference_coordinates_used_for_prototype
OBS0000678,DST18,Kendujhar,CRP009,Rice,SEA01,Kharif,2024,21.63,85.58,6.57,54.57,20.83,33.16,32.12,678.63,25.87,19.93,33.37,Irrigated,Lateritic,2024-06-05,2024-10-03,53917.021,3.046,Rice,SYNTHETIC_AI_GENERATED,Prototype only; crop_actual follows an existing project crop-production record and is not independently verified farm-survey ground truth.,21.63,85.58,0.50509439771195,21.13091,85.50235,district_reference_coordinates_used_for_prototype
OBS0000679,DST18,Kendujhar,CRP010,Sesamum,SEA01,Kharif,2022,21.63,85.58,6.88,42.99,39.43,23.2,42.16,992.74,29.92,24.63,35.52,Rainfed,Red,2022-06-04,2022-09-12,3706.489,0.485,Sesamum,SYNTHETIC_AI_GENERATED,Prototype only; crop_actual follows an existing project crop-production record and is not independently verified farm-survey ground truth.,21.63,85.58,0.46232229559042504,21.17497,85.49821,district_reference_coordinates_used_for_prototype
OBS0000680,DST18,Kendujhar,CRP010,Sesamum,SEA01,Kharif,2023,21.63,85.58,6.66,75.39,17.91,63.97,30.11,919.88,30.7,23.24,36.53,Rainfed,Loam,2023-06-15,2023-09-23,3988.503,0.451,Sesamum,SYNTHETIC_AI_GENERATED,Prototype only; crop_actual follows an existing project crop-production record and is not independently verified farm-survey ground truth.,21.63,85.58,0.5027534944682133,21.13411,85.49721,district_reference_coordinates_used_for_prototype
OBS0000681,DST18,Kendujhar,CRP010,Sesamum,SEA01,Kharif,2024,21.63,85.58,5.58,63.99,34.91,69.75,30.03,1277.52,29.7,21.29,38.16,Rainfed,Lateritic,2024-06-20,2024-09-28,3850.614,0.402,Sesamum,SYNTHETIC_AI_GENERATED,Prototype only; crop_actual follows an existing project crop-production record and is not independently verified farm-survey ground truth.,21.63,85.58,0.48430360002791506,21.15191,85.50267,district_reference_coordinates_used_for_prototype
OBS0000682,DST18,Kendujhar,CRP012,Urad,SEA02,Rabi,2022,21.63,85.58,6.22,55.12,20.57,50.49,31.07,1100.02,25.84,18.05,34.17,Rainfed,Red,2022-10-08,2022-12-27,3439.555,0.576,Urad,SYNTHETIC_AI_GENERATED,Prototype only; crop_actual follows an existing project crop-production record and is not independently verified farm-survey ground truth.,21.63,85.58,0.48619265985820703,21.14807,85.51576,district_reference_coordinates_used_for_prototype
OBS0000683,DST18,Kendujhar,CRP012,Urad,SEA02,Rabi,2023,21.63,85.58,5.97,33.96,44.54,37.87,30.44,1161.19,26.97,20.13,35.21,Rainfed,Sandy loam,2023-10-01,2023-12-20,3371.532,0.742,Urad,SYNTHETIC_AI_GENERATED,Prototype only; crop_actual follows an existing project crop-production record and is not independently verified farm-survey ground truth.,21.63,85.58,0.49309454387571383,21.14236,85.50686,district_reference_coordinates_used_for_prototype
OBS0000684,DST18,Kendujhar,CRP012,Urad,SEA02,Rabi,2024,21.63,85.58,5.78,32.8,37.09,34.99,31.67,1179.88,27.03,18.65,34.29,Rainfed,Red,2024-10-11,2024-12-30,2370.38,0.754,Urad,SYNTHETIC_AI_GENERATED,Prototype only; crop_actual follows an existing project crop-production record and is not independently verified farm-survey ground truth.,21.63,85.58,0.4828513645005041,21.15369,85.50079,district_reference_coordinates_used_for_prototype
OBS0000685,DST18,Kendujhar,CRP002,Horse Gram,SEA99,Unknown,2022,21.63,85.58,6.76,61.22,44.29,24.14,31.31,1455.98,26.63,17.69,34.63,Irrigated,Alluvial,2022-06-14,2022-09-22,4272.248,0.539,Horse Gram,SYNTHETIC_AI_GENERATED,Prototype only; crop_actual follows an existing project crop-production record and is not independently verified farm-survey ground truth.,21.63,85.58,0.4958264273916835,21.14106,85.49765,district_reference_coordinates_used_for_prototype
OBS0000686,DST18,Kendujhar,CRP002,Horse Gram,SEA99,Unknown,2023,21.63,85.58,6.1,31.51,36.59,69.33,34.98,1069.93,24.51,16.32,30.61,Rainfed,Alluvial,2023-06-04,2023-09-12,3537.461,0.538,Horse Gram,SYNTHETIC_AI_GENERATED,Prototype only; crop_actual follows an existing project crop-production record and is not independently verified farm-survey ground truth.,21.63,85.58,0.47873418898173403,21.15674,85.50781,district_reference_coordinates_used_for_prototype
OBS0000687,DST18,Kendujhar,CRP002,Horse Gram,SEA99,Unknown,2024,21.63,85.58,6.9,61.79,15.23,42.8,37.96,1069.33,30.42,22.61,38.52,Rainfed,Lateritic,2024-06-09,2024-09-17,4098.147,0.519,Horse Gram,SYNTHETIC_AI_GENERATED,Prototype only; crop_actual follows an existing project crop-production record and is not independently verified farm-survey ground truth.,21.63,85.58,0.477863342180584,21.15943,85.49683,district_reference_coordinates_used_for_prototype
OBS0000688,DST18,Kendujhar,CRP006,Potato,SEA02,Rabi,2022,21.63,85.58,6.45,45.08,35.9,67.26,35.26,1479.86,26.7,20.11,34.58,Irrigated,Loam,2022-10-11,2023-01-19,853.979,20.81,Potato,SYNTHETIC_AI_GENERATED,Prototype only; crop_actual follows an existing project crop-production record and is not independently verified farm-survey ground truth.,21.63,85.58,0.489101439376332,21.14774,85.49848,district_reference_coordinates_used_for_prototype
OBS0000689,DST18,Kendujhar,CRP006,Potato,SEA02,Rabi,2023,21.63,85.58,6.26,45.01,25.79,23.2,35.11,1453.39,27.82,19.16,33.18,Rainfed,Loam,2023-10-13,2024-01-21,1304.808,21.715,Potato,SYNTHETIC_AI_GENERATED,Prototype only; crop_actual follows an existing project crop-production record and is not independently verified farm-survey ground truth.,21.63,85.58,0.5108650374609703,21.12791,85.48572,district_reference_coordinates_used_for_prototype
OBS0000690,DST18,Kendujhar,CRP006,Potato,SEA02,Rabi,2024,21.63,85.58,5.97,47.65,29.14,40.5,34.71,1092.89,30.05,23.34,35.56,Rainfed,Loam,2024-10-10,2025-01-18,940.777,17.765,Potato,SYNTHETIC_AI_GENERATED,Prototype only; crop_actual follows an existing project crop-production record and is not independently verified farm-survey ground truth.,21.63,85.58,0.4822645160075545,21.15347,85.50585,district_reference_coordinates_used_for_prototype
OBS0000691,DST18,Kendujhar,CRP008,Rapeseed &Mustard,SEA02,Rabi,2022,21.63,85.58,6.51,45.88,19.29,58.81,18.07,1078.54,28.65,22.19,37.15,Irrigated,Lateritic,2022-10-19,2023-02-11,785.674,1.025,Rapeseed &Mustard,SYNTHETIC_AI_GENERATED,Prototype only; crop_actual follows an existing project crop-production record and is not independently verified farm-survey ground truth.,21.63,85.58,0.4897560548885547,21.14747,85.49618,district_reference_coordinates_used_for_prototype
OBS0000692,DST18,Kendujhar,CRP008,Rapeseed &Mustard,SEA02,Rabi,2023,21.63,85.58,6.64,38.17,16.52,64.89,22.93,1038.7,26.23,20.18,31.42,Rainfed,Lateritic,2023-10-24,2024-02-16,931.406,1.209,Rapeseed &Mustard,SYNTHETIC_AI_GENERATED,Prototype only; crop_actual follows an existing project crop-production record and is not independently verified farm-survey ground truth.,21.63,85.58,0.47771036120226656,21.15974,85.49596,district_reference_coordinates_used_for_prototype
OBS0000693,DST18,Kendujhar,CRP008,Rapeseed &Mustard,SEA02,Rabi,2024,21.63,85.58,6.26,50.7,16.43,42.65,37.28,775.53,28.08,21.78,33.68,Rainfed,Red,2024-10-03,2025-01-26,1189.526,1.233,Rapeseed &Mustard,SYNTHETIC_AI_GENERATED,Prototype only; crop_actual follows an existing project crop-production record and is not independently verified farm-survey ground truth.,21.63,85.58,0.45894749035156124,21.1777,85.50217,district_reference_coordinates_used_for_prototype
OBS0000694,DST18,Kendujhar,CRP011,Sugarcane,SEA03,Annual,2022,21.63,85.58,7.19,47.39,18.88,34.05,37.39,965.17,28.68,22.82,35.35,Rainfed,Lateritic,2022-02-24,2022-12-21,8617.677,77.94,Sugarcane,SYNTHETIC_AI_GENERATED,Prototype only; crop_actual follows an existing project crop-production record and is not independently verified farm-survey ground truth.,21.63,85.58,0.4992747928746215,21.13678,85.50248,district_reference_coordinates_used_for_prototype
OBS0000695,DST18,Kendujhar,CRP011,Sugarcane,SEA03,Annual,2023,21.63,85.58,6.15,76.92,20.07,34.32,39.08,1206.23,27.58,19.52,34.46,Irrigated,Sandy loam,2023-02-15,2023-12-12,6088.767,76.806,Sugarcane,SYNTHETIC_AI_GENERATED,Prototype only; crop_actual follows an existing project crop-production record and is not independently verified farm-survey ground truth.,21.63,85.58,0.502899610757455,21.13608,85.48539,district_reference_coordinates_used_for_prototype
OBS0000696,DST18,Kendujhar,CRP011,Sugarcane,SEA03,Annual,2024,21.63,85.58,6.73,42.65,24.4,22.25,28.99,1202.37,27.48,21.93,34.37,Rainfed,Loam,2024-02-22,2024-12-18,7216.471,71.112,Sugarcane,SYNTHETIC_AI_GENERATED,Prototype only; crop_actual follows an existing project crop-production record and is not independently verified farm-survey ground truth.,21.63,85.58,0.47535309065998343,21.15962,85.51142,district_reference_coordinates_used_for_prototype
OBS0000697,DST18,Kendujhar,CRP003,Jute,SEA01,Kharif,2022,21.63,85.58,6.41,36.86,29.91,22.46,24.44,1360.5,27.05,19.99,35.74,Irrigated,Loam,2022-06-13,2022-10-11,1180.713,2.378,Jute,SYNTHETIC_AI_GENERATED,Prototype only; crop_actual follows an existing project crop-production record and is not independently verified farm-survey ground truth.,21.63,85.58,0.4930657811083601,21.14498,85.49129,district_reference_coordinates_used_for_prototype
OBS0000698,DST18,Kendujhar,CRP003,Jute,SEA01,Kharif,2023,21.63,85.58,6.95,31.93,15.42,50.85,22.23,1480.14,29.26,22.63,36.1,Rainfed,Loam,2023-06-09,2023-10-07,867.746,2.387,Jute,SYNTHETIC_AI_GENERATED,Prototype only; crop_actual follows an existing project crop-production record and is not independently verified farm-survey ground truth.,21.63,85.58,0.491413006441627,21.1447,85.50273,district_reference_coordinates_used_for_prototype
OBS0000699,DST18,Kendujhar,CRP003,Jute,SEA01,Kharif,2024,21.63,85.58,6.25,62.05,15.4,29.25,23.58,1067.24,27.06,18.16,35.67,Irrigated,Red,2024-06-03,2024-10-01,1086.074,2.903,Jute,SYNTHETIC_AI_GENERATED,Prototype only; crop_actual follows an existing project crop-production record and is not independently verified farm-survey ground truth.,21.63,85.58,0.502316311700109,21.13751,85.48113,district_reference_coordinates_used_for_prototype
OBS0000700,DST18,Kendujhar,CRP013,Wheat,SEA99,Unknown,2022,21.63,85.58,7.28,78.25,19.72,53.7,24.62,822.8,26.16,20.45,34.38,Rainfed,Sandy loam,2022-06-01,2022-09-09,742.722,2.789,Wheat,SYNTHETIC_AI_GENERATED,Prototype only; crop_actual follows an existing project crop-production record and is not independently verified farm-survey ground truth.,21.63,85.58,0.4959411765522169,21.14091,85.49785,district_reference_coordinates_used_for_prototype
OBS0000701,DST18,Kendujhar,CRP013,Wheat,SEA99,Unknown,2023,21.63,85.58,6.75,44.86,45.66,44.37,32.96,1628.1,29.94,24.74,35.74,Rainfed,Red,2023-06-24,2023-10-02,698.382,3.051,Wheat,SYNTHETIC_AI_GENERATED,Prototype only; crop_actual follows an existing project crop-production record and is not independently verified farm-survey ground truth.,21.63,85.58,0.4939396823499789,21.14157,85.50643,district_reference_coordinates_used_for_prototype
OBS0000702,DST18,Kendujhar,CRP013,Wheat,SEA99,Unknown,2024,21.63,85.58,6.2,56.3,31.7,36.87,20.9,1234.31,28.39,19.52,34.43,Rainfed,Red,2024-06-12,2024-09-20,879.911,2.466,Wheat,SYNTHETIC_AI_GENERATED,Prototype only; crop_actual follows an existing project crop-production record and is not independently verified farm-survey ground truth.,21.63,85.58,0.48845554485541226,21.14993,85.48988,district_reference_coordinates_used_for_prototype
OBS0000703,DST19,Khordha,CRP001,Groundnut,SEA01,Kharif,2022,20.18,85.61,5.72,44.88,24.03,58.24,32.97,1111.62,24.42,16.17,32.38,Irrigated,Loam,2022-06-21,2022-10-09,4204.452,1.477,Groundnut,SYNTHETIC_AI_GENERATED,Prototype only; crop_actual follows an existing project crop-production record and is not independently verified farm-survey ground truth.,20.18,85.61,1.48289895980812,21.60691,86.01363,district_reference_coordinates_used_for_prototype
OBS0000704,DST19,Khordha,CRP001,Groundnut,SEA01,Kharif,2023,20.18,85.61,6.63,71.94,45.81,42.94,41.58,1383.8,28.15,20.38,33.54,Irrigated,Alluvial,2023-06-11,2023-09-29,5493.802,1.817,Groundnut,SYNTHETIC_AI_GENERATED,Prototype only; crop_actual follows an existing project crop-production record and is not independently verified farm-survey ground truth.,20.18,85.61,1.4632557638362493,21.59148,85.9958,district_reference_coordinates_used_for_prototype
OBS0000705,DST19,Khordha,CRP001,Groundnut,SEA01,Kharif,2024,20.18,85.61,6.96,43.78,37.36,47.03,34.94,833.78,26.94,19.9,34.46,Rainfed,Sandy loam,2024-06-13,2024-10-01,5749.61,1.568,Groundnut,SYNTHETIC_AI_GENERATED,Prototype only; crop_actual follows an existing project crop-production record and is not independently verified farm-survey ground truth.,20.18,85.61,1.4779899017922942,21.60673,85.99587,district_reference_coordinates_used_for_prototype
OBS0000706,DST19,Khordha,CRP004,Maize,SEA01,Kharif,2022,20.18,85.61,7.05,74.41,41.53,53.04,31.04,759.32,24.72,18.7,31.91,Rainfed,Lateritic,2022-06-13,2022-09-21,3895.145,2.179,Maize,SYNTHETIC_AI_GENERATED,Prototype only; crop_actual follows an existing project crop-production record and is not independently verified farm-survey ground truth.,20.18,85.61,1.4605532126218508,21.5879,85.99863,district_reference_coordinates_used_for_prototype
OBS0000707,DST19,Khordha,CRP004,Maize,SEA01,Kharif,2023,20.18,85.61,7.04,56.39,35.66,68.24,31.08,1344.2,30.33,23.6,37.91,Irrigated,Sandy loam,2023-06-01,2023-09-09,3829.767,2.067,Maize,SYNTHETIC_AI_GENERATED,Prototype only; crop_actual follows an existing project crop-production record and is not independently verified farm-survey ground truth.,20.18,85.61,1.4797373077678337,21.60774,85.99882,district_reference_coordinates_used_for_prototype
OBS0000708,DST19,Khordha,CRP004,Maize,SEA01,Kharif,2024,20.18,85.61,6.13,66.3,26.63,32.37,22.37,1181.09,30.79,25.51,36.87,Rainfed,Red,2024-06-08,2024-09-16,4262.72,2.291,Maize,SYNTHETIC_AI_GENERATED,Prototype only; crop_actual follows an existing project crop-production record and is not independently verified farm-survey ground truth.,20.18,85.61,1.4897560889286532,21.61506,86.00997,district_reference_coordinates_used_for_prototype
OBS0000709,DST19,Khordha,CRP005,Moong(Green Gram),SEA02,Rabi,2022,20.18,85.61,7.09,61.42,23.06,49.17,27.17,999.58,25.56,19.56,30.77,Rainfed,Lateritic,2022-10-04,2022-12-13,5338.053,1.089,Moong(Green Gram),SYNTHETIC_AI_GENERATED,Prototype only; crop_actual follows an existing project crop-production record and is not independently verified farm-survey ground truth.,20.18,85.61,1.4735203155708452,21.6026,85.99402,district_reference_coordinates_used_for_prototype
OBS0000710,DST19,Khordha,CRP005,Moong(Green Gram),SEA02,Rabi,2023,20.18,85.61,5.76,63.44,41.11,49.4,18.05,1157.36,26.11,18.89,34.27,Irrigated,Sandy loam,2023-10-08,2023-12-17,4759.248,1.082,Moong(Green Gram),SYNTHETIC_AI_GENERATED,Prototype only; crop_actual follows an existing project crop-production record and is not independently verified farm-survey ground truth.,20.18,85.61,1.4530460763513326,21.5857,85.9779,district_reference_coordinates_used_for_prototype
OBS0000711,DST19,Khordha,CRP005,Moong(Green Gram),SEA02,Rabi,2024,20.18,85.61,5.8,40.25,40.22,36.77,34.76,1020.83,26.92,17.92,34.82,Rainfed,Lateritic,2024-10-04,2024-12-13,4218.012,0.781,Moong(Green Gram),SYNTHETIC_AI_GENERATED,Prototype only; crop_actual follows an existing project crop-production record and is not independently verified farm-survey ground truth.,20.18,85.61,1.4765159305947237,21.60362,86.00167,district_reference_coordinates_used_for_prototype
OBS0000712,DST19,Khordha,CRP007,Ragi,SEA01,Kharif,2022,20.18,85.61,5.85,78.15,37.06,41.03,27.37,1332.44,23.91,15.74,30.54,Rainfed,Alluvial,2022-06-23,2022-10-11,809.914,1.534,Ragi,SYNTHETIC_AI_GENERATED,Prototype only; crop_actual follows an existing project crop-production record and is not independently verified farm-survey ground truth.,20.18,85.61,1.4699480011551442,21.59931,85.9925,district_reference_coordinates_used_for_prototype
OBS0000713,DST19,Khordha,CRP007,Ragi,SEA01,Kharif,2023,20.18,85.61,6.6,32.79,20.18,41.62,32.64,736.91,29.64,23.12,35.59,Irrigated,Loam,2023-06-09,2023-09-27,683.741,1.475,Ragi,SYNTHETIC_AI_GENERATED,Prototype only; crop_actual follows an existing project crop-production record and is not independently verified farm-survey ground truth.,20.18,85.61,1.4651005835777975,21.5904,86.0066,district_reference_coordinates_used_for_prototype
OBS0000714,DST19,Khordha,CRP007,Ragi,SEA01,Kharif,2024,20.18,85.61,5.57,77.0,28.62,26.53,31.99,1566.13,27.78,22.15,35.02,Rainfed,Alluvial,2024-06-12,2024-09-30,713.833,1.615,Ragi,SYNTHETIC_AI_GENERATED,Prototype only; crop_actual follows an existing project crop-production record and is not independently verified farm-survey ground truth.,20.18,85.61,1.4875388758953496,21.61183,86.01328,district_reference_coordinates_used_for_prototype
OBS0000715,DST19,Khordha,CRP009,Rice,SEA01,Kharif,2022,20.18,85.61,7.05,33.11,26.83,45.1,28.37,1009.11,27.85,19.19,35.85,Rainfed,Lateritic,2022-06-08,2022-10-06,57245.326,3.913,Rice,SYNTHETIC_AI_GENERATED,Prototype only; crop_actual follows an existing project crop-production record and is not independently verified farm-survey ground truth.,20.18,85.61,1.460133810751606,21.58923,85.99218,district_reference_coordinates_used_for_prototype
OBS0000716,DST19,Khordha,CRP009,Rice,SEA01,Kharif,2023,20.18,85.61,7.16,56.01,39.26,66.28,27.41,855.05,29.3,21.86,36.02,Irrigated,Loam,2023-06-23,2023-10-21,55542.471,2.804,Rice,SYNTHETIC_AI_GENERATED,Prototype only; crop_actual follows an existing project crop-production record and is not independently verified farm-survey ground truth.,20.18,85.61,1.4634845504138407,21.59442,85.98577,district_reference_coordinates_used_for_prototype
OBS0000717,DST19,Khordha,CRP009,Rice,SEA01,Kharif,2024,20.18,85.61,6.06,55.73,32.45,23.46,37.31,1242.32,29.98,21.37,35.31,Rainfed,Red,2024-06-23,2024-10-21,61981.588,4.138,Rice,SYNTHETIC_AI_GENERATED,Prototype only; crop_actual follows an existing project crop-production record and is not independently verified farm-survey ground truth.,20.18,85.61,1.4793089265261679,21.609,85.99251,district_reference_coordinates_used_for_prototype
OBS0000718,DST19,Khordha,CRP010,Sesamum,SEA01,Kharif,2022,20.18,85.61,5.99,42.4,46.46,32.17,38.19,934.55,28.41,21.61,34.73,Rainfed,Red,2022-06-19,2022-09-27,2292.236,0.547,Sesamum,SYNTHETIC_AI_GENERATED,Prototype only; crop_actual follows an existing project crop-production record and is not independently verified farm-survey ground truth.,20.18,85.61,1.461421242113305,21.58825,86.00062,district_reference_coordinates_used_for_prototype
OBS0000719,DST19,Khordha,CRP010,Sesamum,SEA01,Kharif,2023,20.18,85.61,7.11,56.99,16.32,21.24,26.85,876.96,29.37,24.22,37.59,Rainfed,Red,2023-06-09,2023-09-17,2132.439,0.659,Sesamum,SYNTHETIC_AI_GENERATED,Prototype only; crop_actual follows an existing project crop-production record and is not independently verified farm-survey ground truth.,20.18,85.61,1.4827692744658574,21.60947,86.00398,district_reference_coordinates_used_for_prototype
OBS0000720,DST19,Khordha,CRP010,Sesamum,SEA01,Kharif,2024,20.18,85.61,5.84,72.92,31.73,51.17,24.24,1255.78,26.42,17.88,34.06,Rainfed,Red,2024-06-17,2024-09-25,2247.426,0.669,Sesamum,SYNTHETIC_AI_GENERATED,Prototype only; crop_actual follows an existing project crop-production record and is not independently verified farm-survey ground truth.,20.18,85.61,1.465582482462179,21.5954,85.99023,district_reference_coordinates_used_for_prototype
OBS0000721,DST19,Khordha,CRP012,Urad,SEA02,Rabi,2022,20.18,85.61,6.59,34.29,37.59,64.47,37.22,795.21,28.58,21.45,36.03,Rainfed,Alluvial,2022-10-02,2022-12-21,201.899,0.721,Urad,SYNTHETIC_AI_GENERATED,Prototype only; crop_actual follows an existing project crop-production record and is not independently verified farm-survey ground truth.,20.18,85.61,1.4702391358211087,21.59973,85.99206,district_reference_coordinates_used_for_prototype
OBS0000722,DST19,Khordha,CRP012,Urad,SEA02,Rabi,2023,20.18,85.61,6.39,42.8,33.07,46.72,18.9,960.95,26.92,18.51,32.5,Rainfed,Red,2023-10-18,2024-01-06,278.445,0.676,Urad,SYNTHETIC_AI_GENERATED,Prototype only; crop_actual follows an existing project crop-production record and is not independently verified farm-survey ground truth.,20.18,85.61,1.4603398592108612,21.58788,85.9979,district_reference_coordinates_used_for_prototype
OBS0000723,DST19,Khordha,CRP012,Urad,SEA02,Rabi,2024,20.18,85.61,5.8,67.97,38.46,29.95,18.53,771.09,25.37,18.6,32.48,Rainfed,Alluvial,2024-10-22,2025-01-10,294.76,0.799,Urad,SYNTHETIC_AI_GENERATED,Prototype only; crop_actual follows an existing project crop-production record and is not independently verified farm-survey ground truth.,20.18,85.61,1.4818989724336806,21.61086,85.99557,district_reference_coordinates_used_for_prototype
OBS0000724,DST19,Khordha,CRP002,Horse Gram,SEA99,Unknown,2022,20.18,85.61,6.44,79.02,16.83,65.88,22.64,1118.17,26.94,19.37,33.95,Irrigated,Sandy loam,2022-06-08,2022-09-16,3822.417,0.639,Horse Gram,SYNTHETIC_AI_GENERATED,Prototype only; crop_actual follows an existing project crop-production record and is not independently verified farm-survey ground truth.,20.18,85.61,1.4678294321207768,21.59373,86.00483,district_reference_coordinates_used_for_prototype
OBS0000725,DST19,Khordha,CRP002,Horse Gram,SEA99,Unknown,2023,20.18,85.61,6.03,65.63,40.37,62.9,19.43,1105.05,22.37,14.23,30.4,Rainfed,Sandy loam,2023-06-14,2023-09-22,3552.846,0.606,Horse Gram,SYNTHETIC_AI_GENERATED,Prototype only; crop_actual follows an existing project crop-production record and is not independently verified farm-survey ground truth.,20.18,85.61,1.4730586795168759,21.60338,85.98933,district_reference_coordinates_used_for_prototype
OBS0000726,DST19,Khordha,CRP002,Horse Gram,SEA99,Unknown,2024,20.18,85.61,6.49,79.04,46.18,28.22,22.87,1175.6,27.52,19.69,33.98,Rainfed,Sandy loam,2024-06-22,2024-09-30,2869.115,0.848,Horse Gram,SYNTHETIC_AI_GENERATED,Prototype only; crop_actual follows an existing project crop-production record and is not independently verified farm-survey ground truth.,20.18,85.61,1.479609541061427,21.60264,86.01662,district_reference_coordinates_used_for_prototype
OBS0000727,DST19,Khordha,CRP006,Potato,SEA02,Rabi,2022,20.18,85.61,6.62,69.94,49.2,69.26,33.03,1055.98,27.39,20.81,34.13,Rainfed,Lateritic,2022-10-22,2023-01-30,1313.496,15.397,Potato,SYNTHETIC_AI_GENERATED,Prototype only; crop_actual follows an existing project crop-production record and is not independently verified farm-survey ground truth.,20.18,85.61,1.4804128790644855,21.61437,85.97634,district_reference_coordinates_used_for_prototype
OBS0000728,DST19,Khordha,CRP006,Potato,SEA02,Rabi,2023,20.18,85.61,6.34,50.99,49.48,59.5,39.64,972.11,26.59,19.69,34.55,Irrigated,Red,2023-10-19,2024-01-27,1042.247,18.617,Potato,SYNTHETIC_AI_GENERATED,Prototype only; crop_actual follows an existing project crop-production record and is not independently verified farm-survey ground truth.,20.18,85.61,1.4742977634792775,21.60223,85.99835,district_reference_coordinates_used_for_prototype
OBS0000729,DST19,Khordha,CRP006,Potato,SEA02,Rabi,2024,20.18,85.61,7.28,33.89,25.06,67.87,29.02,910.08,25.53,18.6,33.85,Irrigated,Loam,2024-10-18,2025-01-26,1485.098,16.978,Potato,SYNTHETIC_AI_GENERATED,Prototype only; crop_actual follows an existing project crop-production record and is not independently verified farm-survey ground truth.,20.18,85.61,1.471914923798249,21.59823,86.0039,district_reference_coordinates_used_for_prototype
OBS0000730,DST19,Khordha,CRP008,Rapeseed &Mustard,SEA02,Rabi,2022,20.18,85.61,6.67,77.53,47.05,39.24,39.57,1339.77,28.07,19.53,35.55,Rainfed,Red,2022-10-08,2023-01-31,679.963,1.092,Rapeseed &Mustard,SYNTHETIC_AI_GENERATED,Prototype only; crop_actual follows an existing project crop-production record and is not independently verified farm-survey ground truth.,20.18,85.61,1.4731695936653066,21.60471,85.98474,district_reference_coordinates_used_for_prototype
OBS0000731,DST19,Khordha,CRP008,Rapeseed &Mustard,SEA02,Rabi,2023,20.18,85.61,6.28,63.39,16.94,52.91,23.97,1074.22,26.91,19.69,34.18,Irrigated,Red,2023-10-13,2024-02-05,612.362,0.806,Rapeseed &Mustard,SYNTHETIC_AI_GENERATED,Prototype only; crop_actual follows an existing project crop-production record and is not independently verified farm-survey ground truth.,20.18,85.61,1.4593737337639054,21.58402,86.00812,district_reference_coordinates_used_for_prototype
OBS0000732,DST19,Khordha,CRP008,Rapeseed &Mustard,SEA02,Rabi,2024,20.18,85.61,6.72,56.54,18.54,52.84,38.99,934.27,25.74,16.94,31.37,Irrigated,Lateritic,2024-10-02,2025-01-25,698.327,0.95,Rapeseed &Mustard,SYNTHETIC_AI_GENERATED,Prototype only; crop_actual follows an existing project crop-production record and is not independently verified farm-survey ground truth.,20.18,85.61,1.4524580744723756,21.5813,85.99209,district_reference_coordinates_used_for_prototype
OBS0000733,DST19,Khordha,CRP011,Sugarcane,SEA03,Annual,2022,20.18,85.61,6.96,58.38,42.04,42.48,21.76,880.99,25.56,19.34,32.83,Rainfed,Alluvial,2022-02-18,2022-12-15,8539.926,48.533,Sugarcane,SYNTHETIC_AI_GENERATED,Prototype only; crop_actual follows an existing project crop-production record and is not independently verified farm-survey ground truth.,20.18,85.61,1.481600068338279,21.60693,86.00876,district_reference_coordinates_used_for_prototype
OBS0000734,DST19,Khordha,CRP011,Sugarcane,SEA03,Annual,2023,20.18,85.61,6.29,40.61,30.16,66.32,35.14,913.21,25.81,20.03,33.17,Irrigated,Loam,2023-02-01,2023-11-28,9968.472,61.556,Sugarcane,SYNTHETIC_AI_GENERATED,Prototype only; crop_actual follows an existing project crop-production record and is not independently verified farm-survey ground truth.,20.18,85.61,1.4667460252204512,21.59905,85.981,district_reference_coordinates_used_for_prototype
OBS0000735,DST19,Khordha,CRP011,Sugarcane,SEA03,Annual,2024,20.18,85.61,6.39,46.07,22.94,58.42,37.89,749.67,27.08,18.87,35.01,Rainfed,Sandy loam,2024-02-19,2024-12-15,6421.073,43.937,Sugarcane,SYNTHETIC_AI_GENERATED,Prototype only; crop_actual follows an existing project crop-production record and is not independently verified farm-survey ground truth.,20.18,85.61,1.4594938325666227,21.58808,85.99397,district_reference_coordinates_used_for_prototype
OBS0000736,DST19,Khordha,CRP003,Jute,SEA01,Kharif,2022,20.18,85.61,7.01,74.65,36.95,28.1,41.04,1296.66,24.86,16.61,30.9,Rainfed,Alluvial,2022-06-13,2022-10-11,1540.943,2.147,Jute,SYNTHETIC_AI_GENERATED,Prototype only; crop_actual follows an existing project crop-production record and is not independently verified farm-survey ground truth.,20.18,85.61,1.4675983975529523,21.59679,85.99282,district_reference_coordinates_used_for_prototype
OBS0000737,DST19,Khordha,CRP003,Jute,SEA01,Kharif,2023,20.18,85.61,5.67,77.86,41.01,42.18,26.32,1480.48,25.86,20.53,32.65,Irrigated,Lateritic,2023-06-20,2023-10-18,1567.065,2.335,Jute,SYNTHETIC_AI_GENERATED,Prototype only; crop_actual follows an existing project crop-production record and is not independently verified farm-survey ground truth.,20.18,85.61,1.4844487513215106,21.61172,86.00213,district_reference_coordinates_used_for_prototype
OBS0000738,DST19,Khordha,CRP003,Jute,SEA01,Kharif,2024,20.18,85.61,6.4,31.47,24.35,59.05,24.69,1145.81,26.36,18.16,33.13,Irrigated,Sandy loam,2024-06-07,2024-10-05,1066.694,2.077,Jute,SYNTHETIC_AI_GENERATED,Prototype only; crop_actual follows an existing project crop-production record and is not independently verified farm-survey ground truth.,20.18,85.61,1.4891475929873446,21.61464,86.00921,district_reference_coordinates_used_for_prototype
OBS0000739,DST19,Khordha,CRP013,Wheat,SEA99,Unknown,2022,20.18,85.61,5.83,49.5,21.45,38.4,20.61,1129.04,25.94,20.47,33.28,Rainfed,Red,2022-06-16,2022-09-24,657.783,1.61,Wheat,SYNTHETIC_AI_GENERATED,Prototype only; crop_actual follows an existing project crop-production record and is not independently verified farm-survey ground truth.,20.18,85.61,1.4802997260352373,21.6057,86.00833,district_reference_coordinates_used_for_prototype
OBS0000740,DST19,Khordha,CRP013,Wheat,SEA99,Unknown,2023,20.18,85.61,5.85,39.81,36.13,55.3,36.3,1056.28,28.31,21.49,35.02,Rainfed,Lateritic,2023-06-03,2023-09-11,918.696,1.584,Wheat,SYNTHETIC_AI_GENERATED,Prototype only; crop_actual follows an existing project crop-production record and is not independently verified farm-survey ground truth.,20.18,85.61,1.4564347948672478,21.58286,86.00139,district_reference_coordinates_used_for_prototype
OBS0000741,DST19,Khordha,CRP013,Wheat,SEA99,Unknown,2024,20.18,85.61,6.14,73.83,15.91,24.97,19.17,1033.56,25.92,20.0,31.28,Rainfed,Sandy loam,2024-06-04,2024-09-12,807.045,2.174,Wheat,SYNTHETIC_AI_GENERATED,Prototype only; crop_actual follows an existing project crop-production record and is not independently verified farm-survey ground truth.,20.18,85.61,1.4625313448948694,21.59012,85.99802,district_reference_coordinates_used_for_prototype
OBS0000742,DST20,Koraput,CRP001,Groundnut,SEA01,Kharif,2022,18.81,82.71,5.82,69.96,29.8,56.96,21.24,988.89,29.74,23.83,35.12,Rainfed,Loam,2022-06-02,2022-09-20,6403.502,2.148,Groundnut,SYNTHETIC_AI_GENERATED,Prototype only; crop_actual follows an existing project crop-production record and is not independently verified farm-survey ground truth.,18.81,82.71,4.9799862366275685,22.03231,86.50697,district_reference_coordinates_used_for_prototype
OBS0000743,DST20,Koraput,CRP001,Groundnut,SEA01,Kharif,2023,18.81,82.71,5.89,77.67,29.84,36.48,36.21,854.05,26.86,21.29,33.05,Irrigated,Sandy loam,2023-06-07,2023-09-25,6980.298,1.665,Groundnut,SYNTHETIC_AI_GENERATED,Prototype only; crop_actual follows an existing project crop-production record and is not independently verified farm-survey ground truth.,18.81,82.71,4.990380546611657,22.053,86.503,district_reference_coordinates_used_for_prototype
OBS0000744,DST20,Koraput,CRP001,Groundnut,SEA01,Kharif,2024,18.81,82.71,6.95,78.88,18.78,36.26,24.56,1202.69,28.87,21.35,36.89,Rainfed,Loam,2024-06-24,2024-10-12,8150.923,1.822,Groundnut,SYNTHETIC_AI_GENERATED,Prototype only; crop_actual follows an existing project crop-production record and is not independently verified farm-survey ground truth.,18.81,82.71,4.979892008788956,22.05676,86.48596,district_reference_coordinates_used_for_prototype
OBS0000745,DST20,Koraput,CRP004,Maize,SEA01,Kharif,2022,18.81,82.71,7.16,79.09,31.74,22.79,19.77,1132.52,30.11,24.61,39.0,Rainfed,Alluvial,2022-06-16,2022-09-24,3830.322,2.802,Maize,SYNTHETIC_AI_GENERATED,Prototype only; crop_actual follows an existing project crop-production record and is not independently verified farm-survey ground truth.,18.81,82.71,4.990794791423512,22.0507,86.50551,district_reference_coordinates_used_for_prototype
OBS0000746,DST20,Koraput,CRP004,Maize,SEA01,Kharif,2023,18.81,82.71,7.13,49.57,48.78,29.87,25.91,948.65,27.34,22.15,32.57,Irrigated,Red,2023-06-20,2023-09-28,3692.394,2.871,Maize,SYNTHETIC_AI_GENERATED,Prototype only; crop_actual follows an existing project crop-production record and is not independently verified farm-survey ground truth.,18.81,82.71,4.973027690381388,22.05667,86.47698,district_reference_coordinates_used_for_prototype
OBS0000747,DST20,Koraput,CRP004,Maize,SEA01,Kharif,2024,18.81,82.71,7.21,73.27,42.47,66.57,35.91,1537.18,25.16,18.22,31.61,Rainfed,Alluvial,2024-06-24,2024-10-02,3970.031,2.749,Maize,SYNTHETIC_AI_GENERATED,Prototype only; crop_actual follows an existing project crop-production record and is not independently verified farm-survey ground truth.,18.81,82.71,5.006625223461418,22.07121,86.50879,district_reference_coordinates_used_for_prototype
OBS0000748,DST20,Koraput,CRP005,Moong(Green Gram),SEA02,Rabi,2022,18.81,82.71,6.17,64.29,37.26,51.81,21.89,744.17,27.86,21.24,36.66,Rainfed,Red,2022-10-12,2022-12-21,1793.761,1.341,Moong(Green Gram),SYNTHETIC_AI_GENERATED,Prototype only; crop_actual follows an existing project crop-production record and is not independently verified farm-survey ground truth.,18.81,82.71,4.9783339908547815,22.05494,86.48547,district_reference_coordinates_used_for_prototype
OBS0000749,DST20,Koraput,CRP005,Moong(Green Gram),SEA02,Rabi,2023,18.81,82.71,6.04,65.1,43.06,50.83,27.91,1241.48,28.28,20.18,35.17,Rainfed,Sandy loam,2023-10-05,2023-12-14,1861.525,0.986,Moong(Green Gram),SYNTHETIC_AI_GENERATED,Prototype only; crop_actual follows an existing project crop-production record and is not independently verified farm-survey ground truth.,18.81,82.71,4.977221983275415,22.03798,86.49852,district_reference_coordinates_used_for_prototype
OBS0000750,DST20,Koraput,CRP005,Moong(Green Gram),SEA02,Rabi,2024,18.81,82.71,5.78,69.93,41.98,47.94,24.8,1101.93,30.17,23.61,35.19,Rainfed,Alluvial,2024-10-02,2024-12-11,2038.527,1.265,Moong(Green Gram),SYNTHETIC_AI_GENERATED,Prototype only; crop_actual follows an existing project crop-production record and is not independently verified farm-survey ground truth.,18.81,82.71,4.992467040221706,22.06351,86.49674,district_reference_coordinates_used_for_prototype
OBS0000751,DST20,Koraput,CRP007,Ragi,SEA01,Kharif,2022,18.81,82.71,5.73,49.42,34.39,25.31,23.22,1114.13,33.03,26.29,39.02,Rainfed,Sandy loam,2022-06-08,2022-09-26,4289.969,1.399,Ragi,SYNTHETIC_AI_GENERATED,Prototype only; crop_actual follows an existing project crop-production record and is not independently verified farm-survey ground truth.,18.81,82.71,4.966403145496758,22.03294,86.4886,district_reference_coordinates_used_for_prototype
OBS0000752,DST20,Koraput,CRP007,Ragi,SEA01,Kharif,2023,18.81,82.71,5.85,50.73,22.46,43.37,22.55,967.6,28.06,20.67,35.78,Rainfed,Alluvial,2023-06-12,2023-09-30,3213.915,0.982,Ragi,SYNTHETIC_AI_GENERATED,Prototype only; crop_actual follows an existing project crop-production record and is not independently verified farm-survey ground truth.,18.81,82.71,4.975452571696372,22.04156,86.49314,district_reference_coordinates_used_for_prototype
OBS0000753,DST20,Koraput,CRP007,Ragi,SEA01,Kharif,2024,18.81,82.71,6.1,51.67,15.15,42.08,31.93,1537.86,27.97,22.2,36.8,Irrigated,Alluvial,2024-06-12,2024-09-30,3817.405,1.278,Ragi,SYNTHETIC_AI_GENERATED,Prototype only; crop_actual follows an existing project crop-production record and is not independently verified farm-survey ground truth.,18.81,82.71,4.983640298516738,22.04385,86.50195,district_reference_coordinates_used_for_prototype
OBS0000754,DST20,Koraput,CRP009,Rice,SEA01,Kharif,2022,18.81,82.71,6.59,64.84,37.88,52.01,42.04,811.7,29.05,20.3,37.62,Irrigated,Sandy loam,2022-06-20,2022-10-18,17321.495,2.265,Rice,SYNTHETIC_AI_GENERATED,Prototype only; crop_actual follows an existing project crop-production record and is not independently verified farm-survey ground truth.,18.81,82.71,4.990142028539873,22.04939,86.50577,district_reference_coordinates_used_for_prototype
OBS0000755,DST20,Koraput,CRP009,Rice,SEA01,Kharif,2023,18.81,82.71,5.56,41.97,33.09,63.31,32.21,897.21,26.73,20.41,35.42,Rainfed,Lateritic,2023-06-01,2023-09-29,20537.95,2.097,Rice,SYNTHETIC_AI_GENERATED,Prototype only; crop_actual follows an existing project crop-production record and is not independently verified farm-survey ground truth.,18.81,82.71,4.982092717172183,22.04184,86.50163,district_reference_coordinates_used_for_prototype
OBS0000756,DST20,Koraput,CRP009,Rice,SEA01,Kharif,2024,18.81,82.71,6.93,60.7,23.67,60.52,38.27,1055.12,25.74,18.65,31.87,Rainfed,Lateritic,2024-06-03,2024-10-01,25544.24,2.341,Rice,SYNTHETIC_AI_GENERATED,Prototype only; crop_actual follows an existing project crop-production record and is not independently verified farm-survey ground truth.,18.81,82.71,4.975074568868295,22.04333,86.49113,district_reference_coordinates_used_for_prototype
OBS0000757,DST20,Koraput,CRP010,Sesamum,SEA01,Kharif,2022,18.81,82.71,6.79,79.1,37.27,25.03,30.72,961.73,30.37,22.55,38.54,Irrigated,Alluvial,2022-06-12,2022-09-20,2452.538,0.578,Sesamum,SYNTHETIC_AI_GENERATED,Prototype only; crop_actual follows an existing project crop-production record and is not independently verified farm-survey ground truth.,18.81,82.71,4.987839088222482,22.05442,86.49844,district_reference_coordinates_used_for_prototype
OBS0000758,DST20,Koraput,CRP010,Sesamum,SEA01,Kharif,2023,18.81,82.71,7.02,79.38,36.26,65.09,20.39,958.4,26.81,20.24,33.39,Irrigated,Red,2023-06-18,2023-09-26,2043.092,0.733,Sesamum,SYNTHETIC_AI_GENERATED,Prototype only; crop_actual follows an existing project crop-production record and is not independently verified farm-survey ground truth.,18.81,82.71,4.973318922771796,22.0305,86.49976,district_reference_coordinates_used_for_prototype
OBS0000759,DST20,Koraput,CRP010,Sesamum,SEA01,Kharif,2024,18.81,82.71,5.53,69.08,23.81,59.11,18.6,1336.34,27.74,19.52,33.77,Irrigated,Sandy loam,2024-06-17,2024-09-25,1611.531,0.698,Sesamum,SYNTHETIC_AI_GENERATED,Prototype only; crop_actual follows an existing project crop-production record and is not independently verified farm-survey ground truth.,18.81,82.71,4.975073573566526,22.038,86.49568,district_reference_coordinates_used_for_prototype
OBS0000760,DST20,Koraput,CRP012,Urad,SEA02,Rabi,2022,18.81,82.71,5.63,51.83,49.62,46.56,26.03,983.0,26.06,18.85,34.75,Irrigated,Lateritic,2022-10-10,2022-12-29,3587.298,0.911,Urad,SYNTHETIC_AI_GENERATED,Prototype only; crop_actual follows an existing project crop-production record and is not independently verified farm-survey ground truth.,18.81,82.71,4.979805174753337,22.04613,86.49496,district_reference_coordinates_used_for_prototype
OBS0000761,DST20,Koraput,CRP012,Urad,SEA02,Rabi,2023,18.81,82.71,6.48,58.93,44.46,22.74,25.18,918.93,29.27,21.57,37.48,Irrigated,Alluvial,2023-10-05,2023-12-24,3567.068,0.93,Urad,SYNTHETIC_AI_GENERATED,Prototype only; crop_actual follows an existing project crop-production record and is not independently verified farm-survey ground truth.,18.81,82.71,4.976287819499592,22.04647,86.49004,district_reference_coordinates_used_for_prototype
OBS0000762,DST20,Koraput,CRP012,Urad,SEA02,Rabi,2024,18.81,82.71,7.15,63.31,20.37,34.91,19.49,949.18,27.31,19.13,32.96,Rainfed,Alluvial,2024-10-15,2025-01-03,3197.908,0.674,Urad,SYNTHETIC_AI_GENERATED,Prototype only; crop_actual follows an existing project crop-production record and is not independently verified farm-survey ground truth.,18.81,82.71,4.993577571501227,22.04915,86.51049,district_reference_coordinates_used_for_prototype
OBS0000763,DST20,Koraput,CRP002,Horse Gram,SEA99,Unknown,2022,18.81,82.71,6.9,32.18,23.66,26.85,22.97,1299.55,25.79,20.26,32.27,Rainfed,Red,2022-06-16,2022-09-24,3609.478,0.652,Horse Gram,SYNTHETIC_AI_GENERATED,Prototype only; crop_actual follows an existing project crop-production record and is not independently verified farm-survey ground truth.,18.81,82.71,5.002774131069684,22.05353,86.51884,district_reference_coordinates_used_for_prototype
OBS0000764,DST20,Koraput,CRP002,Horse Gram,SEA99,Unknown,2023,18.81,82.71,6.55,65.89,39.16,40.03,25.75,1223.27,28.59,21.13,35.17,Irrigated,Sandy loam,2023-06-07,2023-09-15,3201.507,0.866,Horse Gram,SYNTHETIC_AI_GENERATED,Prototype only; crop_actual follows an existing project crop-production record and is not independently verified farm-survey ground truth.,18.81,82.71,4.998618318905735,22.04734,86.51865,district_reference_coordinates_used_for_prototype
OBS0000765,DST20,Koraput,CRP002,Horse Gram,SEA99,Unknown,2024,18.81,82.71,6.27,38.25,49.83,39.58,19.41,978.14,26.17,17.29,34.19,Rainfed,Red,2024-06-14,2024-09-22,3777.452,0.806,Horse Gram,SYNTHETIC_AI_GENERATED,Prototype only; crop_actual follows an existing project crop-production record and is not independently verified farm-survey ground truth.,18.81,82.71,4.988723695455584,22.06014,86.4947,district_reference_coordinates_used_for_prototype
OBS0000766,DST20,Koraput,CRP006,Potato,SEA02,Rabi,2022,18.81,82.71,6.3,50.81,17.34,24.3,18.92,585.36,30.57,23.54,37.15,Rainfed,Loam,2022-10-24,2023-02-01,1042.911,16.079,Potato,SYNTHETIC_AI_GENERATED,Prototype only; crop_actual follows an existing project crop-production record and is not independently verified farm-survey ground truth.,18.81,82.71,5.000436622096118,22.06204,86.5085,district_reference_coordinates_used_for_prototype
OBS0000767,DST20,Koraput,CRP006,Potato,SEA02,Rabi,2023,18.81,82.71,6.0,66.04,18.3,30.28,26.45,951.82,31.79,24.14,39.47,Rainfed,Lateritic,2023-10-03,2024-01-11,719.943,15.738,Potato,SYNTHETIC_AI_GENERATED,Prototype only; crop_actual follows an existing project crop-production record and is not independently verified farm-survey ground truth.,18.81,82.71,5.003158909189279,22.06009,86.51375,district_reference_coordinates_used_for_prototype
OBS0000768,DST20,Koraput,CRP006,Potato,SEA02,Rabi,2024,18.81,82.71,7.17,74.07,36.27,58.25,35.95,1131.23,28.06,22.76,36.46,Rainfed,Lateritic,2024-10-11,2025-01-19,721.251,15.986,Potato,SYNTHETIC_AI_GENERATED,Prototype only; crop_actual follows an existing project crop-production record and is not independently verified farm-survey ground truth.,18.81,82.71,4.986032751687463,22.05128,86.49875,district_reference_coordinates_used_for_prototype
OBS0000769,DST20,Koraput,CRP008,Rapeseed &Mustard,SEA02,Rabi,2022,18.81,82.71,6.57,56.44,29.05,61.14,31.01,894.94,28.69,20.82,36.62,Rainfed,Alluvial,2022-10-17,2023-02-09,2817.207,1.315,Rapeseed &Mustard,SYNTHETIC_AI_GENERATED,Prototype only; crop_actual follows an existing project crop-production record and is not independently verified farm-survey ground truth.,18.81,82.71,4.979679477717419,22.05392,86.48812,district_reference_coordinates_used_for_prototype
OBS0000770,DST20,Koraput,CRP008,Rapeseed &Mustard,SEA02,Rabi,2023,18.81,82.71,6.59,41.26,17.01,47.15,34.77,1080.34,26.1,18.35,31.38,Irrigated,Alluvial,2023-10-22,2024-02-14,2791.666,1.084,Rapeseed &Mustard,SYNTHETIC_AI_GENERATED,Prototype only; crop_actual follows an existing project crop-production record and is not independently verified farm-survey ground truth.,18.81,82.71,5.005085780783384,22.06109,86.51543,district_reference_coordinates_used_for_prototype
OBS0000771,DST20,Koraput,CRP008,Rapeseed &Mustard,SEA02,Rabi,2024,18.81,82.71,5.98,52.18,26.6,50.91,32.22,1051.2,25.8,18.1,31.49,Rainfed,Alluvial,2024-10-05,2025-01-28,2718.327,1.238,Rapeseed &Mustard,SYNTHETIC_AI_GENERATED,Prototype only; crop_actual follows an existing project crop-production record and is not independently verified farm-survey ground truth.,18.81,82.71,4.983945847940169,22.06694,86.48254,district_reference_coordinates_used_for_prototype
OBS0000772,DST20,Koraput,CRP011,Sugarcane,SEA03,Annual,2022,18.81,82.71,6.0,35.15,15.26,41.8,36.03,1072.52,25.38,19.15,33.53,Irrigated,Sandy loam,2022-02-17,2022-12-14,9853.767,63.015,Sugarcane,SYNTHETIC_AI_GENERATED,Prototype only; crop_actual follows an existing project crop-production record and is not independently verified farm-survey ground truth.,18.81,82.71,4.995106432309528,22.0655,86.49851,district_reference_coordinates_used_for_prototype
OBS0000773,DST20,Koraput,CRP011,Sugarcane,SEA03,Annual,2023,18.81,82.71,6.34,79.91,28.18,41.76,36.85,655.64,27.74,21.25,36.05,Rainfed,Red,2023-02-04,2023-12-01,10848.374,50.554,Sugarcane,SYNTHETIC_AI_GENERATED,Prototype only; crop_actual follows an existing project crop-production record and is not independently verified farm-survey ground truth.,18.81,82.71,5.0032957480544775,22.0358,86.53455,district_reference_coordinates_used_for_prototype
OBS0000774,DST20,Koraput,CRP011,Sugarcane,SEA03,Annual,2024,18.81,82.71,5.59,55.0,36.55,63.63,29.2,1063.2,28.04,19.08,33.58,Rainfed,Alluvial,2024-02-22,2024-12-18,7158.951,50.782,Sugarcane,SYNTHETIC_AI_GENERATED,Prototype only; crop_actual follows an existing project crop-production record and is not independently verified farm-survey ground truth.,18.81,82.71,4.975046236327862,22.0527,86.48306,district_reference_coordinates_used_for_prototype
OBS0000775,DST20,Koraput,CRP003,Jute,SEA01,Kharif,2022,18.81,82.71,6.96,77.77,21.01,21.22,35.63,1169.67,25.16,17.41,33.81,Irrigated,Alluvial,2022-06-23,2022-10-21,3383.859,1.998,Jute,SYNTHETIC_AI_GENERATED,Prototype only; crop_actual follows an existing project crop-production record and is not independently verified farm-survey ground truth.,18.81,82.71,5.003020522944122,22.06621,86.50833,district_reference_coordinates_used_for_prototype
OBS0000776,DST20,Koraput,CRP003,Jute,SEA01,Kharif,2023,18.81,82.71,6.3,38.08,30.85,53.16,34.83,1119.93,25.08,17.6,33.62,Irrigated,Loam,2023-06-22,2023-10-20,3713.895,1.75,Jute,SYNTHETIC_AI_GENERATED,Prototype only; crop_actual follows an existing project crop-production record and is not independently verified farm-survey ground truth.,18.81,82.71,4.974081965549027,22.0368,86.4954,district_reference_coordinates_used_for_prototype
OBS0000777,DST20,Koraput,CRP003,Jute,SEA01,Kharif,2024,18.81,82.71,6.67,37.29,49.4,30.49,41.0,1155.2,30.42,23.66,36.64,Irrigated,Lateritic,2024-06-15,2024-10-13,4215.192,2.146,Jute,SYNTHETIC_AI_GENERATED,Prototype only; crop_actual follows an existing project crop-production record and is not independently verified farm-survey ground truth.,18.81,82.71,4.994773086357385,22.05111,86.51039,district_reference_coordinates_used_for_prototype
OBS0000778,DST20,Koraput,CRP013,Wheat,SEA99,Unknown,2022,18.81,82.71,6.5,32.2,37.62,49.25,26.05,1340.88,27.05,21.49,34.74,Rainfed,Loam,2022-06-04,2022-09-12,2625.745,2.193,Wheat,SYNTHETIC_AI_GENERATED,Prototype only; crop_actual follows an existing project crop-production record and is not independently verified farm-survey ground truth.,18.81,82.71,4.9868545518492935,22.05058,86.50043,district_reference_coordinates_used_for_prototype
OBS0000779,DST20,Koraput,CRP013,Wheat,SEA99,Unknown,2023,18.81,82.71,6.14,71.27,46.66,37.61,40.06,963.16,28.87,20.47,35.28,Rainfed,Alluvial,2023-06-23,2023-10-01,3273.547,2.238,Wheat,SYNTHETIC_AI_GENERATED,Prototype only; crop_actual follows an existing project crop-production record and is not independently verified farm-survey ground truth.,18.81,82.71,4.9704372033554565,22.05162,86.47791,district_reference_coordinates_used_for_prototype
OBS0000780,DST20,Koraput,CRP013,Wheat,SEA99,Unknown,2024,18.81,82.71,6.65,59.77,23.91,52.77,33.35,793.37,26.43,19.7,34.64,Rainfed,Red,2024-06-04,2024-09-12,3659.868,1.693,Wheat,SYNTHETIC_AI_GENERATED,Prototype only; crop_actual follows an existing project crop-production record and is not independently verified farm-survey ground truth.,18.81,82.71,4.981379226007594,22.04702,86.49627,district_reference_coordinates_used_for_prototype
OBS0000781,DST21,Malkangiri,CRP001,Groundnut,SEA01,Kharif,2022,18.35,81.88,6.54,53.22,24.5,29.12,39.06,1028.04,23.6,17.97,30.3,Rainfed,Alluvial,2022-06-12,2022-09-30,636.918,2.125,Groundnut,SYNTHETIC_AI_GENERATED,Prototype only; crop_actual follows an existing project crop-production record and is not independently verified farm-survey ground truth.,18.35,81.88,0.36451877592244913,18.00466,81.99668,district_reference_coordinates_used_for_prototype
OBS0000782,DST21,Malkangiri,CRP001,Groundnut,SEA01,Kharif,2023,18.35,81.88,5.52,47.13,18.58,36.95,29.09,1314.85,29.28,23.83,36.33,Rainfed,Lateritic,2023-06-17,2023-10-05,572.265,1.84,Groundnut,SYNTHETIC_AI_GENERATED,Prototype only; crop_actual follows an existing project crop-production record and is not independently verified farm-survey ground truth.,18.35,81.88,0.3791863230655894,17.9894,81.99726,district_reference_coordinates_used_for_prototype
OBS0000783,DST21,Malkangiri,CRP001,Groundnut,SEA01,Kharif,2024,18.35,81.88,6.37,69.86,19.8,43.77,25.62,1029.96,25.94,20.07,31.96,Rainfed,Loam,2024-06-13,2024-10-01,503.148,2.143,Groundnut,SYNTHETIC_AI_GENERATED,Prototype only; crop_actual follows an existing project crop-production record and is not independently verified farm-survey ground truth.,18.35,81.88,0.3641220509664335,18.00902,82.00774,district_reference_coordinates_used_for_prototype
OBS0000784,DST21,Malkangiri,CRP004,Maize,SEA01,Kharif,2022,18.35,81.88,6.37,32.01,27.46,29.88,21.17,1654.0,29.26,23.61,37.55,Rainfed,Loam,2022-06-13,2022-09-21,6657.356,2.378,Maize,SYNTHETIC_AI_GENERATED,Prototype only; crop_actual follows an existing project crop-production record and is not independently verified farm-survey ground truth.,18.35,81.88,0.39286200783481695,17.97536,81.99826,district_reference_coordinates_used_for_prototype
OBS0000785,DST21,Malkangiri,CRP004,Maize,SEA01,Kharif,2023,18.35,81.88,5.62,50.65,15.49,61.16,42.7,482.38,30.28,23.9,36.59,Rainfed,Loam,2023-06-10,2023-09-18,8060.701,2.241,Maize,SYNTHETIC_AI_GENERATED,Prototype only; crop_actual follows an existing project crop-production record and is not independently verified farm-survey ground truth.,18.35,81.88,0.3768295823047897,17.9955,82.00779,district_reference_coordinates_used_for_prototype
OBS0000786,DST21,Malkangiri,CRP004,Maize,SEA01,Kharif,2024,18.35,81.88,6.62,42.31,46.99,65.62,35.64,1159.31,28.71,21.81,36.66,Rainfed,Sandy loam,2024-06-22,2024-09-30,5985.18,2.334,Maize,SYNTHETIC_AI_GENERATED,Prototype only; crop_actual follows an existing project crop-production record and is not independently verified farm-survey ground truth.,18.35,81.88,0.3711275022145378,17.99498,81.98815,district_reference_coordinates_used_for_prototype
OBS0000787,DST21,Malkangiri,CRP005,Moong(Green Gram),SEA02,Rabi,2022,18.35,81.88,5.73,30.93,17.1,64.68,42.38,1004.12,30.72,25.37,37.15,Irrigated,Lateritic,2022-10-22,2022-12-31,4003.903,1.137,Moong(Green Gram),SYNTHETIC_AI_GENERATED,Prototype only; crop_actual follows an existing project crop-production record and is not independently verified farm-survey ground truth.,18.35,81.88,0.36353802001991825,18.01034,82.00958,district_reference_coordinates_used_for_prototype
OBS0000788,DST21,Malkangiri,CRP005,Moong(Green Gram),SEA02,Rabi,2023,18.35,81.88,6.7,70.85,39.76,49.36,38.06,834.23,27.06,18.76,34.3,Rainfed,Lateritic,2023-10-19,2023-12-28,3570.669,1.307,Moong(Green Gram),SYNTHETIC_AI_GENERATED,Prototype only; crop_actual follows an existing project crop-production record and is not independently verified farm-survey ground truth.,18.35,81.88,0.3693890606122501,17.99709,81.9891,district_reference_coordinates_used_for_prototype
OBS0000789,DST21,Malkangiri,CRP005,Moong(Green Gram),SEA02,Rabi,2024,18.35,81.88,6.46,79.38,29.41,27.48,20.59,920.09,26.75,21.39,33.56,Irrigated,Sandy loam,2024-10-08,2024-12-17,3403.735,1.215,Moong(Green Gram),SYNTHETIC_AI_GENERATED,Prototype only; crop_actual follows an existing project crop-production record and is not independently verified farm-survey ground truth.,18.35,81.88,0.37727046001509584,17.993,82.002,district_reference_coordinates_used_for_prototype
OBS0000790,DST21,Malkangiri,CRP007,Ragi,SEA01,Kharif,2022,18.35,81.88,5.59,37.62,27.9,36.59,42.91,839.67,27.9,20.64,33.38,Rainfed,Sandy loam,2022-06-06,2022-09-24,4466.914,1.675,Ragi,SYNTHETIC_AI_GENERATED,Prototype only; crop_actual follows an existing project crop-production record and is not independently verified farm-survey ground truth.,18.35,81.88,0.3704491950321977,17.99531,81.9869,district_reference_coordinates_used_for_prototype
OBS0000791,DST21,Malkangiri,CRP007,Ragi,SEA01,Kharif,2023,18.35,81.88,7.09,72.43,34.63,30.75,31.66,1261.85,29.04,21.33,36.23,Irrigated,Red,2023-06-09,2023-09-27,3574.836,1.604,Ragi,SYNTHETIC_AI_GENERATED,Prototype only; crop_actual follows an existing project crop-production record and is not independently verified farm-survey ground truth.,18.35,81.88,0.36504720913876737,18.00243,81.9916,district_reference_coordinates_used_for_prototype
OBS0000792,DST21,Malkangiri,CRP007,Ragi,SEA01,Kharif,2024,18.35,81.88,6.4,45.83,26.84,49.62,36.12,778.84,25.2,19.2,31.95,Rainfed,Loam,2024-06-12,2024-09-30,3609.659,1.84,Ragi,SYNTHETIC_AI_GENERATED,Prototype only; crop_actual follows an existing project crop-production record and is not independently verified farm-survey ground truth.,18.35,81.88,0.37353667825262177,17.99394,81.99292,district_reference_coordinates_used_for_prototype
OBS0000793,DST21,Malkangiri,CRP009,Rice,SEA01,Kharif,2022,18.35,81.88,5.67,78.04,31.47,69.58,26.36,1025.03,27.62,19.3,34.73,Rainfed,Lateritic,2022-06-14,2022-10-12,62649.945,2.68,Rice,SYNTHETIC_AI_GENERATED,Prototype only; crop_actual follows an existing project crop-production record and is not independently verified farm-survey ground truth.,18.35,81.88,0.37528341570072327,17.99786,82.00975,district_reference_coordinates_used_for_prototype
OBS0000794,DST21,Malkangiri,CRP009,Rice,SEA01,Kharif,2023,18.35,81.88,5.7,68.83,48.16,47.7,35.96,1412.17,25.82,19.76,32.95,Irrigated,Loam,2023-06-02,2023-09-30,50608.645,3.364,Rice,SYNTHETIC_AI_GENERATED,Prototype only; crop_actual follows an existing project crop-production record and is not independently verified farm-survey ground truth.,18.35,81.88,0.3849471684530242,17.98237,81.99416,district_reference_coordinates_used_for_prototype
OBS0000795,DST21,Malkangiri,CRP009,Rice,SEA01,Kharif,2024,18.35,81.88,7.15,63.92,31.79,51.27,38.68,1074.44,26.65,19.93,34.86,Rainfed,Loam,2024-06-21,2024-10-19,62868.212,3.242,Rice,SYNTHETIC_AI_GENERATED,Prototype only; crop_actual follows an existing project crop-production record and is not independently verified farm-survey ground truth.,18.35,81.88,0.3688971164159488,18.00685,82.0154,district_reference_coordinates_used_for_prototype
OBS0000796,DST21,Malkangiri,CRP010,Sesamum,SEA01,Kharif,2022,18.35,81.88,7.28,36.64,20.92,57.33,21.68,1252.47,26.11,19.22,32.6,Rainfed,Red,2022-06-10,2022-09-18,1472.352,0.625,Sesamum,SYNTHETIC_AI_GENERATED,Prototype only; crop_actual follows an existing project crop-production record and is not independently verified farm-survey ground truth.,18.35,81.88,0.3719762188635182,18.00043,82.00715,district_reference_coordinates_used_for_prototype
OBS0000797,DST21,Malkangiri,CRP010,Sesamum,SEA01,Kharif,2023,18.35,81.88,6.32,79.9,26.1,47.97,35.86,1265.75,23.72,18.41,32.38,Rainfed,Alluvial,2023-06-04,2023-09-12,1651.513,0.574,Sesamum,SYNTHETIC_AI_GENERATED,Prototype only; crop_actual follows an existing project crop-production record and is not independently verified farm-survey ground truth.,18.35,81.88,0.37971086921498814,17.99209,82.00681,district_reference_coordinates_used_for_prototype
OBS0000798,DST21,Malkangiri,CRP010,Sesamum,SEA01,Kharif,2024,18.35,81.88,6.43,60.01,27.57,39.26,29.27,1198.02,26.68,21.09,31.94,Rainfed,Lateritic,2024-06-01,2024-09-09,1832.959,0.596,Sesamum,SYNTHETIC_AI_GENERATED,Prototype only; crop_actual follows an existing project crop-production record and is not independently verified farm-survey ground truth.,18.35,81.88,0.3716745002014594,18.00229,82.0113,district_reference_coordinates_used_for_prototype
OBS0000799,DST21,Malkangiri,CRP012,Urad,SEA02,Rabi,2022,18.35,81.88,6.21,59.61,40.54,51.19,20.96,863.55,25.88,20.88,32.84,Rainfed,Loam,2022-10-10,2022-12-29,2461.912,0.746,Urad,SYNTHETIC_AI_GENERATED,Prototype only; crop_actual follows an existing project crop-production record and is not independently verified farm-survey ground truth.,18.35,81.88,0.3696605808035283,18.00135,82.00285,district_reference_coordinates_used_for_prototype
OBS0000800,DST21,Malkangiri,CRP012,Urad,SEA02,Rabi,2023,18.35,81.88,6.96,62.55,22.72,68.12,30.4,778.41,26.0,17.35,34.36,Irrigated,Alluvial,2023-10-11,2023-12-30,2654.955,0.952,Urad,SYNTHETIC_AI_GENERATED,Prototype only; crop_actual follows an existing project crop-production record and is not independently verified farm-survey ground truth.,18.35,81.88,0.36931116988252966,17.99811,81.99209,district_reference_coordinates_used_for_prototype
OBS0000801,DST21,Malkangiri,CRP012,Urad,SEA02,Rabi,2024,18.35,81.88,5.74,40.58,39.77,24.55,33.0,1127.49,28.1,19.4,34.85,Irrigated,Alluvial,2024-10-20,2025-01-08,2502.472,0.746,Urad,SYNTHETIC_AI_GENERATED,Prototype only; crop_actual follows an existing project crop-production record and is not independently verified farm-survey ground truth.,18.35,81.88,0.3688910885342778,18.00256,82.00396,district_reference_coordinates_used_for_prototype
OBS0000802,DST21,Malkangiri,CRP002,Horse Gram,SEA99,Unknown,2022,18.35,81.88,7.28,67.04,40.94,63.39,27.09,1278.17,29.22,24.08,36.57,Rainfed,Loam,2022-06-05,2022-09-13,2903.474,0.689,Horse Gram,SYNTHETIC_AI_GENERATED,Prototype only; crop_actual follows an existing project crop-production record and is not independently verified farm-survey ground truth.,18.35,81.88,0.3649957223037012,18.00962,82.01177,district_reference_coordinates_used_for_prototype
OBS0000803,DST21,Malkangiri,CRP002,Horse Gram,SEA99,Unknown,2023,18.35,81.88,5.92,55.23,19.43,31.84,21.91,1017.77,21.45,13.0,29.85,Rainfed,Loam,2023-06-05,2023-09-13,1936.819,0.666,Horse Gram,SYNTHETIC_AI_GENERATED,Prototype only; crop_actual follows an existing project crop-production record and is not independently verified farm-survey ground truth.,18.35,81.88,0.3548571738037749,18.00593,81.96683,district_reference_coordinates_used_for_prototype
OBS0000804,DST21,Malkangiri,CRP002,Horse Gram,SEA99,Unknown,2024,18.35,81.88,6.64,59.57,25.32,44.57,22.96,1239.68,27.72,20.42,33.07,Irrigated,Red,2024-06-18,2024-09-26,2751.799,0.717,Horse Gram,SYNTHETIC_AI_GENERATED,Prototype only; crop_actual follows an existing project crop-production record and is not independently verified farm-survey ground truth.,18.35,81.88,0.36697785682517875,17.99945,81.98857,district_reference_coordinates_used_for_prototype
OBS0000805,DST21,Malkangiri,CRP006,Potato,SEA02,Rabi,2022,18.35,81.88,6.47,69.77,48.6,40.32,26.03,1166.06,27.53,20.98,33.6,Irrigated,Red,2022-10-16,2023-01-24,3769.446,11.105,Potato,SYNTHETIC_AI_GENERATED,Prototype only; crop_actual follows an existing project crop-production record and is not independently verified farm-survey ground truth.,18.35,81.88,0.3712833609253174,18.00146,82.00795,district_reference_coordinates_used_for_prototype
OBS0000806,DST21,Malkangiri,CRP006,Potato,SEA02,Rabi,2023,18.35,81.88,6.76,42.64,22.78,32.31,23.82,1372.16,28.15,20.98,34.98,Irrigated,Lateritic,2023-10-04,2024-01-12,3235.836,11.674,Potato,SYNTHETIC_AI_GENERATED,Prototype only; crop_actual follows an existing project crop-production record and is not independently verified farm-survey ground truth.,18.35,81.88,0.37492085671512265,18.00022,82.01498,district_reference_coordinates_used_for_prototype
OBS0000807,DST21,Malkangiri,CRP006,Potato,SEA02,Rabi,2024,18.35,81.88,5.69,57.94,18.28,35.55,29.47,1475.53,26.59,20.31,34.3,Rainfed,Lateritic,2024-10-21,2025-01-29,4454.832,12.365,Potato,SYNTHETIC_AI_GENERATED,Prototype only; crop_actual follows an existing project crop-production record and is not independently verified farm-survey ground truth.,18.35,81.88,0.36424855524765415,18.00884,82.00762,district_reference_coordinates_used_for_prototype
OBS0000808,DST21,Malkangiri,CRP008,Rapeseed &Mustard,SEA02,Rabi,2022,18.35,81.88,6.04,79.9,33.42,41.65,37.53,1465.61,30.36,25.02,38.13,Rainfed,Red,2022-10-01,2023-01-24,1044.473,0.818,Rapeseed &Mustard,SYNTHETIC_AI_GENERATED,Prototype only; crop_actual follows an existing project crop-production record and is not independently verified farm-survey ground truth.,18.35,81.88,0.35772477129771535,18.01458,82.00434,district_reference_coordinates_used_for_prototype
OBS0000809,DST21,Malkangiri,CRP008,Rapeseed &Mustard,SEA02,Rabi,2023,18.35,81.88,6.1,44.42,28.04,33.35,34.3,1152.99,26.73,17.82,32.78,Irrigated,Loam,2023-10-14,2024-02-06,1017.993,0.814,Rapeseed &Mustard,SYNTHETIC_AI_GENERATED,Prototype only; crop_actual follows an existing project crop-production record and is not independently verified farm-survey ground truth.,18.35,81.88,0.36098066541021423,18.00402,81.98298,district_reference_coordinates_used_for_prototype
OBS0000810,DST21,Malkangiri,CRP008,Rapeseed &Mustard,SEA02,Rabi,2024,18.35,81.88,6.02,32.12,25.48,66.3,27.51,1198.17,26.69,18.81,34.6,Irrigated,Loam,2024-10-01,2025-01-24,1019.201,0.938,Rapeseed &Mustard,SYNTHETIC_AI_GENERATED,Prototype only; crop_actual follows an existing project crop-production record and is not independently verified farm-survey ground truth.,18.35,81.88,0.3701753450731202,18.0015,82.00481,district_reference_coordinates_used_for_prototype
OBS0000811,DST21,Malkangiri,CRP011,Sugarcane,SEA03,Annual,2022,18.35,81.88,6.94,47.95,46.79,45.47,35.26,1309.31,26.1,19.54,32.39,Irrigated,Sandy loam,2022-02-10,2022-12-07,5601.875,62.548,Sugarcane,SYNTHETIC_AI_GENERATED,Prototype only; crop_actual follows an existing project crop-production record and is not independently verified farm-survey ground truth.,18.35,81.88,0.38350931214248474,17.98786,82.00623,district_reference_coordinates_used_for_prototype
OBS0000812,DST21,Malkangiri,CRP011,Sugarcane,SEA03,Annual,2023,18.35,81.88,5.88,72.27,37.7,63.89,31.64,1370.78,26.6,21.31,33.04,Rainfed,Red,2023-02-21,2023-12-18,6655.887,64.287,Sugarcane,SYNTHETIC_AI_GENERATED,Prototype only; crop_actual follows an existing project crop-production record and is not independently verified farm-survey ground truth.,18.35,81.88,0.3631820789906916,18.00375,81.9896,district_reference_coordinates_used_for_prototype
OBS0000813,DST21,Malkangiri,CRP011,Sugarcane,SEA03,Annual,2024,18.35,81.88,5.94,70.42,31.46,20.09,39.99,1698.59,30.73,23.9,37.07,Irrigated,Red,2024-02-17,2024-12-13,5964.666,74.202,Sugarcane,SYNTHETIC_AI_GENERATED,Prototype only; crop_actual follows an existing project crop-production record and is not independently verified farm-survey ground truth.,18.35,81.88,0.3689032810914007,18.00318,82.00572,district_reference_coordinates_used_for_prototype
OBS0000814,DST21,Malkangiri,CRP003,Jute,SEA01,Kharif,2022,18.35,81.88,7.08,57.72,25.67,28.93,23.04,842.63,28.23,22.51,35.75,Irrigated,Alluvial,2022-06-17,2022-10-15,3592.909,2.57,Jute,SYNTHETIC_AI_GENERATED,Prototype only; crop_actual follows an existing project crop-production record and is not independently verified farm-survey ground truth.,18.35,81.88,0.3736658637071423,17.99516,81.99711,district_reference_coordinates_used_for_prototype
OBS0000815,DST21,Malkangiri,CRP003,Jute,SEA01,Kharif,2023,18.35,81.88,5.51,64.63,48.24,35.93,25.43,1142.02,29.23,20.84,36.29,Irrigated,Alluvial,2023-06-06,2023-10-04,5779.735,1.855,Jute,SYNTHETIC_AI_GENERATED,Prototype only; crop_actual follows an existing project crop-production record and is not independently verified farm-survey ground truth.,18.35,81.88,0.36446650573132355,18.00787,82.00563,district_reference_coordinates_used_for_prototype
OBS0000816,DST21,Malkangiri,CRP003,Jute,SEA01,Kharif,2024,18.35,81.88,5.73,73.02,30.52,24.59,41.87,1377.64,25.65,17.68,33.48,Irrigated,Sandy loam,2024-06-06,2024-10-04,5454.306,2.386,Jute,SYNTHETIC_AI_GENERATED,Prototype only; crop_actual follows an existing project crop-production record and is not independently verified farm-survey ground truth.,18.35,81.88,0.36390348789205373,18.00421,81.99338,district_reference_coordinates_used_for_prototype
OBS0000817,DST21,Malkangiri,CRP013,Wheat,SEA99,Unknown,2022,18.35,81.88,5.69,65.94,16.84,25.13,22.43,763.77,25.39,18.23,33.1,Irrigated,Red,2022-06-05,2022-09-13,2356.433,2.957,Wheat,SYNTHETIC_AI_GENERATED,Prototype only; crop_actual follows an existing project crop-production record and is not independently verified farm-survey ground truth.,18.35,81.88,0.37240562254080356,17.99506,81.99271,district_reference_coordinates_used_for_prototype
OBS0000818,DST21,Malkangiri,CRP013,Wheat,SEA99,Unknown,2023,18.35,81.88,6.1,60.51,21.17,31.13,20.07,1072.64,24.98,16.81,30.21,Irrigated,Red,2023-06-06,2023-09-14,1737.631,3.017,Wheat,SYNTHETIC_AI_GENERATED,Prototype only; crop_actual follows an existing project crop-production record and is not independently verified farm-survey ground truth.,18.35,81.88,0.3650301151959937,17.99875,81.97935,district_reference_coordinates_used_for_prototype
OBS0000819,DST21,Malkangiri,CRP013,Wheat,SEA99,Unknown,2024,18.35,81.88,6.3,56.14,33.75,27.52,25.73,961.02,24.09,17.8,29.18,Rainfed,Alluvial,2024-06-09,2024-09-17,2189.147,3.257,Wheat,SYNTHETIC_AI_GENERATED,Prototype only; crop_actual follows an existing project crop-production record and is not independently verified farm-survey ground truth.,18.35,81.88,0.3674006435759229,17.99848,81.98685,district_reference_coordinates_used_for_prototype
OBS0000820,DST22,Mayurbhanj,CRP001,Groundnut,SEA01,Kharif,2022,21.93,86.73,6.38,76.31,29.69,61.99,35.9,1103.78,25.56,20.25,32.57,Rainfed,Red,2022-06-24,2022-10-12,5596.274,1.427,Groundnut,SYNTHETIC_AI_GENERATED,Prototype only; crop_actual follows an existing project crop-production record and is not independently verified farm-survey ground truth.,21.93,86.73,5.4850102129075395,18.42719,82.50914,district_reference_coordinates_used_for_prototype
OBS0000821,DST22,Mayurbhanj,CRP001,Groundnut,SEA01,Kharif,2023,21.93,86.73,6.79,52.51,22.31,65.34,29.23,1123.65,27.09,19.17,33.08,Irrigated,Red,2023-06-14,2023-10-02,8734.864,1.366,Groundnut,SYNTHETIC_AI_GENERATED,Prototype only; crop_actual follows an existing project crop-production record and is not independently verified farm-survey ground truth.,21.93,86.73,5.469266063321483,18.45067,82.51015,district_reference_coordinates_used_for_prototype
OBS0000822,DST22,Mayurbhanj,CRP001,Groundnut,SEA01,Kharif,2024,21.93,86.73,6.78,35.05,44.39,52.09,40.03,1257.91,29.99,23.63,37.53,Irrigated,Alluvial,2024-06-24,2024-10-12,6809.817,1.313,Groundnut,SYNTHETIC_AI_GENERATED,Prototype only; crop_actual follows an existing project crop-production record and is not independently verified farm-survey ground truth.,21.93,86.73,5.461673088312782,18.4647,82.50844,district_reference_coordinates_used_for_prototype
OBS0000823,DST22,Mayurbhanj,CRP004,Maize,SEA01,Kharif,2022,21.93,86.73,6.13,46.03,47.0,24.18,28.83,1329.56,30.67,21.84,36.5,Irrigated,Red,2022-06-13,2022-09-21,1302.473,4.227,Maize,SYNTHETIC_AI_GENERATED,Prototype only; crop_actual follows an existing project crop-production record and is not independently verified farm-survey ground truth.,21.93,86.73,5.474009081550744,18.45515,82.50032,district_reference_coordinates_used_for_prototype
OBS0000824,DST22,Mayurbhanj,CRP004,Maize,SEA01,Kharif,2023,21.93,86.73,6.34,47.14,15.96,33.74,34.81,757.45,24.27,17.04,29.86,Irrigated,Loam,2023-06-19,2023-09-27,941.379,3.92,Maize,SYNTHETIC_AI_GENERATED,Prototype only; crop_actual follows an existing project crop-production record and is not independently verified farm-survey ground truth.,21.93,86.73,5.492076593429849,18.44675,82.48384,district_reference_coordinates_used_for_prototype
OBS0000825,DST22,Mayurbhanj,CRP004,Maize,SEA01,Kharif,2024,21.93,86.73,6.43,45.38,43.02,61.42,35.66,1241.58,25.08,16.36,31.5,Irrigated,Sandy loam,2024-06-03,2024-09-11,1320.451,4.264,Maize,SYNTHETIC_AI_GENERATED,Prototype only; crop_actual follows an existing project crop-production record and is not independently verified farm-survey ground truth.,21.93,86.73,5.495051231153361,18.43653,82.48839,district_reference_coordinates_used_for_prototype
OBS0000826,DST22,Mayurbhanj,CRP005,Moong(Green Gram),SEA02,Rabi,2022,21.93,86.73,6.33,57.11,22.93,30.17,34.55,1012.41,26.99,18.19,33.62,Rainfed,Loam,2022-10-22,2022-12-31,5033.424,0.936,Moong(Green Gram),SYNTHETIC_AI_GENERATED,Prototype only; crop_actual follows an existing project crop-production record and is not independently verified farm-survey ground truth.,21.93,86.73,5.473976678585685,18.43296,82.51869,district_reference_coordinates_used_for_prototype
OBS0000827,DST22,Mayurbhanj,CRP005,Moong(Green Gram),SEA02,Rabi,2023,21.93,86.73,6.22,77.53,45.83,42.02,37.71,1022.27,25.45,17.47,33.71,Irrigated,Sandy loam,2023-10-18,2023-12-27,4753.894,0.746,Moong(Green Gram),SYNTHETIC_AI_GENERATED,Prototype only; crop_actual follows an existing project crop-production record and is not independently verified farm-survey ground truth.,21.93,86.73,5.488227524738757,18.44608,82.48937,district_reference_coordinates_used_for_prototype
OBS0000828,DST22,Mayurbhanj,CRP005,Moong(Green Gram),SEA02,Rabi,2024,21.93,86.73,6.69,54.42,41.28,42.68,19.22,1108.11,29.72,23.23,37.85,Rainfed,Lateritic,2024-10-08,2024-12-17,5679.079,0.864,Moong(Green Gram),SYNTHETIC_AI_GENERATED,Prototype only; crop_actual follows an existing project crop-production record and is not independently verified farm-survey ground truth.,21.93,86.73,5.465500568337728,18.46136,82.50623,district_reference_coordinates_used_for_prototype
OBS0000829,DST22,Mayurbhanj,CRP007,Ragi,SEA01,Kharif,2022,21.93,86.73,6.34,41.28,19.86,40.19,32.24,1304.43,27.73,20.34,36.0,Rainfed,Red,2022-06-05,2022-09-23,3777.957,0.792,Ragi,SYNTHETIC_AI_GENERATED,Prototype only; crop_actual follows an existing project crop-production record and is not independently verified farm-survey ground truth.,21.93,86.73,5.478621557581801,18.46516,82.48616,district_reference_coordinates_used_for_prototype
OBS0000830,DST22,Mayurbhanj,CRP007,Ragi,SEA01,Kharif,2023,21.93,86.73,6.95,43.75,28.97,63.07,41.64,1146.78,28.25,21.11,34.12,Rainfed,Loam,2023-06-10,2023-09-28,2728.464,1.02,Ragi,SYNTHETIC_AI_GENERATED,Prototype only; crop_actual follows an existing project crop-production record and is not independently verified farm-survey ground truth.,21.93,86.73,5.472688666679296,18.46018,82.4979,district_reference_coordinates_used_for_prototype
OBS0000831,DST22,Mayurbhanj,CRP007,Ragi,SEA01,Kharif,2024,21.93,86.73,6.64,59.18,49.85,60.68,25.67,1085.84,29.75,22.68,36.36,Irrigated,Loam,2024-06-02,2024-09-20,2795.757,0.867,Ragi,SYNTHETIC_AI_GENERATED,Prototype only; crop_actual follows an existing project crop-production record and is not independently verified farm-survey ground truth.,21.93,86.73,5.496719889434062,18.4341,82.48823,district_reference_coordinates_used_for_prototype
OBS0000832,DST22,Mayurbhanj,CRP009,Rice,SEA01,Kharif,2022,21.93,86.73,7.05,43.74,47.28,53.21,19.87,1153.07,27.1,18.61,33.23,Rainfed,Sandy loam,2022-06-13,2022-10-11,72271.631,3.054,Rice,SYNTHETIC_AI_GENERATED,Prototype only; crop_actual follows an existing project crop-production record and is not independently verified farm-survey ground truth.,21.93,86.73,5.479947311024082,18.43904,82.5059,district_reference_coordinates_used_for_prototype
OBS0000833,DST22,Mayurbhanj,CRP009,Rice,SEA01,Kharif,2023,21.93,86.73,5.97,32.47,19.29,32.4,22.55,1041.22,24.97,19.91,31.23,Irrigated,Loam,2023-06-02,2023-09-30,56666.49,2.976,Rice,SYNTHETIC_AI_GENERATED,Prototype only; crop_actual follows an existing project crop-production record and is not independently verified farm-survey ground truth.,21.93,86.73,5.469095528851183,18.44034,82.51891,district_reference_coordinates_used_for_prototype
OBS0000834,DST22,Mayurbhanj,CRP009,Rice,SEA01,Kharif,2024,21.93,86.73,5.99,62.26,25.57,39.21,28.97,1241.81,28.34,22.51,35.1,Rainfed,Red,2024-06-03,2024-10-01,51449.072,3.437,Rice,SYNTHETIC_AI_GENERATED,Prototype only; crop_actual follows an existing project crop-production record and is not independently verified farm-survey ground truth.,21.93,86.73,5.485411962441839,18.45541,82.48536,district_reference_coordinates_used_for_prototype
OBS0000835,DST22,Mayurbhanj,CRP010,Sesamum,SEA01,Kharif,2022,21.93,86.73,7.03,50.96,44.79,30.17,31.28,983.63,30.97,22.5,36.52,Rainfed,Lateritic,2022-06-24,2022-10-02,4467.427,0.391,Sesamum,SYNTHETIC_AI_GENERATED,Prototype only; crop_actual follows an existing project crop-production record and is not independently verified farm-survey ground truth.,21.93,86.73,5.479052834660383,18.45155,82.49675,district_reference_coordinates_used_for_prototype
OBS0000836,DST22,Mayurbhanj,CRP010,Sesamum,SEA01,Kharif,2023,21.93,86.73,6.77,55.94,46.94,25.08,23.49,805.31,23.45,15.68,30.17,Rainfed,Loam,2023-06-06,2023-09-14,5855.487,0.559,Sesamum,SYNTHETIC_AI_GENERATED,Prototype only; crop_actual follows an existing project crop-production record and is not independently verified farm-survey ground truth.,21.93,86.73,5.466867289408079,18.459,82.5064,district_reference_coordinates_used_for_prototype
OBS0000837,DST22,Mayurbhanj,CRP010,Sesamum,SEA01,Kharif,2024,21.93,86.73,6.0,40.93,19.03,54.07,26.51,1062.22,25.35,20.04,33.71,Irrigated,Sandy loam,2024-06-12,2024-09-20,5592.258,0.484,Sesamum,SYNTHETIC_AI_GENERATED,Prototype only; crop_actual follows an existing project crop-production record and is not independently verified farm-survey ground truth.,21.93,86.73,5.471661855359849,18.46687,82.49375,district_reference_coordinates_used_for_prototype
OBS0000838,DST22,Mayurbhanj,CRP012,Urad,SEA02,Rabi,2022,21.93,86.73,6.03,32.18,47.9,62.47,41.67,1200.31,27.33,20.77,34.27,Rainfed,Lateritic,2022-10-17,2023-01-05,4843.045,1.313,Urad,SYNTHETIC_AI_GENERATED,Prototype only; crop_actual follows an existing project crop-production record and is not independently verified farm-survey ground truth.,21.93,86.73,5.471794344938417,18.44637,82.51042,district_reference_coordinates_used_for_prototype
OBS0000839,DST22,Mayurbhanj,CRP012,Urad,SEA02,Rabi,2023,21.93,86.73,5.74,64.82,29.48,36.43,18.23,827.17,27.04,19.8,32.93,Irrigated,Loam,2023-10-16,2024-01-04,5988.833,1.162,Urad,SYNTHETIC_AI_GENERATED,Prototype only; crop_actual follows an existing project crop-production record and is not independently verified farm-survey ground truth.,21.93,86.73,5.48355109144613,18.44814,82.49373,district_reference_coordinates_used_for_prototype
OBS0000840,DST22,Mayurbhanj,CRP012,Urad,SEA02,Rabi,2024,21.93,86.73,5.91,32.13,26.51,22.88,26.19,1318.09,25.94,20.78,31.21,Irrigated,Red,2024-10-09,2024-12-28,5465.444,1.075,Urad,SYNTHETIC_AI_GENERATED,Prototype only; crop_actual follows an existing project crop-production record and is not independently verified farm-survey ground truth.,21.93,86.73,5.454808536447453,18.47122,82.51197,district_reference_coordinates_used_for_prototype
OBS0000841,DST22,Mayurbhanj,CRP002,Horse Gram,SEA99,Unknown,2022,21.93,86.73,6.07,53.14,19.49,53.74,26.53,1461.25,26.7,21.55,32.8,Irrigated,Red,2022-06-19,2022-09-27,1958.053,0.559,Horse Gram,SYNTHETIC_AI_GENERATED,Prototype only; crop_actual follows an existing project crop-production record and is not independently verified farm-survey ground truth.,21.93,86.73,5.480180278722592,18.43888,82.50573,district_reference_coordinates_used_for_prototype
OBS0000842,DST22,Mayurbhanj,CRP002,Horse Gram,SEA99,Unknown,2023,21.93,86.73,6.96,58.46,18.73,44.75,32.23,1375.86,22.72,16.14,30.54,Irrigated,Alluvial,2023-06-17,2023-09-25,1630.984,0.676,Horse Gram,SYNTHETIC_AI_GENERATED,Prototype only; crop_actual follows an existing project crop-production record and is not independently verified farm-survey ground truth.,21.93,86.73,5.476965886191009,18.44753,82.50276,district_reference_coordinates_used_for_prototype
OBS0000843,DST22,Mayurbhanj,CRP002,Horse Gram,SEA99,Unknown,2024,21.93,86.73,5.78,76.45,27.89,49.97,41.26,1162.95,26.11,19.89,32.62,Irrigated,Sandy loam,2024-06-10,2024-09-18,1838.483,0.639,Horse Gram,SYNTHETIC_AI_GENERATED,Prototype only; crop_actual follows an existing project crop-production record and is not independently verified farm-survey ground truth.,21.93,86.73,5.485013623483543,18.44433,82.49497,district_reference_coordinates_used_for_prototype
OBS0000844,DST22,Mayurbhanj,CRP006,Potato,SEA02,Rabi,2022,21.93,86.73,5.87,37.84,21.29,40.64,28.67,890.58,28.77,23.53,35.87,Rainfed,Sandy loam,2022-10-17,2023-01-25,3932.537,20.113,Potato,SYNTHETIC_AI_GENERATED,Prototype only; crop_actual follows an existing project crop-production record and is not independently verified farm-survey ground truth.,21.93,86.73,5.468049588216992,18.45816,82.50556,district_reference_coordinates_used_for_prototype
OBS0000845,DST22,Mayurbhanj,CRP006,Potato,SEA02,Rabi,2023,21.93,86.73,6.64,70.73,21.54,48.27,40.72,1090.26,27.1,21.42,34.18,Irrigated,Lateritic,2023-10-21,2024-01-29,3326.886,14.254,Potato,SYNTHETIC_AI_GENERATED,Prototype only; crop_actual follows an existing project crop-production record and is not independently verified farm-survey ground truth.,21.93,86.73,5.464163159139741,18.46996,82.50091,district_reference_coordinates_used_for_prototype
OBS0000846,DST22,Mayurbhanj,CRP006,Potato,SEA02,Rabi,2024,21.93,86.73,6.53,48.88,25.85,28.12,35.72,1116.01,26.38,18.09,33.19,Irrigated,Red,2024-10-05,2025-01-13,4577.651,14.971,Potato,SYNTHETIC_AI_GENERATED,Prototype only; crop_actual follows an existing project crop-production record and is not independently verified farm-survey ground truth.,21.93,86.73,5.479519735341773,18.44548,82.50114,district_reference_coordinates_used_for_prototype
OBS0000847,DST22,Mayurbhanj,CRP008,Rapeseed &Mustard,SEA02,Rabi,2022,21.93,86.73,5.62,72.6,38.41,32.85,35.62,1086.01,27.11,20.53,34.22,Irrigated,Sandy loam,2022-10-03,2023-01-26,977.333,0.915,Rapeseed &Mustard,SYNTHETIC_AI_GENERATED,Prototype only; crop_actual follows an existing project crop-production record and is not independently verified farm-survey ground truth.,21.93,86.73,5.48518745405296,18.4517,82.48869,district_reference_coordinates_used_for_prototype
OBS0000848,DST22,Mayurbhanj,CRP008,Rapeseed &Mustard,SEA02,Rabi,2023,21.93,86.73,5.93,73.69,39.96,49.16,30.53,1031.52,23.74,18.74,30.83,Irrigated,Lateritic,2023-10-06,2024-01-29,1107.061,1.143,Rapeseed &Mustard,SYNTHETIC_AI_GENERATED,Prototype only; crop_actual follows an existing project crop-production record and is not independently verified farm-survey ground truth.,21.93,86.73,5.4722538774621965,18.45085,82.50613,district_reference_coordinates_used_for_prototype
OBS0000849,DST22,Mayurbhanj,CRP008,Rapeseed &Mustard,SEA02,Rabi,2024,21.93,86.73,6.02,65.81,18.8,21.41,23.48,1520.88,27.93,19.21,36.28,Rainfed,Red,2024-10-03,2025-01-26,712.977,1.124,Rapeseed &Mustard,SYNTHETIC_AI_GENERATED,Prototype only; crop_actual follows an existing project crop-production record and is not independently verified farm-survey ground truth.,21.93,86.73,5.486881801105258,18.44607,82.49112,district_reference_coordinates_used_for_prototype
OBS0000850,DST22,Mayurbhanj,CRP011,Sugarcane,SEA03,Annual,2022,21.93,86.73,7.03,34.12,29.72,59.79,18.14,1081.41,28.73,21.65,37.14,Rainfed,Loam,2022-02-07,2022-12-04,13819.601,83.489,Sugarcane,SYNTHETIC_AI_GENERATED,Prototype only; crop_actual follows an existing project crop-production record and is not independently verified farm-survey ground truth.,21.93,86.73,5.485243095005004,18.45553,82.48548,district_reference_coordinates_used_for_prototype
OBS0000851,DST22,Mayurbhanj,CRP011,Sugarcane,SEA03,Annual,2023,21.93,86.73,7.26,51.4,29.6,61.69,29.45,1179.16,28.71,21.93,34.12,Rainfed,Loam,2023-02-01,2023-11-28,9239.115,85.475,Sugarcane,SYNTHETIC_AI_GENERATED,Prototype only; crop_actual follows an existing project crop-production record and is not independently verified farm-survey ground truth.,21.93,86.73,5.479858415433741,18.45246,82.49496,district_reference_coordinates_used_for_prototype
OBS0000852,DST22,Mayurbhanj,CRP011,Sugarcane,SEA03,Annual,2024,21.93,86.73,6.62,47.55,16.68,65.57,41.22,968.82,29.28,23.43,34.53,Rainfed,Loam,2024-02-15,2024-12-11,12574.142,59.731,Sugarcane,SYNTHETIC_AI_GENERATED,Prototype only; crop_actual follows an existing project crop-production record and is not independently verified farm-survey ground truth.,21.93,86.73,5.477709159219753,18.45869,82.49263,district_reference_coordinates_used_for_prototype
OBS0000853,DST22,Mayurbhanj,CRP003,Jute,SEA01,Kharif,2022,21.93,86.73,6.19,59.46,45.73,26.54,23.1,1288.58,26.82,17.88,32.09,Rainfed,Red,2022-06-18,2022-10-16,369.29,1.746,Jute,SYNTHETIC_AI_GENERATED,Prototype only; crop_actual follows an existing project crop-production record and is not independently verified farm-survey ground truth.,21.93,86.73,5.450597654028412,18.46431,82.5231,district_reference_coordinates_used_for_prototype
OBS0000854,DST22,Mayurbhanj,CRP003,Jute,SEA01,Kharif,2023,21.93,86.73,5.97,57.98,16.14,39.04,20.48,1133.79,23.47,16.89,29.87,Irrigated,Lateritic,2023-06-11,2023-10-09,334.196,1.945,Jute,SYNTHETIC_AI_GENERATED,Prototype only; crop_actual follows an existing project crop-production record and is not independently verified farm-survey ground truth.,21.93,86.73,5.489226639746266,18.45105,82.484,district_reference_coordinates_used_for_prototype
OBS0000855,DST22,Mayurbhanj,CRP003,Jute,SEA01,Kharif,2024,21.93,86.73,5.91,52.45,48.47,53.34,20.81,1207.9,30.76,25.31,37.48,Rainfed,Loam,2024-06-23,2024-10-21,338.925,1.611,Jute,SYNTHETIC_AI_GENERATED,Prototype only; crop_actual follows an existing project crop-production record and is not independently verified farm-survey ground truth.,21.93,86.73,5.473071211056916,18.46242,82.49557,district_reference_coordinates_used_for_prototype
OBS0000856,DST22,Mayurbhanj,CRP013,Wheat,SEA99,Unknown,2022,21.93,86.73,6.75,72.26,24.54,38.34,23.72,939.61,30.25,22.04,35.41,Rainfed,Lateritic,2022-06-08,2022-09-16,3982.081,2.532,Wheat,SYNTHETIC_AI_GENERATED,Prototype only; crop_actual follows an existing project crop-production record and is not independently verified farm-survey ground truth.,21.93,86.73,5.470769474452383,18.44649,82.51165,district_reference_coordinates_used_for_prototype
OBS0000857,DST22,Mayurbhanj,CRP013,Wheat,SEA99,Unknown,2023,21.93,86.73,6.51,79.47,27.23,33.57,23.19,1258.91,24.98,17.74,31.83,Irrigated,Lateritic,2023-06-03,2023-09-11,3629.023,2.522,Wheat,SYNTHETIC_AI_GENERATED,Prototype only; crop_actual follows an existing project crop-production record and is not independently verified farm-survey ground truth.,21.93,86.73,5.503103912084532,18.44424,82.47164,district_reference_coordinates_used_for_prototype
OBS0000858,DST22,Mayurbhanj,CRP013,Wheat,SEA99,Unknown,2024,21.93,86.73,5.78,59.03,17.1,33.84,30.98,1342.92,27.79,18.93,34.45,Irrigated,Lateritic,2024-06-08,2024-09-16,4017.856,2.085,Wheat,SYNTHETIC_AI_GENERATED,Prototype only; crop_actual follows an existing project crop-production record and is not independently verified farm-survey ground truth.,21.93,86.73,5.474850078860615,18.45402,82.50016,district_reference_coordinates_used_for_prototype
OBS0000859,DST23,Nabarangpur,CRP001,Groundnut,SEA01,Kharif,2022,19.23,82.55,6.97,38.48,16.9,32.93,33.91,1298.6,27.3,21.13,34.26,Irrigated,Sandy loam,2022-06-23,2022-10-11,3899.875,1.411,Groundnut,SYNTHETIC_AI_GENERATED,Prototype only; crop_actual follows an existing project crop-production record and is not independently verified farm-survey ground truth.,19.23,82.55,0.5578664410949995,18.8985,82.99869,district_reference_coordinates_used_for_prototype
OBS0000860,DST23,Nabarangpur,CRP001,Groundnut,SEA01,Kharif,2023,19.23,82.55,7.15,43.62,32.53,50.39,32.53,631.34,26.42,19.98,32.15,Irrigated,Red,2023-06-02,2023-09-20,4719.016,1.428,Groundnut,SYNTHETIC_AI_GENERATED,Prototype only; crop_actual follows an existing project crop-production record and is not independently verified farm-survey ground truth.,19.23,82.55,0.5429658959824344,18.90951,82.98829,district_reference_coordinates_used_for_prototype
OBS0000861,DST23,Nabarangpur,CRP001,Groundnut,SEA01,Kharif,2024,19.23,82.55,6.04,47.92,15.83,66.39,27.19,708.9,29.28,20.37,36.42,Rainfed,Sandy loam,2024-06-03,2024-09-21,5068.503,1.088,Groundnut,SYNTHETIC_AI_GENERATED,Prototype only; crop_actual follows an existing project crop-production record and is not independently verified farm-survey ground truth.,19.23,82.55,0.5371049641364392,18.91745,82.9868,district_reference_coordinates_used_for_prototype
OBS0000862,DST23,Nabarangpur,CRP004,Maize,SEA01,Kharif,2022,19.23,82.55,6.98,76.4,31.36,37.74,24.37,1348.13,27.96,19.08,34.91,Irrigated,Sandy loam,2022-06-17,2022-09-25,7549.86,3.978,Maize,SYNTHETIC_AI_GENERATED,Prototype only; crop_actual follows an existing project crop-production record and is not independently verified farm-survey ground truth.,19.23,82.55,0.561986592455735,18.8981,83.00351,district_reference_coordinates_used_for_prototype
OBS0000863,DST23,Nabarangpur,CRP004,Maize,SEA01,Kharif,2023,19.23,82.55,7.09,43.38,43.18,37.43,27.71,1103.24,26.33,18.52,33.77,Irrigated,Alluvial,2023-06-14,2023-09-22,5034.243,3.158,Maize,SYNTHETIC_AI_GENERATED,Prototype only; crop_actual follows an existing project crop-production record and is not independently verified farm-survey ground truth.,19.23,82.55,0.5632506192628721,18.90376,83.00915,district_reference_coordinates_used_for_prototype
OBS0000864,DST23,Nabarangpur,CRP004,Maize,SEA01,Kharif,2024,19.23,82.55,6.15,73.72,46.23,61.57,20.87,966.79,25.44,17.59,31.59,Rainfed,Red,2024-06-01,2024-09-09,4972.057,3.241,Maize,SYNTHETIC_AI_GENERATED,Prototype only; crop_actual follows an existing project crop-production record and is not independently verified farm-survey ground truth.,19.23,82.55,0.5627054431050028,18.90226,83.00741,district_reference_coordinates_used_for_prototype
OBS0000865,DST23,Nabarangpur,CRP005,Moong(Green Gram),SEA02,Rabi,2022,19.23,82.55,6.75,53.94,19.04,33.5,32.26,1006.42,25.24,17.95,30.39,Irrigated,Lateritic,2022-10-18,2022-12-27,4618.831,1.001,Moong(Green Gram),SYNTHETIC_AI_GENERATED,Prototype only; crop_actual follows an existing project crop-production record and is not independently verified farm-survey ground truth.,19.23,82.55,0.555510946156784,18.89892,82.99607,district_reference_coordinates_used_for_prototype
OBS0000866,DST23,Nabarangpur,CRP005,Moong(Green Gram),SEA02,Rabi,2023,19.23,82.55,6.48,43.64,24.12,26.98,32.15,750.95,26.13,18.4,31.6,Irrigated,Alluvial,2023-10-05,2023-12-14,3729.018,0.912,Moong(Green Gram),SYNTHETIC_AI_GENERATED,Prototype only; crop_actual follows an existing project crop-production record and is not independently verified farm-survey ground truth.,19.23,82.55,0.570901663161002,18.88983,83.00849,district_reference_coordinates_used_for_prototype
OBS0000867,DST23,Nabarangpur,CRP005,Moong(Green Gram),SEA02,Rabi,2024,19.23,82.55,6.57,56.07,49.07,46.46,26.62,1373.01,28.95,20.37,34.25,Rainfed,Alluvial,2024-10-17,2024-12-26,4491.67,1.018,Moong(Green Gram),SYNTHETIC_AI_GENERATED,Prototype only; crop_actual follows an existing project crop-production record and is not independently verified farm-survey ground truth.,19.23,82.55,0.5793374546842265,18.90092,83.0268,district_reference_coordinates_used_for_prototype
OBS0000868,DST23,Nabarangpur,CRP007,Ragi,SEA01,Kharif,2022,19.23,82.55,6.51,62.48,17.11,41.24,41.14,1007.41,31.11,24.22,38.08,Rainfed,Loam,2022-06-01,2022-09-19,2236.617,1.568,Ragi,SYNTHETIC_AI_GENERATED,Prototype only; crop_actual follows an existing project crop-production record and is not independently verified farm-survey ground truth.,19.23,82.55,0.5666789606999741,18.88158,82.99691,district_reference_coordinates_used_for_prototype
OBS0000869,DST23,Nabarangpur,CRP007,Ragi,SEA01,Kharif,2023,19.23,82.55,5.87,34.33,39.32,36.64,37.89,1064.97,23.26,15.56,29.26,Rainfed,Sandy loam,2023-06-05,2023-09-23,1605.163,1.592,Ragi,SYNTHETIC_AI_GENERATED,Prototype only; crop_actual follows an existing project crop-production record and is not independently verified farm-survey ground truth.,19.23,82.55,0.557099146831157,18.89187,82.99275,district_reference_coordinates_used_for_prototype
OBS0000870,DST23,Nabarangpur,CRP007,Ragi,SEA01,Kharif,2024,19.23,82.55,5.89,66.38,28.07,58.83,39.26,1081.04,26.06,17.89,34.08,Rainfed,Red,2024-06-05,2024-09-23,2103.17,1.46,Ragi,SYNTHETIC_AI_GENERATED,Prototype only; crop_actual follows an existing project crop-production record and is not independently verified farm-survey ground truth.,19.23,82.55,0.550067811183309,18.91337,82.9998,district_reference_coordinates_used_for_prototype
OBS0000871,DST23,Nabarangpur,CRP009,Rice,SEA01,Kharif,2022,19.23,82.55,6.07,63.99,35.09,29.83,19.83,1311.83,25.19,19.04,31.0,Irrigated,Lateritic,2022-06-06,2022-10-04,51768.217,2.869,Rice,SYNTHETIC_AI_GENERATED,Prototype only; crop_actual follows an existing project crop-production record and is not independently verified farm-survey ground truth.,19.23,82.55,0.5560980500775028,18.89653,82.99502,district_reference_coordinates_used_for_prototype
OBS0000872,DST23,Nabarangpur,CRP009,Rice,SEA01,Kharif,2023,19.23,82.55,6.47,60.1,42.47,35.95,39.33,1024.01,22.23,14.29,30.72,Irrigated,Red,2023-06-20,2023-10-18,52525.372,2.404,Rice,SYNTHETIC_AI_GENERATED,Prototype only; crop_actual follows an existing project crop-production record and is not independently verified farm-survey ground truth.,19.23,82.55,0.5533688659474851,18.88843,82.98537,district_reference_coordinates_used_for_prototype
OBS0000873,DST23,Nabarangpur,CRP009,Rice,SEA01,Kharif,2024,19.23,82.55,5.71,64.09,33.0,51.84,19.88,848.05,27.83,19.99,33.03,Rainfed,Loam,2024-06-03,2024-10-01,45893.649,2.556,Rice,SYNTHETIC_AI_GENERATED,Prototype only; crop_actual follows an existing project crop-production record and is not independently verified farm-survey ground truth.,19.23,82.55,0.5598151985253776,18.91186,83.01063,district_reference_coordinates_used_for_prototype
OBS0000874,DST23,Nabarangpur,CRP010,Sesamum,SEA01,Kharif,2022,19.23,82.55,6.44,69.28,31.07,61.55,24.53,847.26,27.8,20.48,33.88,Irrigated,Alluvial,2022-06-17,2022-09-25,2139.585,0.719,Sesamum,SYNTHETIC_AI_GENERATED,Prototype only; crop_actual follows an existing project crop-production record and is not independently verified farm-survey ground truth.,19.23,82.55,0.5527894826242689,18.89636,82.99075,district_reference_coordinates_used_for_prototype
OBS0000875,DST23,Nabarangpur,CRP010,Sesamum,SEA01,Kharif,2023,19.23,82.55,7.14,60.28,32.3,27.8,30.64,1209.15,29.39,21.89,36.66,Rainfed,Sandy loam,2023-06-15,2023-09-23,2850.8,0.654,Sesamum,SYNTHETIC_AI_GENERATED,Prototype only; crop_actual follows an existing project crop-production record and is not independently verified farm-survey ground truth.,19.23,82.55,0.5580057637695165,18.90768,83.0055,district_reference_coordinates_used_for_prototype
OBS0000876,DST23,Nabarangpur,CRP010,Sesamum,SEA01,Kharif,2024,19.23,82.55,6.66,58.73,37.53,53.49,24.26,1159.48,24.45,15.54,29.89,Rainfed,Sandy loam,2024-06-07,2024-09-15,2265.688,0.499,Sesamum,SYNTHETIC_AI_GENERATED,Prototype only; crop_actual follows an existing project crop-production record and is not independently verified farm-survey ground truth.,19.23,82.55,0.5566403403455382,18.88549,82.98722,district_reference_coordinates_used_for_prototype
OBS0000877,DST23,Nabarangpur,CRP012,Urad,SEA02,Rabi,2022,19.23,82.55,7.18,43.24,45.36,37.74,30.33,1100.4,28.07,20.96,35.72,Rainfed,Red,2022-10-09,2022-12-28,3631.616,0.734,Urad,SYNTHETIC_AI_GENERATED,Prototype only; crop_actual follows an existing project crop-production record and is not independently verified farm-survey ground truth.,19.23,82.55,0.5487312461487844,18.91277,82.99774,district_reference_coordinates_used_for_prototype
OBS0000878,DST23,Nabarangpur,CRP012,Urad,SEA02,Rabi,2023,19.23,82.55,7.23,44.11,44.11,40.14,33.83,666.02,27.05,19.49,32.52,Rainfed,Red,2023-10-12,2023-12-31,2632.846,0.703,Urad,SYNTHETIC_AI_GENERATED,Prototype only; crop_actual follows an existing project crop-production record and is not independently verified farm-survey ground truth.,19.23,82.55,0.5411050812919863,18.91509,82.99003,district_reference_coordinates_used_for_prototype
OBS0000879,DST23,Nabarangpur,CRP012,Urad,SEA02,Rabi,2024,19.23,82.55,6.71,61.18,46.25,37.44,25.91,772.15,24.29,17.29,30.58,Rainfed,Red,2024-10-18,2025-01-06,2896.583,0.63,Urad,SYNTHETIC_AI_GENERATED,Prototype only; crop_actual follows an existing project crop-production record and is not independently verified farm-survey ground truth.,19.23,82.55,0.5494368245758602,18.89541,82.98581,district_reference_coordinates_used_for_prototype
OBS0000880,DST23,Nabarangpur,CRP002,Horse Gram,SEA99,Unknown,2022,19.23,82.55,6.45,55.21,29.43,31.09,24.8,808.49,24.69,16.91,33.16,Irrigated,Loam,2022-06-20,2022-09-28,2806.213,0.487,Horse Gram,SYNTHETIC_AI_GENERATED,Prototype only; crop_actual follows an existing project crop-production record and is not independently verified farm-survey ground truth.,19.23,82.55,0.5607480011556039,18.89358,82.99862,district_reference_coordinates_used_for_prototype
OBS0000881,DST23,Nabarangpur,CRP002,Horse Gram,SEA99,Unknown,2023,19.23,82.55,6.77,79.07,25.99,65.57,23.37,1209.51,28.33,23.17,33.81,Irrigated,Red,2023-06-06,2023-09-14,2790.27,0.444,Horse Gram,SYNTHETIC_AI_GENERATED,Prototype only; crop_actual follows an existing project crop-production record and is not independently verified farm-survey ground truth.,19.23,82.55,0.5519417850643371,18.89475,82.98846,district_reference_coordinates_used_for_prototype
OBS0000882,DST23,Nabarangpur,CRP002,Horse Gram,SEA99,Unknown,2024,19.23,82.55,7.19,41.87,45.22,56.87,27.94,973.75,27.4,20.38,34.15,Irrigated,Red,2024-06-10,2024-09-18,2812.657,0.551,Horse Gram,SYNTHETIC_AI_GENERATED,Prototype only; crop_actual follows an existing project crop-production record and is not independently verified farm-survey ground truth.,19.23,82.55,0.550049857558384,18.91507,83.00097,district_reference_coordinates_used_for_prototype
OBS0000883,DST23,Nabarangpur,CRP006,Potato,SEA02,Rabi,2022,19.23,82.55,6.62,35.03,28.31,51.06,31.2,1277.92,28.31,22.32,36.15,Rainfed,Loam,2022-10-22,2023-01-30,3416.854,18.54,Potato,SYNTHETIC_AI_GENERATED,Prototype only; crop_actual follows an existing project crop-production record and is not independently verified farm-survey ground truth.,19.23,82.55,0.5652426842516443,18.90485,83.01236,district_reference_coordinates_used_for_prototype
OBS0000884,DST23,Nabarangpur,CRP006,Potato,SEA02,Rabi,2023,19.23,82.55,7.09,70.92,41.51,36.51,27.36,1150.11,23.04,14.05,29.92,Irrigated,Loam,2023-10-10,2024-01-18,3813.975,19.023,Potato,SYNTHETIC_AI_GENERATED,Prototype only; crop_actual follows an existing project crop-production record and is not independently verified farm-survey ground truth.,19.23,82.55,0.5535124723075422,18.90999,83.00163,district_reference_coordinates_used_for_prototype
OBS0000885,DST23,Nabarangpur,CRP006,Potato,SEA02,Rabi,2024,19.23,82.55,6.28,61.56,45.46,39.13,35.45,1251.19,27.95,22.73,34.34,Rainfed,Sandy loam,2024-10-15,2025-01-23,3466.207,17.505,Potato,SYNTHETIC_AI_GENERATED,Prototype only; crop_actual follows an existing project crop-production record and is not independently verified farm-survey ground truth.,19.23,82.55,0.5651297242226758,18.89204,83.00294,district_reference_coordinates_used_for_prototype
OBS0000886,DST23,Nabarangpur,CRP008,Rapeseed &Mustard,SEA02,Rabi,2022,19.23,82.55,6.24,43.18,29.54,42.66,28.71,804.05,24.84,17.5,32.72,Rainfed,Alluvial,2022-10-05,2023-01-28,3635.067,1.209,Rapeseed &Mustard,SYNTHETIC_AI_GENERATED,Prototype only; crop_actual follows an existing project crop-production record and is not independently verified farm-survey ground truth.,19.23,82.55,0.545914861677169,18.91489,82.99579,district_reference_coordinates_used_for_prototype
OBS0000887,DST23,Nabarangpur,CRP008,Rapeseed &Mustard,SEA02,Rabi,2023,19.23,82.55,6.18,48.68,27.15,28.95,19.12,1408.29,29.8,23.99,36.13,Irrigated,Lateritic,2023-10-19,2024-02-11,4220.53,1.118,Rapeseed &Mustard,SYNTHETIC_AI_GENERATED,Prototype only; crop_actual follows an existing project crop-production record and is not independently verified farm-survey ground truth.,19.23,82.55,0.5629412196668502,18.89822,83.00478,district_reference_coordinates_used_for_prototype
OBS0000888,DST23,Nabarangpur,CRP008,Rapeseed &Mustard,SEA02,Rabi,2024,19.23,82.55,6.42,53.17,23.37,25.4,37.41,710.87,28.38,21.08,34.93,Rainfed,Red,2024-10-15,2025-02-07,3166.714,1.513,Rapeseed &Mustard,SYNTHETIC_AI_GENERATED,Prototype only; crop_actual follows an existing project crop-production record and is not independently verified farm-survey ground truth.,19.23,82.55,0.5361409913446294,18.92201,82.98885,district_reference_coordinates_used_for_prototype
OBS0000889,DST23,Nabarangpur,CRP011,Sugarcane,SEA03,Annual,2022,19.23,82.55,6.4,53.74,15.24,45.48,41.19,756.2,26.92,21.9,34.03,Irrigated,Red,2022-02-17,2022-12-14,10898.487,51.728,Sugarcane,SYNTHETIC_AI_GENERATED,Prototype only; crop_actual follows an existing project crop-production record and is not independently verified farm-survey ground truth.,19.23,82.55,0.5633300227220288,18.89213,83.00076,district_reference_coordinates_used_for_prototype
OBS0000890,DST23,Nabarangpur,CRP011,Sugarcane,SEA03,Annual,2023,19.23,82.55,6.52,62.82,16.48,35.1,20.52,886.03,25.01,17.28,30.22,Rainfed,Loam,2023-02-14,2023-12-11,7830.327,49.921,Sugarcane,SYNTHETIC_AI_GENERATED,Prototype only; crop_actual follows an existing project crop-production record and is not independently verified farm-survey ground truth.,19.23,82.55,0.5426083193243622,18.90129,82.98171,district_reference_coordinates_used_for_prototype
OBS0000891,DST23,Nabarangpur,CRP011,Sugarcane,SEA03,Annual,2024,19.23,82.55,6.65,55.34,44.22,63.09,21.41,1280.44,26.77,20.57,32.26,Rainfed,Loam,2024-02-10,2024-12-06,8922.006,66.804,Sugarcane,SYNTHETIC_AI_GENERATED,Prototype only; crop_actual follows an existing project crop-production record and is not independently verified farm-survey ground truth.,19.23,82.55,0.5720170462495006,18.89976,83.01706,district_reference_coordinates_used_for_prototype
OBS0000892,DST23,Nabarangpur,CRP003,Jute,SEA01,Kharif,2022,19.23,82.55,6.22,49.12,17.35,64.91,30.06,1272.07,27.77,18.8,34.76,Rainfed,Sandy loam,2022-06-03,2022-10-01,2457.368,1.789,Jute,SYNTHETIC_AI_GENERATED,Prototype only; crop_actual follows an existing project crop-production record and is not independently verified farm-survey ground truth.,19.23,82.55,0.5485005896988644,18.90788,82.99395,district_reference_coordinates_used_for_prototype
OBS0000893,DST23,Nabarangpur,CRP003,Jute,SEA01,Kharif,2023,19.23,82.55,7.23,37.31,34.53,27.88,20.03,1237.26,25.34,19.77,33.14,Rainfed,Lateritic,2023-06-02,2023-09-30,2892.173,1.85,Jute,SYNTHETIC_AI_GENERATED,Prototype only; crop_actual follows an existing project crop-production record and is not independently verified farm-survey ground truth.,19.23,82.55,0.552263448908222,18.88461,82.98093,district_reference_coordinates_used_for_prototype
OBS0000894,DST23,Nabarangpur,CRP003,Jute,SEA01,Kharif,2024,19.23,82.55,6.65,61.04,18.69,44.97,23.97,868.27,26.71,18.36,32.07,Rainfed,Alluvial,2024-06-18,2024-10-16,2462.202,1.761,Jute,SYNTHETIC_AI_GENERATED,Prototype only; crop_actual follows an existing project crop-production record and is not independently verified farm-survey ground truth.,19.23,82.55,0.559764967910649,18.89887,83.00132,district_reference_coordinates_used_for_prototype
OBS0000895,DST23,Nabarangpur,CRP013,Wheat,SEA99,Unknown,2022,19.23,82.55,5.73,43.53,16.1,43.94,35.28,1085.82,28.47,21.79,36.92,Irrigated,Lateritic,2022-06-12,2022-09-20,5975.419,2.198,Wheat,SYNTHETIC_AI_GENERATED,Prototype only; crop_actual follows an existing project crop-production record and is not independently verified farm-survey ground truth.,19.23,82.55,0.5478014227801914,18.91308,82.99682,district_reference_coordinates_used_for_prototype
OBS0000896,DST23,Nabarangpur,CRP013,Wheat,SEA99,Unknown,2023,19.23,82.55,6.41,59.2,18.93,56.3,42.63,1086.53,24.45,15.85,30.8,Irrigated,Red,2023-06-20,2023-09-28,4653.522,2.13,Wheat,SYNTHETIC_AI_GENERATED,Prototype only; crop_actual follows an existing project crop-production record and is not independently verified farm-survey ground truth.,19.23,82.55,0.5563492594584857,18.88973,82.99016,district_reference_coordinates_used_for_prototype
OBS0000897,DST23,Nabarangpur,CRP013,Wheat,SEA99,Unknown,2024,19.23,82.55,6.57,55.38,46.13,29.15,34.45,1040.72,28.73,21.31,35.24,Rainfed,Loam,2024-06-13,2024-09-21,3873.358,1.983,Wheat,SYNTHETIC_AI_GENERATED,Prototype only; crop_actual follows an existing project crop-production record and is not independently verified farm-survey ground truth.,19.23,82.55,0.544510893371295,18.89949,82.98273,district_reference_coordinates_used_for_prototype
OBS0000898,DST24,Nayagarh,CRP001,Groundnut,SEA01,Kharif,2022,20.13,85.1,5.94,58.55,20.51,48.71,18.63,1294.67,28.12,19.32,33.56,Rainfed,Loam,2022-06-13,2022-10-01,2994.703,1.635,Groundnut,SYNTHETIC_AI_GENERATED,Prototype only; crop_actual follows an existing project crop-production record and is not independently verified farm-survey ground truth.,20.13,85.1,1.781081926947768,19.34588,83.50081,district_reference_coordinates_used_for_prototype
OBS0000899,DST24,Nayagarh,CRP001,Groundnut,SEA01,Kharif,2023,20.13,85.1,5.93,61.12,21.84,69.84,37.22,725.88,24.49,18.78,32.81,Rainfed,Red,2023-06-19,2023-10-07,2704.565,1.644,Groundnut,SYNTHETIC_AI_GENERATED,Prototype only; crop_actual follows an existing project crop-production record and is not independently verified farm-survey ground truth.,20.13,85.1,1.7736233465423137,19.35977,83.50235,district_reference_coordinates_used_for_prototype
OBS0000900,DST24,Nayagarh,CRP001,Groundnut,SEA01,Kharif,2024,20.13,85.1,6.38,70.58,23.66,68.35,35.89,1200.24,28.66,22.52,36.75,Irrigated,Sandy loam,2024-06-05,2024-09-23,2393.321,1.762,Groundnut,SYNTHETIC_AI_GENERATED,Prototype only; crop_actual follows an existing project crop-production record and is not independently verified farm-survey ground truth.,20.13,85.1,1.7900731757389148,19.34359,83.49192,district_reference_coordinates_used_for_prototype
OBS0000901,DST24,Nayagarh,CRP004,Maize,SEA01,Kharif,2022,20.13,85.1,6.52,53.52,36.96,29.29,26.33,1243.15,22.29,16.86,27.59,Rainfed,Red,2022-06-10,2022-09-18,3074.374,3.343,Maize,SYNTHETIC_AI_GENERATED,Prototype only; crop_actual follows an existing project crop-production record and is not independently verified farm-survey ground truth.,20.13,85.1,1.767594608076183,19.35704,83.51037,district_reference_coordinates_used_for_prototype
OBS0000902,DST24,Nayagarh,CRP004,Maize,SEA01,Kharif,2023,20.13,85.1,6.78,45.54,34.59,64.75,25.49,1134.81,24.38,15.94,31.45,Rainfed,Alluvial,2023-06-02,2023-09-10,2938.004,3.127,Maize,SYNTHETIC_AI_GENERATED,Prototype only; crop_actual follows an existing project crop-production record and is not independently verified farm-survey ground truth.,20.13,85.1,1.773547722504244,19.36038,83.50214,district_reference_coordinates_used_for_prototype
OBS0000903,DST24,Nayagarh,CRP004,Maize,SEA01,Kharif,2024,20.13,85.1,5.62,43.74,31.55,61.9,39.2,1037.65,28.19,21.15,35.91,Rainfed,Red,2024-06-20,2024-09-28,3342.688,3.306,Maize,SYNTHETIC_AI_GENERATED,Prototype only; crop_actual follows an existing project crop-production record and is not independently verified farm-survey ground truth.,20.13,85.1,1.7674854437872944,19.34646,83.51568,district_reference_coordinates_used_for_prototype
OBS0000904,DST24,Nayagarh,CRP005,Moong(Green Gram),SEA02,Rabi,2022,20.13,85.1,6.71,42.71,18.98,49.82,36.63,939.34,25.65,17.18,33.22,Rainfed,Alluvial,2022-10-23,2023-01-01,2000.72,0.635,Moong(Green Gram),SYNTHETIC_AI_GENERATED,Prototype only; crop_actual follows an existing project crop-production record and is not independently verified farm-survey ground truth.,20.13,85.1,1.7821098258524901,19.34367,83.50075,district_reference_coordinates_used_for_prototype
OBS0000905,DST24,Nayagarh,CRP005,Moong(Green Gram),SEA02,Rabi,2023,20.13,85.1,5.88,56.32,37.05,49.09,35.99,972.99,28.49,21.94,35.61,Irrigated,Sandy loam,2023-10-04,2023-12-13,2084.7,0.674,Moong(Green Gram),SYNTHETIC_AI_GENERATED,Prototype only; crop_actual follows an existing project crop-production record and is not independently verified farm-survey ground truth.,20.13,85.1,1.7784192250985125,19.35051,83.50151,district_reference_coordinates_used_for_prototype
OBS0000906,DST24,Nayagarh,CRP005,Moong(Green Gram),SEA02,Rabi,2024,20.13,85.1,5.67,67.16,18.66,42.23,29.57,892.21,29.46,23.8,37.65,Irrigated,Sandy loam,2024-10-10,2024-12-19,2619.259,0.686,Moong(Green Gram),SYNTHETIC_AI_GENERATED,Prototype only; crop_actual follows an existing project crop-production record and is not independently verified farm-survey ground truth.,20.13,85.1,1.7846827270414176,19.33031,83.50451,district_reference_coordinates_used_for_prototype
OBS0000907,DST24,Nayagarh,CRP007,Ragi,SEA01,Kharif,2022,20.13,85.1,7.23,51.93,38.68,25.74,23.85,826.22,28.42,19.78,37.37,Rainfed,Lateritic,2022-06-04,2022-09-22,2431.971,1.829,Ragi,SYNTHETIC_AI_GENERATED,Prototype only; crop_actual follows an existing project crop-production record and is not independently verified farm-survey ground truth.,20.13,85.1,1.7803861583656473,19.3314,83.50877,district_reference_coordinates_used_for_prototype
OBS0000908,DST24,Nayagarh,CRP007,Ragi,SEA01,Kharif,2023,20.13,85.1,5.77,60.68,21.87,25.64,38.4,1194.56,28.9,20.6,34.13,Rainfed,Sandy loam,2023-06-14,2023-10-02,2984.275,1.718,Ragi,SYNTHETIC_AI_GENERATED,Prototype only; crop_actual follows an existing project crop-production record and is not independently verified farm-survey ground truth.,20.13,85.1,1.7786515018406415,19.34773,83.50261,district_reference_coordinates_used_for_prototype
OBS0000909,DST24,Nayagarh,CRP007,Ragi,SEA01,Kharif,2024,20.13,85.1,6.93,45.85,38.02,57.93,37.53,991.06,28.15,20.48,34.48,Irrigated,Alluvial,2024-06-08,2024-09-26,2930.079,1.763,Ragi,SYNTHETIC_AI_GENERATED,Prototype only; crop_actual follows an existing project crop-production record and is not independently verified farm-survey ground truth.,20.13,85.1,1.7999294687570397,19.35955,83.4733,district_reference_coordinates_used_for_prototype
OBS0000910,DST24,Nayagarh,CRP009,Rice,SEA01,Kharif,2022,20.13,85.1,6.5,67.88,49.54,24.21,36.76,1124.32,30.72,22.6,35.93,Rainfed,Sandy loam,2022-06-22,2022-10-20,83675.725,2.419,Rice,SYNTHETIC_AI_GENERATED,Prototype only; crop_actual follows an existing project crop-production record and is not independently verified farm-survey ground truth.,20.13,85.1,1.7937172841058324,19.33533,83.49192,district_reference_coordinates_used_for_prototype
OBS0000911,DST24,Nayagarh,CRP009,Rice,SEA01,Kharif,2023,20.13,85.1,6.16,43.64,24.37,40.76,38.17,1066.79,29.09,20.41,37.7,Rainfed,Alluvial,2023-06-06,2023-10-04,65137.329,2.773,Rice,SYNTHETIC_AI_GENERATED,Prototype only; crop_actual follows an existing project crop-production record and is not independently verified farm-survey ground truth.,20.13,85.1,1.7960311910710183,19.35532,83.47963,district_reference_coordinates_used_for_prototype
OBS0000912,DST24,Nayagarh,CRP009,Rice,SEA01,Kharif,2024,20.13,85.1,6.74,52.01,35.93,67.51,37.98,957.18,24.64,16.32,30.38,Rainfed,Lateritic,2024-06-24,2024-10-22,55161.423,2.127,Rice,SYNTHETIC_AI_GENERATED,Prototype only; crop_actual follows an existing project crop-production record and is not independently verified farm-survey ground truth.,20.13,85.1,1.7536781178426029,19.36803,83.52051,district_reference_coordinates_used_for_prototype
OBS0000913,DST24,Nayagarh,CRP010,Sesamum,SEA01,Kharif,2022,20.13,85.1,6.65,47.33,44.02,38.99,24.46,1372.72,28.12,20.92,33.46,Irrigated,Lateritic,2022-06-22,2022-09-30,2549.692,0.616,Sesamum,SYNTHETIC_AI_GENERATED,Prototype only; crop_actual follows an existing project crop-production record and is not independently verified farm-survey ground truth.,20.13,85.1,1.7864319411609237,19.34948,83.4931,district_reference_coordinates_used_for_prototype
OBS0000914,DST24,Nayagarh,CRP010,Sesamum,SEA01,Kharif,2023,20.13,85.1,6.15,37.48,46.02,67.01,38.12,745.69,26.58,18.49,35.53,Rainfed,Loam,2023-06-11,2023-09-19,2275.461,0.518,Sesamum,SYNTHETIC_AI_GENERATED,Prototype only; crop_actual follows an existing project crop-production record and is not independently verified farm-survey ground truth.,20.13,85.1,1.7732511650919516,19.36756,83.49903,district_reference_coordinates_used_for_prototype
OBS0000915,DST24,Nayagarh,CRP010,Sesamum,SEA01,Kharif,2024,20.13,85.1,5.98,43.59,16.18,21.03,38.88,1414.25,27.02,21.08,34.04,Irrigated,Sandy loam,2024-06-02,2024-09-10,2546.953,0.507,Sesamum,SYNTHETIC_AI_GENERATED,Prototype only; crop_actual follows an existing project crop-production record and is not independently verified farm-survey ground truth.,20.13,85.1,1.7803141139978649,19.34914,83.50007,district_reference_coordinates_used_for_prototype
OBS0000916,DST24,Nayagarh,CRP012,Urad,SEA02,Rabi,2022,20.13,85.1,5.51,68.24,43.38,44.9,32.45,798.17,27.53,19.13,35.99,Irrigated,Alluvial,2022-10-06,2022-12-25,815.218,0.771,Urad,SYNTHETIC_AI_GENERATED,Prototype only; crop_actual follows an existing project crop-production record and is not independently verified farm-survey ground truth.,20.13,85.1,1.7855150581554886,19.36073,83.4887,district_reference_coordinates_used_for_prototype
OBS0000917,DST24,Nayagarh,CRP012,Urad,SEA02,Rabi,2023,20.13,85.1,6.5,38.09,32.86,64.71,36.7,1147.27,23.42,16.26,29.59,Irrigated,Sandy loam,2023-10-17,2024-01-05,779.053,1.009,Urad,SYNTHETIC_AI_GENERATED,Prototype only; crop_actual follows an existing project crop-production record and is not independently verified farm-survey ground truth.,20.13,85.1,1.791324578098554,19.3544,83.48529,district_reference_coordinates_used_for_prototype
OBS0000918,DST24,Nayagarh,CRP012,Urad,SEA02,Rabi,2024,20.13,85.1,5.9,30.79,25.94,55.85,22.33,1440.55,25.19,18.09,33.18,Rainfed,Alluvial,2024-10-07,2024-12-26,1047.136,0.722,Urad,SYNTHETIC_AI_GENERATED,Prototype only; crop_actual follows an existing project crop-production record and is not independently verified farm-survey ground truth.,20.13,85.1,1.7858526327219704,19.35397,83.49157,district_reference_coordinates_used_for_prototype
OBS0000919,DST24,Nayagarh,CRP002,Horse Gram,SEA99,Unknown,2022,20.13,85.1,6.57,46.14,30.31,39.44,29.11,1361.7,27.7,21.01,35.39,Irrigated,Red,2022-06-05,2022-09-13,3053.95,1.045,Horse Gram,SYNTHETIC_AI_GENERATED,Prototype only; crop_actual follows an existing project crop-production record and is not independently verified farm-survey ground truth.,20.13,85.1,1.7746661189643487,19.33407,83.51383,district_reference_coordinates_used_for_prototype
OBS0000920,DST24,Nayagarh,CRP002,Horse Gram,SEA99,Unknown,2023,20.13,85.1,6.69,32.8,36.29,58.5,23.34,1167.45,26.63,17.97,35.4,Irrigated,Alluvial,2023-06-04,2023-09-12,3334.97,1.04,Horse Gram,SYNTHETIC_AI_GENERATED,Prototype only; crop_actual follows an existing project crop-production record and is not independently verified farm-survey ground truth.,20.13,85.1,1.7741624412944779,19.3512,83.50591,district_reference_coordinates_used_for_prototype
OBS0000921,DST24,Nayagarh,CRP002,Horse Gram,SEA99,Unknown,2024,20.13,85.1,6.9,30.4,22.77,40.81,25.51,813.54,27.3,21.28,32.38,Irrigated,Red,2024-06-16,2024-09-24,3012.098,0.783,Horse Gram,SYNTHETIC_AI_GENERATED,Prototype only; crop_actual follows an existing project crop-production record and is not independently verified farm-survey ground truth.,20.13,85.1,1.7837156899293103,19.35055,83.4956,district_reference_coordinates_used_for_prototype
OBS0000922,DST24,Nayagarh,CRP006,Potato,SEA02,Rabi,2022,20.13,85.1,5.86,41.49,29.98,31.73,25.35,1296.02,28.05,20.05,33.55,Rainfed,Loam,2022-10-05,2023-01-13,9192.24,15.412,Potato,SYNTHETIC_AI_GENERATED,Prototype only; crop_actual follows an existing project crop-production record and is not independently verified farm-survey ground truth.,20.13,85.1,1.7726859405151187,19.34569,83.51026,district_reference_coordinates_used_for_prototype
OBS0000923,DST24,Nayagarh,CRP006,Potato,SEA02,Rabi,2023,20.13,85.1,6.51,55.11,45.16,52.67,34.14,886.46,28.06,20.43,36.98,Irrigated,Alluvial,2023-10-06,2024-01-14,7346.561,17.156,Potato,SYNTHETIC_AI_GENERATED,Prototype only; crop_actual follows an existing project crop-production record and is not independently verified farm-survey ground truth.,20.13,85.1,1.7684814280336583,19.35358,83.51107,district_reference_coordinates_used_for_prototype
OBS0000924,DST24,Nayagarh,CRP006,Potato,SEA02,Rabi,2024,20.13,85.1,5.88,33.01,15.31,65.94,22.54,967.0,25.81,16.88,30.87,Irrigated,Alluvial,2024-10-24,2025-02-01,6668.709,15.852,Potato,SYNTHETIC_AI_GENERATED,Prototype only; crop_actual follows an existing project crop-production record and is not independently verified farm-survey ground truth.,20.13,85.1,1.775992993510944,19.36083,83.49921,district_reference_coordinates_used_for_prototype
OBS0000925,DST24,Nayagarh,CRP008,Rapeseed &Mustard,SEA02,Rabi,2022,20.13,85.1,6.25,74.38,44.12,42.35,32.83,1085.61,26.87,19.84,33.15,Rainfed,Sandy loam,2022-10-01,2023-01-24,2782.182,0.954,Rapeseed &Mustard,SYNTHETIC_AI_GENERATED,Prototype only; crop_actual follows an existing project crop-production record and is not independently verified farm-survey ground truth.,20.13,85.1,1.7836062765644185,19.34337,83.49923,district_reference_coordinates_used_for_prototype
OBS0000926,DST24,Nayagarh,CRP008,Rapeseed &Mustard,SEA02,Rabi,2023,20.13,85.1,6.61,63.02,18.75,46.55,20.16,1288.59,23.78,16.57,29.3,Rainfed,Lateritic,2023-10-09,2024-02-01,3332.087,0.805,Rapeseed &Mustard,SYNTHETIC_AI_GENERATED,Prototype only; crop_actual follows an existing project crop-production record and is not independently verified farm-survey ground truth.,20.13,85.1,1.781119641826454,19.33104,83.50813,district_reference_coordinates_used_for_prototype
OBS0000927,DST24,Nayagarh,CRP008,Rapeseed &Mustard,SEA02,Rabi,2024,20.13,85.1,6.7,35.59,42.53,30.28,27.22,1483.8,29.61,22.99,35.14,Rainfed,Sandy loam,2024-10-21,2025-02-13,4043.608,1.018,Rapeseed &Mustard,SYNTHETIC_AI_GENERATED,Prototype only; crop_actual follows an existing project crop-production record and is not independently verified farm-survey ground truth.,20.13,85.1,1.7716624765739037,19.33078,83.51885,district_reference_coordinates_used_for_prototype
OBS0000928,DST24,Nayagarh,CRP011,Sugarcane,SEA03,Annual,2022,20.13,85.1,6.41,34.58,26.92,55.26,20.43,1081.28,23.25,17.84,30.94,Rainfed,Alluvial,2022-02-13,2022-12-10,5884.552,52.116,Sugarcane,SYNTHETIC_AI_GENERATED,Prototype only; crop_actual follows an existing project crop-production record and is not independently verified farm-survey ground truth.,20.13,85.1,1.7693140023466694,19.36233,83.5059,district_reference_coordinates_used_for_prototype
OBS0000929,DST24,Nayagarh,CRP011,Sugarcane,SEA03,Annual,2023,20.13,85.1,6.67,33.23,37.38,53.68,42.84,1222.74,26.89,21.69,34.91,Irrigated,Lateritic,2023-02-13,2023-12-10,6123.831,63.608,Sugarcane,SYNTHETIC_AI_GENERATED,Prototype only; crop_actual follows an existing project crop-production record and is not independently verified farm-survey ground truth.,20.13,85.1,1.7792153496696164,19.34482,83.50341,district_reference_coordinates_used_for_prototype
OBS0000930,DST24,Nayagarh,CRP011,Sugarcane,SEA03,Annual,2024,20.13,85.1,6.02,60.72,41.02,27.76,28.51,1362.25,25.91,20.1,34.34,Irrigated,Sandy loam,2024-02-06,2024-12-02,5673.311,74.28,Sugarcane,SYNTHETIC_AI_GENERATED,Prototype only; crop_actual follows an existing project crop-production record and is not independently verified farm-survey ground truth.,20.13,85.1,1.782881225797154,19.33482,83.50427,district_reference_coordinates_used_for_prototype
OBS0000931,DST24,Nayagarh,CRP003,Jute,SEA01,Kharif,2022,20.13,85.1,6.23,37.52,35.31,31.47,38.24,948.18,33.49,24.51,39.55,Irrigated,Loam,2022-06-22,2022-10-20,1204.783,2.793,Jute,SYNTHETIC_AI_GENERATED,Prototype only; crop_actual follows an existing project crop-production record and is not independently verified farm-survey ground truth.,20.13,85.1,1.781502214705327,19.32971,83.50837,district_reference_coordinates_used_for_prototype
OBS0000932,DST24,Nayagarh,CRP003,Jute,SEA01,Kharif,2023,20.13,85.1,5.53,76.53,43.1,49.22,25.45,957.51,27.88,20.83,35.02,Rainfed,Sandy loam,2023-06-12,2023-10-10,1001.321,2.875,Jute,SYNTHETIC_AI_GENERATED,Prototype only; crop_actual follows an existing project crop-production record and is not independently verified farm-survey ground truth.,20.13,85.1,1.7996050460587127,19.34707,83.47963,district_reference_coordinates_used_for_prototype
OBS0000933,DST24,Nayagarh,CRP003,Jute,SEA01,Kharif,2024,20.13,85.1,6.44,34.75,22.93,51.91,40.36,1470.68,28.09,19.59,35.24,Rainfed,Alluvial,2024-06-17,2024-10-15,859.419,2.345,Jute,SYNTHETIC_AI_GENERATED,Prototype only; crop_actual follows an existing project crop-production record and is not independently verified farm-survey ground truth.,20.13,85.1,1.7848439329532328,19.34791,83.49563,district_reference_coordinates_used_for_prototype
OBS0000934,DST24,Nayagarh,CRP013,Wheat,SEA99,Unknown,2022,20.13,85.1,7.17,79.25,45.25,62.77,38.03,881.87,24.87,17.74,30.01,Rainfed,Sandy loam,2022-06-03,2022-09-11,6542.558,2.183,Wheat,SYNTHETIC_AI_GENERATED,Prototype only; crop_actual follows an existing project crop-production record and is not independently verified farm-survey ground truth.,20.13,85.1,1.783217768109099,19.34838,83.49721,district_reference_coordinates_used_for_prototype
OBS0000935,DST24,Nayagarh,CRP013,Wheat,SEA99,Unknown,2023,20.13,85.1,6.7,43.13,19.07,43.09,36.74,767.22,26.51,18.77,33.19,Irrigated,Sandy loam,2023-06-24,2023-10-02,4216.151,2.284,Wheat,SYNTHETIC_AI_GENERATED,Prototype only; crop_actual follows an existing project crop-production record and is not independently verified farm-survey ground truth.,20.13,85.1,1.7856952685718757,19.34601,83.49561,district_reference_coordinates_used_for_prototype
OBS0000936,DST24,Nayagarh,CRP013,Wheat,SEA99,Unknown,2024,20.13,85.1,6.65,56.78,38.34,64.91,30.78,1245.85,26.99,20.76,32.68,Rainfed,Sandy loam,2024-06-05,2024-09-13,5805.719,2.031,Wheat,SYNTHETIC_AI_GENERATED,Prototype only; crop_actual follows an existing project crop-production record and is not independently verified farm-survey ground truth.,20.13,85.1,1.7804199833185337,19.35371,83.49773,district_reference_coordinates_used_for_prototype
OBS0000937,DST25,Nuapada,CRP001,Groundnut,SEA01,Kharif,2022,20.83,82.53,6.27,51.97,48.75,50.77,32.35,1327.09,26.28,20.19,32.37,Rainfed,Sandy loam,2022-06-13,2022-10-01,5131.013,1.909,Groundnut,SYNTHETIC_AI_GENERATED,Prototype only; crop_actual follows an existing project crop-production record and is not independently verified farm-survey ground truth.,20.83,82.53,1.7697854990082857,19.80753,83.97454,district_reference_coordinates_used_for_prototype
OBS0000938,DST25,Nuapada,CRP001,Groundnut,SEA01,Kharif,2023,20.83,82.53,6.06,74.84,24.52,37.86,31.37,1030.16,26.56,17.96,35.22,Rainfed,Lateritic,2023-06-06,2023-09-24,3884.193,1.393,Groundnut,SYNTHETIC_AI_GENERATED,Prototype only; crop_actual follows an existing project crop-production record and is not independently verified farm-survey ground truth.,20.83,82.53,1.804733663286628,19.77973,83.99765,district_reference_coordinates_used_for_prototype
OBS0000939,DST25,Nuapada,CRP001,Groundnut,SEA01,Kharif,2024,20.83,82.53,6.29,30.44,46.16,25.61,36.75,1230.95,25.0,16.23,31.48,Rainfed,Red,2024-06-18,2024-10-06,4526.05,1.734,Groundnut,SYNTHETIC_AI_GENERATED,Prototype only; crop_actual follows an existing project crop-production record and is not independently verified farm-survey ground truth.,20.83,82.53,1.8026293280927201,19.78959,84.00208,district_reference_coordinates_used_for_prototype
OBS0000940,DST25,Nuapada,CRP004,Maize,SEA01,Kharif,2022,20.83,82.53,5.68,78.76,17.76,66.05,27.25,1405.59,27.98,20.72,35.71,Rainfed,Lateritic,2022-06-20,2022-09-28,1186.673,4.034,Maize,SYNTHETIC_AI_GENERATED,Prototype only; crop_actual follows an existing project crop-production record and is not independently verified farm-survey ground truth.,20.83,82.53,1.8013502387098357,19.80077,84.00836,district_reference_coordinates_used_for_prototype
OBS0000941,DST25,Nuapada,CRP004,Maize,SEA01,Kharif,2023,20.83,82.53,6.94,73.51,39.23,33.66,33.73,1103.82,28.26,21.36,34.08,Irrigated,Red,2023-06-15,2023-09-23,1224.852,4.687,Maize,SYNTHETIC_AI_GENERATED,Prototype only; crop_actual follows an existing project crop-production record and is not independently verified farm-survey ground truth.,20.83,82.53,1.799284147265243,19.80605,84.00951,district_reference_coordinates_used_for_prototype
OBS0000942,DST25,Nuapada,CRP004,Maize,SEA01,Kharif,2024,20.83,82.53,5.74,63.0,24.14,66.91,22.33,1440.46,26.25,19.11,32.79,Rainfed,Lateritic,2024-06-10,2024-09-18,1213.544,4.468,Maize,SYNTHETIC_AI_GENERATED,Prototype only; crop_actual follows an existing project crop-production record and is not independently verified farm-survey ground truth.,20.83,82.53,1.791854128354196,19.80362,83.99877,district_reference_coordinates_used_for_prototype
OBS0000943,DST25,Nuapada,CRP005,Moong(Green Gram),SEA02,Rabi,2022,20.83,82.53,7.23,62.33,27.76,41.72,42.17,916.21,26.36,19.0,31.48,Irrigated,Red,2022-10-23,2023-01-01,1443.989,0.589,Moong(Green Gram),SYNTHETIC_AI_GENERATED,Prototype only; crop_actual follows an existing project crop-production record and is not independently verified farm-survey ground truth.,20.83,82.53,1.7953774405400142,19.79392,83.99626,district_reference_coordinates_used_for_prototype
OBS0000944,DST25,Nuapada,CRP005,Moong(Green Gram),SEA02,Rabi,2023,20.83,82.53,6.46,35.12,36.98,23.02,32.8,1031.36,25.86,18.66,30.93,Irrigated,Red,2023-10-20,2023-12-29,1772.172,0.609,Moong(Green Gram),SYNTHETIC_AI_GENERATED,Prototype only; crop_actual follows an existing project crop-production record and is not independently verified farm-survey ground truth.,20.83,82.53,1.7839431422834038,19.80982,83.99345,district_reference_coordinates_used_for_prototype
OBS0000945,DST25,Nuapada,CRP005,Moong(Green Gram),SEA02,Rabi,2024,20.83,82.53,5.85,74.01,24.09,27.34,33.72,1165.39,27.76,22.17,36.04,Rainfed,Alluvial,2024-10-14,2024-12-23,2082.199,0.605,Moong(Green Gram),SYNTHETIC_AI_GENERATED,Prototype only; crop_actual follows an existing project crop-production record and is not independently verified farm-survey ground truth.,20.83,82.53,1.7906271385187857,19.79944,83.99434,district_reference_coordinates_used_for_prototype
OBS0000946,DST25,Nuapada,CRP007,Ragi,SEA01,Kharif,2022,20.83,82.53,6.06,48.37,36.05,48.43,41.34,779.54,27.63,20.2,33.49,Rainfed,Loam,2022-06-13,2022-10-01,2260.194,1.694,Ragi,SYNTHETIC_AI_GENERATED,Prototype only; crop_actual follows an existing project crop-production record and is not independently verified farm-survey ground truth.,20.83,82.53,1.8046803503113777,19.78652,84.00242,district_reference_coordinates_used_for_prototype
OBS0000947,DST25,Nuapada,CRP007,Ragi,SEA01,Kharif,2023,20.83,82.53,6.56,72.42,45.04,65.1,29.49,1571.83,25.66,17.03,30.7,Rainfed,Lateritic,2023-06-18,2023-10-06,2078.192,1.326,Ragi,SYNTHETIC_AI_GENERATED,Prototype only; crop_actual follows an existing project crop-production record and is not independently verified farm-survey ground truth.,20.83,82.53,1.7911872808838294,19.81284,84.00436,district_reference_coordinates_used_for_prototype
OBS0000948,DST25,Nuapada,CRP007,Ragi,SEA01,Kharif,2024,20.83,82.53,6.21,72.31,34.31,61.85,41.94,938.64,24.53,19.44,32.15,Rainfed,Sandy loam,2024-06-08,2024-09-26,2185.335,1.383,Ragi,SYNTHETIC_AI_GENERATED,Prototype only; crop_actual follows an existing project crop-production record and is not independently verified farm-survey ground truth.,20.83,82.53,1.8124014357200207,19.79199,84.01571,district_reference_coordinates_used_for_prototype
OBS0000949,DST25,Nuapada,CRP009,Rice,SEA01,Kharif,2022,20.83,82.53,6.87,61.57,29.82,42.17,37.97,914.97,26.17,19.1,31.87,Rainfed,Loam,2022-06-10,2022-10-08,86347.814,2.377,Rice,SYNTHETIC_AI_GENERATED,Prototype only; crop_actual follows an existing project crop-production record and is not independently verified farm-survey ground truth.,20.83,82.53,1.7941821865407015,19.79727,83.99716,district_reference_coordinates_used_for_prototype
OBS0000950,DST25,Nuapada,CRP009,Rice,SEA01,Kharif,2023,20.83,82.53,7.04,33.76,24.75,58.65,18.04,1291.01,27.56,22.49,34.36,Rainfed,Red,2023-06-24,2023-10-22,54918.886,2.796,Rice,SYNTHETIC_AI_GENERATED,Prototype only; crop_actual follows an existing project crop-production record and is not independently verified farm-survey ground truth.,20.83,82.53,1.799012393564865,19.79449,84.00111,district_reference_coordinates_used_for_prototype
OBS0000951,DST25,Nuapada,CRP009,Rice,SEA01,Kharif,2024,20.83,82.53,5.79,55.04,18.26,50.08,19.79,1261.89,28.01,22.61,33.11,Rainfed,Loam,2024-06-14,2024-10-12,62421.528,2.966,Rice,SYNTHETIC_AI_GENERATED,Prototype only; crop_actual follows an existing project crop-production record and is not independently verified farm-survey ground truth.,20.83,82.53,1.7985498336159642,19.81072,84.01184,district_reference_coordinates_used_for_prototype
OBS0000952,DST25,Nuapada,CRP010,Sesamum,SEA01,Kharif,2022,20.83,82.53,5.69,57.63,32.85,51.54,37.42,1008.23,28.56,22.97,35.09,Irrigated,Alluvial,2022-06-17,2022-09-25,4159.596,0.921,Sesamum,SYNTHETIC_AI_GENERATED,Prototype only; crop_actual follows an existing project crop-production record and is not independently verified farm-survey ground truth.,20.83,82.53,1.796030929828323,19.80353,84.0038,district_reference_coordinates_used_for_prototype
OBS0000953,DST25,Nuapada,CRP010,Sesamum,SEA01,Kharif,2023,20.83,82.53,5.86,35.5,31.27,40.81,29.07,1258.32,29.19,23.26,38.02,Rainfed,Sandy loam,2023-06-09,2023-09-17,3942.884,0.857,Sesamum,SYNTHETIC_AI_GENERATED,Prototype only; crop_actual follows an existing project crop-production record and is not independently verified farm-survey ground truth.,20.83,82.53,1.797840301917835,19.79714,84.00154,district_reference_coordinates_used_for_prototype
OBS0000954,DST25,Nuapada,CRP010,Sesamum,SEA01,Kharif,2024,20.83,82.53,6.82,36.44,43.1,59.69,19.82,1042.22,28.02,19.5,33.84,Rainfed,Sandy loam,2024-06-01,2024-09-09,3892.257,0.793,Sesamum,SYNTHETIC_AI_GENERATED,Prototype only; crop_actual follows an existing project crop-production record and is not independently verified farm-survey ground truth.,20.83,82.53,1.8112839135265355,19.79673,84.01765,district_reference_coordinates_used_for_prototype
OBS0000955,DST25,Nuapada,CRP012,Urad,SEA02,Rabi,2022,20.83,82.53,6.93,79.82,17.39,31.75,30.93,1106.32,24.73,17.07,31.17,Rainfed,Red,2022-10-04,2022-12-23,250.175,0.955,Urad,SYNTHETIC_AI_GENERATED,Prototype only; crop_actual follows an existing project crop-production record and is not independently verified farm-survey ground truth.,20.83,82.53,1.779689564980362,19.81079,83.98894,district_reference_coordinates_used_for_prototype
OBS0000956,DST25,Nuapada,CRP012,Urad,SEA02,Rabi,2023,20.83,82.53,6.19,73.9,45.86,24.2,20.64,1415.33,24.54,18.72,29.63,Irrigated,Sandy loam,2023-10-09,2023-12-28,293.986,0.878,Urad,SYNTHETIC_AI_GENERATED,Prototype only; crop_actual follows an existing project crop-production record and is not independently verified farm-survey ground truth.,20.83,82.53,1.7992241785002743,19.79821,84.00398,district_reference_coordinates_used_for_prototype
OBS0000957,DST25,Nuapada,CRP012,Urad,SEA02,Rabi,2024,20.83,82.53,6.28,53.84,36.81,55.16,24.23,765.78,30.9,23.87,39.47,Irrigated,Lateritic,2024-10-21,2025-01-09,209.571,0.744,Urad,SYNTHETIC_AI_GENERATED,Prototype only; crop_actual follows an existing project crop-production record and is not independently verified farm-survey ground truth.,20.83,82.53,1.790629633285447,19.80294,83.9968,district_reference_coordinates_used_for_prototype
OBS0000958,DST25,Nuapada,CRP002,Horse Gram,SEA99,Unknown,2022,20.83,82.53,5.84,68.3,46.46,56.99,34.3,1039.88,28.32,22.11,34.82,Irrigated,Sandy loam,2022-06-06,2022-09-14,1997.29,0.986,Horse Gram,SYNTHETIC_AI_GENERATED,Prototype only; crop_actual follows an existing project crop-production record and is not independently verified farm-survey ground truth.,20.83,82.53,1.800452772082622,19.79634,84.00417,district_reference_coordinates_used_for_prototype
OBS0000959,DST25,Nuapada,CRP002,Horse Gram,SEA99,Unknown,2023,20.83,82.53,6.24,67.66,38.46,52.61,24.97,1522.45,25.31,18.93,33.91,Irrigated,Sandy loam,2023-06-10,2023-09-18,2469.85,0.945,Horse Gram,SYNTHETIC_AI_GENERATED,Prototype only; crop_actual follows an existing project crop-production record and is not independently verified farm-survey ground truth.,20.83,82.53,1.7861701563120946,19.79772,83.98767,district_reference_coordinates_used_for_prototype
OBS0000960,DST25,Nuapada,CRP002,Horse Gram,SEA99,Unknown,2024,20.83,82.53,6.32,43.79,41.62,36.78,19.55,796.76,26.77,18.49,32.45,Rainfed,Alluvial,2024-06-17,2024-09-25,2096.775,0.825,Horse Gram,SYNTHETIC_AI_GENERATED,Prototype only; crop_actual follows an existing project crop-production record and is not independently verified farm-survey ground truth.,20.83,82.53,1.7689769982111163,19.80691,83.97311,district_reference_coordinates_used_for_prototype
OBS0000961,DST25,Nuapada,CRP006,Potato,SEA02,Rabi,2022,20.83,82.53,7.04,35.28,47.43,38.82,25.68,1077.25,25.02,17.0,32.4,Irrigated,Sandy loam,2022-10-08,2023-01-16,3179.515,12.507,Potato,SYNTHETIC_AI_GENERATED,Prototype only; crop_actual follows an existing project crop-production record and is not independently verified farm-survey ground truth.,20.83,82.53,1.7992078561689253,19.79861,84.00424,district_reference_coordinates_used_for_prototype
OBS0000962,DST25,Nuapada,CRP006,Potato,SEA02,Rabi,2023,20.83,82.53,6.5,55.46,49.11,51.18,18.8,783.45,24.55,16.69,33.01,Irrigated,Alluvial,2023-10-10,2024-01-18,3093.077,12.61,Potato,SYNTHETIC_AI_GENERATED,Prototype only; crop_actual follows an existing project crop-production record and is not independently verified farm-survey ground truth.,20.83,82.53,1.807804575306749,19.79769,84.01408,district_reference_coordinates_used_for_prototype
OBS0000963,DST25,Nuapada,CRP006,Potato,SEA02,Rabi,2024,20.83,82.53,6.92,31.84,19.57,65.2,26.84,969.33,25.49,19.26,32.19,Irrigated,Red,2024-10-16,2025-01-24,2559.638,12.968,Potato,SYNTHETIC_AI_GENERATED,Prototype only; crop_actual follows an existing project crop-production record and is not independently verified farm-survey ground truth.,20.83,82.53,1.7913839796369673,19.80144,83.99667,district_reference_coordinates_used_for_prototype
OBS0000964,DST25,Nuapada,CRP008,Rapeseed &Mustard,SEA02,Rabi,2022,20.83,82.53,6.84,68.39,45.06,24.88,29.77,1025.98,26.04,18.19,31.39,Irrigated,Red,2022-10-08,2023-01-31,5369.996,1.068,Rapeseed &Mustard,SYNTHETIC_AI_GENERATED,Prototype only; crop_actual follows an existing project crop-production record and is not independently verified farm-survey ground truth.,20.83,82.53,1.8072964534906764,19.79262,84.00992,district_reference_coordinates_used_for_prototype
OBS0000965,DST25,Nuapada,CRP008,Rapeseed &Mustard,SEA02,Rabi,2023,20.83,82.53,5.92,70.41,49.8,36.48,37.14,970.2,28.37,19.59,34.32,Rainfed,Sandy loam,2023-10-01,2024-01-24,3991.984,1.48,Rapeseed &Mustard,SYNTHETIC_AI_GENERATED,Prototype only; crop_actual follows an existing project crop-production record and is not independently verified farm-survey ground truth.,20.83,82.53,1.8057500015782881,19.79259,84.00801,district_reference_coordinates_used_for_prototype
OBS0000966,DST25,Nuapada,CRP008,Rapeseed &Mustard,SEA02,Rabi,2024,20.83,82.53,6.45,67.45,17.6,51.87,23.91,916.17,27.88,20.6,36.57,Rainfed,Loam,2024-10-18,2025-02-10,4334.634,1.133,Rapeseed &Mustard,SYNTHETIC_AI_GENERATED,Prototype only; crop_actual follows an existing project crop-production record and is not independently verified farm-survey ground truth.,20.83,82.53,1.7932324534761204,19.79601,83.99511,district_reference_coordinates_used_for_prototype
OBS0000967,DST25,Nuapada,CRP011,Sugarcane,SEA03,Annual,2022,20.83,82.53,5.69,54.55,25.53,55.87,30.88,1307.12,29.55,24.01,37.52,Rainfed,Sandy loam,2022-02-04,2022-12-01,4683.03,65.012,Sugarcane,SYNTHETIC_AI_GENERATED,Prototype only; crop_actual follows an existing project crop-production record and is not independently verified farm-survey ground truth.,20.83,82.53,1.790220944185382,19.79891,83.99347,district_reference_coordinates_used_for_prototype
OBS0000968,DST25,Nuapada,CRP011,Sugarcane,SEA03,Annual,2023,20.83,82.53,5.68,54.22,23.53,42.82,34.12,1420.06,28.33,20.67,36.33,Irrigated,Red,2023-02-16,2023-12-13,5241.565,81.785,Sugarcane,SYNTHETIC_AI_GENERATED,Prototype only; crop_actual follows an existing project crop-production record and is not independently verified farm-survey ground truth.,20.83,82.53,1.8091773707682752,19.7947,84.01367,district_reference_coordinates_used_for_prototype
OBS0000969,DST25,Nuapada,CRP011,Sugarcane,SEA03,Annual,2024,20.83,82.53,6.48,33.42,40.85,51.97,33.92,1258.75,26.52,20.38,33.18,Irrigated,Alluvial,2024-02-19,2024-12-15,5416.426,82.465,Sugarcane,SYNTHETIC_AI_GENERATED,Prototype only; crop_actual follows an existing project crop-production record and is not independently verified farm-survey ground truth.,20.83,82.53,1.7843336338812807,19.81299,83.99613,district_reference_coordinates_used_for_prototype
OBS0000970,DST25,Nuapada,CRP003,Jute,SEA01,Kharif,2022,20.83,82.53,6.02,40.26,48.26,45.72,27.42,1267.39,25.13,20.03,30.9,Rainfed,Red,2022-06-19,2022-10-17,604.546,2.548,Jute,SYNTHETIC_AI_GENERATED,Prototype only; crop_actual follows an existing project crop-production record and is not independently verified farm-survey ground truth.,20.83,82.53,1.7821937120582632,19.79412,83.98023,district_reference_coordinates_used_for_prototype
OBS0000971,DST25,Nuapada,CRP003,Jute,SEA01,Kharif,2023,20.83,82.53,6.04,35.9,32.7,44.65,31.14,1022.6,27.55,20.16,34.38,Rainfed,Red,2023-06-13,2023-10-11,574.328,1.744,Jute,SYNTHETIC_AI_GENERATED,Prototype only; crop_actual follows an existing project crop-production record and is not independently verified farm-survey ground truth.,20.83,82.53,1.7886368545068,19.81242,84.00097,district_reference_coordinates_used_for_prototype
OBS0000972,DST25,Nuapada,CRP003,Jute,SEA01,Kharif,2024,20.83,82.53,7.16,30.62,37.03,25.85,18.57,1214.19,24.89,16.97,31.16,Irrigated,Red,2024-06-06,2024-10-04,724.39,1.838,Jute,SYNTHETIC_AI_GENERATED,Prototype only; crop_actual follows an existing project crop-production record and is not independently verified farm-survey ground truth.,20.83,82.53,1.799000933101474,19.79183,83.99922,district_reference_coordinates_used_for_prototype
OBS0000973,DST25,Nuapada,CRP013,Wheat,SEA99,Unknown,2022,20.83,82.53,6.16,54.79,37.56,62.57,24.36,842.91,25.04,17.95,33.72,Rainfed,Sandy loam,2022-06-23,2022-10-01,1944.545,2.294,Wheat,SYNTHETIC_AI_GENERATED,Prototype only; crop_actual follows an existing project crop-production record and is not independently verified farm-survey ground truth.,20.83,82.53,1.8059637220331999,19.80278,84.01537,district_reference_coordinates_used_for_prototype
OBS0000974,DST25,Nuapada,CRP013,Wheat,SEA99,Unknown,2023,20.83,82.53,6.29,41.88,49.16,48.34,39.98,1197.2,28.54,20.58,35.11,Rainfed,Lateritic,2023-06-01,2023-09-09,1905.749,3.151,Wheat,SYNTHETIC_AI_GENERATED,Prototype only; crop_actual follows an existing project crop-production record and is not independently verified farm-survey ground truth.,20.83,82.53,1.8033572294196114,19.7884,84.00213,district_reference_coordinates_used_for_prototype
OBS0000975,DST25,Nuapada,CRP013,Wheat,SEA99,Unknown,2024,20.83,82.53,6.78,50.09,23.23,54.72,38.47,844.41,27.79,19.61,35.93,Irrigated,Loam,2024-06-11,2024-09-19,1304.263,2.504,Wheat,SYNTHETIC_AI_GENERATED,Prototype only; crop_actual follows an existing project crop-production record and is not independently verified farm-survey ground truth.,20.83,82.53,1.7882529977606603,19.80956,83.99852,district_reference_coordinates_used_for_prototype
OBS0000976,DST26,Puri,CRP001,Groundnut,SEA01,Kharif,2022,19.81,85.83,7.2,78.02,46.78,40.17,35.64,982.05,26.89,18.2,35.52,Rainfed,Sandy loam,2022-06-24,2022-10-12,2110.423,1.407,Groundnut,SYNTHETIC_AI_GENERATED,Prototype only; crop_actual follows an existing project crop-production record and is not independently verified farm-survey ground truth.,19.81,85.83,1.4112132390606265,20.25245,84.48994,district_reference_coordinates_used_for_prototype
OBS0000977,DST26,Puri,CRP001,Groundnut,SEA01,Kharif,2023,19.81,85.83,6.82,56.3,38.01,69.5,34.15,790.14,26.52,17.58,33.96,Rainfed,Loam,2023-06-24,2023-10-12,2520.238,1.116,Groundnut,SYNTHETIC_AI_GENERATED,Prototype only; crop_actual follows an existing project crop-production record and is not independently verified farm-survey ground truth.,19.81,85.83,1.4163938391916322,20.25721,84.48606,district_reference_coordinates_used_for_prototype
OBS0000978,DST26,Puri,CRP001,Groundnut,SEA01,Kharif,2024,19.81,85.83,6.45,30.26,23.16,58.89,39.07,1419.5,29.77,22.96,37.87,Irrigated,Loam,2024-06-22,2024-10-10,2110.619,1.212,Groundnut,SYNTHETIC_AI_GENERATED,Prototype only; crop_actual follows an existing project crop-production record and is not independently verified farm-survey ground truth.,19.81,85.83,1.407618595074667,20.25104,84.49326,district_reference_coordinates_used_for_prototype
OBS0000979,DST26,Puri,CRP004,Maize,SEA01,Kharif,2022,19.81,85.83,6.19,65.6,47.62,40.11,35.29,1065.08,30.09,23.39,37.39,Irrigated,Loam,2022-06-12,2022-09-20,10649.76,3.279,Maize,SYNTHETIC_AI_GENERATED,Prototype only; crop_actual follows an existing project crop-production record and is not independently verified farm-survey ground truth.,19.81,85.83,1.406027493934593,20.26151,84.49844,district_reference_coordinates_used_for_prototype
OBS0000980,DST26,Puri,CRP004,Maize,SEA01,Kharif,2023,19.81,85.83,5.66,71.58,36.32,62.61,39.42,1123.11,27.71,20.31,36.32,Irrigated,Sandy loam,2023-06-02,2023-09-10,10906.864,3.444,Maize,SYNTHETIC_AI_GENERATED,Prototype only; crop_actual follows an existing project crop-production record and is not independently verified farm-survey ground truth.,19.81,85.83,1.425920591933511,20.26327,84.47804,district_reference_coordinates_used_for_prototype
OBS0000981,DST26,Puri,CRP004,Maize,SEA01,Kharif,2024,19.81,85.83,6.6,63.89,48.85,31.47,26.75,1123.91,26.12,20.01,33.27,Rainfed,Red,2024-06-05,2024-09-13,7370.924,2.961,Maize,SYNTHETIC_AI_GENERATED,Prototype only; crop_actual follows an existing project crop-production record and is not independently verified farm-survey ground truth.,19.81,85.83,1.3890468951766943,20.26971,84.51923,district_reference_coordinates_used_for_prototype
OBS0000982,DST26,Puri,CRP005,Moong(Green Gram),SEA02,Rabi,2022,19.81,85.83,7.07,33.33,23.23,27.99,38.56,940.84,27.6,22.46,35.76,Irrigated,Sandy loam,2022-10-08,2022-12-17,5225.767,0.872,Moong(Green Gram),SYNTHETIC_AI_GENERATED,Prototype only; crop_actual follows an existing project crop-production record and is not independently verified farm-survey ground truth.,19.81,85.83,1.4177208794752196,20.25461,84.4838,district_reference_coordinates_used_for_prototype
OBS0000983,DST26,Puri,CRP005,Moong(Green Gram),SEA02,Rabi,2023,19.81,85.83,6.85,74.41,29.89,21.72,35.05,956.84,27.8,20.47,34.25,Irrigated,Sandy loam,2023-10-21,2023-12-30,5560.408,0.704,Moong(Green Gram),SYNTHETIC_AI_GENERATED,Prototype only; crop_actual follows an existing project crop-production record and is not independently verified farm-survey ground truth.,19.81,85.83,1.415097335168152,20.24722,84.48414,district_reference_coordinates_used_for_prototype
OBS0000984,DST26,Puri,CRP005,Moong(Green Gram),SEA02,Rabi,2024,19.81,85.83,5.5,47.2,34.26,53.73,29.19,1131.67,26.01,19.73,34.04,Irrigated,Red,2024-10-04,2024-12-13,6691.825,0.777,Moong(Green Gram),SYNTHETIC_AI_GENERATED,Prototype only; crop_actual follows an existing project crop-production record and is not independently verified farm-survey ground truth.,19.81,85.83,1.4076722604711647,20.23352,84.48755,district_reference_coordinates_used_for_prototype
OBS0000985,DST26,Puri,CRP007,Ragi,SEA01,Kharif,2022,19.81,85.83,5.95,79.04,39.17,56.94,29.38,886.41,24.16,18.23,29.59,Irrigated,Red,2022-06-17,2022-10-05,2262.469,0.943,Ragi,SYNTHETIC_AI_GENERATED,Prototype only; crop_actual follows an existing project crop-production record and is not independently verified farm-survey ground truth.,19.81,85.83,1.4000266730673407,20.26178,84.50487,district_reference_coordinates_used_for_prototype
OBS0000986,DST26,Puri,CRP007,Ragi,SEA01,Kharif,2023,19.81,85.83,5.83,74.24,16.05,61.57,35.39,1144.66,22.27,15.81,29.83,Rainfed,Alluvial,2023-06-22,2023-10-10,2767.194,0.735,Ragi,SYNTHETIC_AI_GENERATED,Prototype only; crop_actual follows an existing project crop-production record and is not independently verified farm-survey ground truth.,19.81,85.83,1.3976075286359908,20.23955,84.50004,district_reference_coordinates_used_for_prototype
OBS0000987,DST26,Puri,CRP007,Ragi,SEA01,Kharif,2024,19.81,85.83,7.29,77.06,23.1,45.83,27.22,1243.24,27.3,18.39,35.25,Irrigated,Sandy loam,2024-06-04,2024-09-22,2023.874,1.006,Ragi,SYNTHETIC_AI_GENERATED,Prototype only; crop_actual follows an existing project crop-production record and is not independently verified farm-survey ground truth.,19.81,85.83,1.403012912449486,20.25593,84.49974,district_reference_coordinates_used_for_prototype
OBS0000988,DST26,Puri,CRP009,Rice,SEA01,Kharif,2022,19.81,85.83,6.15,79.41,41.8,29.68,18.55,894.36,25.76,19.8,31.52,Rainfed,Lateritic,2022-06-19,2022-10-17,53952.351,2.238,Rice,SYNTHETIC_AI_GENERATED,Prototype only; crop_actual follows an existing project crop-production record and is not independently verified farm-survey ground truth.,19.81,85.83,1.4096034733569507,20.2322,84.48511,district_reference_coordinates_used_for_prototype
OBS0000989,DST26,Puri,CRP009,Rice,SEA01,Kharif,2023,19.81,85.83,5.5,79.63,26.48,45.34,33.29,1293.66,27.77,22.02,33.33,Irrigated,Loam,2023-06-10,2023-10-08,74300.821,2.575,Rice,SYNTHETIC_AI_GENERATED,Prototype only; crop_actual follows an existing project crop-production record and is not independently verified farm-survey ground truth.,19.81,85.83,1.4015001425972053,20.24736,84.49849,district_reference_coordinates_used_for_prototype
OBS0000990,DST26,Puri,CRP009,Rice,SEA01,Kharif,2024,19.81,85.83,5.69,64.21,37.05,29.74,20.98,1289.2,28.3,19.87,34.54,Rainfed,Alluvial,2024-06-06,2024-10-04,79261.319,1.914,Rice,SYNTHETIC_AI_GENERATED,Prototype only; crop_actual follows an existing project crop-production record and is not independently verified farm-survey ground truth.,19.81,85.83,1.4049297680667174,20.24876,84.49534,district_reference_coordinates_used_for_prototype
OBS0000991,DST26,Puri,CRP010,Sesamum,SEA01,Kharif,2022,19.81,85.83,6.27,58.45,36.71,61.39,35.6,1209.05,28.31,19.69,36.76,Rainfed,Alluvial,2022-06-20,2022-09-28,3210.956,0.778,Sesamum,SYNTHETIC_AI_GENERATED,Prototype only; crop_actual follows an existing project crop-production record and is not independently verified farm-survey ground truth.,19.81,85.83,1.39167579342316,20.23304,84.50418,district_reference_coordinates_used_for_prototype
OBS0000992,DST26,Puri,CRP010,Sesamum,SEA01,Kharif,2023,19.81,85.83,6.27,72.63,34.18,69.94,40.95,924.69,30.03,21.58,37.43,Irrigated,Lateritic,2023-06-21,2023-09-29,1957.012,0.947,Sesamum,SYNTHETIC_AI_GENERATED,Prototype only; crop_actual follows an existing project crop-production record and is not independently verified farm-survey ground truth.,19.81,85.83,1.393162018790347,20.24609,84.50685,district_reference_coordinates_used_for_prototype
OBS0000993,DST26,Puri,CRP010,Sesamum,SEA01,Kharif,2024,19.81,85.83,5.6,56.36,30.56,42.3,40.39,1311.03,27.93,18.98,35.51,Irrigated,Loam,2024-06-11,2024-09-19,3080.801,0.974,Sesamum,SYNTHETIC_AI_GENERATED,Prototype only; crop_actual follows an existing project crop-production record and is not independently verified farm-survey ground truth.,19.81,85.83,1.38589448552189,20.24015,84.51255,district_reference_coordinates_used_for_prototype
OBS0000994,DST26,Puri,CRP012,Urad,SEA02,Rabi,2022,19.81,85.83,6.33,45.74,32.73,29.73,19.47,1207.22,29.66,22.79,38.17,Rainfed,Alluvial,2022-10-12,2022-12-31,4495.043,0.903,Urad,SYNTHETIC_AI_GENERATED,Prototype only; crop_actual follows an existing project crop-production record and is not independently verified farm-survey ground truth.,19.81,85.83,1.4083962232979683,20.26337,84.49657,district_reference_coordinates_used_for_prototype
OBS0000995,DST26,Puri,CRP012,Urad,SEA02,Rabi,2023,19.81,85.83,6.99,44.11,18.83,49.54,25.21,1248.2,26.94,20.51,34.62,Rainfed,Lateritic,2023-10-10,2023-12-29,4688.943,0.826,Urad,SYNTHETIC_AI_GENERATED,Prototype only; crop_actual follows an existing project crop-production record and is not independently verified farm-survey ground truth.,19.81,85.83,1.3858397701393852,20.23389,84.51058,district_reference_coordinates_used_for_prototype
OBS0000996,DST26,Puri,CRP012,Urad,SEA02,Rabi,2024,19.81,85.83,5.88,76.57,41.17,67.16,37.08,940.88,28.25,22.23,33.81,Irrigated,Alluvial,2024-10-20,2025-01-08,6085.879,0.668,Urad,SYNTHETIC_AI_GENERATED,Prototype only; crop_actual follows an existing project crop-production record and is not independently verified farm-survey ground truth.,19.81,85.83,1.395900794469296,20.24418,84.50334,district_reference_coordinates_used_for_prototype
OBS0000997,DST26,Puri,CRP002,Horse Gram,SEA99,Unknown,2022,19.81,85.83,6.72,51.29,45.58,55.48,31.89,1376.34,25.77,19.91,33.49,Rainfed,Alluvial,2022-06-16,2022-09-24,2778.74,0.657,Horse Gram,SYNTHETIC_AI_GENERATED,Prototype only; crop_actual follows an existing project crop-production record and is not independently verified farm-survey ground truth.,19.81,85.83,1.3761593586863345,20.24986,84.52603,district_reference_coordinates_used_for_prototype
OBS0000998,DST26,Puri,CRP002,Horse Gram,SEA99,Unknown,2023,19.81,85.83,7.3,66.78,41.4,67.75,26.83,1172.89,28.41,21.1,37.15,Irrigated,Lateritic,2023-06-22,2023-09-30,2824.116,0.925,Horse Gram,SYNTHETIC_AI_GENERATED,Prototype only; crop_actual follows an existing project crop-production record and is not independently verified farm-survey ground truth.,19.81,85.83,1.3976255879168737,20.25234,84.50422,district_reference_coordinates_used_for_prototype
OBS0000999,DST26,Puri,CRP002,Horse Gram,SEA99,Unknown,2024,19.81,85.83,6.28,38.87,35.14,51.74,39.17,1417.25,22.4,13.57,30.35,Irrigated,Loam,2024-06-20,2024-09-28,2327.482,0.786,Horse Gram,SYNTHETIC_AI_GENERATED,Prototype only; crop_actual follows an existing project crop-production record and is not independently verified farm-survey ground truth.,19.81,85.83,1.4033465047877547,20.24965,84.4973,district_reference_coordinates_used_for_prototype
OBS0001000,DST26,Puri,CRP006,Potato,SEA02,Rabi,2022,19.81,85.83,7.2,51.88,21.74,41.57,37.02,1039.74,29.19,23.42,37.4,Irrigated,Red,2022-10-07,2023-01-15,2422.879,21.571,Potato,SYNTHETIC_AI_GENERATED,Prototype only; crop_actual follows an existing project crop-production record and is not independently verified farm-survey ground truth.,19.81,85.83,1.4083206726097581,20.2468,84.49113,district_reference_coordinates_used_for_prototype
OBS0001001,DST26,Puri,CRP006,Potato,SEA02,Rabi,2023,19.81,85.83,6.29,58.21,25.26,29.71,35.11,1066.97,29.4,22.37,37.63,Irrigated,Alluvial,2023-10-09,2024-01-17,2084.729,22.628,Potato,SYNTHETIC_AI_GENERATED,Prototype only; crop_actual follows an existing project crop-production record and is not independently verified farm-survey ground truth.,19.81,85.83,1.4072401964838759,20.25685,84.49559,district_reference_coordinates_used_for_prototype
OBS0001002,DST26,Puri,CRP006,Potato,SEA02,Rabi,2024,19.81,85.83,6.41,33.58,49.59,26.89,32.26,793.08,23.38,18.27,31.44,Rainfed,Red,2024-10-06,2025-01-14,2360.785,19.772,Potato,SYNTHETIC_AI_GENERATED,Prototype only; crop_actual follows an existing project crop-production record and is not independently verified farm-survey ground truth.,19.81,85.83,1.4022083148020528,20.26405,84.50334,district_reference_coordinates_used_for_prototype
OBS0001003,DST26,Puri,CRP008,Rapeseed &Mustard,SEA02,Rabi,2022,19.81,85.83,6.43,43.76,22.03,56.64,18.29,1000.99,24.77,16.63,31.48,Irrigated,Lateritic,2022-10-01,2023-01-24,3255.825,1.405,Rapeseed &Mustard,SYNTHETIC_AI_GENERATED,Prototype only; crop_actual follows an existing project crop-production record and is not independently verified farm-survey ground truth.,19.81,85.83,1.4000095771458136,20.23919,84.4974,district_reference_coordinates_used_for_prototype
OBS0001004,DST26,Puri,CRP008,Rapeseed &Mustard,SEA02,Rabi,2023,19.81,85.83,6.53,59.14,36.29,65.4,30.84,1308.93,25.71,17.21,32.52,Rainfed,Loam,2023-10-08,2024-01-31,4729.638,1.67,Rapeseed &Mustard,SYNTHETIC_AI_GENERATED,Prototype only; crop_actual follows an existing project crop-production record and is not independently verified farm-survey ground truth.,19.81,85.83,1.4041474744484632,20.25586,84.49852,district_reference_coordinates_used_for_prototype
OBS0001005,DST26,Puri,CRP008,Rapeseed &Mustard,SEA02,Rabi,2024,19.81,85.83,7.22,75.49,42.84,34.89,26.39,1163.38,28.28,19.3,35.97,Irrigated,Loam,2024-10-12,2025-02-04,3768.178,1.706,Rapeseed &Mustard,SYNTHETIC_AI_GENERATED,Prototype only; crop_actual follows an existing project crop-production record and is not independently verified farm-survey ground truth.,19.81,85.83,1.4093594000466976,20.25032,84.49119,district_reference_coordinates_used_for_prototype
OBS0001006,DST26,Puri,CRP011,Sugarcane,SEA03,Annual,2022,19.81,85.83,7.04,44.08,26.45,67.74,40.56,1310.37,24.04,15.49,31.14,Irrigated,Loam,2022-02-16,2022-12-13,7022.549,54.793,Sugarcane,SYNTHETIC_AI_GENERATED,Prototype only; crop_actual follows an existing project crop-production record and is not independently verified farm-survey ground truth.,19.81,85.83,1.3867721075937502,20.236,84.51028,district_reference_coordinates_used_for_prototype
OBS0001007,DST26,Puri,CRP011,Sugarcane,SEA03,Annual,2023,19.81,85.83,5.77,78.97,36.18,54.25,40.26,997.0,27.17,18.26,35.84,Irrigated,Loam,2023-02-13,2023-12-10,5310.6,70.658,Sugarcane,SYNTHETIC_AI_GENERATED,Prototype only; crop_actual follows an existing project crop-production record and is not independently verified farm-survey ground truth.,19.81,85.83,1.3998643878961954,20.24249,84.49862,district_reference_coordinates_used_for_prototype
OBS0001008,DST26,Puri,CRP011,Sugarcane,SEA03,Annual,2024,19.81,85.83,6.17,55.67,44.46,43.03,37.95,948.97,31.23,23.63,36.37,Irrigated,Loam,2024-02-12,2024-12-08,4644.187,63.47,Sugarcane,SYNTHETIC_AI_GENERATED,Prototype only; crop_actual follows an existing project crop-production record and is not independently verified farm-survey ground truth.,19.81,85.83,1.4078437866823201,20.25366,84.49389,district_reference_coordinates_used_for_prototype
OBS0001009,DST26,Puri,CRP003,Jute,SEA01,Kharif,2022,19.81,85.83,6.12,69.81,26.59,51.61,29.68,949.34,27.73,20.01,32.84,Irrigated,Lateritic,2022-06-24,2022-10-22,1606.625,2.911,Jute,SYNTHETIC_AI_GENERATED,Prototype only; crop_actual follows an existing project crop-production record and is not independently verified farm-survey ground truth.,19.81,85.83,1.4029374858488879,20.26044,84.50134,district_reference_coordinates_used_for_prototype
OBS0001010,DST26,Puri,CRP003,Jute,SEA01,Kharif,2023,19.81,85.83,7.02,56.1,25.52,55.14,42.01,1364.85,24.76,19.22,30.27,Rainfed,Alluvial,2023-06-19,2023-10-17,1602.599,2.97,Jute,SYNTHETIC_AI_GENERATED,Prototype only; crop_actual follows an existing project crop-production record and is not independently verified farm-survey ground truth.,19.81,85.83,1.3977504627436184,20.25,84.50331,district_reference_coordinates_used_for_prototype
OBS0001011,DST26,Puri,CRP003,Jute,SEA01,Kharif,2024,19.81,85.83,7.25,42.26,36.15,67.25,41.64,1018.05,26.21,20.06,33.03,Rainfed,Alluvial,2024-06-24,2024-10-22,1911.722,2.773,Jute,SYNTHETIC_AI_GENERATED,Prototype only; crop_actual follows an existing project crop-production record and is not independently verified farm-survey ground truth.,19.81,85.83,1.4001985305662878,20.25641,84.50287,district_reference_coordinates_used_for_prototype
OBS0001012,DST26,Puri,CRP013,Wheat,SEA99,Unknown,2022,19.81,85.83,5.95,46.85,40.68,33.32,30.13,443.37,27.76,21.08,32.95,Rainfed,Lateritic,2022-06-05,2022-09-13,5527.302,3.198,Wheat,SYNTHETIC_AI_GENERATED,Prototype only; crop_actual follows an existing project crop-production record and is not independently verified farm-survey ground truth.,19.81,85.83,1.3931103490032617,20.25694,84.51053,district_reference_coordinates_used_for_prototype
OBS0001013,DST26,Puri,CRP013,Wheat,SEA99,Unknown,2023,19.81,85.83,5.96,53.79,48.09,62.7,32.43,1101.86,26.97,19.75,32.87,Rainfed,Red,2023-06-12,2023-09-20,4756.213,2.509,Wheat,SYNTHETIC_AI_GENERATED,Prototype only; crop_actual follows an existing project crop-production record and is not independently verified farm-survey ground truth.,19.81,85.83,1.410985430576794,20.25242,84.49017,district_reference_coordinates_used_for_prototype
OBS0001014,DST26,Puri,CRP013,Wheat,SEA99,Unknown,2024,19.81,85.83,6.2,51.15,33.37,29.77,41.41,1033.45,26.23,19.65,35.22,Irrigated,Red,2024-06-23,2024-10-01,3795.553,2.592,Wheat,SYNTHETIC_AI_GENERATED,Prototype only; crop_actual follows an existing project crop-production record and is not independently verified farm-survey ground truth.,19.81,85.83,1.397685044707848,20.24579,84.50199,district_reference_coordinates_used_for_prototype
OBS0001015,DST27,Rayagada,CRP001,Groundnut,SEA01,Kharif,2022,19.17,83.82,5.84,41.66,49.69,50.54,20.79,999.97,29.47,20.79,35.2,Rainfed,Sandy loam,2022-06-05,2022-09-23,6480.852,1.622,Groundnut,SYNTHETIC_AI_GENERATED,Prototype only; crop_actual follows an existing project crop-production record and is not independently verified farm-survey ground truth.,19.17,83.82,1.9289728559002648,20.69128,85.00602,district_reference_coordinates_used_for_prototype
OBS0001016,DST27,Rayagada,CRP001,Groundnut,SEA01,Kharif,2023,19.17,83.82,6.94,39.23,39.83,62.05,24.39,586.36,27.56,20.01,35.59,Rainfed,Lateritic,2023-06-04,2023-09-22,4842.101,2.213,Groundnut,SYNTHETIC_AI_GENERATED,Prototype only; crop_actual follows an existing project crop-production record and is not independently verified farm-survey ground truth.,19.17,83.82,1.9307854166115919,20.69635,85.00245,district_reference_coordinates_used_for_prototype
OBS0001017,DST27,Rayagada,CRP001,Groundnut,SEA01,Kharif,2024,19.17,83.82,5.71,34.98,42.52,43.0,36.68,1181.91,29.43,23.68,34.49,Rainfed,Alluvial,2024-06-21,2024-10-09,6132.304,1.729,Groundnut,SYNTHETIC_AI_GENERATED,Prototype only; crop_actual follows an existing project crop-production record and is not independently verified farm-survey ground truth.,19.17,83.82,1.9221385609003347,20.68083,85.00828,district_reference_coordinates_used_for_prototype
OBS0001018,DST27,Rayagada,CRP004,Maize,SEA01,Kharif,2022,19.17,83.82,6.71,52.12,25.1,28.74,19.04,896.83,24.56,16.31,33.16,Irrigated,Lateritic,2022-06-09,2022-09-17,7073.265,3.012,Maize,SYNTHETIC_AI_GENERATED,Prototype only; crop_actual follows an existing project crop-production record and is not independently verified farm-survey ground truth.,19.17,83.82,1.920398748020844,20.68933,84.99455,district_reference_coordinates_used_for_prototype
OBS0001019,DST27,Rayagada,CRP004,Maize,SEA01,Kharif,2023,19.17,83.82,6.81,60.07,17.21,66.45,37.02,1214.26,30.9,23.44,36.73,Rainfed,Red,2023-06-16,2023-09-24,6426.706,3.597,Maize,SYNTHETIC_AI_GENERATED,Prototype only; crop_actual follows an existing project crop-production record and is not independently verified farm-survey ground truth.,19.17,83.82,1.9319342831732205,20.70604,84.99173,district_reference_coordinates_used_for_prototype
OBS0001020,DST27,Rayagada,CRP004,Maize,SEA01,Kharif,2024,19.17,83.82,5.87,66.61,41.7,44.1,19.29,970.56,28.38,23.3,34.14,Rainfed,Lateritic,2024-06-07,2024-09-15,8893.577,3.796,Maize,SYNTHETIC_AI_GENERATED,Prototype only; crop_actual follows an existing project crop-production record and is not independently verified farm-survey ground truth.,19.17,83.82,1.936933421726214,20.71249,84.99151,district_reference_coordinates_used_for_prototype
OBS0001021,DST27,Rayagada,CRP005,Moong(Green Gram),SEA02,Rabi,2022,19.17,83.82,7.12,79.39,48.04,63.39,38.01,1228.86,29.83,21.47,36.34,Rainfed,Loam,2022-10-18,2022-12-27,583.11,0.913,Moong(Green Gram),SYNTHETIC_AI_GENERATED,Prototype only; crop_actual follows an existing project crop-production record and is not independently verified farm-survey ground truth.,19.17,83.82,1.932797204054273,20.69788,85.00376,district_reference_coordinates_used_for_prototype
OBS0001022,DST27,Rayagada,CRP005,Moong(Green Gram),SEA02,Rabi,2023,19.17,83.82,7.27,72.57,36.53,67.85,20.47,1234.31,27.79,20.14,35.26,Irrigated,Lateritic,2023-10-14,2023-12-23,543.135,0.944,Moong(Green Gram),SYNTHETIC_AI_GENERATED,Prototype only; crop_actual follows an existing project crop-production record and is not independently verified farm-survey ground truth.,19.17,83.82,1.9137961098560134,20.68005,84.99574,district_reference_coordinates_used_for_prototype
OBS0001023,DST27,Rayagada,CRP005,Moong(Green Gram),SEA02,Rabi,2024,19.17,83.82,6.0,38.98,38.98,50.86,24.67,1120.81,27.27,21.7,34.72,Irrigated,Alluvial,2024-10-05,2024-12-14,698.577,0.764,Moong(Green Gram),SYNTHETIC_AI_GENERATED,Prototype only; crop_actual follows an existing project crop-production record and is not independently verified farm-survey ground truth.,19.17,83.82,1.9409672942118312,20.70086,85.01324,district_reference_coordinates_used_for_prototype
OBS0001024,DST27,Rayagada,CRP007,Ragi,SEA01,Kharif,2022,19.17,83.82,5.71,42.18,44.01,55.06,21.04,1390.97,25.41,17.99,30.69,Rainfed,Alluvial,2022-06-15,2022-10-03,2108.421,1.765,Ragi,SYNTHETIC_AI_GENERATED,Prototype only; crop_actual follows an existing project crop-production record and is not independently verified farm-survey ground truth.,19.17,83.82,1.9256891338167799,20.69625,84.99424,district_reference_coordinates_used_for_prototype
OBS0001025,DST27,Rayagada,CRP007,Ragi,SEA01,Kharif,2023,19.17,83.82,5.95,61.53,30.64,31.84,36.97,1162.13,25.39,19.99,31.78,Rainfed,Sandy loam,2023-06-22,2023-10-10,2733.169,1.509,Ragi,SYNTHETIC_AI_GENERATED,Prototype only; crop_actual follows an existing project crop-production record and is not independently verified farm-survey ground truth.,19.17,83.82,1.9286136599381427,20.70438,84.98843,district_reference_coordinates_used_for_prototype
OBS0001026,DST27,Rayagada,CRP007,Ragi,SEA01,Kharif,2024,19.17,83.82,7.29,75.51,23.54,20.7,33.4,1304.32,30.12,23.81,38.88,Rainfed,Loam,2024-06-20,2024-10-08,3074.253,1.828,Ragi,SYNTHETIC_AI_GENERATED,Prototype only; crop_actual follows an existing project crop-production record and is not independently verified farm-survey ground truth.,19.17,83.82,1.9511410553827278,20.71482,85.01184,district_reference_coordinates_used_for_prototype
OBS0001027,DST27,Rayagada,CRP009,Rice,SEA01,Kharif,2022,19.17,83.82,5.79,64.96,33.38,40.09,20.2,1329.61,26.62,20.41,34.72,Rainfed,Red,2022-06-04,2022-10-02,49030.85,2.845,Rice,SYNTHETIC_AI_GENERATED,Prototype only; crop_actual follows an existing project crop-production record and is not independently verified farm-survey ground truth.,19.17,83.82,1.9401757549253096,20.70244,85.00992,district_reference_coordinates_used_for_prototype
OBS0001028,DST27,Rayagada,CRP009,Rice,SEA01,Kharif,2023,19.17,83.82,5.68,66.77,28.7,37.8,24.46,1103.94,28.13,21.51,34.47,Rainfed,Loam,2023-06-24,2023-10-22,50741.375,3.665,Rice,SYNTHETIC_AI_GENERATED,Prototype only; crop_actual follows an existing project crop-production record and is not independently verified farm-survey ground truth.,19.17,83.82,1.9597091621207494,20.72324,85.01495,district_reference_coordinates_used_for_prototype
OBS0001029,DST27,Rayagada,CRP009,Rice,SEA01,Kharif,2024,19.17,83.82,5.68,43.84,25.82,49.04,35.56,910.05,28.33,19.94,35.72,Rainfed,Alluvial,2024-06-06,2024-10-04,50992.653,3.467,Rice,SYNTHETIC_AI_GENERATED,Prototype only; crop_actual follows an existing project crop-production record and is not independently verified farm-survey ground truth.,19.17,83.82,1.9343904429561294,20.69767,85.00663,district_reference_coordinates_used_for_prototype
OBS0001030,DST27,Rayagada,CRP010,Sesamum,SEA01,Kharif,2022,19.17,83.82,7.08,52.54,20.5,58.38,29.68,1048.12,29.05,21.22,37.29,Rainfed,Loam,2022-06-04,2022-09-12,3253.243,0.641,Sesamum,SYNTHETIC_AI_GENERATED,Prototype only; crop_actual follows an existing project crop-production record and is not independently verified farm-survey ground truth.,19.17,83.82,1.9457018777294797,20.70447,85.01631,district_reference_coordinates_used_for_prototype
OBS0001031,DST27,Rayagada,CRP010,Sesamum,SEA01,Kharif,2023,19.17,83.82,5.68,39.54,46.41,37.3,32.64,936.83,25.24,16.81,32.74,Rainfed,Lateritic,2023-06-23,2023-10-01,4142.404,0.717,Sesamum,SYNTHETIC_AI_GENERATED,Prototype only; crop_actual follows an existing project crop-production record and is not independently verified farm-survey ground truth.,19.17,83.82,1.9409964266324664,20.70451,85.00859,district_reference_coordinates_used_for_prototype
OBS0001032,DST27,Rayagada,CRP010,Sesamum,SEA01,Kharif,2024,19.17,83.82,7.16,64.8,37.14,53.78,34.15,1134.0,30.25,23.17,37.12,Rainfed,Red,2024-06-02,2024-09-10,3535.479,0.632,Sesamum,SYNTHETIC_AI_GENERATED,Prototype only; crop_actual follows an existing project crop-production record and is not independently verified farm-survey ground truth.,19.17,83.82,1.9449476242305335,20.71303,85.00401,district_reference_coordinates_used_for_prototype
OBS0001033,DST27,Rayagada,CRP012,Urad,SEA02,Rabi,2022,19.17,83.82,6.59,64.59,30.88,64.51,34.13,1015.32,27.46,18.82,34.52,Irrigated,Red,2022-10-05,2022-12-24,2995.965,0.817,Urad,SYNTHETIC_AI_GENERATED,Prototype only; crop_actual follows an existing project crop-production record and is not independently verified farm-survey ground truth.,19.17,83.82,1.9230960808550381,20.70081,84.98401,district_reference_coordinates_used_for_prototype
OBS0001034,DST27,Rayagada,CRP012,Urad,SEA02,Rabi,2023,19.17,83.82,5.86,35.3,37.74,25.54,37.9,1167.05,27.32,22.13,35.29,Rainfed,Sandy loam,2023-10-09,2023-12-28,2585.353,0.802,Urad,SYNTHETIC_AI_GENERATED,Prototype only; crop_actual follows an existing project crop-production record and is not independently verified farm-survey ground truth.,19.17,83.82,1.8964576803345796,20.67542,84.97337,district_reference_coordinates_used_for_prototype
OBS0001035,DST27,Rayagada,CRP012,Urad,SEA02,Rabi,2024,19.17,83.82,6.13,65.77,32.08,69.02,36.04,1157.49,27.77,20.38,35.76,Irrigated,Red,2024-10-08,2024-12-27,2552.251,0.893,Urad,SYNTHETIC_AI_GENERATED,Prototype only; crop_actual follows an existing project crop-production record and is not independently verified farm-survey ground truth.,19.17,83.82,1.9332339889935735,20.70471,84.99561,district_reference_coordinates_used_for_prototype
OBS0001036,DST27,Rayagada,CRP002,Horse Gram,SEA99,Unknown,2022,19.17,83.82,7.29,45.33,27.57,50.1,35.49,871.14,23.43,17.55,28.84,Rainfed,Alluvial,2022-06-07,2022-09-15,6096.451,0.792,Horse Gram,SYNTHETIC_AI_GENERATED,Prototype only; crop_actual follows an existing project crop-production record and is not independently verified farm-survey ground truth.,19.17,83.82,1.9356867624954246,20.69484,85.01237,district_reference_coordinates_used_for_prototype
OBS0001037,DST27,Rayagada,CRP002,Horse Gram,SEA99,Unknown,2023,19.17,83.82,6.58,39.21,26.39,59.72,35.66,1389.4,25.71,18.36,33.02,Rainfed,Lateritic,2023-06-09,2023-09-17,5291.643,0.649,Horse Gram,SYNTHETIC_AI_GENERATED,Prototype only; crop_actual follows an existing project crop-production record and is not independently verified farm-survey ground truth.,19.17,83.82,1.9063038316595862,20.67875,84.98519,district_reference_coordinates_used_for_prototype
OBS0001038,DST27,Rayagada,CRP002,Horse Gram,SEA99,Unknown,2024,19.17,83.82,6.91,35.21,25.47,43.53,29.52,561.57,25.54,17.95,32.03,Rainfed,Red,2024-06-10,2024-09-18,6046.147,0.613,Horse Gram,SYNTHETIC_AI_GENERATED,Prototype only; crop_actual follows an existing project crop-production record and is not independently verified farm-survey ground truth.,19.17,83.82,1.9242655630915397,20.68687,85.00402,district_reference_coordinates_used_for_prototype
OBS0001039,DST27,Rayagada,CRP006,Potato,SEA02,Rabi,2022,19.17,83.82,7.18,44.45,47.05,41.28,24.35,1059.14,25.47,19.51,33.96,Irrigated,Alluvial,2022-10-06,2023-01-14,7867.856,22.137,Potato,SYNTHETIC_AI_GENERATED,Prototype only; crop_actual follows an existing project crop-production record and is not independently verified farm-survey ground truth.,19.17,83.82,1.9292565866934368,20.69942,84.99597,district_reference_coordinates_used_for_prototype
OBS0001040,DST27,Rayagada,CRP006,Potato,SEA02,Rabi,2023,19.17,83.82,7.26,65.96,42.38,29.16,25.78,1505.91,26.14,19.97,31.29,Rainfed,Red,2023-10-20,2024-01-28,7137.002,24.687,Potato,SYNTHETIC_AI_GENERATED,Prototype only; crop_actual follows an existing project crop-production record and is not independently verified farm-survey ground truth.,19.17,83.82,1.940361640030023,20.69946,85.01405,district_reference_coordinates_used_for_prototype
OBS0001041,DST27,Rayagada,CRP006,Potato,SEA02,Rabi,2024,19.17,83.82,5.81,77.17,41.82,66.29,27.73,1006.95,26.72,20.59,33.52,Rainfed,Alluvial,2024-10-13,2025-01-21,6319.217,19.845,Potato,SYNTHETIC_AI_GENERATED,Prototype only; crop_actual follows an existing project crop-production record and is not independently verified farm-survey ground truth.,19.17,83.82,1.9350891758521118,20.70849,84.99372,district_reference_coordinates_used_for_prototype
OBS0001042,DST27,Rayagada,CRP008,Rapeseed &Mustard,SEA02,Rabi,2022,19.17,83.82,6.24,75.64,19.18,66.84,42.91,930.34,27.51,20.28,33.59,Irrigated,Sandy loam,2022-10-19,2023-02-11,655.309,0.788,Rapeseed &Mustard,SYNTHETIC_AI_GENERATED,Prototype only; crop_actual follows an existing project crop-production record and is not independently verified farm-survey ground truth.,19.17,83.82,1.9254501394998558,20.69406,84.99669,district_reference_coordinates_used_for_prototype
OBS0001043,DST27,Rayagada,CRP008,Rapeseed &Mustard,SEA02,Rabi,2023,19.17,83.82,5.84,31.7,23.29,49.57,26.47,1282.87,26.9,18.43,33.19,Rainfed,Red,2023-10-21,2024-02-13,641.996,0.839,Rapeseed &Mustard,SYNTHETIC_AI_GENERATED,Prototype only; crop_actual follows an existing project crop-production record and is not independently verified farm-survey ground truth.,19.17,83.82,1.9419171587892194,20.7061,85.00804,district_reference_coordinates_used_for_prototype
OBS0001044,DST27,Rayagada,CRP008,Rapeseed &Mustard,SEA02,Rabi,2024,19.17,83.82,6.83,62.92,22.81,23.89,38.06,725.12,27.67,22.22,35.29,Irrigated,Sandy loam,2024-10-01,2025-01-24,784.609,0.842,Rapeseed &Mustard,SYNTHETIC_AI_GENERATED,Prototype only; crop_actual follows an existing project crop-production record and is not independently verified farm-survey ground truth.,19.17,83.82,1.9258747095800453,20.69133,85.00091,district_reference_coordinates_used_for_prototype
OBS0001045,DST27,Rayagada,CRP011,Sugarcane,SEA03,Annual,2022,19.17,83.82,6.47,46.11,26.07,32.09,26.94,1360.34,23.3,18.0,29.13,Rainfed,Loam,2022-02-17,2022-12-14,1404.868,71.336,Sugarcane,SYNTHETIC_AI_GENERATED,Prototype only; crop_actual follows an existing project crop-production record and is not independently verified farm-survey ground truth.,19.17,83.82,1.9303117556498481,20.69596,85.00218,district_reference_coordinates_used_for_prototype
OBS0001046,DST27,Rayagada,CRP011,Sugarcane,SEA03,Annual,2023,19.17,83.82,5.59,71.35,38.21,43.44,34.11,1148.41,26.16,20.95,31.44,Irrigated,Sandy loam,2023-02-07,2023-12-04,1725.968,82.61,Sugarcane,SYNTHETIC_AI_GENERATED,Prototype only; crop_actual follows an existing project crop-production record and is not independently verified farm-survey ground truth.,19.17,83.82,1.930195399875366,20.69596,85.00199,district_reference_coordinates_used_for_prototype
OBS0001047,DST27,Rayagada,CRP011,Sugarcane,SEA03,Annual,2024,19.17,83.82,5.63,49.31,32.7,35.97,39.02,979.26,30.83,22.13,35.89,Irrigated,Sandy loam,2024-02-06,2024-12-02,1214.987,81.198,Sugarcane,SYNTHETIC_AI_GENERATED,Prototype only; crop_actual follows an existing project crop-production record and is not independently verified farm-survey ground truth.,19.17,83.82,1.951958823848495,20.7165,85.011,district_reference_coordinates_used_for_prototype
OBS0001048,DST27,Rayagada,CRP003,Jute,SEA01,Kharif,2022,19.17,83.82,7.04,61.06,41.55,50.21,26.81,1084.82,27.91,20.33,34.13,Irrigated,Red,2022-06-23,2022-10-21,5452.451,1.9,Jute,SYNTHETIC_AI_GENERATED,Prototype only; crop_actual follows an existing project crop-production record and is not independently verified farm-survey ground truth.,19.17,83.82,1.938486297011151,20.69879,85.01186,district_reference_coordinates_used_for_prototype
OBS0001049,DST27,Rayagada,CRP003,Jute,SEA01,Kharif,2023,19.17,83.82,6.4,31.16,43.23,24.01,23.85,1438.76,28.02,22.55,33.09,Rainfed,Loam,2023-06-07,2023-10-05,3670.095,2.152,Jute,SYNTHETIC_AI_GENERATED,Prototype only; crop_actual follows an existing project crop-production record and is not independently verified farm-survey ground truth.,19.17,83.82,1.9363990096310242,20.69154,85.01773,district_reference_coordinates_used_for_prototype
OBS0001050,DST27,Rayagada,CRP003,Jute,SEA01,Kharif,2024,19.17,83.82,5.99,38.35,48.36,49.26,40.36,1208.15,25.89,18.07,30.95,Rainfed,Sandy loam,2024-06-12,2024-10-10,5650.848,2.596,Jute,SYNTHETIC_AI_GENERATED,Prototype only; crop_actual follows an existing project crop-production record and is not independently verified farm-survey ground truth.,19.17,83.82,1.9309616241655383,20.69984,84.99822,district_reference_coordinates_used_for_prototype
OBS0001051,DST27,Rayagada,CRP013,Wheat,SEA99,Unknown,2022,19.17,83.82,6.03,70.72,22.27,30.23,42.41,873.09,24.97,19.82,30.46,Irrigated,Red,2022-06-01,2022-09-09,1486.195,2.054,Wheat,SYNTHETIC_AI_GENERATED,Prototype only; crop_actual follows an existing project crop-production record and is not independently verified farm-survey ground truth.,19.17,83.82,1.9473799627448232,20.70868,85.01363,district_reference_coordinates_used_for_prototype
OBS0001052,DST27,Rayagada,CRP013,Wheat,SEA99,Unknown,2023,19.17,83.82,7.12,55.19,29.83,31.56,27.36,1332.85,31.69,24.39,39.64,Rainfed,Red,2023-06-12,2023-09-20,1650.106,2.626,Wheat,SYNTHETIC_AI_GENERATED,Prototype only; crop_actual follows an existing project crop-production record and is not independently verified farm-survey ground truth.,19.17,83.82,1.9295552442208082,20.70903,84.98386,district_reference_coordinates_used_for_prototype
OBS0001053,DST27,Rayagada,CRP013,Wheat,SEA99,Unknown,2024,19.17,83.82,6.96,60.39,27.52,38.1,26.25,1271.85,25.29,16.84,30.51,Irrigated,Sandy loam,2024-06-03,2024-09-11,2203.023,2.795,Wheat,SYNTHETIC_AI_GENERATED,Prototype only; crop_actual follows an existing project crop-production record and is not independently verified farm-survey ground truth.,19.17,83.82,1.9338398531677852,20.70321,84.99856,district_reference_coordinates_used_for_prototype
OBS0001054,DST28,Sambalpur,CRP001,Groundnut,SEA01,Kharif,2022,21.47,83.97,5.93,33.95,43.43,47.44,28.09,1222.85,24.55,16.14,31.08,Rainfed,Lateritic,2022-06-10,2022-09-28,1961.003,1.915,Groundnut,SYNTHETIC_AI_GENERATED,Prototype only; crop_actual follows an existing project crop-production record and is not independently verified farm-survey ground truth.,21.47,83.97,1.5557799199436941,21.13448,85.48917,district_reference_coordinates_used_for_prototype
OBS0001055,DST28,Sambalpur,CRP001,Groundnut,SEA01,Kharif,2023,21.47,83.97,6.95,56.5,37.63,68.9,31.4,1322.34,26.31,19.79,34.59,Rainfed,Sandy loam,2023-06-10,2023-09-28,2680.232,2.014,Groundnut,SYNTHETIC_AI_GENERATED,Prototype only; crop_actual follows an existing project crop-production record and is not independently verified farm-survey ground truth.,21.47,83.97,1.5665107287216462,21.15866,85.50526,district_reference_coordinates_used_for_prototype
OBS0001056,DST28,Sambalpur,CRP001,Groundnut,SEA01,Kharif,2024,21.47,83.97,6.03,70.59,35.77,59.13,24.45,916.03,29.28,22.01,36.04,Rainfed,Red,2024-06-16,2024-10-04,1682.455,2.068,Groundnut,SYNTHETIC_AI_GENERATED,Prototype only; crop_actual follows an existing project crop-production record and is not independently verified farm-survey ground truth.,21.47,83.97,1.5594680860472863,21.15185,85.49667,district_reference_coordinates_used_for_prototype
OBS0001057,DST28,Sambalpur,CRP004,Maize,SEA01,Kharif,2022,21.47,83.97,6.09,69.01,22.51,51.09,39.73,912.46,26.81,21.4,34.6,Rainfed,Loam,2022-06-08,2022-09-16,1760.609,4.601,Maize,SYNTHETIC_AI_GENERATED,Prototype only; crop_actual follows an existing project crop-production record and is not independently verified farm-survey ground truth.,21.47,83.97,1.5680550596519287,21.14474,85.50395,district_reference_coordinates_used_for_prototype
OBS0001058,DST28,Sambalpur,CRP004,Maize,SEA01,Kharif,2023,21.47,83.97,6.88,49.33,27.96,58.07,22.77,1030.19,27.61,19.75,33.91,Irrigated,Loam,2023-06-12,2023-09-20,1813.919,4.607,Maize,SYNTHETIC_AI_GENERATED,Prototype only; crop_actual follows an existing project crop-production record and is not independently verified farm-survey ground truth.,21.47,83.97,1.5877326365921887,21.16103,85.52738,district_reference_coordinates_used_for_prototype
OBS0001059,DST28,Sambalpur,CRP004,Maize,SEA01,Kharif,2024,21.47,83.97,5.74,70.61,32.97,41.11,24.82,534.94,24.96,17.88,33.44,Irrigated,Loam,2024-06-03,2024-09-11,1501.612,4.646,Maize,SYNTHETIC_AI_GENERATED,Prototype only; crop_actual follows an existing project crop-production record and is not independently verified farm-survey ground truth.,21.47,83.97,1.5675485922292887,21.14407,85.50329,district_reference_coordinates_used_for_prototype
OBS0001060,DST28,Sambalpur,CRP005,Moong(Green Gram),SEA02,Rabi,2022,21.47,83.97,7.17,43.78,44.59,66.63,25.11,1171.44,27.7,19.0,32.94,Irrigated,Loam,2022-10-20,2022-12-29,7856.397,0.736,Moong(Green Gram),SYNTHETIC_AI_GENERATED,Prototype only; crop_actual follows an existing project crop-production record and is not independently verified farm-survey ground truth.,21.47,83.97,1.5638681324523518,21.16486,85.50381,district_reference_coordinates_used_for_prototype
OBS0001061,DST28,Sambalpur,CRP005,Moong(Green Gram),SEA02,Rabi,2023,21.47,83.97,6.62,44.02,30.1,21.61,39.49,1014.06,24.62,18.64,30.66,Irrigated,Sandy loam,2023-10-05,2023-12-14,7187.797,0.658,Moong(Green Gram),SYNTHETIC_AI_GENERATED,Prototype only; crop_actual follows an existing project crop-production record and is not independently verified farm-survey ground truth.,21.47,83.97,1.5710864465076333,21.1624,85.51068,district_reference_coordinates_used_for_prototype
OBS0001062,DST28,Sambalpur,CRP005,Moong(Green Gram),SEA02,Rabi,2024,21.47,83.97,6.08,32.03,15.54,30.5,19.35,1328.15,29.39,21.49,35.58,Rainfed,Red,2024-10-06,2024-12-15,8671.94,0.824,Moong(Green Gram),SYNTHETIC_AI_GENERATED,Prototype only; crop_actual follows an existing project crop-production record and is not independently verified farm-survey ground truth.,21.47,83.97,1.5649297206264594,21.13792,85.49929,district_reference_coordinates_used_for_prototype
OBS0001063,DST28,Sambalpur,CRP007,Ragi,SEA01,Kharif,2022,21.47,83.97,6.25,42.52,25.36,24.46,31.64,1011.43,27.43,22.12,32.74,Rainfed,Lateritic,2022-06-02,2022-09-20,5990.093,1.417,Ragi,SYNTHETIC_AI_GENERATED,Prototype only; crop_actual follows an existing project crop-production record and is not independently verified farm-survey ground truth.,21.47,83.97,1.5511426910507027,21.13656,85.48488,district_reference_coordinates_used_for_prototype
OBS0001064,DST28,Sambalpur,CRP007,Ragi,SEA01,Kharif,2023,21.47,83.97,7.0,32.49,49.98,50.78,19.74,1285.79,28.16,22.07,36.38,Rainfed,Lateritic,2023-06-22,2023-10-10,6570.179,1.56,Ragi,SYNTHETIC_AI_GENERATED,Prototype only; crop_actual follows an existing project crop-production record and is not independently verified farm-survey ground truth.,21.47,83.97,1.5461861276379314,21.14262,85.48113,district_reference_coordinates_used_for_prototype
OBS0001065,DST28,Sambalpur,CRP007,Ragi,SEA01,Kharif,2024,21.47,83.97,5.7,61.27,17.54,69.09,35.27,1294.21,29.26,22.08,35.26,Rainfed,Alluvial,2024-06-06,2024-09-24,6025.421,1.468,Ragi,SYNTHETIC_AI_GENERATED,Prototype only; crop_actual follows an existing project crop-production record and is not independently verified farm-survey ground truth.,21.47,83.97,1.5732459974523971,21.14642,85.50961,district_reference_coordinates_used_for_prototype
OBS0001066,DST28,Sambalpur,CRP009,Rice,SEA01,Kharif,2022,21.47,83.97,6.67,31.42,27.84,39.29,23.81,1136.8,22.66,14.96,28.76,Irrigated,Loam,2022-06-16,2022-10-14,71821.454,2.939,Rice,SYNTHETIC_AI_GENERATED,Prototype only; crop_actual follows an existing project crop-production record and is not independently verified farm-survey ground truth.,21.47,83.97,1.5542500675566928,21.1661,85.49425,district_reference_coordinates_used_for_prototype
OBS0001067,DST28,Sambalpur,CRP009,Rice,SEA01,Kharif,2023,21.47,83.97,6.81,53.52,36.97,51.78,27.33,1472.45,28.28,19.49,33.57,Rainfed,Loam,2023-06-14,2023-10-12,60727.711,3.331,Rice,SYNTHETIC_AI_GENERATED,Prototype only; crop_actual follows an existing project crop-production record and is not independently verified farm-survey ground truth.,21.47,83.97,1.5789855456273163,21.13843,85.51378,district_reference_coordinates_used_for_prototype
OBS0001068,DST28,Sambalpur,CRP009,Rice,SEA01,Kharif,2024,21.47,83.97,5.71,65.99,20.41,22.26,28.57,839.7,25.76,18.82,32.04,Rainfed,Alluvial,2024-06-03,2024-10-01,52726.808,2.575,Rice,SYNTHETIC_AI_GENERATED,Prototype only; crop_actual follows an existing project crop-production record and is not independently verified farm-survey ground truth.,21.47,83.97,1.552843909895649,21.15241,85.49002,district_reference_coordinates_used_for_prototype
OBS0001069,DST28,Sambalpur,CRP010,Sesamum,SEA01,Kharif,2022,21.47,83.97,5.57,46.28,34.24,53.16,29.69,981.57,27.25,20.2,33.94,Rainfed,Lateritic,2022-06-20,2022-09-28,695.06,0.562,Sesamum,SYNTHETIC_AI_GENERATED,Prototype only; crop_actual follows an existing project crop-production record and is not independently verified farm-survey ground truth.,21.47,83.97,1.5782241752678914,21.14515,85.51443,district_reference_coordinates_used_for_prototype
OBS0001070,DST28,Sambalpur,CRP010,Sesamum,SEA01,Kharif,2023,21.47,83.97,6.01,49.43,16.74,32.34,24.71,1097.66,24.34,15.8,30.41,Irrigated,Loam,2023-06-06,2023-09-14,603.56,0.596,Sesamum,SYNTHETIC_AI_GENERATED,Prototype only; crop_actual follows an existing project crop-production record and is not independently verified farm-survey ground truth.,21.47,83.97,1.5567146923248276,21.13878,85.49107,district_reference_coordinates_used_for_prototype
OBS0001071,DST28,Sambalpur,CRP010,Sesamum,SEA01,Kharif,2024,21.47,83.97,5.77,56.54,18.13,37.28,28.28,1130.7,27.1,21.95,35.6,Rainfed,Loam,2024-06-18,2024-09-26,501.491,0.433,Sesamum,SYNTHETIC_AI_GENERATED,Prototype only; crop_actual follows an existing project crop-production record and is not independently verified farm-survey ground truth.,21.47,83.97,1.578114251408944,21.15872,85.51711,district_reference_coordinates_used_for_prototype
OBS0001072,DST28,Sambalpur,CRP012,Urad,SEA02,Rabi,2022,21.47,83.97,6.91,40.0,28.78,56.0,38.39,1179.51,28.13,20.44,33.42,Rainfed,Alluvial,2022-10-09,2022-12-28,4086.315,0.793,Urad,SYNTHETIC_AI_GENERATED,Prototype only; crop_actual follows an existing project crop-production record and is not independently verified farm-survey ground truth.,21.47,83.97,1.5802308718032338,21.15009,85.51751,district_reference_coordinates_used_for_prototype
OBS0001073,DST28,Sambalpur,CRP012,Urad,SEA02,Rabi,2023,21.47,83.97,6.15,79.92,19.9,37.39,30.61,985.26,25.29,18.8,32.33,Rainfed,Lateritic,2023-10-18,2024-01-06,5230.495,0.764,Urad,SYNTHETIC_AI_GENERATED,Prototype only; crop_actual follows an existing project crop-production record and is not independently verified farm-survey ground truth.,21.47,83.97,1.56145535616617,21.16023,85.50042,district_reference_coordinates_used_for_prototype
OBS0001074,DST28,Sambalpur,CRP012,Urad,SEA02,Rabi,2024,21.47,83.97,6.92,54.48,48.05,25.1,40.06,1217.66,24.01,17.66,31.19,Rainfed,Loam,2024-10-23,2025-01-11,3918.55,0.888,Urad,SYNTHETIC_AI_GENERATED,Prototype only; crop_actual follows an existing project crop-production record and is not independently verified farm-survey ground truth.,21.47,83.97,1.5528044660548814,21.16587,85.49273,district_reference_coordinates_used_for_prototype
OBS0001075,DST28,Sambalpur,CRP002,Horse Gram,SEA99,Unknown,2022,21.47,83.97,5.95,60.72,44.23,41.42,25.07,1148.28,26.46,19.06,34.05,Irrigated,Loam,2022-06-09,2022-09-17,3854.941,1.138,Horse Gram,SYNTHETIC_AI_GENERATED,Prototype only; crop_actual follows an existing project crop-production record and is not independently verified farm-survey ground truth.,21.47,83.97,1.5720138277381719,21.13265,85.50539,district_reference_coordinates_used_for_prototype
OBS0001076,DST28,Sambalpur,CRP002,Horse Gram,SEA99,Unknown,2023,21.47,83.97,6.58,73.75,18.82,44.39,23.74,1079.11,28.07,19.35,33.88,Rainfed,Loam,2023-06-19,2023-09-27,3244.487,0.92,Horse Gram,SYNTHETIC_AI_GENERATED,Prototype only; crop_actual follows an existing project crop-production record and is not independently verified farm-survey ground truth.,21.47,83.97,1.5713304966174337,21.1498,85.50836,district_reference_coordinates_used_for_prototype
OBS0001077,DST28,Sambalpur,CRP002,Horse Gram,SEA99,Unknown,2024,21.47,83.97,7.03,37.57,26.03,66.07,26.62,1017.97,25.26,18.24,32.07,Irrigated,Loam,2024-06-09,2024-09-17,2435.797,0.961,Horse Gram,SYNTHETIC_AI_GENERATED,Prototype only; crop_actual follows an existing project crop-production record and is not independently verified farm-survey ground truth.,21.47,83.97,1.5482047411437507,21.15746,85.48633,district_reference_coordinates_used_for_prototype
OBS0001078,DST28,Sambalpur,CRP006,Potato,SEA02,Rabi,2022,21.47,83.97,5.93,62.37,40.43,66.24,36.34,1279.45,26.31,20.72,33.74,Rainfed,Alluvial,2022-10-12,2023-01-20,5908.062,14.918,Potato,SYNTHETIC_AI_GENERATED,Prototype only; crop_actual follows an existing project crop-production record and is not independently verified farm-survey ground truth.,21.47,83.97,1.5730609779979898,21.15121,85.51042,district_reference_coordinates_used_for_prototype
OBS0001079,DST28,Sambalpur,CRP006,Potato,SEA02,Rabi,2023,21.47,83.97,6.66,42.31,34.6,61.9,25.94,1339.32,25.83,19.8,34.75,Rainfed,Red,2023-10-08,2024-01-16,5794.526,14.44,Potato,SYNTHETIC_AI_GENERATED,Prototype only; crop_actual follows an existing project crop-production record and is not independently verified farm-survey ground truth.,21.47,83.97,1.5622858586699144,21.13979,85.49699,district_reference_coordinates_used_for_prototype
OBS0001080,DST28,Sambalpur,CRP006,Potato,SEA02,Rabi,2024,21.47,83.97,7.29,36.07,41.66,54.66,40.83,829.14,25.92,17.96,34.18,Rainfed,Sandy loam,2024-10-19,2025-01-27,6177.093,11.502,Potato,SYNTHETIC_AI_GENERATED,Prototype only; crop_actual follows an existing project crop-production record and is not independently verified farm-survey ground truth.,21.47,83.97,1.5740303474838149,21.14532,85.51018,district_reference_coordinates_used_for_prototype
OBS0001081,DST28,Sambalpur,CRP008,Rapeseed &Mustard,SEA02,Rabi,2022,21.47,83.97,6.76,63.96,43.79,33.48,30.57,1149.51,27.21,21.1,35.44,Irrigated,Loam,2022-10-09,2023-02-01,3543.128,1.054,Rapeseed &Mustard,SYNTHETIC_AI_GENERATED,Prototype only; crop_actual follows an existing project crop-production record and is not independently verified farm-survey ground truth.,21.47,83.97,1.5835131047768471,21.13159,85.51693,district_reference_coordinates_used_for_prototype
OBS0001082,DST28,Sambalpur,CRP008,Rapeseed &Mustard,SEA02,Rabi,2023,21.47,83.97,6.26,32.59,49.6,37.74,32.52,634.36,25.87,16.92,33.63,Rainfed,Red,2023-10-23,2024-02-15,2978.99,1.138,Rapeseed &Mustard,SYNTHETIC_AI_GENERATED,Prototype only; crop_actual follows an existing project crop-production record and is not independently verified farm-survey ground truth.,21.47,83.97,1.5688729054005603,21.14283,85.50438,district_reference_coordinates_used_for_prototype
OBS0001083,DST28,Sambalpur,CRP008,Rapeseed &Mustard,SEA02,Rabi,2024,21.47,83.97,6.2,42.06,32.72,49.03,29.34,1301.95,27.76,20.17,35.71,Irrigated,Alluvial,2024-10-07,2025-01-30,4354.315,1.039,Rapeseed &Mustard,SYNTHETIC_AI_GENERATED,Prototype only; crop_actual follows an existing project crop-production record and is not independently verified farm-survey ground truth.,21.47,83.97,1.5593697973540404,21.16215,85.49868,district_reference_coordinates_used_for_prototype
OBS0001084,DST28,Sambalpur,CRP011,Sugarcane,SEA03,Annual,2022,21.47,83.97,6.05,64.41,38.42,66.47,28.12,878.1,28.76,20.87,34.21,Rainfed,Red,2022-02-08,2022-12-05,1947.865,49.921,Sugarcane,SYNTHETIC_AI_GENERATED,Prototype only; crop_actual follows an existing project crop-production record and is not independently verified farm-survey ground truth.,21.47,83.97,1.5566061221131091,21.15855,85.49513,district_reference_coordinates_used_for_prototype
OBS0001085,DST28,Sambalpur,CRP011,Sugarcane,SEA03,Annual,2023,21.47,83.97,6.62,68.3,20.37,25.94,22.82,703.21,23.51,18.5,31.91,Irrigated,Loam,2023-02-08,2023-12-05,2796.855,39.156,Sugarcane,SYNTHETIC_AI_GENERATED,Prototype only; crop_actual follows an existing project crop-production record and is not independently verified farm-survey ground truth.,21.47,83.97,1.5569198058988207,21.13924,85.49138,district_reference_coordinates_used_for_prototype
OBS0001086,DST28,Sambalpur,CRP011,Sugarcane,SEA03,Annual,2024,21.47,83.97,5.59,48.35,28.9,52.94,40.25,1156.92,24.46,17.32,29.93,Rainfed,Red,2024-02-21,2024-12-17,2335.719,40.768,Sugarcane,SYNTHETIC_AI_GENERATED,Prototype only; crop_actual follows an existing project crop-production record and is not independently verified farm-survey ground truth.,21.47,83.97,1.5869840772988228,21.16246,85.5269,district_reference_coordinates_used_for_prototype
OBS0001087,DST28,Sambalpur,CRP003,Jute,SEA01,Kharif,2022,21.47,83.97,5.89,43.88,27.24,34.98,37.81,890.17,28.94,22.02,34.43,Rainfed,Lateritic,2022-06-04,2022-10-02,4004.936,1.377,Jute,SYNTHETIC_AI_GENERATED,Prototype only; crop_actual follows an existing project crop-production record and is not independently verified farm-survey ground truth.,21.47,83.97,1.565438414566345,21.15947,85.50433,district_reference_coordinates_used_for_prototype
OBS0001088,DST28,Sambalpur,CRP003,Jute,SEA01,Kharif,2023,21.47,83.97,7.22,39.02,36.25,45.42,19.42,953.49,28.58,19.79,35.08,Irrigated,Lateritic,2023-06-10,2023-10-08,5126.213,1.771,Jute,SYNTHETIC_AI_GENERATED,Prototype only; crop_actual follows an existing project crop-production record and is not independently verified farm-survey ground truth.,21.47,83.97,1.5550665460037452,21.1256,85.48645,district_reference_coordinates_used_for_prototype
OBS0001089,DST28,Sambalpur,CRP003,Jute,SEA01,Kharif,2024,21.47,83.97,6.82,38.85,41.65,68.09,33.78,998.81,28.27,19.84,36.97,Rainfed,Alluvial,2024-06-19,2024-10-17,3181.109,1.27,Jute,SYNTHETIC_AI_GENERATED,Prototype only; crop_actual follows an existing project crop-production record and is not independently verified farm-survey ground truth.,21.47,83.97,1.5578551563287304,21.14305,85.49316,district_reference_coordinates_used_for_prototype
OBS0001090,DST28,Sambalpur,CRP013,Wheat,SEA99,Unknown,2022,21.47,83.97,7.02,74.18,41.01,56.37,42.53,1116.4,25.78,18.01,31.75,Irrigated,Red,2022-06-01,2022-09-09,1252.233,2.749,Wheat,SYNTHETIC_AI_GENERATED,Prototype only; crop_actual follows an existing project crop-production record and is not independently verified farm-survey ground truth.,21.47,83.97,1.5516106367900389,21.15689,85.48969,district_reference_coordinates_used_for_prototype
OBS0001091,DST28,Sambalpur,CRP013,Wheat,SEA99,Unknown,2023,21.47,83.97,6.09,74.73,27.65,31.82,31.48,746.82,26.12,18.59,32.53,Rainfed,Sandy loam,2023-06-07,2023-09-15,930.943,3.178,Wheat,SYNTHETIC_AI_GENERATED,Prototype only; crop_actual follows an existing project crop-production record and is not independently verified farm-survey ground truth.,21.47,83.97,1.5747742083867153,21.15257,85.51245,district_reference_coordinates_used_for_prototype
OBS0001092,DST28,Sambalpur,CRP013,Wheat,SEA99,Unknown,2024,21.47,83.97,5.63,38.68,35.8,25.37,38.52,1156.49,30.7,25.36,38.99,Rainfed,Alluvial,2024-06-13,2024-09-21,1313.375,3.098,Wheat,SYNTHETIC_AI_GENERATED,Prototype only; crop_actual follows an existing project crop-production record and is not independently verified farm-survey ground truth.,21.47,83.97,1.5647704192628353,21.15187,85.50209,district_reference_coordinates_used_for_prototype
OBS0001093,DST29,Subarnapur,CRP001,Groundnut,SEA01,Kharif,2022,20.83,83.92,5.73,49.89,46.47,23.42,29.68,1159.8,24.6,18.45,29.66,Irrigated,Lateritic,2022-06-23,2022-10-11,2296.445,2.137,Groundnut,SYNTHETIC_AI_GENERATED,Prototype only; crop_actual follows an existing project crop-production record and is not independently verified farm-survey ground truth.,20.83,83.92,2.2144420843408823,21.6032,85.99507,district_reference_coordinates_used_for_prototype
OBS0001094,DST29,Subarnapur,CRP001,Groundnut,SEA01,Kharif,2023,20.83,83.92,7.03,71.14,17.06,47.96,38.69,710.87,29.85,23.78,38.28,Irrigated,Red,2023-06-05,2023-09-23,2916.204,1.892,Groundnut,SYNTHETIC_AI_GENERATED,Prototype only; crop_actual follows an existing project crop-production record and is not independently verified farm-survey ground truth.,20.83,83.92,2.2048213479781062,21.58262,85.99239,district_reference_coordinates_used_for_prototype
OBS0001095,DST29,Subarnapur,CRP001,Groundnut,SEA01,Kharif,2024,20.83,83.92,6.32,31.24,47.14,65.76,28.64,1112.6,27.17,21.1,35.6,Rainfed,Lateritic,2024-06-15,2024-10-03,3367.975,1.745,Groundnut,SYNTHETIC_AI_GENERATED,Prototype only; crop_actual follows an existing project crop-production record and is not independently verified farm-survey ground truth.,20.83,83.92,2.2186609856622903,21.60307,85.99962,district_reference_coordinates_used_for_prototype
OBS0001096,DST29,Subarnapur,CRP004,Maize,SEA01,Kharif,2022,20.83,83.92,7.16,60.25,25.92,59.46,30.19,1321.77,25.31,20.31,33.6,Irrigated,Red,2022-06-22,2022-09-30,15172.22,2.607,Maize,SYNTHETIC_AI_GENERATED,Prototype only; crop_actual follows an existing project crop-production record and is not independently verified farm-survey ground truth.,20.83,83.92,2.215273145957393,21.60346,85.99586,district_reference_coordinates_used_for_prototype
OBS0001097,DST29,Subarnapur,CRP004,Maize,SEA01,Kharif,2023,20.83,83.92,5.56,37.62,49.64,61.23,35.77,1153.71,28.26,20.48,33.46,Rainfed,Alluvial,2023-06-12,2023-09-20,16907.175,2.774,Maize,SYNTHETIC_AI_GENERATED,Prototype only; crop_actual follows an existing project crop-production record and is not independently verified farm-survey ground truth.,20.83,83.92,2.2195725518666847,21.58899,86.00577,district_reference_coordinates_used_for_prototype
OBS0001098,DST29,Subarnapur,CRP004,Maize,SEA01,Kharif,2024,20.83,83.92,7.06,77.39,36.64,23.18,25.66,1387.87,25.91,17.39,31.74,Irrigated,Loam,2024-06-11,2024-09-19,11389.618,2.444,Maize,SYNTHETIC_AI_GENERATED,Prototype only; crop_actual follows an existing project crop-production record and is not independently verified farm-survey ground truth.,20.83,83.92,2.2350208673075005,21.61302,86.01337,district_reference_coordinates_used_for_prototype
OBS0001099,DST29,Subarnapur,CRP005,Moong(Green Gram),SEA02,Rabi,2022,20.83,83.92,7.1,55.02,29.01,35.44,39.98,1257.48,24.36,19.32,29.41,Rainfed,Alluvial,2022-10-02,2022-12-11,4505.003,0.999,Moong(Green Gram),SYNTHETIC_AI_GENERATED,Prototype only; crop_actual follows an existing project crop-production record and is not independently verified farm-survey ground truth.,20.83,83.92,2.195318530988151,21.60381,85.97442,district_reference_coordinates_used_for_prototype
OBS0001100,DST29,Subarnapur,CRP005,Moong(Green Gram),SEA02,Rabi,2023,20.83,83.92,6.05,66.82,46.77,40.44,18.01,1263.21,28.83,21.5,37.09,Irrigated,Loam,2023-10-16,2023-12-25,2830.878,1.162,Moong(Green Gram),SYNTHETIC_AI_GENERATED,Prototype only; crop_actual follows an existing project crop-production record and is not independently verified farm-survey ground truth.,20.83,83.92,2.222648037139486,21.58599,86.01013,district_reference_coordinates_used_for_prototype
OBS0001101,DST29,Subarnapur,CRP005,Moong(Green Gram),SEA02,Rabi,2024,20.83,83.92,6.99,30.6,35.79,69.06,31.5,1169.03,27.82,19.04,36.09,Rainfed,Alluvial,2024-10-10,2024-12-19,4500.935,1.138,Moong(Green Gram),SYNTHETIC_AI_GENERATED,Prototype only; crop_actual follows an existing project crop-production record and is not independently verified farm-survey ground truth.,20.83,83.92,2.2132298648129596,21.58704,85.99973,district_reference_coordinates_used_for_prototype
OBS0001102,DST29,Subarnapur,CRP007,Ragi,SEA01,Kharif,2022,20.83,83.92,5.73,49.61,45.19,25.72,30.2,1404.57,28.1,20.47,34.47,Rainfed,Loam,2022-06-20,2022-10-08,6165.96,2.028,Ragi,SYNTHETIC_AI_GENERATED,Prototype only; crop_actual follows an existing project crop-production record and is not independently verified farm-survey ground truth.,20.83,83.92,2.2149466559942255,21.58835,86.00108,district_reference_coordinates_used_for_prototype
OBS0001103,DST29,Subarnapur,CRP007,Ragi,SEA01,Kharif,2023,20.83,83.92,6.76,36.5,27.96,51.55,23.46,1280.46,27.69,20.95,34.59,Irrigated,Loam,2023-06-23,2023-10-11,8130.838,2.024,Ragi,SYNTHETIC_AI_GENERATED,Prototype only; crop_actual follows an existing project crop-production record and is not independently verified farm-survey ground truth.,20.83,83.92,2.218850416769903,21.61078,85.99694,district_reference_coordinates_used_for_prototype
OBS0001104,DST29,Subarnapur,CRP007,Ragi,SEA01,Kharif,2024,20.83,83.92,7.21,75.86,23.42,64.41,29.33,991.14,24.85,15.86,33.38,Rainfed,Sandy loam,2024-06-05,2024-09-23,7877.708,1.903,Ragi,SYNTHETIC_AI_GENERATED,Prototype only; crop_actual follows an existing project crop-production record and is not independently verified farm-survey ground truth.,20.83,83.92,2.238551198632728,21.59508,86.02375,district_reference_coordinates_used_for_prototype
OBS0001105,DST29,Subarnapur,CRP009,Rice,SEA01,Kharif,2022,20.83,83.92,5.64,55.54,17.25,25.54,30.2,1027.38,29.11,22.75,35.22,Rainfed,Lateritic,2022-06-13,2022-10-11,42301.59,2.609,Rice,SYNTHETIC_AI_GENERATED,Prototype only; crop_actual follows an existing project crop-production record and is not independently verified farm-survey ground truth.,20.83,83.92,2.2244508842633475,21.59034,86.01047,district_reference_coordinates_used_for_prototype
OBS0001106,DST29,Subarnapur,CRP009,Rice,SEA01,Kharif,2023,20.83,83.92,6.48,67.11,30.25,29.32,20.77,1052.48,27.47,20.97,35.08,Irrigated,Loam,2023-06-01,2023-09-29,28879.6,2.216,Rice,SYNTHETIC_AI_GENERATED,Prototype only; crop_actual follows an existing project crop-production record and is not independently verified farm-survey ground truth.,20.83,83.92,2.2217838577368427,21.60713,86.00144,district_reference_coordinates_used_for_prototype
OBS0001107,DST29,Subarnapur,CRP009,Rice,SEA01,Kharif,2024,20.83,83.92,6.25,47.5,17.99,35.47,25.54,1254.25,25.05,19.09,33.06,Rainfed,Sandy loam,2024-06-03,2024-10-01,38808.429,2.599,Rice,SYNTHETIC_AI_GENERATED,Prototype only; crop_actual follows an existing project crop-production record and is not independently verified farm-survey ground truth.,20.83,83.92,2.2115970714395545,21.58592,85.9984,district_reference_coordinates_used_for_prototype
OBS0001108,DST29,Subarnapur,CRP010,Sesamum,SEA01,Kharif,2022,20.83,83.92,6.27,62.69,23.6,27.8,19.38,1059.2,25.6,19.16,31.33,Irrigated,Loam,2022-06-06,2022-09-14,5362.625,0.527,Sesamum,SYNTHETIC_AI_GENERATED,Prototype only; crop_actual follows an existing project crop-production record and is not independently verified farm-survey ground truth.,20.83,83.92,2.203983254110608,21.6046,85.98338,district_reference_coordinates_used_for_prototype
OBS0001109,DST29,Subarnapur,CRP010,Sesamum,SEA01,Kharif,2023,20.83,83.92,5.58,71.38,32.54,43.38,25.45,1180.42,30.09,23.19,37.83,Irrigated,Loam,2023-06-03,2023-09-11,5177.432,0.535,Sesamum,SYNTHETIC_AI_GENERATED,Prototype only; crop_actual follows an existing project crop-production record and is not independently verified farm-survey ground truth.,20.83,83.92,2.2136411418746196,21.59707,85.99649,district_reference_coordinates_used_for_prototype
OBS0001110,DST29,Subarnapur,CRP010,Sesamum,SEA01,Kharif,2024,20.83,83.92,6.11,66.22,39.92,29.65,28.37,1092.96,30.5,25.3,37.36,Irrigated,Loam,2024-06-23,2024-10-01,4462.637,0.465,Sesamum,SYNTHETIC_AI_GENERATED,Prototype only; crop_actual follows an existing project crop-production record and is not independently verified farm-survey ground truth.,20.83,83.92,2.212309026560262,21.59191,85.99697,district_reference_coordinates_used_for_prototype
OBS0001111,DST29,Subarnapur,CRP012,Urad,SEA02,Rabi,2022,20.83,83.92,6.7,51.53,34.89,26.7,32.4,1166.25,28.72,21.37,36.62,Rainfed,Loam,2022-10-04,2022-12-23,4085.621,0.903,Urad,SYNTHETIC_AI_GENERATED,Prototype only; crop_actual follows an existing project crop-production record and is not independently verified farm-survey ground truth.,20.83,83.92,2.2251450517213427,21.59764,86.00854,district_reference_coordinates_used_for_prototype
OBS0001112,DST29,Subarnapur,CRP012,Urad,SEA02,Rabi,2023,20.83,83.92,5.78,31.79,25.03,48.2,27.64,1171.11,27.16,21.75,33.64,Rainfed,Alluvial,2023-10-03,2023-12-22,3370.227,0.989,Urad,SYNTHETIC_AI_GENERATED,Prototype only; crop_actual follows an existing project crop-production record and is not independently verified farm-survey ground truth.,20.83,83.92,2.205513403314521,21.59899,85.98711,district_reference_coordinates_used_for_prototype
OBS0001113,DST29,Subarnapur,CRP012,Urad,SEA02,Rabi,2024,20.83,83.92,6.81,79.21,27.11,62.63,26.12,1198.26,26.36,17.66,34.43,Rainfed,Alluvial,2024-10-09,2024-12-28,3035.693,1.182,Urad,SYNTHETIC_AI_GENERATED,Prototype only; crop_actual follows an existing project crop-production record and is not independently verified farm-survey ground truth.,20.83,83.92,2.219362887069167,21.59937,86.00174,district_reference_coordinates_used_for_prototype
OBS0001114,DST29,Subarnapur,CRP002,Horse Gram,SEA99,Unknown,2022,20.83,83.92,5.7,50.7,21.21,46.58,41.83,1135.91,31.01,23.25,36.43,Rainfed,Lateritic,2022-06-01,2022-09-09,2024.082,0.684,Horse Gram,SYNTHETIC_AI_GENERATED,Prototype only; crop_actual follows an existing project crop-production record and is not independently verified farm-survey ground truth.,20.83,83.92,2.2125892264494067,21.58235,86.00075,district_reference_coordinates_used_for_prototype
OBS0001115,DST29,Subarnapur,CRP002,Horse Gram,SEA99,Unknown,2023,20.83,83.92,6.92,37.0,31.71,39.93,19.15,970.98,29.58,22.53,37.24,Rainfed,Loam,2023-06-09,2023-09-17,1581.164,0.465,Horse Gram,SYNTHETIC_AI_GENERATED,Prototype only; crop_actual follows an existing project crop-production record and is not independently verified farm-survey ground truth.,20.83,83.92,2.2190251659906823,21.60277,86.00012,district_reference_coordinates_used_for_prototype
OBS0001116,DST29,Subarnapur,CRP002,Horse Gram,SEA99,Unknown,2024,20.83,83.92,7.09,73.98,18.06,61.53,38.54,910.71,28.94,20.74,35.63,Irrigated,Lateritic,2024-06-09,2024-09-17,1269.666,0.672,Horse Gram,SYNTHETIC_AI_GENERATED,Prototype only; crop_actual follows an existing project crop-production record and is not independently verified farm-survey ground truth.,20.83,83.92,2.222553626889569,21.5885,86.00912,district_reference_coordinates_used_for_prototype
OBS0001117,DST29,Subarnapur,CRP006,Potato,SEA02,Rabi,2022,20.83,83.92,6.89,33.09,45.87,24.06,35.52,1155.75,28.47,20.16,35.7,Irrigated,Lateritic,2022-10-12,2023-01-20,1479.292,22.543,Potato,SYNTHETIC_AI_GENERATED,Prototype only; crop_actual follows an existing project crop-production record and is not independently verified farm-survey ground truth.,20.83,83.92,2.2150408678171107,21.5921,85.99981,district_reference_coordinates_used_for_prototype
OBS0001118,DST29,Subarnapur,CRP006,Potato,SEA02,Rabi,2023,20.83,83.92,5.77,42.96,27.74,43.12,35.16,1026.25,23.04,17.33,28.81,Irrigated,Lateritic,2023-10-21,2024-01-29,1575.543,18.541,Potato,SYNTHETIC_AI_GENERATED,Prototype only; crop_actual follows an existing project crop-production record and is not independently verified farm-survey ground truth.,20.83,83.92,2.2236118039801847,21.61542,86.00028,district_reference_coordinates_used_for_prototype
OBS0001119,DST29,Subarnapur,CRP006,Potato,SEA02,Rabi,2024,20.83,83.92,6.53,40.85,27.66,21.6,23.63,847.91,27.01,21.64,32.29,Rainfed,Sandy loam,2024-10-22,2025-01-30,1648.5,20.111,Potato,SYNTHETIC_AI_GENERATED,Prototype only; crop_actual follows an existing project crop-production record and is not independently verified farm-survey ground truth.,20.83,83.92,2.2162357916295807,21.6064,85.99579,district_reference_coordinates_used_for_prototype
OBS0001120,DST29,Subarnapur,CRP008,Rapeseed &Mustard,SEA02,Rabi,2022,20.83,83.92,7.24,79.44,24.98,31.52,38.1,1297.02,24.97,19.61,30.31,Irrigated,Red,2022-10-10,2023-02-02,1280.283,1.458,Rapeseed &Mustard,SYNTHETIC_AI_GENERATED,Prototype only; crop_actual follows an existing project crop-production record and is not independently verified farm-survey ground truth.,20.83,83.92,2.222497980966461,21.60727,86.00215,district_reference_coordinates_used_for_prototype
OBS0001121,DST29,Subarnapur,CRP008,Rapeseed &Mustard,SEA02,Rabi,2023,20.83,83.92,6.34,36.4,20.76,27.84,33.0,1287.85,25.33,19.02,31.44,Irrigated,Sandy loam,2023-10-04,2024-01-27,1422.441,1.477,Rapeseed &Mustard,SYNTHETIC_AI_GENERATED,Prototype only; crop_actual follows an existing project crop-production record and is not independently verified farm-survey ground truth.,20.83,83.92,2.219381070321188,21.59972,86.00163,district_reference_coordinates_used_for_prototype
OBS0001122,DST29,Subarnapur,CRP008,Rapeseed &Mustard,SEA02,Rabi,2024,20.83,83.92,5.99,31.3,26.73,24.76,31.88,1048.19,24.03,18.06,29.76,Rainfed,Lateritic,2024-10-24,2025-02-16,1184.564,1.164,Rapeseed &Mustard,SYNTHETIC_AI_GENERATED,Prototype only; crop_actual follows an existing project crop-production record and is not independently verified farm-survey ground truth.,20.83,83.92,2.204726787722239,21.60162,85.98529,district_reference_coordinates_used_for_prototype
OBS0001123,DST29,Subarnapur,CRP011,Sugarcane,SEA03,Annual,2022,20.83,83.92,6.64,48.67,20.65,66.21,18.86,951.2,27.03,18.27,32.57,Rainfed,Loam,2022-02-20,2022-12-17,4507.592,39.61,Sugarcane,SYNTHETIC_AI_GENERATED,Prototype only; crop_actual follows an existing project crop-production record and is not independently verified farm-survey ground truth.,20.83,83.92,2.2172272470362566,21.62179,85.99103,district_reference_coordinates_used_for_prototype
OBS0001124,DST29,Subarnapur,CRP011,Sugarcane,SEA03,Annual,2023,20.83,83.92,6.58,61.14,33.45,40.69,28.0,1128.19,26.84,19.13,34.58,Irrigated,Red,2023-02-10,2023-12-07,5155.38,50.738,Sugarcane,SYNTHETIC_AI_GENERATED,Prototype only; crop_actual follows an existing project crop-production record and is not independently verified farm-survey ground truth.,20.83,83.92,2.2278504107098414,21.60418,86.00901,district_reference_coordinates_used_for_prototype
OBS0001125,DST29,Subarnapur,CRP011,Sugarcane,SEA03,Annual,2024,20.83,83.92,6.38,32.22,42.89,67.41,22.16,1062.64,25.09,16.98,33.95,Irrigated,Loam,2024-02-19,2024-12-15,4956.394,47.833,Sugarcane,SYNTHETIC_AI_GENERATED,Prototype only; crop_actual follows an existing project crop-production record and is not independently verified farm-survey ground truth.,20.83,83.92,2.2207351977667265,21.59805,86.00369,district_reference_coordinates_used_for_prototype
OBS0001126,DST29,Subarnapur,CRP003,Jute,SEA01,Kharif,2022,20.83,83.92,7.21,44.29,24.6,38.16,35.88,806.71,26.07,18.2,33.27,Rainfed,Alluvial,2022-06-23,2022-10-21,2240.912,2.169,Jute,SYNTHETIC_AI_GENERATED,Prototype only; crop_actual follows an existing project crop-production record and is not independently verified farm-survey ground truth.,20.83,83.92,2.22521920162936,21.59573,86.00932,district_reference_coordinates_used_for_prototype
OBS0001127,DST29,Subarnapur,CRP003,Jute,SEA01,Kharif,2023,20.83,83.92,6.36,75.68,33.07,64.96,23.13,1306.35,29.16,20.98,35.98,Rainfed,Red,2023-06-03,2023-10-01,2265.517,2.434,Jute,SYNTHETIC_AI_GENERATED,Prototype only; crop_actual follows an existing project crop-production record and is not independently verified farm-survey ground truth.,20.83,83.92,2.2112783298806984,21.57251,86.00289,district_reference_coordinates_used_for_prototype
OBS0001128,DST29,Subarnapur,CRP003,Jute,SEA01,Kharif,2024,20.83,83.92,5.55,51.43,42.96,57.76,28.92,1064.36,27.77,20.37,35.24,Rainfed,Red,2024-06-14,2024-10-12,2704.42,1.797,Jute,SYNTHETIC_AI_GENERATED,Prototype only; crop_actual follows an existing project crop-production record and is not independently verified farm-survey ground truth.,20.83,83.92,2.2170205197516806,21.59935,85.99925,district_reference_coordinates_used_for_prototype
OBS0001129,DST29,Subarnapur,CRP013,Wheat,SEA99,Unknown,2022,20.83,83.92,6.02,36.72,27.27,36.92,36.43,1275.47,25.63,18.82,31.57,Irrigated,Alluvial,2022-06-21,2022-09-29,252.799,2.235,Wheat,SYNTHETIC_AI_GENERATED,Prototype only; crop_actual follows an existing project crop-production record and is not independently verified farm-survey ground truth.,20.83,83.92,2.2244317605402033,21.59163,86.00998,district_reference_coordinates_used_for_prototype
OBS0001130,DST29,Subarnapur,CRP013,Wheat,SEA99,Unknown,2023,20.83,83.92,5.99,30.85,31.86,52.83,29.19,1270.79,29.06,20.94,37.9,Irrigated,Alluvial,2023-06-19,2023-09-27,342.584,2.273,Wheat,SYNTHETIC_AI_GENERATED,Prototype only; crop_actual follows an existing project crop-production record and is not independently verified farm-survey ground truth.,20.83,83.92,2.208892059110181,21.57858,85.99818,district_reference_coordinates_used_for_prototype
OBS0001131,DST29,Subarnapur,CRP013,Wheat,SEA99,Unknown,2024,20.83,83.92,6.87,76.39,41.6,48.09,38.58,1157.07,28.06,22.73,34.62,Irrigated,Sandy loam,2024-06-13,2024-09-21,240.447,2.105,Wheat,SYNTHETIC_AI_GENERATED,Prototype only; crop_actual follows an existing project crop-production record and is not independently verified farm-survey ground truth.,20.83,83.92,2.224260472179455,21.60359,86.0054,district_reference_coordinates_used_for_prototype
OBS0001132,DST30,Sundargarh,CRP001,Groundnut,SEA01,Kharif,2022,22.12,84.03,6.75,77.56,17.45,41.37,41.19,1220.8,28.35,19.59,35.96,Rainfed,Alluvial,2022-06-04,2022-09-22,4946.556,1.539,Groundnut,SYNTHETIC_AI_GENERATED,Prototype only; crop_actual follows an existing project crop-production record and is not independently verified farm-survey ground truth.,22.12,84.03,2.4771880447192545,22.04492,86.50605,district_reference_coordinates_used_for_prototype
OBS0001133,DST30,Sundargarh,CRP001,Groundnut,SEA01,Kharif,2023,22.12,84.03,5.86,36.75,28.5,51.81,40.2,742.01,28.47,23.09,36.08,Rainfed,Red,2023-06-13,2023-10-01,4166.091,1.861,Groundnut,SYNTHETIC_AI_GENERATED,Prototype only; crop_actual follows an existing project crop-production record and is not independently verified farm-survey ground truth.,22.12,84.03,2.485535831345018,22.0544,86.51467,district_reference_coordinates_used_for_prototype
OBS0001134,DST30,Sundargarh,CRP001,Groundnut,SEA01,Kharif,2024,22.12,84.03,7.23,51.17,25.51,32.44,35.52,927.27,25.18,18.33,31.94,Irrigated,Lateritic,2024-06-24,2024-10-12,4504.674,1.567,Groundnut,SYNTHETIC_AI_GENERATED,Prototype only; crop_actual follows an existing project crop-production record and is not independently verified farm-survey ground truth.,22.12,84.03,2.4888287795869006,22.0481,86.51779,district_reference_coordinates_used_for_prototype
OBS0001135,DST30,Sundargarh,CRP004,Maize,SEA01,Kharif,2022,22.12,84.03,6.2,58.44,34.99,44.07,33.63,665.47,28.9,21.37,35.98,Rainfed,Sandy loam,2022-06-15,2022-09-23,3342.504,2.659,Maize,SYNTHETIC_AI_GENERATED,Prototype only; crop_actual follows an existing project crop-production record and is not independently verified farm-survey ground truth.,22.12,84.03,2.4648570526097493,22.06903,86.49433,district_reference_coordinates_used_for_prototype
OBS0001136,DST30,Sundargarh,CRP004,Maize,SEA01,Kharif,2023,22.12,84.03,5.77,41.72,27.37,65.34,30.78,1176.79,27.42,20.22,35.06,Rainfed,Sandy loam,2023-06-01,2023-09-09,5059.959,2.809,Maize,SYNTHETIC_AI_GENERATED,Prototype only; crop_actual follows an existing project crop-production record and is not independently verified farm-survey ground truth.,22.12,84.03,2.468907403083398,22.05125,86.49795,district_reference_coordinates_used_for_prototype
OBS0001137,DST30,Sundargarh,CRP004,Maize,SEA01,Kharif,2024,22.12,84.03,6.86,61.71,44.03,31.16,20.81,616.26,29.66,20.95,34.9,Irrigated,Red,2024-06-22,2024-09-30,3211.326,2.933,Maize,SYNTHETIC_AI_GENERATED,Prototype only; crop_actual follows an existing project crop-production record and is not independently verified farm-survey ground truth.,22.12,84.03,2.4670248952331164,22.04584,86.49591,district_reference_coordinates_used_for_prototype
OBS0001138,DST30,Sundargarh,CRP005,Moong(Green Gram),SEA02,Rabi,2022,22.12,84.03,6.21,48.13,43.83,57.33,30.32,863.42,29.13,22.33,34.67,Irrigated,Lateritic,2022-10-03,2022-12-12,1658.281,1.048,Moong(Green Gram),SYNTHETIC_AI_GENERATED,Prototype only; crop_actual follows an existing project crop-production record and is not independently verified farm-survey ground truth.,22.12,84.03,2.4620339768979593,22.06197,86.49135,district_reference_coordinates_used_for_prototype
OBS0001139,DST30,Sundargarh,CRP005,Moong(Green Gram),SEA02,Rabi,2023,22.12,84.03,6.11,35.61,38.97,25.57,22.38,821.6,23.66,15.07,31.44,Irrigated,Alluvial,2023-10-06,2023-12-15,2154.873,1.066,Moong(Green Gram),SYNTHETIC_AI_GENERATED,Prototype only; crop_actual follows an existing project crop-production record and is not independently verified farm-survey ground truth.,22.12,84.03,2.47282132894797,22.06457,86.5022,district_reference_coordinates_used_for_prototype
OBS0001140,DST30,Sundargarh,CRP005,Moong(Green Gram),SEA02,Rabi,2024,22.12,84.03,6.97,72.12,47.63,46.14,36.59,1064.27,29.06,22.14,35.72,Irrigated,Sandy loam,2024-10-22,2024-12-31,2487.334,1.18,Moong(Green Gram),SYNTHETIC_AI_GENERATED,Prototype only; crop_actual follows an existing project crop-production record and is not independently verified farm-survey ground truth.,22.12,84.03,2.4779056636199845,22.05413,86.50703,district_reference_coordinates_used_for_prototype
OBS0001141,DST30,Sundargarh,CRP007,Ragi,SEA01,Kharif,2022,22.12,84.03,6.44,43.38,30.44,40.9,21.26,960.57,26.03,20.33,32.86,Rainfed,Alluvial,2022-06-03,2022-09-21,4848.908,1.665,Ragi,SYNTHETIC_AI_GENERATED,Prototype only; crop_actual follows an existing project crop-production record and is not independently verified farm-survey ground truth.,22.12,84.03,2.4515648544756026,22.05641,86.48074,district_reference_coordinates_used_for_prototype
OBS0001142,DST30,Sundargarh,CRP007,Ragi,SEA01,Kharif,2023,22.12,84.03,5.62,68.91,29.97,67.29,18.26,925.12,30.87,24.6,39.6,Rainfed,Lateritic,2023-06-11,2023-09-29,6127.6,1.414,Ragi,SYNTHETIC_AI_GENERATED,Prototype only; crop_actual follows an existing project crop-production record and is not independently verified farm-survey ground truth.,22.12,84.03,2.4685834881162063,22.04927,86.49757,district_reference_coordinates_used_for_prototype
OBS0001143,DST30,Sundargarh,CRP007,Ragi,SEA01,Kharif,2024,22.12,84.03,5.88,32.93,26.26,59.51,42.67,1329.9,27.48,20.72,36.09,Irrigated,Red,2024-06-06,2024-09-24,4768.141,1.601,Ragi,SYNTHETIC_AI_GENERATED,Prototype only; crop_actual follows an existing project crop-production record and is not independently verified farm-survey ground truth.,22.12,84.03,2.455754774605969,22.05117,86.48479,district_reference_coordinates_used_for_prototype
OBS0001144,DST30,Sundargarh,CRP009,Rice,SEA01,Kharif,2022,22.12,84.03,6.94,66.79,16.92,30.66,18.54,1204.04,28.2,21.92,36.98,Irrigated,Sandy loam,2022-06-08,2022-10-06,39835.719,3.389,Rice,SYNTHETIC_AI_GENERATED,Prototype only; crop_actual follows an existing project crop-production record and is not independently verified farm-survey ground truth.,22.12,84.03,2.4733134077386985,22.04748,86.50225,district_reference_coordinates_used_for_prototype
OBS0001145,DST30,Sundargarh,CRP009,Rice,SEA01,Kharif,2023,22.12,84.03,5.68,77.77,36.28,36.41,36.46,998.05,26.0,18.23,31.68,Rainfed,Loam,2023-06-19,2023-10-17,44088.535,3.133,Rice,SYNTHETIC_AI_GENERATED,Prototype only; crop_actual follows an existing project crop-production record and is not independently verified farm-survey ground truth.,22.12,84.03,2.4708142431392908,22.05815,86.50004,district_reference_coordinates_used_for_prototype
OBS0001146,DST30,Sundargarh,CRP009,Rice,SEA01,Kharif,2024,22.12,84.03,6.69,39.83,16.98,31.12,26.2,1457.34,32.02,23.73,40.85,Rainfed,Loam,2024-06-08,2024-10-06,43369.319,3.539,Rice,SYNTHETIC_AI_GENERATED,Prototype only; crop_actual follows an existing project crop-production record and is not independently verified farm-survey ground truth.,22.12,84.03,2.4661371326428654,22.05691,86.49533,district_reference_coordinates_used_for_prototype
OBS0001147,DST30,Sundargarh,CRP010,Sesamum,SEA01,Kharif,2022,22.12,84.03,7.09,46.63,47.15,43.96,35.85,1100.04,29.35,20.45,37.63,Rainfed,Red,2022-06-01,2022-09-09,2300.375,0.497,Sesamum,SYNTHETIC_AI_GENERATED,Prototype only; crop_actual follows an existing project crop-production record and is not independently verified farm-survey ground truth.,22.12,84.03,2.4760474167511406,22.05008,86.50506,district_reference_coordinates_used_for_prototype
OBS0001148,DST30,Sundargarh,CRP010,Sesamum,SEA01,Kharif,2023,22.12,84.03,6.05,48.2,46.04,64.07,19.73,1062.32,25.26,19.26,30.92,Irrigated,Sandy loam,2023-06-01,2023-09-09,1824.11,0.572,Sesamum,SYNTHETIC_AI_GENERATED,Prototype only; crop_actual follows an existing project crop-production record and is not independently verified farm-survey ground truth.,22.12,84.03,2.465737619658665,22.06437,86.49511,district_reference_coordinates_used_for_prototype
OBS0001149,DST30,Sundargarh,CRP010,Sesamum,SEA01,Kharif,2024,22.12,84.03,6.96,34.17,36.92,62.95,18.98,978.03,26.84,21.77,34.12,Rainfed,Lateritic,2024-06-20,2024-09-28,1950.869,0.689,Sesamum,SYNTHETIC_AI_GENERATED,Prototype only; crop_actual follows an existing project crop-production record and is not independently verified farm-survey ground truth.,22.12,84.03,2.4820658072057644,22.04492,86.51093,district_reference_coordinates_used_for_prototype
OBS0001150,DST30,Sundargarh,CRP012,Urad,SEA02,Rabi,2022,22.12,84.03,6.34,39.38,43.5,52.13,23.62,1191.0,23.23,17.49,31.94,Irrigated,Sandy loam,2022-10-14,2023-01-02,1904.701,0.937,Urad,SYNTHETIC_AI_GENERATED,Prototype only; crop_actual follows an existing project crop-production record and is not independently verified farm-survey ground truth.,22.12,84.03,2.4862264519749546,22.03204,86.51467,district_reference_coordinates_used_for_prototype
OBS0001151,DST30,Sundargarh,CRP012,Urad,SEA02,Rabi,2023,22.12,84.03,6.51,79.22,25.1,60.19,22.99,1325.42,28.23,20.33,34.19,Irrigated,Sandy loam,2023-10-01,2023-12-20,1380.43,1.036,Urad,SYNTHETIC_AI_GENERATED,Prototype only; crop_actual follows an existing project crop-production record and is not independently verified farm-survey ground truth.,22.12,84.03,2.47312745203315,22.05012,86.50214,district_reference_coordinates_used_for_prototype
OBS0001152,DST30,Sundargarh,CRP012,Urad,SEA02,Rabi,2024,22.12,84.03,7.03,42.03,35.15,39.41,31.47,1039.84,23.92,15.06,31.4,Rainfed,Lateritic,2024-10-11,2024-12-30,1783.458,1.033,Urad,SYNTHETIC_AI_GENERATED,Prototype only; crop_actual follows an existing project crop-production record and is not independently verified farm-survey ground truth.,22.12,84.03,2.4680651597557066,22.04682,86.49698,district_reference_coordinates_used_for_prototype
OBS0001153,DST30,Sundargarh,CRP002,Horse Gram,SEA99,Unknown,2022,22.12,84.03,7.15,41.13,43.88,65.16,20.01,1201.14,28.36,21.37,35.71,Rainfed,Alluvial,2022-06-16,2022-09-24,312.837,1.006,Horse Gram,SYNTHETIC_AI_GENERATED,Prototype only; crop_actual follows an existing project crop-production record and is not independently verified farm-survey ground truth.,22.12,84.03,2.458725921630958,22.04429,86.48756,district_reference_coordinates_used_for_prototype
OBS0001154,DST30,Sundargarh,CRP002,Horse Gram,SEA99,Unknown,2023,22.12,84.03,5.81,36.16,30.97,65.96,34.25,953.0,26.45,19.04,32.47,Irrigated,Lateritic,2023-06-23,2023-10-01,286.901,0.895,Horse Gram,SYNTHETIC_AI_GENERATED,Prototype only; crop_actual follows an existing project crop-production record and is not independently verified farm-survey ground truth.,22.12,84.03,2.4834265024357016,22.04621,86.51233,district_reference_coordinates_used_for_prototype
OBS0001155,DST30,Sundargarh,CRP002,Horse Gram,SEA99,Unknown,2024,22.12,84.03,7.11,48.41,40.13,62.74,40.16,1469.94,23.32,15.26,32.18,Rainfed,Sandy loam,2024-06-01,2024-09-09,367.234,1.066,Horse Gram,SYNTHETIC_AI_GENERATED,Prototype only; crop_actual follows an existing project crop-production record and is not independently verified farm-survey ground truth.,22.12,84.03,2.4864351037177674,22.04655,86.51535,district_reference_coordinates_used_for_prototype
OBS0001156,DST30,Sundargarh,CRP006,Potato,SEA02,Rabi,2022,22.12,84.03,5.61,51.96,19.98,66.49,41.8,1118.58,27.0,21.27,35.51,Irrigated,Alluvial,2022-10-11,2023-01-19,5454.272,14.601,Potato,SYNTHETIC_AI_GENERATED,Prototype only; crop_actual follows an existing project crop-production record and is not independently verified farm-survey ground truth.,22.12,84.03,2.4675825528844997,22.05668,86.49677,district_reference_coordinates_used_for_prototype
OBS0001157,DST30,Sundargarh,CRP006,Potato,SEA02,Rabi,2023,22.12,84.03,5.77,54.68,46.89,67.34,42.3,995.31,24.72,18.34,32.38,Rainfed,Sandy loam,2023-10-04,2024-01-12,5287.207,14.085,Potato,SYNTHETIC_AI_GENERATED,Prototype only; crop_actual follows an existing project crop-production record and is not independently verified farm-survey ground truth.,22.12,84.03,2.4675126373333893,22.04045,86.49623,district_reference_coordinates_used_for_prototype
OBS0001158,DST30,Sundargarh,CRP006,Potato,SEA02,Rabi,2024,22.12,84.03,7.13,78.18,21.16,53.32,22.05,1021.51,23.62,16.68,29.32,Irrigated,Alluvial,2024-10-07,2025-01-15,3745.903,11.282,Potato,SYNTHETIC_AI_GENERATED,Prototype only; crop_actual follows an existing project crop-production record and is not independently verified farm-survey ground truth.,22.12,84.03,2.46532923215136,22.05802,86.49455,district_reference_coordinates_used_for_prototype
OBS0001159,DST30,Sundargarh,CRP008,Rapeseed &Mustard,SEA02,Rabi,2022,22.12,84.03,6.66,45.08,21.65,26.54,37.6,833.54,26.62,21.15,32.0,Irrigated,Lateritic,2022-10-09,2023-02-01,2238.011,1.19,Rapeseed &Mustard,SYNTHETIC_AI_GENERATED,Prototype only; crop_actual follows an existing project crop-production record and is not independently verified farm-survey ground truth.,22.12,84.03,2.4848415895787026,22.05457,86.51398,district_reference_coordinates_used_for_prototype
OBS0001160,DST30,Sundargarh,CRP008,Rapeseed &Mustard,SEA02,Rabi,2023,22.12,84.03,7.0,38.31,41.58,20.73,19.79,939.78,29.52,23.69,36.98,Irrigated,Sandy loam,2023-10-19,2024-02-11,2697.436,1.275,Rapeseed &Mustard,SYNTHETIC_AI_GENERATED,Prototype only; crop_actual follows an existing project crop-production record and is not independently verified farm-survey ground truth.,22.12,84.03,2.481239997118375,22.06023,86.51052,district_reference_coordinates_used_for_prototype
OBS0001161,DST30,Sundargarh,CRP008,Rapeseed &Mustard,SEA02,Rabi,2024,22.12,84.03,6.92,67.37,39.65,56.56,31.1,791.26,26.88,21.39,34.2,Rainfed,Red,2024-10-11,2025-02-03,3026.237,1.198,Rapeseed &Mustard,SYNTHETIC_AI_GENERATED,Prototype only; crop_actual follows an existing project crop-production record and is not independently verified farm-survey ground truth.,22.12,84.03,2.4632775642424094,22.04352,86.49209,district_reference_coordinates_used_for_prototype
OBS0001162,DST30,Sundargarh,CRP011,Sugarcane,SEA03,Annual,2022,22.12,84.03,5.92,47.13,33.33,60.04,33.23,1171.13,27.14,19.32,33.47,Irrigated,Sandy loam,2022-02-12,2022-12-09,7048.038,56.4,Sugarcane,SYNTHETIC_AI_GENERATED,Prototype only; crop_actual follows an existing project crop-production record and is not independently verified farm-survey ground truth.,22.12,84.03,2.469343201946623,22.05821,86.49857,district_reference_coordinates_used_for_prototype
OBS0001163,DST30,Sundargarh,CRP011,Sugarcane,SEA03,Annual,2023,22.12,84.03,6.24,61.51,28.77,45.42,20.64,1129.12,25.87,18.71,34.5,Irrigated,Alluvial,2023-02-07,2023-12-04,6954.46,74.493,Sugarcane,SYNTHETIC_AI_GENERATED,Prototype only; crop_actual follows an existing project crop-production record and is not independently verified farm-survey ground truth.,22.12,84.03,2.4707143067744637,22.07159,86.50024,district_reference_coordinates_used_for_prototype
OBS0001164,DST30,Sundargarh,CRP011,Sugarcane,SEA03,Annual,2024,22.12,84.03,5.69,59.65,45.06,40.64,40.56,1218.48,23.32,16.03,31.1,Rainfed,Alluvial,2024-02-05,2024-12-01,8342.05,77.74,Sugarcane,SYNTHETIC_AI_GENERATED,Prototype only; crop_actual follows an existing project crop-production record and is not independently verified farm-survey ground truth.,22.12,84.03,2.4689394747137947,22.03483,86.49747,district_reference_coordinates_used_for_prototype
OBS0001165,DST30,Sundargarh,CRP003,Jute,SEA01,Kharif,2022,22.12,84.03,7.14,59.97,43.47,42.0,42.34,867.23,29.94,23.63,36.09,Irrigated,Loam,2022-06-06,2022-10-04,5096.163,2.705,Jute,SYNTHETIC_AI_GENERATED,Prototype only; crop_actual follows an existing project crop-production record and is not independently verified farm-survey ground truth.,22.12,84.03,2.463571584387192,22.04567,86.49245,district_reference_coordinates_used_for_prototype
OBS0001166,DST30,Sundargarh,CRP003,Jute,SEA01,Kharif,2023,22.12,84.03,7.29,39.29,36.81,36.52,36.01,1167.68,30.17,21.56,38.67,Rainfed,Sandy loam,2023-06-02,2023-09-30,5233.345,2.13,Jute,SYNTHETIC_AI_GENERATED,Prototype only; crop_actual follows an existing project crop-production record and is not independently verified farm-survey ground truth.,22.12,84.03,2.452726436967651,22.05595,86.48189,district_reference_coordinates_used_for_prototype
OBS0001167,DST30,Sundargarh,CRP003,Jute,SEA01,Kharif,2024,22.12,84.03,7.02,68.54,22.96,65.89,42.07,1148.34,27.91,22.12,33.69,Rainfed,Sandy loam,2024-06-09,2024-10-07,4320.636,2.646,Jute,SYNTHETIC_AI_GENERATED,Prototype only; crop_actual follows an existing project crop-production record and is not independently verified farm-survey ground truth.,22.12,84.03,2.46391641369995,22.05244,86.49299,district_reference_coordinates_used_for_prototype
OBS0001168,DST30,Sundargarh,CRP013,Wheat,SEA99,Unknown,2022,22.12,84.03,6.14,55.41,24.3,24.62,20.02,903.54,30.74,22.24,35.81,Irrigated,Lateritic,2022-06-18,2022-09-26,1733.041,2.887,Wheat,SYNTHETIC_AI_GENERATED,Prototype only; crop_actual follows an existing project crop-production record and is not independently verified farm-survey ground truth.,22.12,84.03,2.4631369263197733,22.07003,86.49263,district_reference_coordinates_used_for_prototype
OBS0001169,DST30,Sundargarh,CRP013,Wheat,SEA99,Unknown,2023,22.12,84.03,6.02,57.91,16.4,34.43,25.45,1284.57,29.14,22.91,36.35,Irrigated,Red,2023-06-09,2023-09-17,2131.997,3.164,Wheat,SYNTHETIC_AI_GENERATED,Prototype only; crop_actual follows an existing project crop-production record and is not independently verified farm-survey ground truth.,22.12,84.03,2.4687282530485146,22.06657,86.49815,district_reference_coordinates_used_for_prototype
OBS0001170,DST30,Sundargarh,CRP013,Wheat,SEA99,Unknown,2024,22.12,84.03,6.8,75.52,48.88,23.4,21.73,961.97,31.06,24.88,36.14,Irrigated,Red,2024-06-11,2024-09-19,2015.896,3.039,Wheat,SYNTHETIC_AI_GENERATED,Prototype only; crop_actual follows an existing project crop-production record and is not independently verified farm-survey ground truth.,22.12,84.03,2.479599255222507,22.05824,86.50883,district_reference_coordinates_used_for_prototype
