original_loan_amount,outstanding_principal,annual_interest_rate,annual_interest_burden,amount_repaid,new_loan_amount,expected_annual_profit,repayment_ratio,interest_to_profit_ratio,outstanding_to_profit_ratio,new_borrowing_ratio,loan_distress_score
85390.21349652886,42342.008417867844,14.018906167245284,5935.886429427993,57397.60677154802,0.0,27855.845814273016,0.6721801529853447,0.21309302431543875,1.5200403068059878,0.0,24.79345336448359
466518.2146376282,281068.5285836562,19.16977785070542,53880.21253773335,305112.7439320661,43384.87189507759,141673.395195328,0.5983739890786007,0.3803128488835014,1.9839189157296702,0.3062316099311517,37.404216209653484
212511.8540318174,133165.33063689453,6.750907199066061,8989.867892626236,139883.79636035033,25566.323875339884,43075.025170540044,0.5875540446000072,0.2087025569232773,3.0914742384867884,0.5935300971762462,42.51767980176477
151941.383066393,80973.86409703681,4.589218130875936,3716.067252412053,94623.35862580825,0.0,63821.28177043767,0.6227622568399367,0.05822614572014681,1.2687596026086756,0.0,16.80770144326859
40443.730569351945,13799.702843455401,8.442611412772651,1165.0552871902778,44474.845169373395,6712.106151133505,362643.44961146207,0.9431461355037863,0.003212674290514619,0.03805308729067206,0.018508830528511922,6.348025671531364
40439.44378719077,12634.857660058493,21.634971582168596,2733.547864201107,37072.78150284304,0.0,177345.61761671843,0.9167480566235156,0.015413675854730647,0.07124426207906139,0.0,8.741471707480335
23975.815291302104,72973.11955686109,18.917645327380107,13804.795942092029,11625.788614966132,57716.64572678358,205741.2723563619,0.14231164626552661,0.06709784470556258,0.3546839130578781,0.28053022646235654,36.804389465243474
316684.62967199093,128203.11985759152,14.725588963514738,18878.66446863107,274440.7382304316,17349.043858424295,62370.50670262804,0.82159602452608,0.3026857639403401,2.055508711334384,0.2781610215408636,23.060888714050115
152862.3230440897,128221.87693508666,20.726480474376448,26575.882286829736,32853.92814533737,0.0,342540.86630686815,0.21492495659549407,0.07758455968585513,0.3743257799208635,0.0,30.30454154582768
199687.50925568855,162507.1165397056,12.015024103070404,19525.26922145034,139004.65052612865,67073.09517861351,389464.0232277139,0.5210838790116881,0.050133691578577985,0.41725835211405415,0.17221897576762016,21.250548867527264
18119.896199870793,14933.466569333808,21.69905084635313,3240.4205040028896,4248.5728407159795,0.0,158366.6445953213,0.23447004297664104,0.020461508875705654,0.09429679215275232,0.0,28.587960704665633
540533.6212737468,436972.3037118899,9.333436812147113,40784.53385353281,224064.2202719556,64486.847642109686,463619.8516698596,0.3703415533584491,0.08796977460442136,0.9425228495673967,0.13909423293640652,30.059055650355653
282964.43150320125,274121.0935318696,8.325503491286904,22821.96121234964,35582.5332418459,17843.561960052743,360380.5229291838,0.1182898527136134,0.0633273991248252,0.7606434756900985,0.04951311412453629,37.461101296212526
50803.14378734205,34719.14633810798,15.484867620646199,5376.213849474453,50014.64626215633,21426.98724738317,261564.95389614307,0.6924346605173869,0.02055402977116396,0.13273623175027324,0.08191841807634125,12.284466648477114
45101.8483124495,22136.182862698508,10.806771423106486,2392.2066837726975,30620.88726633466,0.0,263417.9934901262,0.6789275475852804,0.009081409557780893,0.08403443731921163,0.0,12.680064543592495
45391.713424838556,13080.946399656415,15.27457975557264,1998.059590599227,43081.02270024285,0.0,45046.83275344201,0.9490944370623541,0.04435516258235838,0.29038548550690074,0.0,2.9609309314271295
69413.05941907156,35575.36530445225,9.489919329448345,3376.073468549074,45116.92548615909,0.0,81854.19848772255,0.6499774806606925,0.04124496398380172,0.43461869961121496,0.0,14.440445623579475
126589.17462912817,114706.91417660598,15.12252862308384,17346.585929013454,15843.013936696258,0.0,37453.541200977634,0.12515299181870784,0.4631494211970713,3.0626453600497414,0.0,55.78353210509071
99830.5600170505,61774.82834156917,8.963432690530656,5537.145158087407,97295.43949265478,34915.84794400975,26569.43987825744,0.722063325953533,0.20840278091893905,2.3250331442674237,1.3141356424522304,42.17081475784088
66633.44888309122,79353.08869053189,4.917497238740019,3902.1859452118238,34347.69695854996,38480.41252635314,56021.73042341971,0.32676657957371796,0.06965486277768612,1.4164697893258682,0.6868836830907051,41.93022021269462
156955.6310849698,114393.73096487962,20.4184462346173,23357.422452836705,103924.62678856454,35381.569971333236,407379.6979319891,0.5403251488418125,0.05733575475510358,0.28080371099881696,0.08685157888560291,21.243301626091107
37535.1793091008,34989.15868276994,19.89769363372232,6962.035599714515,9169.612392253512,4331.18866785928,74368.80657443932,0.21902096683666797,0.09361499693753829,0.47048164807845355,0.05823931924366683,36.43977121067805
66827.32680036034,26848.697782806485,21.474366686908095,5765.5878125396275,67537.31354246277,10674.35613929322,657106.5756574667,0.8714302835855898,0.008774205016546792,0.04085896988010366,0.01624448230275738,7.440807683522872
83441.58273312706,69097.73080202928,16.897489171985285,11675.78158036044,36896.42080450373,13328.46367228004,188717.39100548418,0.3812793542531785,0.061869134148962134,0.36614394907579706,0.07062657872316977,26.106183519207725
106340.20317896624,118125.2380516138,16.28898119923545,19241.39781777949,49561.57068126411,48956.21288359564,73750.49496214664,0.319141754445241,0.26089855841178256,1.6016873935862133,0.6638086009961428,38.82279000705421
245690.40165463678,98698.16619073087,14.062055261346954,13878.99067167663,209060.97325227316,9803.49447529896,148736.5340899654,0.8182621049621932,0.0933125862895375,0.6635771553681081,0.06591181201902403,11.719373590169475
48410.379319303545,35509.25580427989,6.266963494345408,2225.3520983679487,17201.498020031533,0.0,69514.2787158577,0.3553266522985592,0.03201287763430822,0.5108195964950647,0.0,24.912873416828397
123304.37325496915,52364.57329636243,7.4062355970868605,3878.243667737835,94586.39994480895,0.0,769032.7552967092,0.7670968794368948,0.005043014931453116,0.06809147326391717,0.0,5.218916440038127
149625.70819646408,96689.12856471604,9.210454396105652,8905.508092445134,70938.21808255547,267.0839301685571,363229.1404083116,0.473259701658138,0.0245176036328867,0.2661932037061406,0.0007353042486302829,15.926844509362917
22134.577463461283,15255.094652320051,20.0228145263211,3054.499308048772,9172.64374818831,0.0,29786.050315211174,0.4144033814663992,0.10254798053869187,0.5121556732390787,0.0,27.098517568039792
155299.95309744152,136243.75177662284,7.113451442855352,9691.633126554441,25408.268427758245,0.0,556398.469993977,0.16360770187622697,0.017418511461146455,0.2448672293762736,0.0,31.90704233485452
43044.18779661246,41286.37683070928,20.61171714078203,8509.831210023165,72863.46861207236,52889.7904931511,254819.8391023411,0.7595168042754578,0.0333954814507415,0.16202183070262355,0.2075575853099469,8.116398989762398
25089.589631895637,11254.736665103166,13.41014319492551,1509.2763030021188,32407.18096258679,10470.532755147618,40475.19073089281,0.9113349107705748,0.03728892380117085,0.2780650680544651,0.2586901399616124,5.128367088735002
461053.1690260396,288266.68110264116,16.880253438515297,48660.14634892251,230958.73308738504,432.56189214034566,224907.47061273345,0.5004677666368266,0.21635629184016777,1.281712342935044,0.0019232882347655356,32.79918865961372
520594.5513691759,193592.43123063538,5.984400760250198,11585.346926352984,436002.8268513874,0.0,212394.3260412231,0.8375093932594756,0.05454640499249689,0.9114764732136088,0.0,8.975124186249138
262849.7359219315,209786.47947200428,8.842603877966397,18550.58736924063,70751.00859990298,0.0,69443.74128311568,0.2691690305556046,0.26713116295983547,3.0209558931556453,0.0,47.87453918212936
69493.17899531373,64383.87889839871,21.253334947265675,13683.721434318584,60768.664271143796,40467.198106442826,280719.72274095786,0.5526414684346608,0.04874513732312862,0.22935288717783028,0.14415516555559257,18.53477031671724
30416.597250375937,26488.34257794247,8.790699044735165,2328.5104779653666,11403.380164986822,4624.28045130665,41396.248565160626,0.3254307800754448,0.05624931143942008,0.6398730198039067,0.11170771776644702,30.572418878799006
187912.61446479926,99599.46436540276,9.33739096704063,9299.99138887597,173754.90374336552,42003.02770812762,146006.3076347687,0.7557332859183148,0.06369581930761291,0.6821586408071386,0.2876795419907282,13.141797286546169
102013.62638780975,103991.9107805701,7.5567529271394305,7858.411761898957,55962.42138544018,43950.100431840496,26795.09866113705,0.3833995103083809,0.2932779558411033,3.881004958992646,1.640229095165999,60.889959476562794
34522.83509316729,37319.701735151255,6.323325975522931,2359.8463938065015,39251.89437062997,32235.787419956432,648760.412959439,0.5879674099463877,0.0036374697756936672,0.057524628490987335,0.049688277484298105,15.678530351893574
117532.08422012252,72341.8213280499,8.198637546171962,5931.043724986136,118370.87288379336,43587.891770772396,275662.3353502975,0.734675338398031,0.021515611545005853,0.2624291100056221,0.158120592410215,13.012845856486443
20249.058216521862,7043.833647187124,15.561884055114371,1096.1532252103943,17606.966092446317,0.0,56137.7939307126,0.8695202465307855,0.019526118653029157,0.12547400163036138,0.0,5.919535919787882
375063.4331089536,145275.56397929773,12.196619203064143,17718.707333658764,344419.538478725,28526.784729387913,100249.91625467385,0.8533892132556162,0.17674535795766994,1.4491340183291643,0.2845566938621551,19.963684742389493
59918.66652610291,57836.31123581307,13.967605054082174,8078.347531268122,6487.616616183084,2783.3571718474723,56504.15957480579,0.10346741992627509,0.14296907682651588,1.023576169808236,0.049259332282654146,47.015504060556786
177938.36978474705,96471.42786650985,6.202566917788437,5983.7048699662755,135370.74857582114,20061.119513628666,286913.7496274478,0.6836924128214489,0.020855413439530193,0.3362384270247634,0.06992038387730688,21.481639231754478
71031.98724864355,43231.23938336646,18.438096048932202,7971.017440648913,40300.85568334247,2424.89389722976,35926.35470344965,0.5486328177112717,0.2218710332970001,1.2033294148603224,0.06749624105328231,25.949847672371554
125116.63438638429,81982.02707793971,18.113704610437264,14849.982218546693,78451.8911376062,15704.311044760057,355322.7333453387,0.5571038519689953,0.04179294152877624,0.2307255331120659,0.04419731576672583,11.07656731205785
133683.56969726965,68133.86812739345,4.388618400568157,2990.1354736576322,87399.60209316827,0.0,538126.5694061376,0.6537796850509545,0.005556565394935745,0.12661309067601736,0.0,14.676176513635994
45658.28992618586,38881.80963166037,10.903271701185488,4239.389346477638,11766.882282309352,2048.681417206523,228211.31298533507,0.24664911544293863,0.018576595923402196,0.17037634604099985,0.008977124711333533,28.309663402825997
538921.069910434,260864.3945819019,5.237870835480661,13663.74004395863,370742.2337713761,0.0,68106.96351532929,0.687934197549544,0.20062177696239888,3.830216194019388,0.0,38.27205405747361
238836.80657072112,180729.32461815543,18.257904029469245,32997.38664189075,82182.87879854382,3529.677146342175,105357.01970442075,0.339085163666786,0.3131959003250563,1.7153989845687718,0.03350205953285969,40.64483484827516
435764.1628937374,376928.15264558775,17.27085429626268,65098.71204501404,78448.01366419953,0.0,141753.862919026,0.18002401377675786,0.4592376581807887,2.659032670318835,0.0,53.65107614250452
352822.7996301295,158796.85267308966,20.23578569727681,32133.7908009468,258701.26260938644,0.0,192025.60381605738,0.7332328377887927,0.16734117827187242,0.8269566636811736,0.0,21.041883240226603
151658.16185749124,66936.14928778441,8.255271261156063,5525.760695478985,115965.26877557402,2251.939011973673,223831.52182869683,0.7534610666906594,0.024687142589809006,0.2990470186724286,0.010060866287176172,14.623074586329636
397415.3068904108,200921.9643349909,12.21332589630038,24539.254301480858,386137.37276997394,93109.68702206058,170425.21612585217,0.7871920443647685,0.14398840065638882,1.1789450464103746,0.5463375029743417,16.88056479165926
28898.318842967343,33855.4678804699,7.3207817889591595,2478.484927160358,22964.529925547035,22180.546481662834,102905.14814107581,0.449589664523608,0.024085140266865243,0.3289968334145577,0.21554360381712726,20.678232882627842
47720.204194690115,17591.569612381314,10.682228820534151,1879.1717191181247,40171.512776411735,0.0,423816.7823201306,0.8418135138843699,0.004433924746516266,0.0415074870704235,0.0,5.538133690196044
21942.294853024792,12129.273782827237,13.400378528203913,1625.3685996210475,16283.093083179623,2399.2987421871626,40281.2550487731,0.6689411282580342,0.04035049547619678,0.3011145945711211,0.05956365409374804,14.84343614820619
74029.81302046301,31816.515934285177,4.959954217094602,1578.0846238151535,56284.396114903786,0.0,138011.03032274602,0.7602936414191116,0.011434481868041416,0.23053603657534175,0.0,9.150315169852092
88819.54376913278,57326.01809678381,16.867667392192935,9669.562061753822,105286.76317103668,47471.54670592854,293950.3167316621,0.7725139097797604,0.0328952258642431,0.19501941258023855,0.1614951371161944,12.27332592917277
62484.066481323855,68796.67096955888,13.779280486679355,9479.686258393427,40698.30832703261,36836.33573350949,36304.75640485801,0.4097678565477495,0.2611141678704373,1.8949767959427228,1.0146421400745262,47.258993615813566
279683.6797861401,201613.95821531117,18.92126230979212,38147.905887073706,106154.21127428046,1545.9368848813938,244945.0414467858,0.3774645520299456,0.15574067416000875,0.8230987531915878,0.006311362237627692,35.01321564785445
81184.04992948052,45441.61061891621,8.89204902144155,4040.6902923666185,47656.585747419085,0.0,333375.57056743087,0.5870190731900584,0.012120535063469266,0.1363075600937738,0.0,17.175622686722253
64470.42602013738,27319.818702889694,20.25977989484658,5534.935136876582,70159.1803383071,15468.777936482631,219626.37716607781,0.8776567299366633,0.025201595583808935,0.12439224766809727,0.07043224104537042,3.5052563526334417
132361.0624811619,80343.26289875497,21.976496554547982,17656.63440275631,69357.06610987592,0.0,27343.83447914526,0.5239990130764254,0.645726348885807,2.9382588224790345,0.0,47.05235870127201
37784.72217309433,26986.02272547064,20.54737189079814,5544.918447937752,24976.909599467297,7933.982751976786,60751.25061035792,0.5463170848868582,0.09127249879185793,0.4442052213632882,0.13059785061649518,21.135167761417897
258072.53936620968,129334.19235548249,18.002064564996772,23282.82481245108,171651.12934763625,0.0,100369.99867201305,0.6651274473804443,0.23196996234436745,1.2885742160674727,0.0,25.506580200574476
26621.38032169635,54069.98860506295,18.622638451728054,10069.25848881143,28482.056868446514,48810.15093470148,72910.33681795692,0.3775882100501674,0.1381046766242821,0.7415956497370916,0.6694544705858516,35.130420442232364
665121.9509380979,254207.94498439145,14.327396365802556,36421.37987127506,547885.3412716086,0.0,616746.3407771711,0.8237366703938472,0.059054067228643696,0.41217584633588633,0.0,15.8576374019454
236922.5664362267,178760.93539350881,7.4227695324269884,13269.012248270865,98323.50075739188,15580.994525326008,214789.58189005792,0.3893945114396349,0.061776796302265416,0.8322607354625295,0.0725407367909552,26.2364318046495
48230.916075882895,54916.5245980784,16.186732332658913,8889.190843089742,85711.53803345494,70969.26204728671,88424.27360446916,0.7190554526259949,0.10052885345546636,0.6210571188147459,0.8025993220452056,22.625312605190015
15830.61305639032,12407.817956223305,16.82955403707877,2088.1804277649635,20078.305362512667,11635.933921717487,502890.6219886835,0.7310094486400517,0.004152355077744825,0.02467299530692485,0.023138100837321502,16.879513100588625
268484.5166229189,124774.74908866733,21.7369325248223,27122.203017419946,191613.0233790021,0.0,267885.0962871653,0.7136837006065371,0.1012456586548798,0.4657771216764978,0.0,13.125476862814882
199064.3861080567,106745.1296943936,13.743423692613792,14670.435445130612,133341.17672379568,7686.626129183658,85286.2359471627,0.6449360285152599,0.17201410382584328,1.2516102804739244,0.09012739328706858,24.097044538145685
210849.43631819985,188192.6944856004,8.884642270451014,16720.247684168386,71127.96758899439,30689.233859146338,110722.03103207436,0.2944785923379049,0.1510110276005035,1.6996860763065669,0.2771736895817615,36.21111650820991
236282.17890652703,128266.1555354273,16.30610539131112,20915.21450298982,298514.7232138525,115870.01903928966,65037.37820540068,0.8476866677395635,0.32158760208530407,1.972191362486013,1.7815911747449231,36.83980800314716
26539.38982706945,25954.693630895872,21.628764753996183,5613.679628046898,779.594928231441,0.0,662742.5873881067,0.029375013265613044,0.008470377088894527,0.039162555907542154,0.0,32.03879529805069
81583.90086243488,58399.37800749227,7.189850348843692,4198.8278833942295,48627.794284190844,13286.322858200525,156103.48185048185,0.5125717256384389,0.02689772088117757,0.3741068252624117,0.08511227745020034,23.38171154234668
33472.51569066745,34109.90497431952,9.86796253364085,3365.9526431263466,40894.37236081659,31308.168554264514,432503.7280976623,0.6312741650921341,0.007782482379819607,0.07886615249387463,0.0723882050496335,14.47916515870661
313279.4357487334,183276.90462201214,13.75385716790826,25207.643683475002,173336.7081689617,0.0,101574.23119412047,0.5532974347795584,0.24816967243690172,1.8043641824051626,0.0,28.05446072571693
161445.1787568561,113578.39357936333,7.063863427876087,8023.022606021807,63822.38023665704,0.0,379985.6407443812,0.3953192082172766,0.021114015230430633,0.29890180417572215,0.0,25.707890207409704
75272.82018769515,49922.5210574828,4.39997151135889,2196.5767042813864,61773.76612841251,20980.02546609704,34970.75917736548,0.6417863878082521,0.06281181066561178,1.4275503944390981,0.5999305122227995,26.284000623832718
24850.209870717434,11838.995992138563,10.065696203942512,1191.6773701655975,17348.285171438492,0.0,749034.4825508757,0.6981142316983435,0.0015909512818519094,0.015805675530210905,0.0,13.543260381925693
70873.25256155306,30812.753189598094,19.576674427019043,6032.112373928544,53413.99916260662,0.0,462545.63354531047,0.7536552540214918,0.013041118403158906,0.06661559628922474,0.0,5.838184166929636
73997.1319776197,49327.775862578,4.782431187826867,2359.0669371132635,72102.59694612869,29407.591594554808,106234.76838361398,0.6972853314172099,0.022206166333367132,0.4643279842664625,0.27681701614262416,16.654408337879808
211181.36759366113,108478.15204648278,11.720723062304515,12714.423784473864,139916.90021979774,2234.4596176699492,293275.7471892076,0.6556069530927883,0.04335313746987446,0.36988449636954746,0.007618971698428176,17.364174932019345
167233.403838903,72752.661141174,17.719613912669484,12891.490665408755,125974.323596972,0.0,276166.07802226895,0.7532844557677236,0.046680210537549206,0.2634380792245871,0.0,9.849107236984128
342337.78686022724,186133.88856161365,21.157286744395936,39380.88053147499,219351.13503381188,8309.452976745313,441738.24183491257,0.625560706354898,0.08914981045764316,0.4213669339300174,0.018810807373681588,13.805028083067892
110859.92000644647,85911.81009200489,21.73855718207978,18675.987963010273,33264.14655258878,0.0,91076.79141428035,0.30005566078935003,0.20505759670494914,0.9432898190409283,0.0,34.216118399089936
34105.85904232529,26808.412819762016,11.59544885095735,3108.5557962689977,9729.928296751033,0.0,137762.97591536236,0.28528612297013883,0.022564522692793784,0.19459809605327008,0.0,30.23643512497412
202368.9516474899,117338.06714572318,21.106917298824115,24766.448792486502,113374.51266902231,0.0,385445.9735733459,0.560236695135484,0.06425400831894729,0.3044215666800709,0.0,21.897964703534267
229558.91296152963,197593.5665139131,4.637541519055548,9163.48368606536,74783.69805315147,24122.427092247075,296384.46338727267,0.29479384663175634,0.03091755749049448,0.6666799070898874,0.08138897301349886,28.113685833934838
138583.1242328743,130087.46936619132,17.42650488397401,22669.699202537526,11327.539822243984,0.0,114999.2220056012,0.0817382338935385,0.19712915276447146,1.131203038572341,0.0,38.87414951657031
236083.49500820469,95962.21990565874,15.569428623405033,14940.769333646513,186828.3668033946,0.0,361423.6116093869,0.7913656428921543,0.04133866425360703,0.26551176188613573,0.0,8.369688753496735
117122.2097265417,52593.68773604208,8.49139343655074,4465.936948458269,145765.8096261633,44795.835229122844,33656.586825887935,0.9002443777410729,0.1326913204705346,1.5626566059154912,1.3309678566296816,23.19883879293014
125951.82581659005,100178.09531452012,13.13173301223368,13155.120013443759,47030.70476710417,9499.298073258196,299225.0747798243,0.34721531587549287,0.04396396265628325,0.3347917796937076,0.03174633035098401,27.197959736780078
98672.1290862641,68162.56734383877,6.3319672796889215,4316.031461207797,40679.41565656709,0.0,66694.63150629045,0.41226855073739327,0.06471332645118102,1.022009805053198,0.0,26.983478402024385
18862.16609851706,21273.98094858087,19.6887487171281,4188.580651095792,10162.566733131272,10033.739899912263,85667.50054073406,0.3516957292733328,0.0488934616354794,0.24833199071175535,0.11712422840142649,23.773285047678385
32125.115278779875,18233.721066339636,10.442165539821662,1903.9953378165205,18521.85894992032,0.0,147340.26156881236,0.5765538516885841,0.012922437611713463,0.12375246841695021,0.0,19.07522767505915
19790.052193958072,38214.847217699025,15.268800468382898,5834.948770967838,15155.90957404895,29791.72720427767,132523.79054248406,0.3056749829875658,0.04402944367258563,0.2883621654743435,0.22480286054545906,28.951221571047
166759.43263913243,117576.33588972202,6.857973153170721,8063.353549798967,67812.01272158386,1675.912791777491,157328.36865291867,0.40259965951979776,0.05125174575214398,0.7473308017901501,0.010652324219255804,27.313098959398665
71609.50631926497,54926.43779480417,7.710967203361728,4235.35960433223,77479.68848267096,41426.697837542415,166653.6613517136,0.6854413509426475,0.025414140739420846,0.32958434485807586,0.24857958415995188,9.982218538589077
121565.57657012851,99912.19967717916,21.855214674456736,21836.025725419375,28871.169190599143,0.0,97496.85506795428,0.2374946099477758,0.22396646240742735,1.0247735643118068,0.0,30.1379234214807
372189.8294768963,236899.87789153744,17.555555099943927,41589.088594948735,180386.60211381182,0.0,59676.5867261012,0.4846629000242719,0.696907964690256,3.9697290158172325,0.0,50.995505351159814
58010.82344749475,49649.6558575316,21.315493655933274,10583.069244504852,11148.223453284205,0.0,288356.97863512556,0.1921748872152176,0.03670127664188148,0.17218121819883586,0.0,28.61068667768827
94242.29623240088,77328.71868570127,9.325320973816794,7211.151222381486,22551.43672893281,0.0,116941.45714623369,0.23929209739670515,0.061664626030476434,0.6612600917825299,0.0,33.2017607536313
226312.3721307875,197484.34648704185,6.962131779156767,13749.120445634402,38437.3675249942,0.0,151881.5811218698,0.16984209552088023,0.09052526543427347,1.3002521110744851,0.0,30.793178236776555
53970.77353760911,53175.75771650651,13.055232342618957,6942.218719838054,50160.1181185364,36825.07276779969,211261.03714991608,0.552449480451049,0.032860856945011035,0.25170641228449364,0.1743107638994866,23.830208591623137
27015.641782526454,18657.737896752413,12.904029080092181,2407.5999238843106,13733.504034051793,1942.2241397648036,457707.50694504,0.474258153929775,0.00526012767401127,0.04076345179759695,0.004243374011337811,19.27980844869155
66321.04558305856,115826.06271891574,7.149037247643782,8280.448366254534,7131.533054115219,54853.66692644359,246304.8246231981,0.058853311111061936,0.03361870145630368,0.47025494890775565,0.22270642489589798,41.883059557628165
41371.25377500943,26517.352865987094,17.197952252465385,4560.441684510221,19958.290699885623,114.8171158918817,33374.48535634535,0.4810841391167477,0.13664455453972008,0.7945396785255735,0.0034402662592683845,22.918759136556826
413242.5128820937,368372.77638274623,10.511995619897213,38723.33011824804,71164.56225612317,8503.685192744866,353252.3152044711,0.168737886864116,0.10961946589319316,1.0428035727650449,0.0240725533187878,38.74080242331937
262633.06207268545,106653.39393887063,7.354574156749311,7843.902947924215,261995.16469753062,40516.705389333125,842679.9523112584,0.8642433305852883,0.009308282375070594,0.126564532176596,0.048080775243561955,6.23320675401373
165524.12857807966,78935.81177483966,9.97570110177919,7874.400644921027,115451.08907098667,0.0,140124.04470039302,0.6974879738848891,0.05619592741386904,0.5633280993538025,0.0,17.26251853530828
322727.95957812195,149464.35054178233,14.145856593430272,21143.012685942453,235316.76069153793,3223.9614823138054,653739.0714340293,0.7219370265589173,0.032341669038632725,0.22862997956343692,0.004931572278893758,11.019508383513449
259195.34111108346,129955.27943700794,17.076476779247976,22191.78311646748,190186.188934693,13399.580026944239,167666.04114711194,0.6976879398218603,0.13235705313156512,0.7750840811168423,0.07991827048142269,19.784301495741666
45974.32145379586,36018.39431386478,12.674035949034721,4564.9842436043,25884.555059458355,9457.48915466268,135785.54921079508,0.46696210669165,0.03361907264901631,0.26525940737588655,0.0696501889165007,24.652062492084443
349622.01078533416,191718.7890049094,13.460709816910724,25806.709852446198,284524.6745260475,55490.28411411087,97463.757660295,0.7023353230902823,0.2647826276347171,1.967077748768271,0.5693427531033582,29.189759893149265
131264.9852949258,99255.44799127999,6.501026846969471,6452.623320992932,42679.38307152776,0.0,217895.89399501964,0.3251391296440238,0.029613331406512955,0.45551775286572693,0.0,27.364785209419573
262102.24369553494,162964.6375704798,20.46443664474818,33349.79500895433,132183.47483340686,0.0,72003.68282115557,0.5043202720040609,0.4631679061720958,2.2632819764963297,0.0,34.580811304974866
354636.3973929347,348636.19568144856,20.7170355638568,72227.08464780309,96977.90525680935,66733.22723112085,44954.45161748867,0.23014925516601412,1.6066725774429096,7.755320844483805,1.4844631583751668,90.18575881419332
72409.60746274778,22002.746448556238,16.301678627524065,3586.8170152726025,67209.14801892206,0.0,29970.683528124195,0.9281799801704328,0.11967751792870418,0.7341422970186542,0.0,15.040337757733196
32488.824018577627,96274.19551557161,4.3173653608124445,4156.508768590137,11245.400930455893,72219.4221948359,87252.67812895928,0.10739747190050171,0.04763760674998223,1.1033953063684596,0.8277043609835764,40.423479748205025
53803.01192090721,50885.84677029223,13.667335886259869,6954.739596663358,22838.32995653394,14211.582316785481,115684.31249183301,0.33578572676211416,0.06011826017597972,0.4398681694536986,0.12284796452231826,27.597012867627548
98558.65391229215,155756.1466871361,15.325941497595045,23871.0959201788,56793.354386956744,99792.50856506148,169563.9864902915,0.2863273079805671,0.1407792799300903,0.9185685587549807,0.5885241944979582,40.14624437418434
270574.4589958418,83772.4977345258,21.90377601324598,18349.340264472095,252810.49135424916,2805.9072543708453,87346.74789297656,0.9247573072707905,0.2100746817380655,0.9590797568922635,0.032123774748990565,13.015940804452368
310701.745781975,197591.55035352721,21.92920519350634,43330.25652205539,150813.59390459702,0.0,770001.4203043615,0.48539667366537953,0.05627295661990866,0.2566119297227068,0.0,21.196298640302643
16046.461377247597,12530.781295536584,19.437002235860035,2435.608240584177,4687.573442281351,0.0,87091.23727340685,0.2921250568631847,0.027966168776980802,0.14388108020785734,0.0,25.021184305681427
122231.42390078337,71208.1534958097,5.148957856470044,3666.4778138697416,87648.99975713206,14713.479412875393,129681.1202150101,0.6400311193500987,0.028273027004939156,0.549101930780265,0.11345891667561615,15.617731267574726
96040.99813780069,46048.22481635514,21.15897503401714,9743.332392500668,106721.37779147386,30048.260022159833,44621.32141137488,0.8463954768937096,0.21835598060116826,1.0319780625012265,0.6734058757502399,20.785409743626165
52675.10074137367,57087.4150029591,15.027902448735984,8579.041037149764,42793.440023291056,36507.394279053726,79351.37638546858,0.4798412515089329,0.10811458386651025,0.7194256433012972,0.46007260292134305,28.081107798684727
34152.05873184702,28961.898239875427,18.41596186862523,5333.6121362855,6920.213989295459,0.0,33917.05445177349,0.20262948256300325,0.15725457951749142,0.8539036985377437,0.0,32.56452730618896
76786.28697936487,61534.54782030122,11.329471294345364,6971.538931406248,20335.65221208487,0.0,172575.59793543708,0.26483442567746196,0.04039701449572492,0.35656575180068123,0.0,28.325483264847275
444468.16840367246,197931.98155820492,9.754050482222617,19306.385401650867,378652.25704470335,37453.00593805999,275301.19381842006,0.7857140901972474,0.07012822986297962,0.718965213382818,0.13604374691801305,18.573968574598
73557.57043222117,33739.176141069955,12.338394618708543,4162.872693386372,53091.19238820162,0.0,64203.12654623985,0.7217638113417834,0.06483909612078192,0.5255067464163229,0.0,12.72937635737203
124717.92086402279,168574.53764386248,6.643741233438885,11199.656066524247,76836.22860183542,101483.78823121624,107570.49524559389,0.33968014171583744,0.10411457194609307,1.5671075721924532,0.9434165753306136,36.913456565916
197113.04653212824,133942.3894141385,10.42719049755951,13966.428101195204,84227.54282398632,0.0,28016.0484600728,0.4273057735438011,0.498515274953908,4.78091653807021,0.0,55.95751428620643
82796.17484504436,95407.65209165809,19.437114995829013,18544.49505187605,103636.9805395902,90339.21265130637,354327.77764327853,0.5985892430094605,0.052337118967132806,0.26926382324930304,0.2549594425031387,16.472480967494366
550169.720743755,278428.3276304296,4.683108752695867,13039.101381245373,410820.9455995174,36374.316086312625,297513.1511093025,0.7004093807172054,0.04382697481650139,0.9358521685252785,0.12226120408690497,13.16254044262271
507301.4796812097,272380.7937393699,6.71580484284288,18292.56253692248,327383.431215917,10616.887470097945,36761.76598466985,0.6321139623153649,0.4975974914956676,7.409350079997689,0.28880243333591016,52.89947224157111
58509.19424883079,28562.56339625024,6.252090873690739,1785.757419389093,39928.84113677407,0.0,106705.92626100084,0.6824370365956968,0.01673531622808991,0.2676755115398812,0.0,10.740618071099034
118148.89176957708,126538.38111324127,11.255359768604105,14242.350039662693,49712.11725302698,45673.577283434424,584346.8240331103,0.30345115380320986,0.024373111059906596,0.21654670806608395,0.07816176182527941,24.78334164684551
68689.569011857,41138.10361474909,21.94576421603551,9028.071222241217,78065.03909422489,30997.31392356075,114572.48166448479,0.7831024182469363,0.07879790235040131,0.35905745443498666,0.2705476347656813,13.846039594190973
65287.45145716226,19431.3926519995,7.1204427438048885,1383.6011881095349,63116.83791827869,1481.5696335462599,159457.89408587664,0.945301232326468,0.00867690618919369,0.1218590823828054,0.009291290607088758,0.0
20637.67166482838,18952.784042175746,6.618687692786683,1254.4255848399246,20101.1551785138,13390.978761232713,103998.68112207741,0.5907126767248806,0.012061937433297202,0.1822406191856249,0.12876104405125963,11.278806726020804
156073.81064738898,157178.7799931208,20.47100313597078,32176.07298147237,124203.1280407888,94257.31537632343,188199.8209699246,0.4961553523672632,0.17096760674716205,0.8351696573517936,0.5008363711004076,31.853490489342654
119777.94492444576,127503.76778506697,19.876909305387382,25343.808283589497,17456.894612039097,20818.493819650514,713296.4346547067,0.12416313505502728,0.03553054109384123,0.1787528460685341,0.02918631414403235,26.862714584670734
22927.66310705887,27047.900590205143,4.58032665993798,1238.8822016866886,17183.08502537359,17007.551252176472,1103643.9594367426,0.4302740150786211,0.0011225379263788717,0.024507813737330065,0.0154103604760873,17.27655660674297
63993.8881515554,26685.82074080687,17.53070728322767,4678.21312019771,49744.08988099804,0.0,293270.0045293746,0.7773256371481937,0.015951897732279435,0.09099403392321344,0.0,3.2478517065709607
373329.1426634011,194491.27493214607,15.798382626575732,30726.47578908581,238450.49030834003,0.0,118246.61045289929,0.6387138400372092,0.25985079548072937,1.6447936578242726,0.0,25.906844374290777
56079.08282131156,25355.86862843394,17.819334577348762,4518.247065893655,40964.285590503496,0.0,147773.16277470737,0.730473530050958,0.0305755590599499,0.171586424438185,0.0,12.339923789859636
38479.629147820466,33396.62952339025,12.9010441863266,4308.51393155637,25246.89621065511,13852.17253356112,104414.70414794446,0.4824388880086534,0.041263478805165864,0.3198460388880746,0.13266495985023408,22.077457129340537
115840.81642104544,48048.78029677564,21.84482593206932,10496.17241831306,92540.39512847029,1613.2602220829344,787978.0258670751,0.7878857658525074,0.013320387211005388,0.06097730992422503,0.0020473416378683092,15.252869655714365
651605.5473922889,489649.0166698948,4.789246336797337,23450.497594027118,274308.27982771414,43774.67914839149,246432.56973690473,0.39447236110281725,0.09515989554085012,1.9869492786308716,0.17763349704597095,38.10020922428879
56571.72203395893,20897.882850731454,8.218688555268503,1717.5319061464854,47565.11891096998,0.0,132261.29064116412,0.8407931949184354,0.012985900090800508,0.15800452838033427,0.0,3.8934347715566417
182273.251544594,92826.34730539485,11.13782776552507,10338.838683903003,119262.53898559888,0.0,27194.066474592426,0.6543063119517607,0.3801872990772689,3.4134779876383345,0.0,35.080186482332536
230083.14393591942,194070.32113884203,12.096002948182656,23474.751766501882,123994.80457232412,56983.28063216572,157295.82325717795,0.4319376769989191,0.14923951113514802,1.2337919540402413,0.36226823733900626,40.619204456586786
55699.975850370865,59946.92666879287,20.584613248591335,12339.843009187669,3867.384682933158,7147.489330621875,768524.0562564868,0.06153604877771251,0.01605654749351057,0.07800266781601722,0.009300280547413959,36.895133440503606
210412.33927384744,89218.11926869387,14.08007855339066,12561.981276889866,161592.29334020475,0.0,158265.96784260785,0.7679791684169986,0.07937259948002524,0.5637227035278956,0.0,14.691766431853873
83778.41988964561,60167.03760340684,4.81199791936709,2895.2365976207516,57049.5573587481,19175.785732822296,61254.645797136196,0.5541255649909852,0.04726558385806732,0.9822444782828178,0.3130503079934357,24.27089995977891
165075.5621597657,109738.54638485145,11.341533341661913,12446.033826893052,73782.68769988566,0.0,29021.4645058863,0.44696311637258757,0.42885616004556476,3.7812890649468653,0.0,49.80470495525793
165575.67407064573,104317.21354932486,11.496827422643259,11993.17001387611,81677.94736176115,0.0,103848.240021586,0.49329678299791696,0.1154874652799431,1.0045159506568564,0.0,21.198159153908488
130107.78749285232,147407.744944846,21.378836891880127,31514.0613577573,22238.341199346232,33978.71335150334,475687.79320846644,0.13552815792226822,0.06624946405540096,0.3098833879057429,0.07143070273533893,34.46901579473969
29194.373821743146,23547.189650763863,14.785547638379947,3481.5809433133636,7529.578894639043,0.0,1045703.0559567668,0.257911984706835,0.003329416437563997,0.02251804612851527,0.0,26.382600369219496
285546.71913694456,114614.85413158726,15.441719280860898,17698.504029167903,241908.56115608272,10499.55586170477,548284.304729506,0.8171309068394338,0.032279793305225825,0.20904274140791257,0.019149838452670438,5.683834059380614
73021.54405010949,27481.501157002538,16.838554562522873,4627.4875669222265,60720.05719080927,0.0,260293.74115772388,0.8315361990858673,0.017777944050211412,0.10557880122192503,0.0,5.252996278654118
45964.81599113348,38780.07689522253,17.860707682278218,6926.396173218412,9579.652127881263,0.0,172018.3055338292,0.20841271571127706,0.040265459840006755,0.22544157015659025,0.0,34.38492847721909
21244.46396915178,11734.694548578798,15.430919263644805,1810.7712416265226,12679.692560763977,0.0,185789.1488123084,0.5968469046418701,0.009746377833163096,0.06316135588970082,0.0,14.29429980192754
149066.76068918753,93049.43071813979,8.26949832041084,7694.721110388417,89859.88092113739,11377.580719805303,164381.18241018403,0.5600688695656348,0.04681023093742937,0.5660588964858001,0.06921461783511552,26.130763362430212
184777.76014010233,102670.16266362485,19.732826458140956,20259.725022704122,150883.43914252322,31054.981880414944,245995.1728562985,0.6990757645481801,0.08235822186047172,0.41736657460185633,0.12624224093436232,10.40291515788034
17509.042133770592,23074.67990486145,17.17815640739134,3963.8046045619994,12688.878461800223,15082.296617441023,122701.54254515826,0.3893328395823722,0.03230443988186365,0.18805533676456593,0.12291855753883645,22.476736918350426
122644.58768242325,56848.79997195145,17.353668731745206,9865.352425104917,87727.71694729573,0.0,224125.61610138477,0.715300353689137,0.04401706773509663,0.2536470438356118,0.0,7.691313879694923
53523.62205824365,24131.096738246335,21.938021306225487,5293.885143862364,39190.03375999642,0.0,48340.06007115376,0.7322007041554545,0.10951341674110608,0.49919459559476675,0.0,10.978516389385076
170418.6512321538,111050.81488941364,18.445477627539688,20483.853215627307,167526.37093457318,66276.94185818975,80589.6201088626,0.7077713984756387,0.25417483278810815,1.3779791335336145,0.8224004750073408,27.15565398630058
43740.63338087006,21276.856103441627,18.924725256792758,4026.586560859469,43505.64274595599,10165.454782038563,350423.3285170936,0.8070636217281872,0.011490634992536043,0.060717578916563895,0.02900906975872953,8.507123912411911
191131.87913515785,153867.27744395199,21.12529928278285,32504.922858304686,68027.22819580806,13755.819455650168,446343.1354089478,0.3320220231067596,0.0728249642027609,0.3447286745050441,0.030818933605972973,27.95511718414361
88343.80514716527,39780.371756936955,6.72041199728009,2673.4048761158115,64751.244520304426,0.0,164387.51890710974,0.7329460669306718,0.01626282149575157,0.24199143597644784,0.0,8.925544415819699
429051.57267064607,361145.00093574176,12.959092776605221,46801.11572933457,95271.47070080758,3547.031290701341,30786.43012683207,0.22023064759894614,1.520186508683409,11.730655338989239,0.1152141146631323,71.47263452200063
37191.66201589184,26615.868168290544,14.450206424634176,3846.047892026483,43116.461983004636,21761.552639652182,496048.09469334286,0.73136744509911,0.007753377007534141,0.05365582179031347,0.04386984421965209,14.62635540641492
77569.86509927576,36067.140262723486,9.926963126004237,3580.3717144847883,55336.96644873637,0.0,242957.94040464642,0.7133822700080089,0.014736590656480211,0.14845013998165144,0.0,10.28499186793088
33066.64275554946,49020.95169635143,19.1092601901011,9367.541207319573,50916.56838881096,54141.73523241019,121206.96556002724,0.5838495057876287,0.07728550223196816,0.4044400540006425,0.44668831516615043,18.52089697607812
402928.55957260856,285938.35869635583,17.723553189623022,50678.437093083696,155986.9345016703,0.0,189204.33034725473,0.38713298125883067,0.2678503023692503,1.5112675178816524,0.0,36.527733147790705
329750.0560741491,247139.00363602606,16.975895341146234,41954.05860440337,129211.09614368565,14297.269669641215,126110.31439487795,0.37556198370194066,0.332677456286695,1.9597049204253174,0.11337113651840922,41.43441061518363
59749.10550922334,37267.219172375,21.948689915647,8179.666376329138,46435.91290279684,12345.04834024929,137702.1043331289,0.6441009488751566,0.059401171942448254,0.270636526237959,0.08965039713833386,14.999027302658131
176814.41085658717,155663.66203048805,8.66886472135103,13494.272281724077,28981.672501593916,585.5055500963134,417163.5285062675,0.16336914407081446,0.03234767988956958,0.37314782188143597,0.0014035396435369749,32.41263065841895
269922.6108958832,212401.2423722767,17.238230530157583,36614.215809051806,82007.55096365887,3984.294699137661,56616.09838819229,0.2993993553594788,0.6467103324217759,3.751605080871743,0.07037388326936735,56.50952088061756
136519.8541029762,64736.85776691878,13.925280548306212,9014.7890622014,95710.6617814099,0.0,44700.21983230212,0.7010750371093706,0.2016721415693567,1.4482447292157925,0.0,25.02513941601436
128141.91152909191,113105.74059189187,9.63380528488977,10896.386814655392,47207.31668562639,20369.31657701976,25491.845378140344,0.31787035423272264,0.4274459794110949,4.436938123313811,0.7990522567066395,59.74766834473032
56531.55681568547,36464.719824180516,6.890563673016265,2512.624737672143,26755.782655339946,0.0,92838.07578327009,0.47328933010944746,0.027064593018255246,0.3927776347853997,0.0,19.258667479642426
29658.921071241108,14783.362560674963,20.125909067215847,2975.286106038275,19834.078014088194,0.0,53706.565826115635,0.6687390268326513,0.05539892674708121,0.2752617363124404,0.0,16.301821359551163
356268.4837791784,233048.10920917863,14.718198688741216,34300.483753761524,200461.56827854036,27125.801638905505,69719.69742903198,0.5228600839992724,0.49197694509039075,3.342643726278351,0.3890694113599244,52.24243679890713
361016.16414726403,290150.9871136694,18.848809077534305,54690.005597636715,94885.83832978566,299.2017137445815,27034.471109044323,0.26261224208849865,2.022973017561283,10.732630423703759,0.011067415098958021,80.64890084428373
165400.48792243272,126843.53200568265,13.816209712027808,17524.968388048226,76361.2213543315,18713.960098998567,71391.23129073507,0.41474866407791583,0.24547788392497666,1.7767382592005245,0.2621324742640656,40.63782342378019
77106.97647169858,46408.57708289243,7.959587451772352,3693.931278036005,40931.199185074875,0.0,97815.92481397094,0.5308365216485735,0.03776410932127081,0.47444807347222406,0.0,18.764848291287468
79435.1423717466,40490.46099564037,10.075878635805854,4079.76970899903,81204.44669820131,21958.65364754477,30773.768247168286,0.8008818082198167,0.1325729652680555,1.3157459518908994,0.7135510175802192,17.590724028012552
209169.8144590677,72515.39956051923,10.867699164523838,7880.755472189671,227477.21506035383,33953.496396716895,193524.79987997393,0.9356454313642031,0.04072219931025583,0.3747085624451958,0.1754477793945541,10.675032799503104
356114.60236608784,177591.21819418523,21.51282662506664,38204.890871458876,238031.17889587017,0.0,176413.1323277142,0.6684117340719793,0.2165648915551677,1.0066779941545538,0.0,26.165189533847613
342169.885409492,323341.7643977635,4.101399010864885,13261.535926722938,25104.16134897142,0.0,43373.02267190977,0.07336753589208471,0.30575540070237434,7.454905018809618,0.0,63.06009280127591
242034.32878963547,74100.04926836854,21.741988414441128,16110.824127023856,223912.37269502258,0.0,187700.62375379758,0.9251265050489444,0.08583255508066952,0.39477785308568714,0.0,9.503842579205799
169096.60403515576,85599.1660496011,21.64830943197695,18530.772337609407,111329.91731407288,0.0,1214900.364526078,0.6583805626925956,0.015252915283170647,0.0704577663724651,0.0,11.69375863790853
28183.75892941261,87609.5798846024,21.93071422954246,19213.406602194864,69976.67544118073,111908.32753607535,545346.3410511016,0.4995048414702544,0.03523156782378499,0.16064943191100087,0.20520597483130265,25.244242365460675
41444.132202511726,28392.321827930828,12.578587220553423,3571.352965066507,22768.83012414953,4024.812218531247,25481.422030300913,0.5007556347319148,0.1401551671967003,1.1142361597468327,0.1579508480235205,26.188650135999712
358234.5750266258,178100.5683807469,21.348561453177993,38021.90928922305,240862.39233017724,512.787601754016,310586.63665386563,0.6713983639224197,0.12241965623136805,0.5734328118541421,0.00165102918553928,23.377049309307274
154874.0920448384,157951.41484810255,11.120785273296892,17565.437681391868,54711.46628737247,44110.92251879348,103542.08817456312,0.27495269634928565,0.16964538760101147,1.5254802914715218,0.4260192477905818,42.798697776382
16385.94084164916,13137.174362673857,4.473299932030961,587.6652118362784,4331.688638633736,0.0,36838.13276719036,0.26435397762596674,0.015952632983604387,0.3566188993806547,0.0,33.322155638642506
31049.535215392396,20661.369556868933,8.03824935469176,1660.8124050754968,18973.643019836778,3842.0666063541194,88171.55421194472,0.5437882478645987,0.01883614755256865,0.23433146598735932,0.04357489941845246,16.545392280178817
178374.35809353614,59214.87558663663,21.015332408872922,12444.202940032226,171226.43258312074,9260.341930441045,94879.50055488155,0.91255206292461,0.1311579726627468,0.624106105537357,0.0976010821756439,11.407254571544014
15761.165557769551,8925.0914013197,4.247764480037199,379.1168623561125,9823.094850191734,531.2469811939501,158335.17123786142,0.6029245102098713,0.0023943944948692317,0.05636834401064212,0.003355205145140344,11.356670168634905
41297.372415629856,33775.52076226975,13.827894437613551,4670.443356760909,10029.135537813476,0.0,219760.41458036637,0.24285166225291707,0.021252432407716123,0.15369246925914423,0.0,30.331932733994115
134354.67692083976,172408.8929082544,5.360828600104223,9242.545240148764,8598.263435238272,44502.913563843365,273854.3068568081,0.04807323755138368,0.03374986264131121,0.629564292368069,0.1625058012584512,41.224922821524444
191597.2929982219,155780.0756404371,9.155138411696413,14261.881542727384,47756.289810379734,0.0,75802.17912574596,0.24925346837140822,0.18814606264905362,2.055087036244937,0.0,48.44628710905529
173316.2223202873,100972.96960753096,5.58567131281396,5640.018197064215,96457.67028367514,0.0,94888.53813751365,0.5565414996492478,0.05943835059288858,1.0641218801495254,0.0,23.773735069505115
53092.480096203675,48696.08481682664,19.471515180035013,9481.865547191124,24453.86289887734,13944.001894780962,91369.79351075157,0.3647844005621596,0.10377461941046616,0.53295605632617,0.1526106315774935,30.808554091566396
201812.59333478083,88186.32255894365,14.639272773658705,12909.836308462282,151501.6943677829,0.0,106103.07318956939,0.7507048587223757,0.12167259552790598,0.8311382498920203,0.0,14.510344952863257
55623.56385792089,52620.441461252005,20.237916382929633,10649.280943256617,18259.76415200679,10691.70071733621,1460638.1379475452,0.27534782932645785,0.007290841356655756,0.03602565214077802,0.00731988330275967,27.40426251087067
74045.23633771267,66805.91326824125,16.39035759172411,10949.728077081805,51242.63422171592,31192.652596815522,295868.0566685969,0.4869219132055716,0.03700882143335481,0.22579630265078204,0.10542757791441658,19.662968295188147
220853.6327498686,114334.04572116275,21.478524362411793,24557.26586475098,288312.7342096816,109714.96362855539,688929.6647629981,0.8721721826220624,0.03564553411007355,0.16595895280615525,0.15925423049724377,7.736895730265758
172316.0721454152,135993.941724687,13.177797785687318,17921.006641264703,48429.5072276376,0.0,237628.48377890215,0.28105043612396524,0.07541607115559022,0.5722964669977043,0.0,30.43366583417688
298793.41161951015,209437.32594690984,15.496790471731742,32456.063571590475,119141.4475634671,0.0,118839.72223120932,0.39874188295418084,0.27310787136009446,1.7623511904499223,0.0,35.62657221280813
175771.99322546436,121151.15772293053,14.373558758003018,17413.73284130633,72827.78067004512,0.0,113897.86695212993,0.4143309712408407,0.15288901633798935,1.0636824109607697,0.0,29.827888759450133
141006.6458380886,118124.93306955279,12.716687730039029,15021.578869772633,91659.85798645385,45863.180721304576,145701.9425279926,0.490501113390403,0.10309799999328528,0.8107299808089954,0.31477398259459194,25.698480295532185
29753.559217261572,18129.330054249796,19.227268577614225,3485.7749808527433,15498.972217349034,0.0,122082.05705591009,0.520911535462866,0.028552721545774398,0.14850118429727213,0.0,17.085226843828895
83762.446081053,76483.82690531365,15.601452442066483,11932.587880504958,9704.825567652462,0.0,342188.68892957474,0.11586129610233155,0.03487136853597397,0.22351360339983256,0.0,36.16420082132372
61224.02217882468,50422.95084450717,18.42362076739851,9289.733243323766,14401.428445756674,0.0,137588.61305678647,0.23522512787043975,0.06751818364132828,0.36647619104712015,0.0,30.813696996282644
56955.03054936319,40886.63758038783,18.154550858843436,7422.785414002502,21424.523958633803,0.0,88077.27202206201,0.3761656126242452,0.08427583238662532,0.4642132600354193,0.0,27.303364484594983
556846.4109244389,398084.0457869774,7.438812891795315,29612.727318182042,214401.2411419861,2038.565719028126,293386.12747376785,0.38362319636793607,0.10093431333364515,1.356860493761999,0.006948405286171541,26.561047161963042
89908.12455600356,41962.586703863475,15.702943585317586,6589.36131704766,74290.40982017455,7772.269512990825,371865.818926178,0.7605457628242283,0.017719728411918833,0.1128433552323716,0.020900736549098534,10.815238807221247
348908.2816872784,125927.10692064566,7.593664345264014,9562.481819255563,297308.233022177,0.0,123184.06515124919,0.8521099917274254,0.07762758768769688,1.0222678295770518,0.0,13.819449521543504
164600.15786047248,82654.3989138022,14.499768608387875,11984.69658715518,135732.92731126837,19853.93653678101,223367.89940515198,0.7358629135059712,0.05365451624459675,0.3700370515813508,0.08888446634298733,11.907963820818825
252573.78790325997,240875.3140738547,16.193824320033407,39006.92519144873,70642.9204101423,41283.71647820147,35908.79906975695,0.24039855833812404,1.0862776311642537,6.707974655624848,1.1496824607808,91.46375794280374
119765.29865831556,47239.909730414045,21.950231288576564,10369.269446340668,122384.22211516157,19262.777658469648,160699.23145227812,0.8802842228522284,0.06452594298448756,0.29396475206194495,0.11986851140722474,1.3043565780959092
144023.38539623778,75797.48053293409,4.549755606695291,3448.6001202809402,93351.26875357096,1787.5467018745226,33284.3537760338,0.6402213291576613,0.10361024712951117,2.2772706071737407,0.0537053149327368,29.3247539628955
116744.01500125401,130994.70502272513,5.642363094046977,7391.196891357944,107602.81614724209,94952.8021319027,30332.5666299595,0.5082873592736173,0.24367199062072292,4.318615916047855,3.1303912817624124,62.03323618604532
47582.23429878577,89494.6640522209,5.386480534682167,4820.612658752078,58511.92682283491,85796.37487056131,195844.55561943966,0.43869048558261653,0.024614483887514207,0.4569678425277481,0.4380840437417046,27.456413438496032
207264.27045987057,81932.68435511403,11.17050315280132,9152.293089062767,167108.7814730087,0.0,90061.20950785704,0.8062594730014667,0.10162303103717822,0.9097444371759867,0.0,14.398854523673924
64436.605254939444,88700.12997181286,18.788590506744647,16665.504199354196,157554.4130452332,142429.33450079832,269238.3801116039,0.7616256848820526,0.061898694355708356,0.3294483124398726,0.5290082879036746,17.1574100773729
18692.47216210329,20873.700861842975,19.193013990168442,4006.292326679433,28544.526132865343,23589.62329938869,432548.5385220597,0.6750972443847302,0.009262064184445544,0.04825747633586891,0.05453636112143663,14.857984579903382
170545.31794429108,162409.81683212682,17.26563272298073,28041.08248030075,10847.334816218998,0.0,52020.73648263392,0.06360382651936712,0.5390366299343283,3.122020713534959,0.0,59.68222263635918
44240.03553372341,16648.23878003053,20.143808352939057,3353.5893139890295,36789.06233825717,0.0,257065.0994461358,0.8315784988511935,0.013045681118185881,0.06476273448204478,0.0,7.442295107113367
438162.47209099546,388623.592190594,9.811478995050145,38129.72211758947,84259.955853053,13656.086989388306,155071.09297928977,0.18649069224724385,0.24588542832210392,2.5060995232844325,0.08806339548539921,47.260984035891816
476634.3619182035,269619.8319785749,5.586783596541384,15063.076546001463,286234.7464287817,7661.529881957732,46405.21043167604,0.5910327782563413,0.32459881995749895,5.810119800567338,0.16510063871465602,45.385772849648916
384526.4826950762,188442.15078772235,5.0467545038173025,9510.21273196957,270163.7128585641,6538.452736569246,214788.9063177294,0.6908410557452964,0.04427702014507891,0.8773365162024093,0.030441296287887193,18.693990779552664
84343.10947460501,42417.751605246725,19.338388953148954,8202.909790603197,61970.75665398778,4552.70962113255,194243.61437163127,0.6971166617773951,0.04223001006822909,0.2183739822926283,0.023438143054845567,11.231241799819284
17336.597305791656,40140.16083801693,17.147853298366442,6883.17589423148,8553.48751937888,29218.67917175943,155487.5264503297,0.183727563587843,0.044268347766341906,0.2581567908010914,0.18791654764083796,27.882826005557384
410328.5185997835,197334.3477497351,16.575075508200175,32708.31714313291,344798.39944499085,45604.62873369479,494814.07146192726,0.7562477118883367,0.06610223724336749,0.3988050444214554,0.09216518155790518,11.25181811667902
98840.74155795919,78395.12254887188,10.114174093822038,7929.019175658039,61799.118253282824,25903.7196808748,157519.79360608093,0.4954057089153089,0.05033665290018476,0.4976842640164905,0.1644473947550602,20.24429659693482
525126.3024183083,335439.54095016146,10.838293395128073,36355.921611449274,259273.76258424213,4768.560470034755,863450.0525575482,0.4892928404155431,0.04210541362961604,0.38848748686341034,0.005522682471221385,23.996680506617935
512060.3214195308,418195.7238873602,21.246043520187747,88850.04549667273,191819.33054214696,49999.900374439625,153119.90964233407,0.34127896460970425,0.5802644849008438,2.7311649077132087,0.32654081687503705,54.1263084479845
302608.05257691286,154055.05543467752,5.14848539376283,7931.502027407603,238489.7423850097,30314.30964652191,47163.55351541229,0.7163524276117915,0.16817015335402402,3.2664005137851793,0.6427486350581213,39.43168443636952
67316.41022582405,25135.832836446803,17.927171264880265,4506.143801443829,56240.769852502985,0.0,139438.2077689668,0.835468939354223,0.032316420825703636,0.18026503093107746,0.0,5.4681541042010355
87943.78981480404,90864.49913861904,9.573399826751077,8698.821803114788,40956.02718426274,33637.72971201204,61233.0880085747,0.3368606293428456,0.14206080545695587,1.4839117557797337,0.5493391041670416,40.92350978526528
300708.99787171197,188826.85783392363,4.702983131426009,8880.4952715312,161215.25450099978,9029.300837961513,188647.00013161625,0.5204886033551551,0.04707466996737508,1.000953408759121,0.04786347427556177,31.84237747704
72171.93471460756,32249.48179193693,17.36626199336421,5600.529499490053,53229.93723022751,0.0,237640.86919473638,0.7375434431779726,0.023567198346260306,0.13570679951313375,0.0,11.521790846374556
42857.79244436322,100989.26421112445,9.956413942210743,10054.909182052439,22282.787056159876,74843.56205888114,138747.45716828242,0.1893163179829478,0.07246914204602076,0.7278638922271401,0.539422945734463,40.45559556286098
137060.54880903417,67199.83496767654,16.998655337370337,11423.068333437006,106875.66377076205,10296.03398671392,43506.071621356605,0.7252859814135559,0.2625626241977122,1.5446081998055865,0.23665740442673572,27.757580780373015
427694.02062105626,171846.16404216597,16.737778896126162,28763.230978852003,341130.47543852037,0.0,138817.26761920593,0.7976040323013247,0.20720211161159963,1.2379307487420272,0.0,14.187339421176283
193623.83966369057,175892.47099354805,13.626163757796071,23967.396135214814,111984.1770639934,66256.76412785251,40293.43498646467,0.43090625244898534,0.5948213683759133,4.365288565063605,1.6443563113968669,70.70538242688023
141616.85046534834,61649.859283537284,17.99271632578988,11092.4842961355,155824.5609828307,36901.42955531197,231298.01100942484,0.8728773376306157,0.04795754294525044,0.26653864862255644,0.15954062637316982,9.096848659419972
30334.22960239843,13622.330863015479,14.458689835082382,1969.610567792109,24851.412151473512,1926.6603742221826,306232.4930378374,0.7703263043729813,0.006431749120589723,0.04448362330163421,0.006291495572888566,7.6897352580703044
158179.60732765766,109829.60603342803,9.159463351268691,10059.802513474628,64466.66839230618,0.0,615441.0676060874,0.4075535998693442,0.016345679615766877,0.1784567391003624,0.0,19.384440567854295
706585.4621769476,571527.7367691335,17.214075419159542,98383.21564885425,180391.8671193779,236.17493171920844,53999.91445798252,0.25521554186893747,1.8219142870199636,10.583863743225756,0.004373616774948352,78.1822078813804
37638.08799633962,55335.88683924886,14.604516685799025,8081.538826672966,16272.803148180681,29902.401204044745,161833.39710898668,0.24093404328033907,0.04993739840504278,0.34193119484467666,0.18477274615885975,27.993983796897165
124574.29874722556,55865.00877795169,4.22909107041857,2362.582097716905,91612.38662569849,0.0,175886.68394835314,0.735403590844928,0.013432410258019572,0.31761931900629686,0.0,17.585717985955185
329791.29568511917,131263.70542098174,20.229595199865567,26554.116251008603,270470.96570912073,4325.634017703105,485291.4277356899,0.8095099100476263,0.05471787617371863,0.27048428618127884,0.008913477078888414,9.796879812138489
217505.13725305052,205593.59393249472,13.821585129837642,28416.293606872474,142622.7914933499,95055.55029945666,202645.38369482884,0.45630431840341623,0.14022670089374265,1.014548617806689,0.4690733564530852,27.455888497296073
194111.16379525096,138815.9157124521,19.63529077863157,27256.908697160077,73726.99744373182,0.0,53305.01161862584,0.37981842982250763,0.5113385752951598,2.6041813236177407,0.0,45.968737121694915
196843.1334336735,113664.54673363673,19.889263101680406,22607.04075318549,121982.0274790839,8307.933909276142,128198.3445528056,0.5945961142632876,0.1763442486878099,0.8866303783417241,0.0648053135027345,22.68253094608986
81823.85134724237,42286.653252988675,12.009399821231593,5078.373260169245,80490.46620777222,20830.65156157547,216434.0996019217,0.7840909451314311,0.023463831575106175,0.19537888590922026,0.09624477658505949,17.079272925483153
67134.31264006428,36360.569438317136,13.137879936122157,4777.007956896432,41031.65760232952,0.0,241885.8449730209,0.6111875729229218,0.019749018209102905,0.15032119569614613,0.0,12.19999954097755
263606.1760889569,74375.00918433216,11.483578978160836,8540.912919697159,252308.22253949963,0.0,382896.63425994356,0.9571407858606293,0.0223060537896994,0.19424304767808412,0.0,2.680287288256717
264199.22986305435,121435.41731047718,12.08986195554482,14681.374317976468,190351.7500701029,0.0,60832.522396716224,0.7204856356650633,0.2413408772076329,1.9962252513308956,0.0,24.184165828973015
317692.5071051872,280459.9594261746,20.1126488614911,56407.926836466904,49643.39690535018,0.0,569870.955539922,0.15626241033413285,0.09898368444312701,0.49214643543370956,0.0,35.96391538329706
381692.39427549543,224749.13044761762,18.186592251422397,40874.207943125635,233880.31396613098,18466.971646720416,35972.854615198,0.5844679242409468,1.136251442382248,6.247742439452232,0.51335852670748,66.82816136075783
122413.98553993556,66713.03855716033,6.277462173680403,4187.885760338562,105905.13441459913,23727.903828174105,766673.6905346676,0.7246733628018169,0.005462409643166429,0.08701620960885664,0.030949156233112153,7.02302226438906
119427.65663267988,79073.08560973512,14.985540067721725,11849.528926830759,53806.09469725968,0.0,376052.08730985096,0.4505329520342972,0.03151033946280758,0.21027163065467114,0.0,20.484579579254547
255142.48984627312,156743.87177529623,21.92631952695416,34368.16216437077,131198.15742796918,0.0,219330.2114134543,0.5142152430472003,0.15669597882976616,0.7146478853285834,0.0,23.594923860738326
172457.86123317003,160985.00870515127,14.719912622184744,23696.852616214772,15297.136704025015,0.0,264041.5251410472,0.08870072140893981,0.08974668891022446,0.6096957992465594,0.0,35.410887836803475
196582.59727672755,147530.39543029564,18.1456892606759,26770.407119827847,88993.4784921336,17692.90702266828,38584.51367176681,0.41532268834513025,0.6938122208189547,3.8235649847842215,0.4585494370404517,58.74952605342746
253292.92124313072,187304.09814607623,17.843106520861078,33420.869750142556,87985.09746273933,0.0,32625.647393016923,0.34736500740296733,1.024374147968504,5.7410078607717105,0.0,76.39631213453916
346098.52145201503,240434.75981841824,10.305715465701914,24778.52222752998,142935.86429290747,1538.1365860838052,44318.399031110355,0.4111645333940662,0.5591023766480396,5.425167990604519,0.03470650158197442,58.88787886647097
76872.36107064813,83244.6342110951,10.69328744867126,8901.588021787333,65729.87766823462,55669.68139162292,41454.44396074576,0.4959171931196477,0.21473181573045502,2.008099162780268,1.342912268810985,39.721148476622126
85640.51830913345,42670.3178995669,17.03337559222726,7268.195514230608,57293.60054608873,0.0,167686.91490577397,0.6690010952441707,0.04334384420105007,0.25446420744006204,0.0,12.554530917281015
29804.405878104084,70749.58888818603,12.999703568887032,9197.236831670423,8435.500115933777,47271.80809703227,68674.71577889993,0.10944362314753737,0.13392464355121864,1.030213057101921,0.6883437020580487,44.9942393079578
144512.1039914152,61072.79930379236,14.270272764346984,8715.255045473376,188159.47034094293,57680.29806808435,379164.8992052641,0.9305961471567704,0.022985395176981557,0.16107186986928895,0.15212457215576441,0.9412544597981896
20490.61563162855,13334.019710267372,16.832304226567075,2244.4227632626216,20623.796803516692,8311.25168127634,131224.65031117428,0.7160576284675837,0.017103667321196135,0.10161215654717526,0.06333605509001387,16.22658976259465
108991.04222731644,71166.41349884516,17.996350486702905,12807.357202068422,179819.81249897994,97040.23064576364,239041.34761659295,0.872779214492127,0.05357799949576341,0.29771591487591315,0.405955838240211,12.928164273869601
132344.1878530689,98091.85479218666,8.887298399195284,8717.715840686968,45669.777414509656,0.0,215451.6711254917,0.34508336297482994,0.040462512057329356,0.4552847247819777,0.0,30.500586952080408
65644.59904717837,28948.480438096092,6.642287669865333,1922.8413467530345,48928.15814544304,0.0,94380.34928944563,0.745349333465784,0.020373323061732534,0.30672148022377943,0.0,12.13209818282282
149044.87952192628,159070.02486114352,9.252303641027055,14717.641702010224,197145.69682728217,157884.41795967886,75150.41476141327,0.6423163198980621,0.1958424547454014,2.1166885820411947,2.1009121301715847,36.71734073201853
19646.25931522118,13167.631270209575,13.135689851657359,1729.6592044645802,8638.170726682143,0.0,100463.9255619047,0.4396852646645875,0.017216719282970725,0.13106825357024132,0.0,25.302776136580448
20709.524892418405,15297.229438736395,10.158543711346704,1553.9757391590326,7216.393938242681,0.0,311716.2088545077,0.34845772540559566,0.004985225968420348,0.049074218806107434,0.0,20.583276274915523
274402.70543072035,215991.75730947696,14.230529659256689,30736.771085474844,77881.26416165783,0.0,183860.484070571,0.2838210506686161,0.16717442707089347,1.1747589940347,0.0,32.77285864153797
81987.7536311617,44947.65757237351,4.962383034261312,2230.4749336693326,49386.794745050924,0.0,77634.0619115904,0.602367945915768,0.02873062259977322,0.5789682578190983,0.0,17.99920417890427
35383.3561946142,37266.52798943792,13.17550740904781,4910.054156343269,20467.837993280762,17234.05028978429,331522.9410738998,0.3889936688413111,0.014810601463772513,0.11241010310997102,0.05198448781239138,26.842110341301662
125798.03824185234,35445.32033618858,10.623728324878742,3765.6145363996716,120470.290540885,0.0,35136.83788455981,0.9576484039383468,0.10716998919400189,1.0087794596839441,0.0,12.365314292284829
235447.19106686028,133181.30398711064,13.624001588071883,18144.622970218796,139390.1041948866,2276.691066415316,241225.79544152203,0.5863529694367857,0.07521841906255591,0.5521022482000539,0.009438008328455203,21.908246210268146
51467.70051448551,76664.80558212876,11.605600387929583,8897.410974044995,5354.644045607041,29213.08810184853,129078.53421968047,0.0663682660697615,0.06893021390297455,0.5939392327747688,0.22632026524356397,38.131983029709616
161282.94279847393,187938.50568876998,9.116065311475765,17132.596923999867,123368.05779462082,119181.60623626165,261542.3172218856,0.43987041577701025,0.06550602252814416,0.7185778106008287,0.4556876588928862,27.2699099274327
28381.654348484593,19288.22552247174,20.273942298237444,3910.4837127798282,12124.571768017136,0.0,497254.2629336587,0.4271974994531816,0.007864153219540213,0.03878946237419202,0.0,21.47646966543831
22959.764386546412,47735.52974984181,7.325769791584424,3496.995018266707,29888.94362852261,47192.47308468735,274557.53719774814,0.4260583084150196,0.012736838529215175,0.1738634831775193,0.17188554925992544,22.174626680191135
128686.34109382814,79326.19420539279,16.264580360450076,12902.072603422803,65813.52918458047,0.0,130000.16162906312,0.5114259106690611,0.09924658894068934,0.6102007352247665,0.0,25.300215248211988
131686.56640421133,180974.80476000434,20.643604826483454,37359.72353015526,49365.91029464254,86312.67107677487,54460.14089180072,0.22644992186703503,0.6860012280243655,3.323068978458172,1.5848778512758077,75.216565205608
167180.61723069238,132437.56286407475,13.696059274337795,18138.72711135206,175214.94026675148,96668.15083344596,320507.42416899925,0.6640733688176967,0.05659378143386704,0.4132121532206449,0.30160970868017756,19.274434171949963
209244.08443750264,132770.83933441935,19.775352794430678,26255.901886508163,131444.91568638926,22110.44166170863,136148.8345028642,0.5681536380663762,0.19284705581490535,0.9751889527311834,0.16239905205537025,18.451852871812523
573533.5513049989,500294.12441808224,6.247326611799119,31255.00797203825,249082.12057692982,113572.16354578068,39093.86418387441,0.3625091673572,0.7994862780776334,12.797254373857612,2.905114802967658,82.68330118547063
123943.66788455345,88492.81907665668,12.888197864615346,11405.12961857559,103906.64735949594,42479.13671172521,253527.59935554024,0.6243534208641703,0.04498575164032277,0.34904609715708607,0.16755231706412216,16.947585282330348
73502.95711589682,48770.609824490966,12.22645504865691,5962.916687147238,32976.4630552078,0.0,87118.3815020384,0.4486413111680895,0.06844613713361648,0.5598199712118139,0.0,24.311884198794942
252848.09695990293,156447.0639340323,4.146138526665908,6486.511991606559,154454.02398669368,19439.484964149608,34022.26490299908,0.5672459349606863,0.19065491407171925,4.598372988396825,0.5713753925428994,44.92697159858561
62377.71981542059,86467.11163928595,11.97863214446802,10357.577229216557,18561.74205836293,38010.69836763755,444486.5319921076,0.18489923832165195,0.02330234210426081,0.19453257954016318,0.08551597322258682,26.75076017702124
101697.5146909952,31855.167556949207,10.64253561488676,3390.1975524301724,93123.12951206134,0.0,143783.43272050604,0.9156873675331509,0.023578499193437817,0.22154963860732824,0.0,6.037568249137424
27255.775287550485,49134.37837664254,16.056377099943077,7889.201077866616,11762.991312998049,30700.846573840587,84371.15584230593,0.2029619901092647,0.09350590256949831,0.5823599058957689,0.3638784637633987,34.805961964921345
18851.641431221156,38707.22385990745,20.889936014377334,8085.914297276462,17462.43991584346,32952.41236556889,251825.75571369551,0.3370863597729777,0.03210916323614436,0.15370637427537107,0.13085401956673956,27.478722488099592
508106.9884902903,443611.2718562704,5.544239588716657,24594.871754264816,93097.19059730027,5327.176313955288,415726.1549649461,0.18132254723016916,0.05916123260596545,1.0670756856606136,0.012814147607346171,33.55148306439707
286165.1463172594,235868.2556316212,9.894574960863215,23338.161362351235,100366.73642253058,24978.161631259736,25055.2819943706,0.322573983944199,0.9314667209730401,9.413913428897581,0.9969219918128165,83.7212254463532
193596.40991990126,140441.37080624304,11.993165273096533,16843.365712595074,129944.37076653344,44303.23896124188,234570.11874527458,0.5462150590707885,0.07180524869361428,0.5987180786601032,0.1888699174397053,25.09091345167335
93878.94666977128,90523.34760985932,12.1933368046189,11037.81666088608,4474.132079882597,0.0,287218.06280731707,0.04765852449986269,0.03843009228946336,0.3151728924186351,0.0,36.7590497374722
43545.980421316315,19211.155728813435,17.946574975160566,3447.744466466357,32933.511158845184,365.30867663101,67413.4852366877,0.7500010096580083,0.051143246108124804,0.28497496697231073,0.005418925832842151,10.854197353122856
40518.111235928125,22303.261672793007,11.981121985001934,2672.180987651513,24286.466084180156,0.0,146069.3031416799,0.5993977839382828,0.01829392576111376,0.15268958770317376,0.0,17.799100278098404
58200.89836898754,56794.18254546645,4.488903426165761,2549.43600614628,19541.868770832392,13249.685754603202,41834.72693396747,0.27350187560440503,0.06094066324779283,1.3575846362069293,0.31671500510847594,37.291880100101075
134518.59724699717,113748.78651210913,16.781873702670964,19089.177690782977,27693.080979850714,0.0,272207.98095021583,0.20586804759048957,0.07012717857921366,0.4178745462019083,0.0,32.352923093614564
203077.39316651635,110525.36039653362,19.92693451262209,22024.316186056807,123402.71035997698,0.0,363454.4178972736,0.607663454980393,0.06059718936277104,0.30409689621044145,0.0,19.895789519486556
176908.55245451978,108586.54269924277,13.250284825894111,14388.026190240793,131340.65800924483,30183.4837516566,45609.71657017735,0.6342139486159907,0.3154596711449121,2.38077652888209,0.6617774900051135,41.83582585973185
64261.83920834939,53423.766720181295,14.459953390573096,7725.051767226717,24495.814506777842,7533.788391915292,330158.32583138737,0.3411881102727144,0.02339802198770513,0.16181256851739956,0.0228187139395746,20.8663363338248
479715.524783446,349258.98715210205,6.93285590144283,24213.622302093965,173942.05017512525,0.0,290774.7173763276,0.3625941650598998,0.0832727911166916,1.2011325823079821,0.0,27.245534590311287
215852.61073128396,252447.52539082835,7.971627004221227,20124.17510554351,26572.84852410586,56524.55105262376,101688.1752199239,0.09755901834819619,0.1979008381458354,2.482565203327259,0.5558615928585258,50.77396109809786
136234.5722896997,50637.282761002105,8.233064304243012,4169.0000516346645,114129.71937159677,0.0,235981.1293810108,0.8377441750167685,0.017666667087195238,0.2145819154854712,0.0,2.686256336089686
156904.57080561525,100273.99136044041,11.753355547863315,11785.558726626305,75507.4392602331,0.0,25008.66250941463,0.4812316102236256,0.47125905762411624,4.009570336785975,0.0,49.79797618999844
96605.6798298077,64160.21701144327,20.70661397612156,13285.408462801433,65654.39112235972,16795.33052340536,508349.73809139215,0.5789577263717871,0.026134386362982556,0.1262127472561192,0.03303892825137221,18.06904429996142
57699.193841109525,53157.7790660909,13.392125800867948,7118.956645478341,7239.366092114912,888.1097940675642,168884.7447548773,0.12356544238994879,0.0421527513086569,0.31475773103867477,0.005258673868717891,33.27800212341997
81002.11939846686,61544.56210544075,7.457757613624348,4589.844266190273,25943.40972403481,0.0,199325.71089459662,0.32028062866372164,0.023026855118642376,0.308763790828698,0.0,24.307303404040603
227727.27716350698,206698.6102300907,8.789579245641093,18167.93814581263,28038.22257788835,0.0,221669.54577149294,0.12312193307329213,0.08195955868715032,0.9324628221287783,0.0,40.78140869164489
17174.711958120643,9349.40618528886,10.912270535089316,1020.2324963630944,10433.741030442376,0.0,173337.4249569244,0.6075060272267936,0.005885817771993726,0.053937608612867394,0.0,14.575791744046652
33507.0588359964,15718.003983692975,15.21866156247039,2392.0698306538475,23718.739803071236,0.0,374786.95736700424,0.7078729266918037,0.006382478855344613,0.04193850312752844,0.0,11.622650954907083
22064.15654287808,23668.03746534454,11.920596754072097,2821.371305846429,18150.551474692067,15216.79452848551,194351.97382362228,0.48685859542445925,0.014516813234975794,0.12177924926465468,0.07829503466887869,22.981682912057458
21237.217787593865,51509.847694368174,11.064007195184649,5699.053255133549,60431.836189518646,75596.50704891329,454005.03545022703,0.6240784013168036,0.012552841510847826,0.11345655592407024,0.16651028324817116,14.917461079111302
305130.45504234877,180873.87159229437,14.165114807181906,25620.991567243276,165675.44460007254,0.0,182152.15287217472,0.54296594083694,0.14065708894049037,0.9929823432788226,0.0,30.65817322848751
197436.09175510323,95454.75998956634,8.353029909180378,7973.364651664822,137813.1515079832,1378.5318654504822,58782.905626248496,0.6931741186755233,0.13564087325592245,1.6238523593318712,0.02345123723919701,21.081628742092782
111417.68916193386,72711.07384789927,5.420258906522479,3941.128456268897,108861.81563073574,42939.746409017236,465700.17680173804,0.7052579956907675,0.008462802147371202,0.15613280275574057,0.09220470282814155,17.99358410303588
30443.537767171987,27570.348021499336,4.439457666799998,1223.9739290038938,3830.9196608968673,0.0,231015.97472862215,0.1258368751422787,0.00529822204045289,0.11934390274909182,0.0,28.40067888903976
116477.69486958499,95568.61396674952,8.522664942408287,8144.99275848967,47812.1456124809,14950.028306525193,241259.07959195136,0.3637904123806033,0.03376035742267416,0.3961244241186178,0.06196669709513366,27.109171559693657
111217.54981415567,91922.83229889508,5.648656614600437,5192.405146979604,81866.34806016114,42105.04352986025,786822.7911345249,0.5339483651732553,0.006599205317238767,0.11682787196129761,0.05351274010396766,15.534675756034568
43529.20692003374,29781.159225720057,10.054131493373802,2994.236908804918,18330.730259084914,0.0,39071.329915572496,0.4211133525304004,0.07663514181050483,0.76222537830355,0.0,29.346736449159636
100334.86969534858,78173.86369183657,17.9128037264756,14003.130768521258,29548.008004682677,0.0,125737.51318698414,0.2944939091903011,0.11136796341516007,0.6217226801327325,0.0,29.150827840806834
91250.49218748104,60506.552943963994,16.89329794876309,10221.552267349924,75418.83672917461,25820.188303363913,74184.51060309401,0.6442162667284781,0.13778553210437455,0.8156224588133961,0.3480536313235048,23.458197068038157
158508.36493697017,132708.33171155228,14.996697210184518,19901.866679468778,52072.00432653374,13253.97001948242,204172.99817933768,0.3031631139605531,0.09747550781415154,0.649979835213011,0.0649153910540151,28.611317327579886
166217.18040613682,98813.97351688615,19.345004389830617,19115.56751460769,89870.94251900089,0.0,320936.17010540195,0.540683834844324,0.05956189826883567,0.30789291678913483,0.0,21.916253342115066
21954.34860308021,15217.558676929522,9.07721724179698,1381.330860002819,8982.386568200916,0.0,635303.5474141644,0.40913928855719645,0.0021742848212089514,0.023953209042934805,0.0,18.886994284325603
85407.60069825922,89554.95578010182,19.930967554539382,17849.169180014185,27681.50686228081,24908.485228553207,134121.1607138766,0.2509290157434129,0.13308242401877346,0.6677168263638221,0.18571629633962822,39.32624593804421
162468.7492174093,120486.17123158961,11.186305054045224,13477.950661904892,73739.5071228257,13322.052356299608,302703.91965462174,0.41947306948200475,0.04452519371828064,0.39803307261122217,0.044010174600645297,20.763822762763628
119915.91789116846,75376.65780331817,11.216079728799278,8454.306036124368,102143.67303664549,32068.494689633815,473116.56195421057,0.6720667685730006,0.017869393540576577,0.15931942329808635,0.06778138257763525,9.192471669297648
306202.41797631583,238672.6334402079,11.296329045259387,26961.246014391672,101038.187470351,8248.85606665529,231978.51402644024,0.32131587883642565,0.11622303094552415,1.0288566354598023,0.035558707241805626,34.92514973021302
176246.21460824966,96734.10991878358,5.765698592337666,5577.397213897675,106016.13958595478,0.0,75046.98195995757,0.6015229309838035,0.07431874098379569,1.2889806810671947,0.0,20.474638424707173
41677.9303150961,71764.84804324788,21.558828969959002,15471.66085019478,60042.34896738509,75118.67945369061,193501.86008012854,0.5140761284616594,0.07995613501486762,0.3708742025194501,0.3882064979767336,23.750446686287756
25977.365438436125,26383.07904821808,6.493122000852866,1713.085510182251,3753.7132684423977,3220.9985611137536,655892.9381171669,0.12855902709138994,0.00261183710118896,0.04022467313637257,0.004910860254663031,29.83696133541575
169259.12206633366,173016.21006780653,10.135943040445321,17536.824503210093,23195.93166776218,21154.03675229453,814541.6036415076,0.1218189531210745,0.02152968543879107,0.21240929781157458,0.025970480399924115,28.593579067331397
19030.360900109165,14855.568748964983,9.747405765881629,1448.032564791122,5566.38953485891,0.0,210081.02059748434,0.29250047143493635,0.006892733863691358,0.07071352141528427,0.0,25.057388461030914
147202.1066710936,128252.9547830818,5.344229790700774,6854.132616971451,26853.855599237064,1191.2398114159996,417446.6431699323,0.1809640137902153,0.016419182497010288,0.3072319705559907,0.0028536337060232992,34.429048870259756
437588.31830807275,120204.09780216718,6.7406823420137805,8102.576394927658,424646.30089899385,1100.505168339813,65244.46327149035,0.9679897872342905,0.12418795386838921,1.8423647275935573,0.01686741085999089,16.572796522843976
143517.36683663167,67097.88129318104,4.807450051336945,3225.6971286750345,109598.27712960061,5779.222303749805,75844.0900615137,0.7340976626501955,0.04253063259192401,0.8846817364248287,0.07619871632796359,16.0601249645029
88695.1038335861,102963.09275989603,9.263280884089243,9537.760489294524,61603.254039749016,60470.42945612168,574939.4769631608,0.41298584653670495,0.016589155678912712,0.17908509831982433,0.10517703493857723,25.981282395931917
169624.0736767473,116473.56454650179,19.599824632520317,22828.614394359705,70867.34550699402,0.0,51153.62550597368,0.41779061173855525,0.4462755898248854,2.2769366470984562,0.0,39.740345816182455
106943.39610766369,138255.13762832645,10.10995970327292,13977.53870192832,78449.33580721336,90148.74337607279,63175.828851173406,0.3980338130820625,0.2212482045127724,2.188418262845768,1.4269499113092903,47.26787431728062
133322.15408644802,75536.53011483263,6.226452977212826,4703.246528218259,111902.32459577508,26141.119475215914,123221.22704833289,0.7017435557191344,0.03816912589560105,0.6130155649659601,0.2121478587854201,17.236805285131396
440719.07193494984,303521.03752598504,15.622489630910524,47417.54261512905,205882.33693788992,17213.71829445263,185305.24611826878,0.4495907288813118,0.2558888299625656,1.637951671008097,0.09289385300762713,34.15676301036458
88189.12910252807,73616.64722648749,21.938816416988388,16150.621087361065,54138.459882484894,26031.3630358231,191658.3290720043,0.4739820225683227,0.08426777571087674,0.3841035637894473,0.13582171545512822,22.716034296311648
502363.7792260131,246052.90910889732,8.181828211574697,20131.62633287201,370832.4011826245,21813.4307698526,87149.913963451,0.7074561696139925,0.23099995648090743,2.823329340429265,0.25029778892266874,28.405981897636003
368636.42756548786,273466.9265455442,9.03227809667025,24700.29330801051,126892.66802659158,0.0,481017.7533774177,0.3442217277999452,0.051350065843890146,0.5685173252451156,0.0,20.834553633396613
47684.4391410675,52316.79961125596,21.493246977054195,11244.578950937774,7102.593309031114,9959.305451961793,468930.41753538704,0.12321533514479577,0.02397920572104756,0.11156623169429603,0.021238343855589686,34.45766142519564
25782.623295473553,10814.404313104547,7.217973175908768,780.5808024542071,19957.62530982534,0.0,114584.61987573699,0.7740727187108668,0.006812265060535346,0.09437919613323664,0.0,9.279322172055904
30933.800322244533,16815.732234586118,13.20185321426495,2219.9882865138948,18824.090783544554,0.0,127541.82892923006,0.6085282308494158,0.017405962460721132,0.131844841615975,0.0,17.501880324498632
17758.483177085054,9311.60844030743,8.313738394289707,774.1427660277598,11262.499649036834,0.0,243219.6452851392,0.6342039202745414,0.003182895711899388,0.038284771073450664,0.0,11.762151212080663
29880.751748363124,45694.12113744627,20.78233416222239,9496.304947274779,68147.75664911476,66924.18687591921,220778.83093228927,0.7039698347788708,0.04301275130035997,0.2069678553169811,0.30312773463522963,12.60633819711487
187331.23088657507,97930.69006900472,21.667378262373294,21219.01305220369,140951.75682999357,16313.27680492482,111714.55788144909,0.6921461247730811,0.18993955178805969,0.8766152946058137,0.14602641870754557,21.021292940889218
26077.444041964052,56052.552083034265,18.664561230160277,10461.96290460541,20664.808940634142,45473.71474654582,121273.42979760267,0.2888116599441102,0.08626756019076672,0.46219977596561973,0.37496848916072084,34.734142401097266
72623.57824423027,80215.38865555357,9.66610868463059,7753.706649244645,15753.76661470288,19407.13537235045,101998.68064242671,0.1711794464654091,0.07601771513522365,0.7864355514240612,0.1902684941620508,35.573997070463996
294528.9060145916,130924.95785970578,11.26277455504909,14745.782840031685,245668.1555377425,20647.168498421088,73308.9128029283,0.7794632124831532,0.20114583992906615,1.785935063744064,0.28164608789009815,26.19481009219781
18532.050477106728,11523.494682036106,8.361502305995584,963.5372735697275,9344.741060094164,0.0,135294.02661046915,0.5042475505685698,0.007121802031540454,0.08517371365709954,0.0,14.936325332394803
267679.57592789375,289547.2957122893,20.033643406161847,58006.87271518499,6617.390830432405,26830.762907219825,233754.25037275834,0.02246912911990251,0.2481532319634137,1.2386824849197824,0.11478192531016615,46.987346744804306
64662.52002594442,35202.17599244407,20.462048998386845,7203.086500072276,39280.45871133379,0.0,268839.9975791033,0.6074687267921721,0.026793209957357053,0.13094099207498397,0.0,14.85278733934873
33862.51797436614,28739.903646044153,11.53967192042885,3316.4905910008642,6830.152437762655,0.0,296623.78242813016,0.20170243816284028,0.01118079799216513,0.09689008551769657,0.0,32.38355487345896
193973.31126598702,186174.17963147204,15.817595258254034,29448.27820948107,87648.0359909675,57936.895358710644,109523.48968059127,0.34793364336185,0.26887636885349914,1.6998561694337986,0.5289905893947943,42.6338241653504
163709.87646498304,109771.4600902452,6.9799572359444895,7662.000971570987,71917.88849965046,0.0,285391.96049508004,0.4393008537577966,0.026847290856685063,0.38463403068474866,0.0,27.457055098200573
329912.372113042,211243.57244122057,11.828846206541362,24987.677305275774,158225.06622909522,0.0,26176.77512131042,0.47959724946259547,0.9545743197730034,8.069885288094481,0.0,63.03539986329179
214244.03681466007,69381.70144460062,15.366983920122957,10661.874904499495,196009.94677617078,2145.124712068639,141688.47448281426,0.9058214625595253,0.07524870984331686,0.48967780687776474,0.015139726219078083,8.129160250765283
259049.37089909674,302551.8974872575,10.937256133324352,33090.87596441428,55059.52294712747,84797.16879850638,309294.7253471,0.16012818682296392,0.10698816776548221,0.9781993441618654,0.27416299680941664,39.5556309697546
64700.07934601078,45078.579199408196,10.436791462356279,4704.757305235348,54445.3895761021,21212.542035473987,203987.1665044735,0.6337298140903398,0.023063986749049584,0.2209873296044808,0.10398959110503056,17.14119434963508
44299.994406067046,39322.888023484935,4.0179818608049676,1579.9865079282736,27701.61183550936,15799.102494049912,140663.33464196586,0.460932247976183,0.011232397639014142,0.27955321920651555,0.11231855503968954,18.94825671129252
223313.4594008137,215081.4236402025,18.47728234798805,39741.20192407254,77590.68934728825,49960.98124985499,211233.3217968394,0.2839295514155813,0.18813888635569986,1.018217304971723,0.23652035968977758,41.68426610011159
261631.37748651294,155397.3065644265,20.008077016386068,31092.012778800014,213918.5478513541,54204.83996642909,452423.5617424697,0.6773084783515267,0.06872323947729833,0.34347748372327774,0.11980994039670237,15.667138040635955
713550.7335210346,412260.1615993704,21.450343531824977,88431.22090792176,401720.7625622189,0.0,175406.3542555172,0.5629883674562527,0.5041506123495538,2.350314863729649,0.0,36.38954422761349
94811.90312289076,109069.23016388691,16.94688493124588,18483.836931269634,28307.14169865909,35487.68331499046,314506.4993356933,0.21724659665097387,0.058770921969217016,0.34679483697241564,0.11283608888830034,31.39781204672981
84786.5867942599,64904.94252467132,13.878261622657922,9007.677729609642,85491.64834848857,44237.09199177786,735975.948266645,0.6626043308706216,0.012239092528532128,0.08818894513813132,0.0601067087803129,12.067086205644205
239693.17550153806,175895.06281268015,8.84712135655677,15561.64966722957,127592.10514569934,31895.966170416617,245087.41996704513,0.46979825614609616,0.06349428162947741,0.7176829509908395,0.13014118054164267,33.05859711138207
77510.05063961298,33299.40038276147,21.98739056734297,7321.669218741065,65523.423716923986,4931.917530841479,178312.20460160996,0.7947823805158288,0.041060953932454264,0.1867477352835153,0.027658889316412777,12.500151675123059
415520.68865989894,216530.8176807526,14.6155513815779,31647.17291508116,265319.8279721951,0.0,31877.190256754595,0.6385237491492457,0.9927842654945194,6.792656941741312,0.0,62.62025948426403
308225.87357493734,165941.90871655228,16.26077330194803,26983.437589324105,189711.95314451342,0.0,109450.35073138858,0.6154965218985412,0.24653587137008318,1.5161386656841735,0.0,26.86596179062639
99053.34141632395,72971.62169826415,16.28331091519572,11882.196040988774,48053.38236836415,9958.317058213312,175016.95798786954,0.44080957065329274,0.06789168419789546,0.4169402927419286,0.05689915521731057,26.633572847366008
223467.70747431918,80665.06689722199,19.214532323629264,15499.415352843887,190403.52076946292,0.0,312202.13427740516,0.8520404264287,0.049645449697893425,0.2583744889634469,0.0,10.708180243244712
225694.94802825258,145950.7335417227,4.174105699244546,6092.137886854268,107857.42234348124,1148.8522710810682,128759.18288589305,0.47547000271180906,0.04731420121121106,1.1335170841450966,0.008922488053525364,16.541259258531937
31325.627821007703,29330.108663080726,7.964444927764693,2335.9803517246055,2660.692210569301,0.0,604660.0806321413,0.0849365965072527,0.003863295141432947,0.04850677199066555,0.0,34.2953148249353
364266.8521301448,252978.34706682715,15.979612003060252,40424.95831303413,206404.63635824245,43514.97220536421,82090.77353325576,0.5061643850718068,0.4924421658258292,3.0816903797884567,0.5300835932278781,49.06327914821974
120556.12346351316,63317.784720432566,20.11262326284222,12734.867499198077,76318.25038369613,0.3490446915129697,270663.2617983874,0.6330497964636628,0.04705059495175991,0.23393564497717811,1.2895902059030359e-06,11.255778429017306
277699.8836284995,195852.28555396394,16.336098074584413,31994.621449410668,109130.13076604743,0.0,122750.54759453387,0.39297866941867066,0.26064748448287495,1.5955308501017662,0.0,38.38023035179977
72860.31392467624,53798.21823078921,11.442843246886243,6156.045781766987,25416.127591849385,0.0,144791.7333396044,0.3488336272902261,0.04251655560561719,0.3715558684873756,0.0,32.45008031809418
353818.5771818889,220464.67927932253,10.507998925664708,23166.426130141353,180052.53996968173,1685.5070746949075,316964.85869443265,0.506471086953053,0.07308831087951852,0.695549280091834,0.00531764651020764,24.288736318400176
88948.26810902568,182745.36150106642,17.283064149099765,31583.998057733574,19529.910261763387,108444.52608836327,88230.89301508847,0.09893932724937192,0.35796983322306797,2.071217407601382,1.2290992687767315,63.361986257451676
16634.52099227632,11015.125008631356,17.34227854846948,1910.2736614589726,17746.341785517798,7690.360355493384,43328.43069826613,0.7295551222553002,0.04408822638331593,0.2542239548286282,0.177489935166314,18.582427944431096
368686.09454436804,219401.989275636,14.927043865102426,32750.231180081508,199045.47369164272,0.0,157210.32127052295,0.5398778978567889,0.20832112621744384,1.3955953241651065,0.0,25.799491899113864
29358.84158227129,12380.506309441844,9.246406433752067,1144.7519319273113,37130.70135273094,10869.690741718758,160443.01809856112,0.9229941836726732,0.007134943891569549,0.07716450647815927,0.06774798224651596,0.0
72698.04500775583,36637.89343680462,20.652786731029785,7566.745994245216,58556.443303617416,7857.18090676184,312167.69904661836,0.7269105466323863,0.024239362423961797,0.11736606173124019,0.025169743476849818,12.910316503126602
464545.85747824283,312595.1401969067,13.933838958135503,43556.50342599488,202600.95637511485,0.0,646368.0381780884,0.43612692506811074,0.06738653654467074,0.48361787980423,0.0,23.095475825929682
466192.4310155984,387044.1507556892,18.22886241246995,70553.74571676736,157807.42318953312,39207.28713224062,35239.945968039945,0.3122428001500615,2.002095740463236,10.98310851857463,1.1125807958899472,78.29333760680782
142799.59365828958,67969.93159488484,7.85754871891297,5340.770489279896,99772.88275120631,0.0,186230.914053293,0.6986916432686533,0.0286782165916425,0.36497663097671385,0.0,12.853121246864385
164884.5120585787,75184.43485909526,10.192734195065102,7663.349601249449,119600.10293264457,0.0,230818.7848093793,0.7253568054357593,0.03320071894312325,0.32572927251647216,0.0,14.253818267280725
104252.19954342864,84880.7020143735,19.742431294972164,16757.51427787774,25828.663372073515,0.0,790829.5195662542,0.24775173555272564,0.021189793581641622,0.10733122615469383,0.0,26.94817523167603
67053.41681192955,53550.78649146965,4.901926538919431,2625.0202148254325,18003.507093946537,0.0,539357.2912971796,0.2684949992099957,0.004866941185706668,0.09928629380846504,0.0,23.86029713413003
74772.95018255846,27307.135232899695,13.221675602619918,3610.4608368627264,63287.75326621169,0.0,249345.01244160748,0.8463990401835741,0.014479779649525723,0.10951546600233113,0.0,5.615084233935172
182448.53698927595,110218.42208160527,12.670698637192162,13965.444104628665,118277.64305238325,16478.11738161677,157786.73462673943,0.5945791599745008,0.08850835361835292,0.6985278093392208,0.10443284361386546,20.619894219247353
224375.6810494616,139910.11980810124,17.522143400345477,24515.25182437066,112620.74832181381,0.0,56710.461039955626,0.5019293882254003,0.43228800074642887,2.467095439579073,0.0,34.78670184078882
250229.3124331723,157465.20324591224,9.074087870787984,14288.53090844897,123685.47891634676,0.0,112263.09498201447,0.4942885296437,0.1272771867793073,1.402644415523548,0.0,27.466728350058837
248824.65477731125,102099.3407833772,7.943202793472791,8109.957689222523,195633.75199191205,0.0,183358.8810475591,0.7862313811587398,0.04422996935239251,0.5568279005634583,0.0,7.338768979636535
29345.541981047914,56510.29512777563,20.670391097918206,11680.89901349904,31662.91916289849,50911.94251890159,257508.36913317518,0.39451671529673243,0.045361240307720055,0.2194503243447994,0.19770985576228609,26.8830993683118
117307.4394860034,81504.57578093234,14.290773735252365,11647.63450873034,55753.996872427,6012.633949249195,206611.5765439991,0.452108041451174,0.0563745493043557,0.39448213475867594,0.029101147427568128,18.09312383455761
23892.25596731067,28993.964858382817,5.884412229105781,1706.1244138293112,11738.931077241683,13905.907199003412,250394.7287303921,0.310568823823256,0.006813739340600693,0.11579303208735489,0.05553594226808321,28.333995990801267
134619.19735430894,161734.50304106405,7.47465091985778,12089.089519286303,56733.36905140784,69665.33247531098,125913.9738899495,0.27771740277506746,0.09601070592730501,1.2844841445670054,0.5532772123942289,37.02466315920518
102383.29124809253,99687.53480292967,21.97886907125647,21910.19275469914,69333.47667605864,49304.35106188113,259105.10116759184,0.4570805875825777,0.08456102429464482,0.38473783168958436,0.1902870720788726,22.838120120699333
342992.7996331202,91899.72502325615,7.520961932539463,6911.743335107539,334790.7661464854,0.0,52932.88195181267,0.9760868639358959,0.13057560972024213,1.7361557057655932,0.0,13.665492325983577
79828.74292018276,68783.47132749057,14.988559204366217,10309.651322739184,70864.3663230579,42103.00314960122,56938.6742947844,0.5811806080633078,0.18106588273137142,1.208027271084377,0.7394447389418385,28.173194347884007
33675.89663286763,24372.72655982307,11.562305421921126,2818.0490844964334,32386.151679405997,14986.443686509932,56991.523476672715,0.6655280339344815,0.04944681090425479,0.4276552910504157,0.2629591695797368,17.889396574389814
38146.148181317905,52582.1496731099,19.940783707297037,10485.29273496204,16478.198942942323,26794.65069899874,423730.46271608194,0.25374185761574936,0.024745194545966943,0.12409339025582934,0.06323512953788346,25.636068945846105
230014.58206186406,120637.96303750204,17.593034661315897,21223.878651893196,145835.4920324827,0.0,39234.41315307167,0.6340271591705399,0.5409505825686493,3.0747997317262605,0.0,40.03660911490433
159435.85196220526,92454.36076566843,14.745125132712685,13632.511185547433,92576.83714690899,2451.1366636449334,316061.50475716084,0.5718608884675138,0.0431324630818982,0.29252015628003725,0.007755252147926753,18.800008161181513
30991.306836807817,20943.029278494752,4.193301672363685,878.2043969787366,13397.703411084087,0.0,72882.35453845475,0.4323052100265703,0.012049616159359556,0.2873539063209687,0.0,18.19158538345572
28178.32825029076,29350.513099622098,19.836313734882275,5822.059861238759,47858.491801831326,37066.05370070483,138745.6495364579,0.7335266328030721,0.04196210750167636,0.21154186237680717,0.26715110581514173,9.643951239644913
196081.27074796497,67990.00848601756,12.004014475096893,8161.530460281153,178112.64689511433,5493.222909388341,470755.94073032966,0.8836070658715351,0.017337073744878022,0.14442729789142547,0.011668940174958106,6.0615096011185585
26331.91342886957,17834.174576701764,20.768397754334377,3703.872312291802,11330.318469557078,0.0,183712.78555675648,0.4302884596732281,0.02016121143156649,0.09707639303739178,0.0,20.848616604944983
273777.8780712872,157503.91619385715,12.919702231375622,20349.03697500175,190092.90785578443,26295.719014408285,67456.83661586218,0.6334876167112343,0.3016601132792634,2.3348844104679047,0.38981547806860783,35.473552619370636
198749.96296950075,80766.86562370503,16.49604080528906,13323.335110439362,157310.79646106096,0.0,85156.16245017073,0.7915010101672378,0.1564576740789081,0.9484559108798015,0.0,16.934103760682646
27727.31258704681,9313.676429220497,5.247267690399559,488.7135340588465,26285.451297986256,1300.452315663375,480638.8753127905,0.905527910470713,0.0010167998452909185,0.019377701030028702,0.0027056744313848223,3.6212508544637902
28298.080166671003,19186.22793250164,17.412729763482144,3340.8460216922376,24482.280424603345,9249.858084283142,125281.73896365958,0.6520272900465105,0.026666663867599374,0.15314464894254845,0.07383245284427481,15.989455958008126
662318.7843087139,296380.0717082954,10.083928563614613,29886.75470785427,487918.2834672247,0.0,184169.05657616115,0.736681934782331,0.16227891516344345,1.6092826733123355,0.0,21.611827389202155
85325.63738284343,46978.72455514189,10.324462257972055,4850.300685972275,51129.21710360205,0.0,135890.9053902169,0.5992245551497362,0.03569260703683161,0.3457091143828967,0.0,10.626089618568601
84458.28907129687,64312.59986308595,6.135805204769019,3946.0958497215006,76990.82535183159,37597.42980566277,110593.55608274642,0.6307842521450675,0.03568106487840051,0.5815221260718578,0.3399604021913561,14.028237659691543
266336.3104924016,185273.27235221505,6.643428675523641,12308.497703528068,108084.05085358206,0.0,70481.36137780528,0.40581793242444736,0.17463478943816255,2.628684644144203,0.0,44.08951286254567
456324.68069448654,245729.93893321668,7.343663011711783,18045.578634140584,280792.9890150265,0.0,233615.0235899604,0.6153359677755845,0.07724494065850007,1.0518584599444267,0.0,20.653872545215766
655316.0909402976,450542.37896016106,9.907711034285603,44638.436994368734,273031.6159735154,0.0,253007.22863367514,0.41664109846860126,0.17643146891664493,1.7807490378565178,0.0,36.58281842094896
224984.88451745125,115541.55407373731,20.055458429960897,23172.388346589174,174367.97159121122,21332.648249694466,82856.52562331338,0.7078991480320184,0.2796688392648357,1.394477419907978,0.2574649140693885,25.081513038679326
85803.14994286884,78828.71584189963,10.628684288141448,8378.455335231654,27735.024515449233,13826.834285617702,305070.7364281558,0.2783802961550519,0.027463975841566114,0.25839487839720676,0.04532337138430819,27.40114342479889
28079.099054693586,15468.54544448744,17.038528718137933,2635.6125578372094,16814.071480274863,0.0,372007.8066600779,0.5988109321999165,0.0070848313144285715,0.04158123880078093,0.0,13.066550387055006
240186.38106819385,175985.60068721362,5.489455070017685,9660.650479425327,85601.04050797364,0.0,481156.567854215,0.3563942307106486,0.020077976951469973,0.3657553745385749,0.0,32.25471021599102
137604.06113422394,98101.89413795262,14.639778386895866,14361.89989514345,52669.55599502844,0.0,56643.60034248044,0.382761639161599,0.25354849988892036,1.7319148773172195,0.0,37.36135678024557
97804.96879574606,32953.34909405092,12.674042162867911,4176.521358257064,86468.82626892684,0.0,90213.27544202164,0.8840944108832202,0.046296083783602726,0.36528270293466303,0.0,5.435937511832086
370235.6513217136,184561.4266574335,21.60324304518108,39871.25356845898,272340.4026548778,18581.077326878276,379355.19235820865,0.700433861478774,0.10510269628999908,0.4865135112824821,0.048980685387147595,10.957685812018333
32682.031195782038,87036.43596638995,19.23173985782133,16738.620946575356,29056.983334337627,76147.14227136114,64837.684181750206,0.2669962695536806,0.258161918609776,1.3423742236445886,1.1744272367580055,53.55045425298112
116775.76640594314,57989.05757920816,12.186935903895696,7067.089278451267,78382.27843564664,0.0,25625.407892794585,0.6712204153999668,0.2757844600178407,2.2629515917096352,0.0,29.226819764310445
16712.78841488125,7773.585935903722,17.952569752816096,1395.5584374382177,11918.936638636706,0.0,393388.91613413405,0.7131626598003211,0.0035475286165977623,0.019760561665782057,0.0,12.459485289417405
109853.15543743894,61992.716722436024,7.474697343287995,4633.767949883978,63813.91828667055,0.0,96134.59924404584,0.5809020053412339,0.048200834936865604,0.6448533328262206,0.0,21.665709221529195
23692.564659888867,14150.156103189649,14.122053893052005,1998.2926708434297,25535.36648608327,9609.116307863234,121351.27642618124,0.7667891152644999,0.01646700990458064,0.11660492184272392,0.07918430354301648,8.36247152885215
33973.64938967569,49534.361050084146,5.343143000236747,2646.6917451595687,45069.68585777267,49362.97605373797,131414.86754561478,0.5408148652284391,0.020139971942222508,0.3769311796695341,0.3756270274107595,23.29419594564703
33753.93480111844,29366.49984665127,10.265602580530295,3014.648166069258,14538.390548584228,6516.357956970998,364422.9355562756,0.3610202348395835,0.008272388677917679,0.08058356645918731,0.017881305815793575,21.295714263222052
172135.25796104575,126741.46363137297,8.065519269199065,10222.357171253312,60525.059106230365,0.0,99218.82629336197,0.35161337556961864,0.10302840250325777,1.2773932968793076,0.0,28.68492931592308
220589.6576394709,124694.36319674755,16.9403766758538,21123.694819086246,127860.39259029781,0.0,426079.4112533823,0.579630042308109,0.04957689637466275,0.2926552184953943,0.0,20.90904109859636
146333.06658043028,69316.16499124031,12.821632441858506,8887.463897969037,102689.20211891996,0.0,197721.0509083669,0.7017498130709782,0.04494950768842464,0.3505755440444459,0.0,12.840803815482012
506208.0313653566,341647.2599009496,17.51926861926419,59854.10119240303,219414.36195254262,0.0,159867.92611278227,0.4334470185325446,0.37439718302330177,2.137059435298655,0.0,41.43011960424472
85469.48668804008,84675.50787666203,13.275317877366021,11240.942834900989,49373.83705456627,36236.39897954664,95911.60906376394,0.4056815887229991,0.11720106611315202,0.8828494141972748,0.3778103540673159,32.211758755660384
65470.37361308381,81068.65282568245,5.556719958729493,4504.758011837818,31141.95132001038,38954.742702606425,75279.87184735444,0.2982228071057575,0.059840139220376856,1.0768967963981921,0.5174655820561869,37.237476959386136
319425.38072553446,232920.29329111535,17.23661769518548,40147.5804890943,148368.21976659072,24771.07739052393,201097.88450650076,0.4310567882617867,0.19964198324421698,1.1582433791519366,0.12317920425325593,26.949512116997116
52962.310159778004,92417.94956996152,18.9981267517805,17557.679200697872,64959.50200679005,88175.26591527605,131597.06262463902,0.4602566078663978,0.13341999320135686,0.7022797297046814,0.6700397725957062,29.007343903752087
510430.5159377866,354479.7413898041,20.263562066430268,71830.22240944447,207934.36606397666,0.0,459465.1992924037,0.40737056185198883,0.15633441340076706,0.7715050931729286,0.0,27.534490663574935
16834.341653845397,26624.524427684373,14.295855015520747,3806.203410753663,6101.269595501534,14366.134970465126,146781.32117679968,0.19555052536433365,0.025931115623145602,0.18138905014770132,0.09787440837353523,27.950576797662507
540379.0384319222,208969.3770278205,17.56453646199091,36704.50242244679,441879.54853880225,0.0,154063.5475748044,0.8177214827226703,0.2382426148185715,1.3563842993188053,0.0,20.404755515814017
21617.849792775283,7342.298188192235,17.53679806388729,1287.6040065117274,19034.068806110732,0.0,122036.84058736094,0.8804792793255481,0.010550945110628186,0.06016460400690395,0.0,8.30850110419373
347658.18437400134,283587.83687232493,6.803495676380998,19293.886220351025,138464.3012811233,39777.87845916607,305285.9837534601,0.3573861975278924,0.0631993843383658,0.928925178239896,0.13029710034539124,33.72887580481172
127521.48755240855,69544.85201457207,6.955972374272274,4837.520693862168,77302.1807171153,0.0,124559.01192741065,0.6061894524665562,0.03883717941405423,0.5583285459513823,0.0,16.528327083149147
758524.2911889049,595713.3301013066,5.27593910456427,31429.472533916865,218101.92948830675,765.4860286317323,81485.76051233124,0.28724465419191403,0.38570508928563835,7.31064331186008,0.009394107925345943,60.53541773223778
26499.206393168242,19641.06388794993,9.758445432525427,1916.662501873051,9144.190006957751,0.0,381530.56221161113,0.3450741079293308,0.005023614597904737,0.05147966069637237,0.0,24.642325404373196
136066.4495600023,132824.62516609734,12.523154579339161,16633.833128978193,4781.779289377143,344.51007312790665,188510.6604652023,0.03505421633450476,0.08823815633518868,0.7046000732176937,0.00182753629040253,41.37953150754912
537536.2831884008,412952.7636493229,21.962161349575904,90693.35225019713,214766.64261184668,36491.46241980714,186151.90890209266,0.37413982905006077,0.4872007640700459,2.218364378237545,0.19603055716715734,44.01277093572249
126066.58997715659,68034.04218649158,11.757880157227051,7999.3611464049745,77376.73038755334,0.0,194869.4179816968,0.613776658840174,0.04104985394453386,0.3491263169518047,0.0,21.751435678761176
163894.2435571781,122694.33799858995,17.072366593132678,20946.827172136564,77959.24707692921,17269.529749108766,253389.4866015128,0.4303247037426539,0.08266652043491494,0.4842124258751998,0.06815408950359214,27.717076733572263
193485.1857175161,123195.34842238018,16.48114647290562,20304.005821298902,93719.78306018125,0.0,92593.59229198127,0.48437704784804536,0.21928089534827624,1.3304953979309977,0.0,33.039250729757626
105919.16335154264,62606.25691478372,7.680675104510432,4808.583188719634,106564.25248047047,36610.28292359394,31197.463170602536,0.7476648178002497,0.15413378845658118,2.0067739666018034,1.1735019198000665,35.13059049061649
163151.1259512033,131525.40405179653,5.053128726089856,6646.147974247082,110126.41323958203,50969.08803027976,324494.4381042761,0.5143204893728794,0.020481546657854722,0.4053240629336486,0.15707230092461824,22.317891936796418
146673.87927086334,130996.65805757747,13.828121527604575,18114.377073302425,52527.2161452705,23718.190895667016,49840.77398163303,0.30827265666726006,0.3634449392775844,2.628303045732224,0.4758792651255271,46.92524994653516
362134.91542239714,223844.17446801573,16.60550066166057,37170.445872375,320880.3440619652,102369.5170920925,255307.47066330034,0.6908014684056987,0.14559090564723587,0.876763119725633,0.40096561540534587,21.43586076648438
21976.719261522147,15803.394621435735,21.968532223352607,3471.7738397936823,8231.099520115216,0.0,40462.25371808653,0.37453722833537784,0.08580277964699251,0.39057128976411054,0.0,21.03596276307139
64476.40888481377,28611.339958575016,10.454998941061074,2991.3152896924016,75931.47865879461,21083.54006785721,109689.3336098614,0.8874652169416029,0.02727079462741374,0.2608397646059067,0.19221139717054256,8.6114891036351
465599.40087913966,340058.96161660337,20.13456211745974,68469.38286268357,218085.62224403955,38023.777420493345,36717.96756216961,0.433033330555506,1.864737822069088,9.261377581447752,1.035563239063077,77.10291674903372
346451.3742680229,337844.27648068167,10.874784205645355,36739.836018398,90882.2700803488,59554.60477292037,157946.5014905674,0.22384465936937314,0.2326093688158842,2.13897916884761,0.377055548624969,46.38191645081357
106226.289293943,74548.37095494418,16.40941075174923,12232.948398734512,42237.22445199842,0.0,215587.93329363584,0.3976155500934624,0.0567422685112573,0.345791018152243,0.0,27.842970940528417
160189.95431084657,124544.89824032583,14.768552749306936,18393.478993193166,111904.9542835227,48283.659642121274,58850.3944119766,0.5367823397965784,0.3125464013789162,2.116296746772181,0.8204475114323975,39.390136095527176
63731.01298426952,33861.23360337008,4.9536182794467445,1677.3562574227037,72008.0360038591,24136.247621994895,108632.0183159905,0.8195092860187035,0.015440717050322897,0.31170583156131737,0.2221835513705269,9.171729232372757
46260.62421540967,32715.175321358794,5.410991685464653,1770.2154165239083,18060.598525401165,0.0,504283.69664444326,0.39040974547388574,0.003510356230635866,0.06487454490210373,0.0,21.81371042658006
108458.78982061481,96087.2211913158,4.373753615040298,4202.618310446941,22144.83724364507,4237.059303434782,130136.90242186145,0.19650091299520014,0.03229382467413756,0.738354912427778,0.032558476685572366,27.345800051061214
80393.03019251,66372.23215658832,10.67501352269181,7085.244758028204,18694.397381228922,0.0,317002.71785023547,0.23253753884463765,0.02235073820841988,0.20937433157259291,0.0,27.668635286225133
146436.55590099646,133403.64963153718,17.42441887778819,23244.810710055983,24221.70691433148,5133.37391628933,496569.3639738853,0.15980549007003048,0.04681080307499283,0.26865058400693625,0.01033767744995097,24.540478688474515
27138.342664977718,20691.249429655545,7.109597091833009,1471.0644677147047,23426.375442660188,11122.688346672974,684348.8113049336,0.6122776836705401,0.0021495828492923688,0.030234946109135408,0.016252951949261008,12.140527827241321
564744.0183783851,399505.08428901073,14.905353430910125,59547.64478773245,234020.75640694133,10276.633215831625,436470.012791791,0.40697800289107916,0.136430093803806,0.9153093513427379,0.023544878032053674,31.485222746039952
657579.8363328808,368982.3542519657,9.198900040559401,33942.31793494111,466842.94692256587,61534.7281110093,93733.72894377372,0.6491913389121629,0.36211423910491647,3.9364949886214404,0.6564843712546737,47.27906651796767
194679.5822869184,103457.2838431559,18.3458672316233,18980.135935309045,166305.22108739516,33506.61737178388,616364.7762890754,0.7288136676807695,0.030793673917549357,0.1678507400537022,0.054361668058833496,9.723868758459336
130211.76516181348,91094.96165773056,18.37113068205384,16735.17445090852,52155.738005443905,0.0,326215.2182028329,0.40054551092699064,0.051301023119353625,0.2792480441580437,0.0,23.782067571000823
70556.895233154,29969.45055500958,17.957461269395623,5381.7524760665165,54116.59290419257,0.0,351714.9146226632,0.7669922652543774,0.015301462213623558,0.08520949584171675,0.0,5.7388860492547495
267136.0751231995,275487.66355706676,13.447003248424782,37044.8350675283,28084.291753906276,29414.807249296984,27752.06890264063,0.09470311310228947,1.3348494916717166,9.92674328258294,1.059914032084943,89.62771607260838
188149.43754732236,104707.88929699268,9.12220078143733,9551.6638956768,111255.39766710624,0.0,580177.616586433,0.5913140061294303,0.016463344366636424,0.18047557558848643,0.0,24.408932129055813
41621.04811507325,18876.778032024864,18.569992789815423,3505.416319496479,30325.693444064516,0.0,295987.19082124624,0.7286143626229808,0.011843135203825371,0.06377565860079737,0.0,15.650857942411086
377745.16379986913,305122.30940664076,7.349810114906347,22425.91035960512,191445.95657270742,70961.61303630222,287958.0068566072,0.4266616116711935,0.07787909981878859,1.0596069640063204,0.24643042161226852,29.31795045915334
274349.1767050907,199523.72049248352,9.215672836515807,18387.453311831527,99767.27495014285,0.0,40307.25400604501,0.36365071748469957,0.4561822372983756,4.950069792959855,0.0,58.90756228004031
463760.7787550154,172952.56633721205,7.311058710891189,12644.663666906603,387744.28322373785,0.0,72647.0994109709,0.8360868382717769,0.17405600181467193,2.3807222551144744,0.0,19.053276037523325
209040.60062942014,168567.38423450151,16.13578288697766,27199.667138336572,56093.39188840706,1596.8275213866823,614874.1950368962,0.2663030610507015,0.04423615002529815,0.2741493879481907,0.002596998758893863,25.7701537204374
157560.6029387059,95514.53009207844,16.352248506084727,15618.773320075743,82728.09712883664,0.0,150010.40461480626,0.5250557283093126,0.10411793342056051,0.6367193684820647,0.0,23.49614765341248
96255.375988967,81884.85712475002,15.745179870161554,12892.91804071669,32727.158641751415,10174.85011709658,116307.16204792367,0.3074987232399281,0.11085231393922448,0.7040396797835189,0.08748257577554934,29.610492555407887
419852.75423206773,304881.9491159854,11.48082640356402,35002.96731380868,167950.52540262154,10992.088935883856,354798.0950758017,0.38981672420099317,0.09865601816810878,0.8593111218673487,0.0309812512762658,31.06417888563144
316558.857007038,263902.74654393725,5.803078129625798,15314.482568173024,87621.94127129899,13060.345490373515,41450.61763140523,0.2658277812925267,0.36946331425879514,6.366678269806775,0.31508204790845606,67.00478291347812
21940.94079796842,7388.751986516843,20.40105252127038,1507.3831734357098,19402.918415268767,0.0,122104.35521191017,0.8843248151449069,0.012345040197949289,0.060511780875414166,0.0,5.6576787335971765
19008.122529976703,24124.10721103456,13.139157352220288,3169.704406276152,9440.312483236217,12196.21904348502,109802.5895283752,0.30253201981563027,0.028867301034435407,0.2197043559232308,0.11107405659438725,27.369850653907662
85852.16423748943,96059.8275791259,11.325499508399647,10879.25530024345,39164.986370862134,39581.403119783055,102499.77523978107,0.31223688519763204,0.10613930884036822,0.9371711045649612,0.38616087720376935,29.264914966213205
264547.1584494129,146501.78929315848,14.598848078469278,21387.573651147377,178129.8206926257,15551.996363214876,91190.4437723569,0.6359527247120242,0.23453744456533415,1.6065476077611593,0.17054414607344245,30.15974061938527
669641.3202330251,421704.385049576,7.4702278447439046,31502.278394479476,330582.58024459885,0.0,67447.09960637375,0.4936711195324104,0.4670664651012289,6.252372414984097,0.0,50.96715853927918
39451.42649017196,61895.082737114484,6.385878023887739,3952.544486376528,31329.75094740997,45940.96945750001,59171.6920581933,0.3668915785734445,0.0667978952247865,1.0460252290274685,0.7764011448636396,33.627849476263485
150258.61953236035,118334.33947674949,11.299453986242984,13371.134239099876,56027.06245888302,10096.016788551415,209100.3976371887,0.34939471501627273,0.06394600101287329,0.5659211594713085,0.04828310659680845,30.4402917737403
86921.05496371441,62421.31837667385,8.089972493798388,5049.867486939233,55345.71195582514,17009.547379828287,478274.67279928084,0.532525653732669,0.010558509103948574,0.13051353526903237,0.03556439081390944,20.634139947331875
540556.2831563944,430309.9537722524,8.397225301668962,36134.09631376359,193258.81732679557,34697.78361095477,152981.6287584281,0.3359538480324304,0.23619892536784673,2.812821103191096,0.2268101332987226,43.51224738670665
291886.9811150452,152820.711099363,20.06520678001353,30663.791684774267,201587.70170186288,12124.506260714934,88681.41257108087,0.6630923832581996,0.34577473222132427,1.7232552647588073,0.13671981432407576,28.85106321796076
288328.5069704786,151530.45494648174,13.553665189344848,20537.930523337174,184727.39085161831,1747.4911147169425,56203.74195283171,0.6368241153043065,0.365419272983165,2.696091927004643,0.03109207775139781,33.46233138731708
109862.33567096603,62136.71434365495,12.702443157820321,7892.880819639956,63634.1617697481,0.0,344104.09388228727,0.5792172666010875,0.022937480140355404,0.18057534173049092,0.0,12.610148145145542
95375.24044910235,111384.04940342579,16.410632687114752,18278.827219630635,94272.77136095673,86713.38747504097,665363.0518548441,0.5177301429292444,0.02747196011061094,0.16740341846893744,0.1303249214595078,17.476311557219994
62908.33382250919,42684.927340797345,21.127866046181314,9018.414270473488,26964.541975615786,0.0,102307.18789635644,0.4286322707527762,0.08815034853279033,0.4172231513590212,0.0,19.44835493702363
23704.044576725435,37030.3360059361,6.019574160470153,2229.0685377486047,26757.81017552078,33394.64906085125,86889.36998449692,0.468623859336625,0.025654099438703747,0.4261779779568337,0.3843352652552277,26.30210953290889
315063.92100049654,205658.26223138729,19.00362220796663,39082.519193922155,145874.21169214568,0.0,190605.41746558703,0.46299878205323225,0.20504411529110042,1.078973855863871,0.0,30.499585605219366
266417.6158874885,98324.54003005504,14.512345237621226,14269.19670246467,232999.48186039546,6656.5355378631775,293761.2551766499,0.8532461994085475,0.04857412763260442,0.33470901385864765,0.02265967829508472,9.875816722633859
1240866.8396727124,1016399.5734400535,6.630976368613071,67397.21552549402,299289.68831021176,0.0,134387.59239912988,0.2411940417306595,0.5015136763915297,7.5631950487017905,0.0,61.23283829748973
869231.01011165,641194.3794499766,9.34868773640185,59943.2603181379,359651.26640617807,41701.819142960216,204000.9991389588,0.39481645062728743,0.29383807222094294,3.1430943091274566,0.20441968087888776,42.190783495252276
136597.7388962091,98833.27574852592,12.68250549636531,12534.535629044682,54628.102412418804,3206.613661630909,251928.92504347794,0.39074679302146903,0.04975425361292463,0.39230618608589407,0.012728247306566767,24.785254192741103
234792.46353093913,137933.31969833467,16.441188602393613,22677.877237145745,129145.5251101393,0.0,607082.8735855385,0.550041186024361,0.03735548839189978,0.22720673848642142,0.0,18.01078708622764
449425.75243116537,171637.53814507363,8.36692630516214,14360.786328592869,370384.28571478894,0.0,57466.28722126469,0.8241278647500678,0.24989932398623513,2.986751823451042,0.0,26.894957468119877
299215.80220638687,203639.13164848354,13.627818678416617,27751.571619357444,127435.5607438711,0.0,1095195.9861235998,0.4258984980210746,0.025339365712599957,0.18593852993312704,0.0,20.78827955417948
57622.866687171976,112163.11011899725,16.32408929348551,18309.606250175595,84504.96075541919,117918.96399838968,114610.85563514281,0.48139500667956603,0.1597545550873749,0.9786429871535222,1.0288638309601146,39.88705964445119
104824.02410997967,50062.299157312664,12.077333515255111,6046.190834633399,75811.1876100676,2096.6657548836897,256202.90275648638,0.7090413249847627,0.023599228461436025,0.1954009834341942,0.008183614363169457,13.089991397342883
35744.451646963294,24678.797528463663,19.534467300163165,4820.871633271209,44004.868239570744,21937.99706117842,177928.13053896863,0.7628814175733767,0.027094488199635045,0.13870093196454214,0.12329695700575972,16.506779601688073
477033.56796625635,229010.10539825496,19.650263851127278,45001.089956501775,330697.9500906685,0.0,145030.0608911788,0.6932383217821285,0.31028801670481054,1.5790526735701325,0.0,30.196017599391325
154777.1553882927,195312.16782571498,12.472441917528023,24360.196689927157,87128.02015913463,105881.02755677322,240564.01445624628,0.3342615956833282,0.1012628457543378,0.8118927025190557,0.44013660063039406,38.30271609031722
53940.55881277256,47159.594770510404,21.512662787360192,10145.284594865456,13851.38639590456,3607.5757546662753,115679.25363829182,0.24069218750561863,0.08770185038181463,0.4076754758287943,0.031186022049783574,27.817203942298054
182074.43087598754,140679.5485859926,5.360531663298051,7541.171745736899,75866.99145784948,15505.361303392163,49264.13464261244,0.3839815328329275,0.15307630592609545,2.8556179786076616,0.31473934163009437,43.805701927258035
159400.56521146075,100148.7036180311,4.060522809812859,4066.5609541420285,132561.3574192812,40169.156471031245,145811.8720497624,0.6642358184483586,0.02788909364495506,0.6868350444321333,0.2754861857704041,16.653998843889905
81513.06934456591,47560.72824635121,10.852028748470543,5161.303902275983,45269.78813095294,0.0,157834.34065972484,0.5553684641611506,0.032700766390270176,0.3013332082711165,0.0,12.896128821393466
33080.868209770386,19372.163907846152,14.819747104705167,2870.9056998517694,18278.272402565643,0.0,65594.33336713539,0.5525330316804437,0.04376758711431884,0.2953328879709623,0.0,22.72020751756383
182016.19252786532,131512.675888916,15.325602834093896,20155.110383224433,67338.02218526576,0.0,518729.60592877417,0.36995621790603495,0.03885475236590197,0.2535283785344108,0.0,23.40946549799149
125191.56362790566,42797.19708678733,12.576023253288914,5382.185457390261,109859.15538815779,0.0,71456.51415943267,0.877528422879046,0.07532113091021501,0.5989264602426433,0.0,5.99886088240193
236971.06214407727,87597.38318382032,6.247899638331631,5472.996587129883,199164.9052803426,0.0,119738.39842945033,0.8404608709533119,0.04570794881939701,0.7315730319829904,0.0,9.140741807287881
125146.47906352727,81161.25009062252,7.0689553921820965,5737.252564643458,58646.97196387299,0.0,55300.37996538622,0.4686266237989997,0.10374707313466085,1.467643624536092,0.0,26.14129074976053
301765.5166962726,253742.91464432408,19.338663709336167,49070.48894933375,64030.1360692647,0.0,163137.8608426088,0.21218506597528544,0.3007915433970027,1.5553894928727103,0.0,40.78916483730363
135413.1178532231,39524.73364830055,19.622400371306703,7755.701482162112,140359.34717805416,9381.126178618053,91176.23909039047,0.969371041760391,0.08506274836005519,0.43349817937891083,0.10289003222997359,5.472938215459102
138467.18714702205,40150.452724486604,16.130173681492963,6476.337758365412,144645.8418153958,10167.646939011414,145945.44488161546,0.9731624669602771,0.04437505921215104,0.2751058983516402,0.06966744969162253,9.139171080273677
328913.7964844657,135172.516138052,15.955923501019882,21568.023269391328,301094.263103879,32079.416981495524,70791.65267401612,0.8340718104172055,0.30466901752821784,1.9094414529421868,0.4531525366304972,24.37111171340904
92497.09709821755,138476.03365395812,14.758278304500536,20436.678431684963,77052.89403126521,103768.60707918947,34949.50537821016,0.39259479568379474,0.5847487170569957,3.962174347116605,2.9691008772869703,75.66658380573267
36583.19330854484,23607.974829511135,7.652665942635788,1806.6394495240277,17300.291305378276,0.0,296911.36136132805,0.4729027113479839,0.0060847770905116255,0.07951186078319607,0.0,21.544594221937896
19380.7532148142,17750.602891255945,11.708512604678258,2078.3315769290857,5377.685719142142,2403.1139657983526,209441.18764112992,0.246865520917619,0.009923222840438785,0.0847522070094015,0.011473932099334748,28.306417555444575
226058.61789938784,94878.50820379262,16.526103726340814,15679.720679763546,174906.8129274603,0.0,99994.53540772726,0.7737232694455659,0.15680577559393177,0.948836932107599,0.0,18.828374716547106
160259.84505910194,139902.18758632743,13.670540896060096,19125.385768471602,148127.92959432985,90738.2897229729,33758.63956132305,0.5901554994539684,0.566533071740941,4.144189144002475,2.6878538620653094,64.26979702415939
197649.80216968147,130409.43366461899,4.334446012991785,5652.526498041245,89653.82467341663,0.0,386214.8780853127,0.4535993645794253,0.014635703642656234,0.3376603053490142,0.0,25.03636666912187
50922.22402401652,45482.143092424194,21.16402252096177,9625.851007096715,11116.828294955369,2897.540289624203,58494.872802638,0.20655661422392715,0.1645588843243473,0.7775406785801754,0.04953494470191463,37.84464687823777
36991.8826842418,20377.653708306738,19.206688946298584,3913.8725623083537,22152.305301246746,0.0,505585.55839130067,0.5988423322580287,0.007741266532140918,0.040305054940939083,0.0,9.441577353900671
17197.721439850317,7467.2805043498265,8.689810253975281,648.8925069600883,12973.921247333987,0.0,142221.2045325446,0.7543976853393497,0.004562558087543139,0.05250469175038581,0.0,9.861424219733163
79753.08922726038,45125.87029418623,15.09626083299333,6812.319082768608,87991.99647702415,31366.778424693952,99898.27716148664,0.7918655622649725,0.06819255823357614,0.45171820352056496,0.3139871809199394,15.95493358004558
148709.6063497417,102911.73949850636,20.61830890710738,21218.66035147968,61063.82246831379,0.0,268695.4962818582,0.41062459895631254,0.0789691701018374,0.38300507795096517,0.0,23.65039002302617
89697.2801341726,40552.43776362251,5.7281982180457245,2322.924017349926,66135.49704946244,456.7804165467334,401967.90403962246,0.7335831203327285,0.005778879343364073,0.1008847655648278,0.0011363604207108736,10.360776921059871
101297.93442426468,160436.6957823739,13.054530654340612,20944.257631721193,55262.17583750622,100585.39323623889,108370.37360073031,0.27373323234713903,0.19326552945998196,1.480447934723118,0.9281632045195888,42.775864827838966
366759.2284472162,262166.7691517074,12.212374465233301,32016.78757221025,151011.55277478235,8666.205285577975,119165.33163771915,0.4022411355386847,0.26867535324406416,2.2000255069883456,0.07272421573016358,35.051126271974915
79215.39216376675,58562.76814280072,11.383690095103582,6666.604036490481,72620.54812580114,33812.787073384825,127181.5109193067,0.6424994953995621,0.052418028283374184,0.4604660513897908,0.26586244202459697,13.468136327439394
123228.75421084817,69726.18735732576,19.04059496007265,13276.28091580978,120389.56478269958,36789.60673350228,484935.43609421764,0.7523484434674808,0.027377419606082046,0.14378447555599697,0.07586495849801017,6.028945574098693
244630.76065795525,183871.0996671138,10.851630640554232,19953.01259060053,81012.88132112195,0.0,237307.89685795468,0.3311639186471518,0.08408069370967372,0.7748208218168714,0.0,31.39251852658748
90762.01969487696,85287.67820893007,5.145939998338137,4388.852746607251,22310.56992062609,11258.585954522678,76218.72580412062,0.21868689936323057,0.05758234213841942,1.118985883181993,0.14771417175690968,28.017457654705208
160963.5713029628,86031.13316174559,5.185079358957445,4460.7825278468645,112558.46116292558,9486.407730976978,61822.023024063004,0.6603606629984571,0.07215523384135444,1.3915936255961676,0.15344706088451004,19.800638944812082
312471.096552646,164100.27537096885,4.769402917442962,7826.603321074924,234246.8961043839,27314.350896610766,72131.62536411078,0.6893964937664556,0.10850446363252289,2.2750114744068592,0.3786737198660308,25.501884724280522
462928.56230620015,239891.3247617796,11.364617593732671,27262.731699715583,297382.98339256074,0.0,80067.90289648698,0.6423949775556499,0.3404951386695024,2.9960985124328134,0.0,35.162568206491486
38862.281897225395,114951.43531118121,16.93131299857048,19462.78730888536,15845.873885761432,87973.5588282769,72088.55673392242,0.1249321469004571,0.2699844218094442,1.5945864436635193,1.2203540036594953,48.93327799967531
406749.41445631185,124437.18109393265,7.667004314749279,9540.604043624191,380894.076956136,3358.324354722814,218396.76625423515,0.928765884936496,0.04368473126803534,0.5697757491018691,0.015377170698642107,7.76118411889454
116625.41714932959,71428.36486158163,15.63643336776789,11168.848677267344,66991.37025818782,5046.47540589291,47180.14089722757,0.5505903528851813,0.23672775165289206,1.513949799708609,0.10696185534684265,26.20001017150562
59810.31815270936,81188.7972208323,16.367592497866674,13288.651483025134,87320.89163045952,86869.14779096757,113195.55868661478,0.5953177635920057,0.11739552008233076,0.7172436636459021,0.7674254078419044,29.837891775509668
107188.04510560463,44735.381138937184,8.593638232280764,3844.3968169122236,83270.21862222326,0.0,201574.982404902,0.7768610626323404,0.01907179537384265,0.2219292325129792,0.0,7.5310067920125485
602047.9646370887,246673.2595714056,14.810037809091327,36532.40300744316,473832.94008757744,0.0,86866.40931735914,0.7870351997173538,0.42055845630702987,2.839685230572908,0.0,31.879316500197145
116773.69390010396,47292.283076946,16.327630120483253,7721.709056335639,101699.47191954363,6793.193116499762,37150.405420318464,0.8230317553106136,0.2078499270458149,1.2729950734556639,0.18285650020886177,19.137857428784297
74792.40481507496,77884.23261779989,12.399045210438263,9656.901214083913,31306.653620288464,26571.81801794127,40365.89828354037,0.30885309180401765,0.23923414626503228,1.9294561976726285,0.6582739180308596,45.488053975661494
165522.94109364893,72365.12806357705,10.060898751041712,7280.582265538159,172521.56479627243,36233.36056713244,49234.640320190694,0.8550987670577836,0.1478751996194122,1.4698010911212191,0.7359322690588126,21.747963749498492
56194.27015734044,30842.391170615396,15.144727928337891,4670.99622938341,33802.505315633396,0.0,350247.7858319082,0.6015293947405758,0.013336261978898352,0.08805877558186008,0.0,13.43883996526371
26834.295746435255,30257.0081551896,21.601247571905024,6535.891239453998,16416.579915151942,15735.147345118303,218058.19272215746,0.38564234631505545,0.029973151468708242,0.13875657583635062,0.07216031256925763,24.51597748122408
35696.28295686238,25084.56384224347,11.683145368641606,2930.666058779015,14769.543758068474,465.4387039324492,37005.656169849186,0.40843032576297533,0.07919508426841007,0.6778575612092896,0.012577501714769514,27.56687616539819
35552.76361005107,32012.94832359191,11.051231733132179,3537.8251038479953,39699.42375890573,26234.752532720137,114289.02155025455,0.6425152884795214,0.03095507386326133,0.28010519198920036,0.22954744188779613,14.112569522573892
39713.98523350095,31220.958833346347,12.356804243670041,3857.912766033418,22997.076495346722,8754.780971355436,83777.37233572717,0.474472083695056,0.04604957948040341,0.37266576836800663,0.10450054384937933,23.47090293531417
37419.00991012748,19193.731809499808,5.371931082010867,1031.074044872327,24300.3708008369,0.0,180312.10372903533,0.6494124472881894,0.0057182741676719455,0.10644727343619294,0.0,16.52091847349122
168612.60766137097,153470.2555722898,13.95693903408502,21419.750005678958,146596.17316546332,94804.7777850163,158169.7702088896,0.5565166965613957,0.1354225271832323,0.9702881616987034,0.5993862016731184,30.371998709287524
45111.953555172244,33311.2694979213,9.916552969910745,3303.329684711087,15734.245409667925,0.0,143096.2702726226,0.3487821778860636,0.023084666556421666,0.23278922248957076,0.0,27.330812275287727
78620.8973692208,53730.53846161997,6.1855982019627245,3323.5552209868556,106440.83615071212,54940.268205433254,92972.46866355235,0.7969444987451608,0.0357477355260308,0.57791881009484,0.5909305087321112,15.83797134475751
355646.11876925366,115738.36947339756,12.39262134011272,14343.017874058773,319876.99906114145,0.0,51688.19541046374,0.8994249681905863,0.2774911710528624,2.23916444662658,0.0,18.844776284559302
111357.17124698905,94490.48122224513,4.060911758331594,3837.175062458259,67134.7846115108,33484.398433889175,269126.00936068874,0.46350495068111536,0.014257912386742193,0.3511012608803888,0.12441903520745418,19.393490225176436
180193.36254785708,95571.29998410106,11.23213441292966,10734.696874398454,112829.41675167468,0.0,406432.7178978388,0.6261574519522528,0.026411989984272712,0.23514666948669208,0.0,15.880186182274665
43369.27756698248,24348.403849458475,5.903234822676109,1437.343454807043,29659.812013523777,3223.9852926188287,544318.3660311969,0.6365686838223197,0.0026406300880258437,0.04473191677692349,0.005922977238717773,15.882484907051387
47032.64714926426,23000.312518684208,4.437268661196045,1020.585659368725,32377.302685783194,250.64238375734573,35873.31430763607,0.6847514842039829,0.028449717542587943,0.6411538203981424,0.006986875581328526,23.360847402258138
21259.081907634798,10285.059030556877,18.840550832401036,1937.7617747945214,37369.00477577332,17052.730704752066,267410.06805715343,0.9753911973272515,0.007246405450898597,0.038461749422084794,0.06376996509012291,4.658517548420818
42757.10160983713,22895.652919700133,20.492478459087426,4691.886742636972,26481.931586849332,0.0,258363.9350537988,0.61935750062059,0.018159991028391737,0.08861783636687759,0.0,10.708269163331025
63982.21779467183,58835.47179802084,7.73814367046392,4552.773336926134,6862.327995534654,0.0,554116.0657331564,0.1072536750375996,0.008216281061806637,0.10617896761425794,0.0,29.68060552122052
44221.77262246619,17442.353254789155,13.707368749016704,2390.8876791400667,35705.892490236045,0.0,77483.63843014397,0.8074278884084402,0.03085667797202879,0.22511014722823655,0.0,15.472543539014493
28932.88617905514,38563.021501065996,9.003246828357728,3471.9240102136328,9927.749799501707,17075.947671637132,268988.17873004044,0.21577920952570132,0.012907347923635315,0.1433632573859994,0.06348214911248849,28.320176974034666
34283.432024002876,21046.87542149463,12.88439389609928,2711.7623321266738,17648.742136677658,0.0,35111.49424719368,0.5147892464302067,0.07723289453405743,0.599429784255816,0.0,22.052891563857145
107644.40150480687,84922.98992535158,11.859363776094884,10071.326304783854,53090.17674060753,17096.220976000364,204572.45800261392,0.4256045519475908,0.04923109593108163,0.415124258438868,0.08357049205412548,21.155767301483955
49663.83095176449,65147.15159161439,8.842918991448741,5760.909840482769,30769.80255844251,38560.672558681785,102775.8601934949,0.348767080959534,0.056053141561031666,0.6338760042383749,0.3751919223646882,34.87311036109186
82947.16732663778,61407.82984701089,16.60708443343536,10198.05015143342,29082.932623791654,272.8619882168583,288690.2095652067,0.34947034822301365,0.035325237273520965,0.21271185448060942,0.0009451722960325288,26.223316430617707
120000.77770714955,85889.53969793445,6.276837267764576,5391.1466368714,81092.34157053259,26708.01816868434,383199.620606322,0.5527435562838686,0.014068768200608331,0.22413785160338817,0.06969740243068422,15.32531046767094
190868.61510188133,75081.78402248956,4.955310079084608,3720.535211222962,192385.82455327484,28502.53733556437,106692.72937263956,0.8769878008829542,0.03487149717792356,0.7037197798198201,0.26714601363336765,7.7179325333222355
21015.859515002314,9594.510989995368,17.818157794671023,1709.5651078244277,15228.464700009263,0.0,159221.5209106625,0.7246177435254704,0.010737022847455693,0.06025888293944099,0.0,11.12971080018575
255974.13657391793,224161.702864374,15.986740561972237,35836.14987622656,53500.619200448,8313.030690792048,47479.80127850802,0.20243366242168614,0.754766214500733,4.721201370441328,0.17508562519100063,71.8357447435398
163289.05355509446,133678.03872480584,12.973470234635164,17342.680564206756,89559.26641234496,37558.434978970094,122093.53467757684,0.44590682744412485,0.1420442172470893,1.094882207135875,0.30762017889115884,33.2222594996593
27794.31455645014,17625.831494661485,12.420215868505748,2189.1663202560294,13557.977415718206,0.0,105556.92995801661,0.4877967898140466,0.020739200364454813,0.16697938734739487,0.0,20.921394721738313
325220.2047732136,291200.0549019586,12.953404830845672,37720.321979095555,54249.47533191594,6666.956627681952,61408.11563949055,0.1634575893292435,0.6142563012442974,4.742045116829683,0.10856800535651907,68.36643648260035
395504.0319568392,353489.6282146871,11.86643336977611,41946.61120116514,139995.19546075692,62981.99285341563,429791.51279368415,0.305342339537381,0.09759757918091107,0.822467679542977,0.1465408017111062,30.332947219878527
24453.424134024513,20063.279135177625,11.072061324961224,2221.4185696450168,59540.515010942356,40265.24125935988,53848.93367659788,0.919989846036421,0.041252786600868556,0.372584520534283,0.7477444493363976,10.822854581544876
63626.52646929762,19999.734969022757,12.994430851950167,2598.8517311229593,58169.05533369981,0.0,206779.4110323106,0.9142264800793226,0.012568232582483138,0.0967201466972825,0.0,2.1478372053019115
261140.27748399638,182933.51808526157,13.513273080875688,24720.30585531451,115696.4562576603,8565.582794510423,422543.0524510962,0.4289727191622328,0.05850363817820803,0.43293462529817295,0.020271503092579607,23.37466858504798
221903.58603214627,150668.8283961594,16.45424165350518,24791.4131208091,94979.67684798251,0.0,462411.0666198243,0.4280222710516413,0.053613364623886904,0.32583309369633495,0.0,23.038042883129545
45596.94480927007,26564.530447747933,16.801728893212406,4463.300387585471,25376.552482029514,0.0,308715.12284679257,0.5565406320133612,0.01445766681731524,0.08604868528235732,0.0,13.618970296236853
50234.85467722999,38936.641114622194,10.797323442522604,4204.115078799997,26441.633328428627,8533.011433713673,59876.08768889785,0.44993352793363894,0.07021359011703629,0.6502869946501494,0.14251117203998373,27.219974625092803
84417.76650365545,58743.551888040565,11.443729409382797,6722.453123527742,36814.94896708577,1936.997109699441,331113.28059622995,0.42632215556655506,0.020302577750498974,0.17741224931317182,0.005849952941215537,20.40594174914901
114399.38470029215,82547.81574682458,10.726549055252015,8854.531950122186,67037.80081830884,18426.781660264063,83273.9773660427,0.5047032723682994,0.10633011932648324,0.9912798494537354,0.22127899066555334,24.083977076675904
159450.2751087828,111974.33581967128,13.657643925262786,15293.056073928687,63301.25238548204,0.0,485109.2378377377,0.3969968213745358,0.031524973925654245,0.23082293035434864,0.0,21.99252796695874
84046.88445005268,83500.28600923636,12.160363682455515,10153.93845461366,38059.32854888513,27997.89797084752,247251.3874886986,0.3396796149410502,0.041067265821016996,0.33771412511508353,0.1132365656476943,27.40251446038266
108133.66638313764,75228.33763119868,20.012736336451486,15055.248860427306,88569.8810413778,33522.08202909441,301905.24921859126,0.6252473481247709,0.049867463051385084,0.24917863411089752,0.11103510825286482,16.690800473808526
221434.34105847636,181065.26645828463,16.534502804496505,29938.24156051414,53825.43280025562,0.0,40996.00287587665,0.24307626605234373,0.7302722085164735,4.416656594704973,0.0,68.09877321931806
20605.94284822177,101367.72818290148,20.17581490758002,20451.76521420103,13357.617819120962,90779.99869902042,182339.06895709713,0.11992193658887901,0.11216337415330974,0.5559298331546952,0.49786367353000033,42.815481665697035
58640.49328235958,27550.417385653433,16.764465848069662,4618.680313618516,41453.43452894153,0.0,334809.4828391589,0.7069080120001596,0.013794950711827094,0.08228684908213468,0.0,14.929348205224862
202423.78124340385,140549.39497393416,21.477858673428653,30187.00041886061,147907.94167215418,49056.569984645925,380956.75590883475,0.5881490977321998,0.07923996608708139,0.36893792482726956,0.12877201735827848,20.062718973937635
353365.01314959204,356743.19400533545,15.443262008594843,55092.78614807377,64756.32100519804,51945.421609641926,30228.925801999096,0.15976968627433724,1.8225188188602581,11.801385082024428,1.7184011747518557,89.08786262933063
122516.86683126012,61430.58679841123,21.343902486934983,13111.684543404846,81448.37337713187,0.0,528909.135553724,0.6647931463127357,0.024790051186538875,0.11614582291927798,0.0,12.12538786572321
128929.42535296034,52338.09950873665,6.84705802736967,3583.620043785678,102121.76779229827,0.0,32975.06262632126,0.7920749473033578,0.10867667134997859,1.5872024293582228,0.0,14.917350621774032
32004.200781099506,30448.36552418479,4.94459825492927,1505.5493503633263,2074.4470092196207,0.0,196587.25771466558,0.0648179600986853,0.007658427956447408,0.15488473606147318,0.0,38.7878179969014
103971.48691253262,66538.63542843977,14.424253333669466,9597.701338964895,49910.46864545715,0.0,237790.71406758018,0.4800399621816026,0.04036196861849376,0.27982015903921914,0.0,26.568953981883837
129091.0198582935,136646.66367558105,21.70287770439595,29656.258304648596,44254.53569301002,40746.54558704507,45439.97868183612,0.26056977192865577,0.6526468357808275,3.0071903121337358,0.8967113711110263,65.90844931350813
56653.920489097996,58164.07673276786,11.516894451443143,6698.695325969275,51550.27963670952,40172.865971202016,33856.4874658568,0.5323968864529618,0.197855590681836,1.717959572487385,1.1865633140979284,41.37689798728072
62051.19178178158,29203.90422955429,7.816780519473273,2282.8050967414306,43796.38340296972,0.0,301607.5750633726,0.7058105113756811,0.007568792316511867,0.09682748924133645,0.0,11.72281893568062
86049.7477203708,53648.323321403775,13.38774608548325,7182.3013053886325,43201.89919862269,0.0,112407.56531920173,0.5020572441305994,0.06389517720620655,0.47726612678656993,0.0,22.50987426589941
18041.30411254718,25710.09571830997,15.678375242419994,4030.9252819019935,8327.088155901389,13914.107722688834,45393.046546722195,0.2605845982782618,0.08880050114620615,0.5663884157201712,0.3065250909821025,28.438069194895252
73308.71418842036,63221.87320196933,9.673216519286001,6115.588682374947,114863.4196633987,76060.723761098,283893.0101043923,0.7689887653069868,0.021541878329889633,0.22269612477856204,0.26792038216484854,11.525026566861147
50633.54034354448,28342.28835389929,16.86584845298667,4780.167401877144,29721.66931952692,0.0,365480.0728797132,0.5869956775265525,0.01307914646129118,0.07754810852089138,0.0,12.526411303668619
74512.3845347974,55398.55859421611,21.552061126823062,11939.531211604348,25485.101254108384,0.0,184343.77781266582,0.34202503937055995,0.06476774726694362,0.30051764833914457,0.0,26.994975158014825
34134.465492717194,23417.868224442213,20.145336190791102,4717.6082825303265,26814.454301134534,9394.243457575916,56648.835370818706,0.6160176800041292,0.08327811598683792,0.41338657840272863,0.16583294954047964,18.653184576928066
346811.9849914537,148413.28871614946,9.248536723219516,13726.05750905089,264531.595033739,0.0,27761.114086421887,0.762752172593625,0.49443467817325026,5.346085472439278,0.0,51.50500680059272
150059.82208193396,133990.16211885435,9.88102629660277,13239.60315382468,21426.213284106158,0.0,242197.23868678117,0.14278447746264325,0.05466455037064501,0.553227455628161,0.0,36.88517739238294
185494.94368395474,89447.9528427042,10.687742040092594,9559.966459971894,171982.71916484335,32940.04853238196,168787.26392181215,0.7873405145385896,0.05663914585641004,0.5299449186174346,0.19515719235570334,13.826000120879497
248506.35485666868,173114.89366720503,11.101950011085616,19219.128956677123,162453.21997561658,46448.45379224881,214378.4085688688,0.5507732547903074,0.08965048805511121,0.8075201920887107,0.2166657272172412,22.825973136871003
118505.46327733278,135429.7623034762,5.80575098547903,7862.714759565976,1665.0338219940625,18173.074392638955,326974.2444235441,0.01218211615648468,0.0240468932757317,0.41419091752085546,0.05557952867106736,42.69066369533339
28639.814177618377,45368.13881265478,17.715331100007205,8037.116004572673,17492.39344748566,29847.619720650655,127521.46863278061,0.29907951642931213,0.06302559161796428,0.35576863487433574,0.23405956691576277,29.552282703283492
130538.75449422338,68497.60012764928,10.576106744992607,7244.379307258379,94142.70728328566,8565.876095890146,48936.00327693824,0.6767762286841988,0.1480378212797855,1.3997383427495744,0.17504241299425718,24.320309224158315
147588.45868070604,69935.91012571332,19.83675958069814,13873.018352210875,103536.73140665697,0.0,531363.7921724429,0.7015232243237196,0.026108324572684995,0.1316158743895314,0.0,11.884223448215101
220232.49732126138,89671.42060978606,20.684931216161957,18548.47167368952,174081.43561530043,0.0,166846.14337876238,0.7904439069287823,0.11117111428570503,0.537449765357898,0.0,11.588528224302767
99755.19740744731,71117.55164827246,4.439763567538386,3157.4511482052962,38183.52767889979,0.0,196949.71282013418,0.38277231333561734,0.016031763149047404,0.3610949751077886,0.0,23.918756654675082
35472.70000939684,12218.718750087144,21.793055258707714,2662.8321291125717,31005.30834574626,0.0,512660.0195898051,0.8740611325761176,0.005194148221745836,0.02383396068190321,0.0,0.0
65064.327039255586,50121.87036467629,16.78040916700332,8410.65492934766,130053.93745049523,82597.99641329215,507785.8372114321,0.8807523436558204,0.016563390140094884,0.09870671194755383,0.16266305666752962,1.6581400065693357
82667.22382119352,38463.42795014453,13.367060067873322,5141.429518258995,61584.257818423954,1984.3974927689724,177793.5672864749,0.7275024017557264,0.028917972661939573,0.2163375679850624,0.011161244599876642,12.474654054531332
170733.69174327925,92631.17524471588,11.01149695070596,10200.079037474983,173796.81527303727,52245.094956214554,88588.33037035006,0.7794320609846237,0.1151402108475552,1.0456363141450393,0.5897514349553725,24.9542995412
141867.25818021293,132374.3822515618,13.333326386974832,17649.908438342416,26491.26583071359,10375.573444384068,1077596.2621524562,0.17400665468464363,0.016378962194140704,0.12284228045404423,0.00962844231072152,31.05032917292413
81031.01394777093,34470.12381306972,9.843245031612,3392.9787496204895,62081.18684626828,0.0,230558.3718630072,0.7661410591046426,0.01471635457087858,0.1495071444794515,0.0,7.139400953316769
660929.3658254718,415959.47353299335,15.208380646537869,63260.700070232575,326626.52305663796,0.0,119497.57830990535,0.4941927835945007,0.5293889714331457,3.48090295565859,0.0,44.01393037611206
154624.9512700814,101256.36608592112,5.673644976006242,5744.926727320352,85484.9319216659,10745.113757089164,172709.74928170964,0.5169311139087996,0.033263476736045225,0.5862805458698237,0.06221486512358163,23.490593930796035
55619.17931351999,45373.1229876128,15.180206852412583,6887.733924919187,41598.3508932481,20952.70684402888,121762.63168358359,0.5432587987666686,0.05656689437214105,0.3726358601177486,0.17207830148150277,18.852295511124833
31101.45069373303,28930.772115165568,8.956207302491993,2591.099924845776,5206.864218674817,1734.4695854386498,419557.2460309221,0.15857220307535005,0.006175795911899964,0.06895548197261576,0.0041340475032835364,31.90985681195563
39883.24388847388,47617.984561424935,4.317426922942235,2055.871685617437,16706.82657862425,20264.86060691924,143574.0182538003,0.27776148091090486,0.014319245993263265,0.3316615717841728,0.1411457369055201,29.522825677859327
57346.02740927114,49535.50831000504,13.948703790931797,6909.561325495008,115166.52351067126,78564.37353373735,337227.13347383175,0.8473709349070658,0.02048933979397947,0.14689063658588702,0.23297168506114235,9.770892770754253
41274.73124314411,39917.09552890307,14.412059605348535,5752.875600349425,6265.021235954376,3341.1302127247372,355063.10787477554,0.14042138897511444,0.016202403101756104,0.11242253741264811,0.0094099616057636,31.223803984582027
45973.761818187064,19886.36189167455,11.678242084807648,2322.3774835706877,34783.199902016684,0.0,338049.04328505957,0.7565880738577405,0.006869942482317114,0.05882685452508556,0.0,10.13623340457136
65340.87723231698,39731.692669179094,5.301152185905703,2106.2374944295234,55228.593849410194,15812.260823919753,255546.31438488537,0.6805478527661912,0.008242096934559037,0.15547746311589566,0.06187630160889141,12.269973950424442
43560.36504943305,57570.874541343765,20.080173150475446,11560.331292144814,23907.901042257312,31941.435273603693,372432.1407288985,0.3166533902498567,0.031040101075916086,0.15458084371738168,0.0857644434529472,24.203351809532318
355612.7174033873,183542.41593633452,15.005754530102,27541.924394025173,229427.06862273705,0.0,113157.68764128981,0.645159909628563,0.24339419590592157,1.622005713992358,0.0,23.723789449061968
27545.356888800023,24403.294269497055,6.0828393922414525,1484.413196829568,11139.38164154462,5212.473611855498,46921.68670054586,0.3400524842852981,0.03163597264316372,0.5200856146804536,0.11108879450820891,20.167630004394553
126511.8525169054,95725.77503269199,13.196750378694658,12632.691579135177,41048.103312284555,0.0,357647.03747653496,0.32446053469021346,0.0353216726420221,0.26765432116566185,0.0,25.32186602050787
94245.83347339535,58419.142380556346,12.950577687072487,7565.616418115437,50692.913721145545,2192.9941980201506,149108.32689938706,0.5256483819345612,0.05073906049003181,0.39178993953822233,0.014707389209054062,24.498172810156028
620796.324902388,413377.826725102,5.087233638272686,21029.49585431996,276557.99756971473,0.0,49525.0993484372,0.44548910242534023,0.42462299179584706,8.346834880971246,0.0,57.213696487622066
32824.10185461074,41198.480331692204,14.923474664853055,6148.244774604555,32486.05258201133,32738.91791358996,47053.74917485383,0.4954935373151875,0.13066429099533391,0.8755621189418258,0.6957770313249786,31.203599153926127
91088.69906136456,46378.55833391551,18.54987518058816,8603.164681497596,59613.52096993207,0.0,56221.33871138877,0.6544557292422376,0.15302312037893273,0.8249280326105183,0.0,17.842252666180137
538358.9496190073,352447.3276917187,17.482144976472608,61615.35279276975,315189.5450761743,50480.53687984223,275235.0995298871,0.5352724338346324,0.22386444497090421,1.2805319099697432,0.18340879112462424,32.632319100621096
315936.6092952232,209575.19565696627,7.6534494549553,16039.73166972959,141815.21818434258,0.0,248349.89936392795,0.4488723813954243,0.06458521509696778,0.8438706687368459,0.0,24.7655224368595
269799.45510542695,174161.01334427646,19.521265531975807,33998.43386811603,127517.92234820068,0.0,66027.09946573697,0.47263965858778967,0.5149163622696863,2.6377201899449294,0.0,49.24392489726134
59741.26253002569,65197.05125529987,10.165758981868317,6627.775093898937,6379.475892344959,10240.39564453289,362827.05056540406,0.0911592559929393,0.018267036825315754,0.17969181502234022,0.02822390345090031,30.432978521989423
43109.92991797313,25106.25565791296,21.037150809254943,5281.640865312251,38836.25220205211,11123.514891478908,84454.72234468389,0.7160941433556799,0.06253813544915064,0.29727474036853907,0.13170980358067677,11.724447013559768
180683.93980226753,90722.27010082598,5.291463356062847,4800.535678173567,119948.89293525541,0.0,308494.03161767486,0.6638602914377567,0.015561194662342782,0.29408111925244823,0.0,11.08251542984044
412557.7642439933,207202.69477687572,12.751756393357168,26421.982878418585,273806.7592894901,0.0,145781.06786576606,0.6636810236531057,0.18124426762155232,1.4213278706921406,0.0,18.962555104838774
137047.56328571134,118564.95717424984,14.748238789195884,17486.243004366203,55319.858132875765,23007.28748819532,261715.42500373648,0.34563062515999937,0.06681395643423216,0.45303006948313074,0.08790955858970426,24.686615011518967
142159.13421878798,90940.85406834634,8.457701772542885,7691.506226504166,85948.36971727916,13242.997137517732,111449.76561309918,0.5530707266827435,0.06901321132612727,0.8159806668777566,0.11882480922832218,22.648593032156107
64271.254621597625,27432.043642813995,17.8848433969641,4906.178046104129,66584.1259231048,13098.883463544964,101750.82682745701,0.8605920523216821,0.04821757423577239,0.2696002037342814,0.1287349093070002,6.261627288557461
235121.06376181328,142776.63771663595,15.284122236592907,21822.155833908047,123125.90139356977,0.0,356400.74802070344,0.5236702293857477,0.06122926496394556,0.4006070091310302,0.0,8.636182653530827
46061.69732191063,51028.12583526124,4.3259698711832,2207.461349462852,55669.53596629564,46718.580488072344,31469.279887402314,0.6000147583121993,0.07014654791470257,1.6215218784109726,1.4845773610083333,38.21790664881832
73663.1719678849,35107.12081717646,14.950634632532244,5248.737363377721,51408.068200944595,0.0,687114.2169756946,0.6978801866332485,0.007638813509753626,0.051093573600760334,0.0,5.968350485541728
98121.68251047458,47612.033121653156,12.846608219532035,6116.53136049261,67346.19918509523,0.0,213034.18160359538,0.6863538971409908,0.02871150213759584,0.2234948061539135,0.0,14.580560038934696
121272.74439670477,135584.39609566552,7.528525630663138,10207.50601124201,103064.98148855919,91610.38781538015,126967.34646875261,0.4841387874069828,0.08039473372592013,1.067868234365547,0.7215271513760901,30.909449360060705
56641.887535440874,30685.648694260075,21.923468087071534,6727.3583987969905,50433.41724641934,11868.824093633706,203021.44442228877,0.7361391532388697,0.03313619611928259,0.1511448644333024,0.05846093809157573,17.609834346735983
33297.49082162032,24950.197270502227,20.14891950689707,5027.195164845523,28634.277019791574,13128.414213725593,48571.529957103645,0.6167736955906653,0.10350086088054737,0.5136794598098352,0.27029031667975173,23.58688929505557
156479.9486144035,64708.96718930654,9.265138510523142,5995.375438818225,122361.30856679592,0.0,154897.82684972248,0.7819615845370552,0.038705355399432234,0.4177525824948168,0.0,9.173927552208033
66084.50526548128,75452.72221114178,13.739276574375094,10366.658187483714,100799.74825170674,84968.02813444058,782096.8595492388,0.66731584027679,0.01325495437158325,0.09647490753847154,0.10864131097957849,11.166313132575189
145567.96024386655,178399.43064185782,9.697038518385234,17299.461505920903,39826.83057172313,62701.593326783615,73281.70843546922,0.19122732962604103,0.23606793393953895,2.434433291070905,0.8556240658881159,57.306271803490276
40149.712915601966,19693.760733915602,17.958923529449407,3536.7874302766377,31603.31834147732,3246.536574421628,255604.30400096995,0.7282499919432586,0.013836963521018084,0.07704784475710891,0.012701415913596307,5.910060921844684
113418.20670427913,57458.822900694504,20.74596579753619,11920.387746644974,74612.51173811284,0.0,127758.19963735719,0.6578530370582715,0.09330428716498121,0.44974665472581715,0.0,17.12912396347024
129082.08721936167,115822.12108000797,10.458914924458904,12113.737107461815,17679.954852471594,0.0,215236.63334018225,0.1369667568392068,0.05628101926457849,0.5381152793676656,0.0,33.910403999331535
22982.197718568197,18423.521601925666,18.500516484585294,3408.4466510053903,6078.234822190043,0.0,66268.83826338919,0.26447578672074534,0.051433626125424584,0.2780118391196229,0.0,27.38956910739362
76557.54020706349,69326.8181710962,12.971335768837687,8992.614362824464,18261.029114950157,6465.049800245323,139436.07697689752,0.21995253476605062,0.06449273787525166,0.4971942676111192,0.04636568914167376,32.808235690032944
36652.399024789745,22063.34183616512,11.138414103608392,2457.5063788067464,19452.0762514995,0.0,730000.5057769986,0.5307176820361239,0.0033664447618307106,0.03022373499958239,0.0,17.228840504305367
24820.838815878735,42415.56657317687,20.891593337777856,8861.28768038255,21737.14851779143,33897.5891456417,64108.559416505275,0.37019295768674687,0.1382231602306312,0.6616209591859372,0.5287529380501801,34.14477954641091
705180.1967092986,547118.3732696155,13.187284396942566,72150.05587098999,210749.09791957765,0.0,207128.45739678465,0.2988585029798507,0.34833482939901433,2.641444735049278,0.0,46.87247376301682
73369.50337791303,98813.48442900952,12.413389004634368,12266.10221120676,44367.69220408847,58719.75020416285,179273.242194704,0.3358917625840005,0.06842126611334928,0.5511892528930267,0.32754330476373517,31.419885227638602
264010.5920654848,121601.61591539986,16.103819235322177,19582.50441424676,189878.6348667799,0.0,174855.01193782827,0.7192083975921796,0.1119928116284682,0.6954425530486751,0.0,16.38483471902358
59083.32514401021,60622.48507229671,8.70221561832912,5275.499364180644,21084.180651807754,17352.295417142315,196869.80119141383,0.2758423428372548,0.02679689486276947,0.30793186514855214,0.08814097089614528,26.237876318080225
186621.20265305272,162636.90180082252,9.846271674189683,16013.671193794078,69699.52618005556,28290.343782811495,150573.9714964171,0.32431727069097194,0.10635085888117869,1.0801129848972102,0.18788336059452787,33.12936090750024
229209.9334242313,111454.06120487623,20.77682505229521,23156.61531021516,157007.82962580677,0.0,28073.62851442417,0.6849957472620095,0.8248529504590879,3.9700625498984348,0.0,49.35362567768698
150816.98912537095,83422.74421823598,16.213537217864964,13525.777681987984,134649.8256994956,33593.12436748671,439639.661779156,0.730165082321858,0.030765599325709565,0.1897525438915966,0.07641058641420193,9.394074405249658
110678.49660679077,51851.633192221474,18.8794686598781,9789.312838160404,86337.44546184847,5926.220681817064,340781.43534772436,0.7404284103545745,0.028726074318489937,0.15215509946811934,0.017390092496588336,9.68590867846389
94613.67202580666,44703.358754097615,8.880011714837734,3969.6634942898077,113907.30251037778,35520.163611074284,59445.435329013846,0.875308884525767,0.06677827275246336,0.7520065839652286,0.597525502412088,13.916850566119011
79356.49525559622,76645.54178280244,13.788223418737697,10568.058541514753,14048.325874794295,7825.290933301939,120975.27033688396,0.1611383121281269,0.08735718062117588,0.6335637157029282,0.06468504605536805,35.30272093401829
412883.40723311715,226867.26468037316,21.485132805810967,48742.73310948885,248021.52340365865,0.0,289971.8252369726,0.6007059597423439,0.16809472116697893,0.7823769240165704,0.0,24.83868054036528
281341.0606712697,261162.60012463384,9.736670182507916,25428.541014197606,26904.614062181154,0.0,729725.85500344,0.09562988778810923,0.034846704196986045,0.35789138939499776,0.0,32.81818623169328
517976.45841235376,319161.78301204427,6.888576573706754,21985.703816792462,265086.23386707937,0.0,568372.4378023653,0.5117727448069618,0.03868186131931566,0.5615363479729877,0.0,21.453237984028632
34909.28127541584,14118.218598079497,13.195948148043952,1863.032805630068,27721.41690311512,0.0,438315.5560693057,0.7940987579895371,0.004250437338654457,0.03221017005348345,0.0,7.827938395931437
211882.70451907613,179084.79070025106,10.980779597047771,19664.906158628874,43730.551758433445,0.0,56035.49594434949,0.2063903793265784,0.3509365952281153,3.195916939471821,0.0,50.70345143923355
432919.0897891861,186384.3134119747,6.872390190160844,12809.05727092319,328713.0351696152,0.0,467610.6017730776,0.7592943876179843,0.02739257241464165,0.3985887246894017,0.0,11.323676725803233
44993.37145511965,16837.827975430955,19.993924888660622,3366.5426782895506,44579.808113215135,5279.312605222647,404329.79096857505,0.8867600556140187,0.008326229611290755,0.041643797591802006,0.013056946886293028,7.485864128929762
25321.54762087453,23423.35494084732,21.833030389968002,5114.028202585267,6021.023634330452,2617.5750457206273,110163.10552263675,0.2155051075218395,0.04642233149041369,0.21262431582444993,0.02376090464500166,30.418726538605924
217708.9729782933,127493.02210841818,14.234479252419959,18147.96778030598,120287.93449316685,0.0,115312.8457936424,0.5525171188289063,0.15738027845382116,1.1056272285272777,0.0,25.80429573205212
143164.07162980046,85636.00698335483,17.944181830722172,15366.680805663129,76704.08619526084,0.0,135883.14830796956,0.5357774846862795,0.11308746520087709,0.6302180075285485,0.0,20.110079710816883
291611.57119822165,102668.4637347376,19.46269065183339,19982.04549368173,340527.45957063074,66452.48721448904,217172.37528183818,0.9510238505371937,0.09201007019308868,0.47275102830872623,0.30598959526159575,14.579670645645663
37583.73696212889,25676.101518924625,16.617676108392885,4266.7713876770395,15876.847257605683,0.0,79402.28948991661,0.4224392926547972,0.05373612543274186,0.3233672691791244,0.0,21.229795127828762
252907.51665478022,231593.91577051746,4.794808884011162,11104.485648194099,28418.134512350367,0.0,29178.8518707555,0.11236571727182484,0.38056622986333355,7.937046899457768,0.0,60.578005260427034
48776.96596005344,23491.13688588526,6.837416170902721,1606.1867921644123,33714.43876555758,0.0,52405.64664389072,0.6911958975301677,0.030649116937318744,0.4482558348246959,0.0,16.396203044654804
41807.2798448277,17876.07194993843,5.277805440724956,943.4642979617581,41968.00777965302,7544.797939850491,129404.58900846523,0.8503797542781952,0.007290810203802275,0.1381409429674015,0.058303944223778145,6.202512032928289
41916.6984839926,21988.303768811522,4.177832919557018,918.6345933056041,55865.39299434135,21970.650030574932,84632.07193510135,0.8744359296990228,0.01085445000105921,0.2598105335962101,0.25960193964556066,7.00304546304221
267765.49238460127,202316.52286687534,9.507935357630258,19236.124211987746,87265.29269030123,0.0,285300.64435650676,0.325901937225574,0.06742404755297579,0.7091344757499535,0.0,27.188044423444488
179132.04585239533,132162.28925780652,11.062407288668076,14620.330719726175,73886.5133230699,8445.128397713608,45307.90471562402,0.3938992770226518,0.3226882993484465,2.916980824589568,0.18639415021991476,50.87873691046306
126056.39345190665,55678.8657933302,8.338535182046662,4642.801813141384,96215.33205627586,1783.971383630446,474016.4018844286,0.7526209126519161,0.009794601610164029,0.11746189703981054,0.003763522478417111,10.582439837038265
81669.21025171022,78151.59315971378,5.162883665553776,4034.8758376129053,24529.795523596942,14879.729550701273,431244.8427625503,0.25406592318670146,0.009356345717123316,0.18122325280245774,0.034504133325703956,29.15575226028385
329580.40009414987,189429.71411928773,13.537535635060197,25644.115052291232,197541.12697121841,8005.159253551676,455960.85917711264,0.5851586997764849,0.05624192194604598,0.4154517000892526,0.01755668078176457,18.622274033530474
89746.91245461674,66729.36366677046,8.91974775922855,5952.090920414227,40605.65022934264,7436.68888416069,267203.45796623774,0.4178240944971083,0.022275501094623926,0.24973241055586184,0.027831559294791558,23.20059180779264
269412.39942721045,207998.18640792713,18.32866878754412,38123.298670807584,81885.61735904441,0.0,45370.35991102823,0.3039415317674277,0.8402688174739585,4.58445087973324,0.0,72.48689505533343
101741.23216708205,65927.38871357538,4.144947189255062,2732.6554454326015,47751.79127134223,0.0,128769.68463423323,0.46934551758644927,0.02122126378731636,0.5119791113944273,0.0,20.910770052446235
85967.93487266057,93576.4691240124,19.165486923176985,17934.385953133344,22411.733742102057,24417.334557928356,50358.17380147938,0.20303192498157302,0.35613654347025747,1.8582180817935734,0.4848733128049025,45.35412383084382
108174.15898494038,45313.38590138097,21.185566221027226,9599.897377126681,105313.13505453155,16124.078207339255,816656.2701238587,0.847261694400544,0.01175512602832365,0.05548648502326259,0.019744020583952398,8.669395388868338
68796.79131459631,56842.80578089436,16.890431136764253,9600.994966626613,38349.390756808134,16808.05753390416,97904.11138372279,0.4479815252600601,0.09806528889268733,0.580596718335006,0.17167877116035613,27.45295805031996
221516.5969405409,166899.88786597946,17.205593174726197,28716.115715294636,103962.2038468746,23354.94381059449,183449.2412675325,0.4245581316962108,0.15653439347517714,0.9097878340231544,0.12731011395427305,29.88152969094
119790.4223543394,135530.19135048837,20.804121608849197,28195.865825261615,26699.33801542024,35764.27250771415,297047.08364406024,0.1716395512144285,0.09492052734322619,0.45625827962306753,0.12039933894981128,35.96217505595793
54636.379649559785,34922.42821121282,7.763283135406285,2711.1269797954515,26285.26858446262,0.0,481022.7106049714,0.4810946251024963,0.005636172513322143,0.07260037299962754,0.0,17.5533616383613
359750.97743258753,311698.996102604,21.90218022775438,68268.87589449342,71604.2090890271,5651.175486786831,278572.3336304688,0.19596000876553815,0.24506696341587642,1.118915837909727,0.02028620506975117,40.07687725473761
87649.7613538067,94402.09304574593,17.922661660813752,16919.36773731563,18731.79948313771,20801.181304292517,227032.7967724776,0.1727214077077347,0.07452389248532884,0.41580817568111805,0.09162192247113335,33.188952577721864
132642.35732666453,115314.27938906928,17.078272749900286,19693.6871536473,44342.38658375656,15928.712000222169,137918.55842268214,0.29845909290855444,0.14279214761868095,0.8361041523916092,0.11549360856430274,31.39599349364518
370424.34130644397,402717.0529975762,10.499630421915269,42283.80221077414,38714.35720915514,61328.47959799856,192378.94438225188,0.08966787322444288,0.2197943353237106,2.093353065694071,0.31878997878343945,53.781691338898426
161819.8955785996,164142.13529383478,13.823994737300989,22691.00014471319,36827.463088634795,29942.8370317113,42801.42287672423,0.19204702909336108,0.5301459301964642,3.8349691262973558,0.6995757388241983,61.71689002705884
33647.192378666965,19893.38115921062,15.770520188920246,3137.2896919721675,18338.414959275124,0.0,412629.56242050795,0.5450206588678724,0.007603162685602679,0.04821123586617241,0.0,23.438058701534292
436592.50258983136,302795.5210503661,15.166171503709887,45922.488028050495,183300.5216576979,3678.409703808206,166259.36155630247,0.41633575269093687,0.27620993848517333,1.821223889085047,0.022124526819877994,39.23763714214029
163211.53934022394,132230.7863114828,16.689723492596453,22068.95260747256,41307.67070498818,0.0,32373.282751479972,0.2530928319895319,0.6817026489679568,4.084565267185879,0.0,58.27321683638765
76173.9473326964,45234.59547732412,5.482871303411391,2480.154654640431,46238.9102927103,3739.830864160432,479411.0733106058,0.5786099886155672,0.005173336188322799,0.09435450700993105,0.007800885445416969,14.735763990580711
37496.523092463874,25574.08295913633,10.401671790970543,2660.132172959888,32348.26341918594,12338.757431061913,145955.82585391466,0.6491036687134784,0.018225597761492445,0.17521796618610555,0.08453761512343892,13.741495735711217
252000.20935204005,127852.00902167977,11.812000298718589,15101.879687558532,165530.9337738137,0.0,390296.77716828027,0.6568682391155072,0.0386933240830918,0.3275763893037608,0.0,15.790486566379684
160166.32613442786,78935.74652265401,8.691327361749396,6860.564135724575,155423.22501501668,35336.83914948865,374942.9353302947,0.7949908370501605,0.018297622089294648,0.21052736052519014,0.09424591269698074,6.4241075911108965
129362.07870735423,98430.18443505422,7.107290864846028,6995.719506603706,50482.101371577875,6929.681756383393,329464.6654710232,0.3703973094177572,0.021233595707758797,0.29875793901701814,0.02103315615492875,24.31454845942417
351495.4995804668,219990.39053519754,6.500694638431531,14300.903522586173,195234.1105801598,14920.473889850544,36406.436638177525,0.5328209595534331,0.39281250358870784,6.042623526206493,0.40983065819202485,53.881950747419786
248098.5020544108,144907.75187145232,10.594901060618533,15352.832939946973,137587.66691061133,0.0,76080.14109495383,0.5545687127141009,0.20179816597323952,1.9046724912168127,0.0,27.945556572701204
39673.69801895113,34618.284748892285,12.881950610126186,4459.5103434251505,15882.696575951266,6856.6091619046065,400090.1478672261,0.34134089238263154,0.011146263828783616,0.08652621148866857,0.017137660595881607,21.26263217982624
71034.38270937007,41568.836921839444,5.133575922639893,2133.9678035409916,67642.61156317292,21266.41288484907,437658.3181819386,0.7328497130246776,0.004875876259831263,0.09498011392658803,0.048591359975039765,13.067906660184873
57850.44278232569,28464.228844657657,21.03624570262989,5987.8051171210345,60920.506848927005,16304.166199027213,135270.9408319529,0.821533653616139,0.044265272942543406,0.2104238254690545,0.12052970208347911,4.219298219842308
219355.20928026174,197122.61947121724,17.774379811493652,35037.32307917949,29643.453078726012,0.0,129380.65852790268,0.13513904308901872,0.27080804409125203,1.5235864596307114,0.0,46.091903700607354
20116.13097867569,34255.953354354846,17.155331917338398,5876.722499388191,44101.64887733142,47216.05903367773,59657.62704907564,0.6549861050002993,0.09850747993301633,0.5742091170702308,0.7914505046410376,25.73762861410824
141557.03345792147,52551.22874146394,7.1114894497970855,3737.1750876879423,121536.21874978491,2146.35934588116,646889.1335730399,0.8457435581616196,0.005777149272930212,0.08123683953570447,0.003317970938893219,5.31879816087154
230612.05737896683,177390.79311792977,14.8684138242194,26375.197206838708,70961.68568138273,0.0,68146.5399079475,0.30771021466917825,0.3870364840601795,2.6030785034361195,0.0,47.07856562443882
329050.1016578907,184577.67247014103,13.535049042556015,24982.678490442,192629.90558366623,0.0,63138.08040915821,0.5854120834885538,0.39568321254851213,2.9233969622454334,0.0,42.51012720193273
77801.1890317639,43567.322003166184,21.68443922416049,9447.329461370871,45645.15603813029,0.0,219572.07873010103,0.58668969724222,0.043026096560226,0.19841922641138415,0.0,14.4190546104127
273271.19453115045,215212.25899477175,17.458091861442846,37571.95387239355,124083.05789079251,35003.35788171568,75073.54666115175,0.40250827361387415,0.5004686143572844,2.866685651154103,0.46625421920859966,49.44930339561415
32586.5827648166,24308.898904177815,14.36371390689216,3491.660692511745,22719.103691064825,8761.643907659834,527765.9784469838,0.5494577523487328,0.006615926064022514,0.04605999609089948,0.016601380660121456,14.802736111502396
296061.59358175314,158509.9553984063,19.3146279964622,30615.60822256033,183803.34017904435,300.8669509364413,26974.044280308946,0.6201977802744364,1.1350025196225293,5.8763881956744095,0.011153942946407713,66.87270906016262
35456.94457921063,11487.190681360658,6.791696875492771,780.1751705878686,31959.67186379996,0.0,26038.577696175664,0.9013656490452024,0.029962280570434322,0.44116045105826973,0.0,10.283942793624242
90947.19468147964,63871.792354333214,4.273897534437589,2729.814958632944,66785.772951103,23013.92738618083,151530.75905051295,0.5860399734520977,0.01801492301456074,0.42151040986365995,0.15187627601409368,13.997927420573742
254400.80449897348,79219.80797486033,16.42420000146142,13011.219702564746,233574.66203215087,0.0,145519.47761249694,0.9181364913218792,0.08941222107196024,0.5443931580472984,0.0,10.841216362704635
39363.26848806243,28337.898450224355,5.769606284270274,1634.9851698142731,14700.493383784096,0.0,57105.918836794604,0.3734571327135161,0.02863074797004783,0.4962339986370313,0.0,27.582663966505137
54058.95336671264,65649.62050417319,6.0778055197031655,3990.056258666819,58689.34260876944,55607.67409403763,147804.26947151846,0.5351613701239639,0.026995541285332717,0.4441659279458346,0.3762250866829872,26.647542798995637
207156.4646467358,120849.30156417897,17.40425307564155,21032.918284374948,115076.21744340913,0.0,120481.38616456007,0.5555038682459114,0.17457400644151816,1.0030537115427638,0.0,26.092307426524016
205964.4257987542,106994.725067095,8.869627194411803,9490.033231137202,148195.91296902514,12177.233995109651,422849.516949853,0.6793563096066337,0.022443050898087354,0.2530326292882672,0.02879803217690275,13.131973463152379
168726.63131060862,124804.21837176532,15.315361880240072,19114.217685440923,58563.21725179105,0.0,26673.460672650363,0.3470893527411337,0.7166005911276331,4.678966104302069,0.0,67.59736801347647
192600.25636314254,73332.75944721469,20.513324669669473,15042.987034634862,183031.03746252798,18005.78118096812,698381.2586519041,0.8690683305989877,0.02153979198077647,0.1050039051574351,0.025782165483256167,7.936200369971735
132370.3651793457,78172.55115331706,9.69654156948145,7580.03391850554,80370.05502332203,6079.727241462871,201258.02814019346,0.5804983847828957,0.03766326237294443,0.3884195421951724,0.030208619738775436,24.527495693385116
58512.55488891149,83672.36548740993,7.908594841118538,6617.30838037915,43687.28095560699,57925.271315203696,54644.20796415812,0.3751983558935849,0.12109807474416194,1.5312211230564778,1.0600441194645491,43.37806945848057
78627.47906898952,64472.76699173652,5.918131907338931,3815.5833948822415,18872.94943633733,0.0,33619.94533881334,0.24002994449024342,0.11349165968087553,1.9176939861738684,0.0,39.485357295004455
45060.19117747978,36324.407684414036,6.34832250555507,2305.9905480392317,11647.711324087655,0.0,164035.44020247468,0.2584922748820684,0.014057880084894258,0.2214424373146288,0.0,23.889116426694592
373631.42089854775,315257.75161120686,5.120008516819169,16141.223732426412,80980.29063730619,2361.5486906387355,73192.4586822941,0.2153771404975631,0.2205312408275624,4.307243632566622,0.03226491817810753,53.01053462086091
146341.3581954898,122584.80956431659,5.577562818935323,6837.244759921993,31675.398174897615,0.0,89501.44921699143,0.216448709821212,0.076392559223767,1.3696404989724393,0.0,31.874446697629903
91836.84892185335,61658.50311222795,11.77608259856477,7260.956255534593,105329.17510281138,48818.53551748315,75618.26760716448,0.7488456664681684,0.09602119283206972,0.8153916383345721,0.6455918267143403,19.46464227826367
107986.1259481745,124028.31588627628,9.775570810431455,12124.475844448543,71429.79835585497,69614.53870499301,214056.62264015092,0.4021933053873908,0.05664144231982448,0.5794182602552755,0.32521553337792086,30.453680950746257
456423.56054958166,267732.64342301316,16.718094657813964,44759.796757326876,251587.8895020913,0.0,170148.53419561064,0.5512158250532755,0.2630630758527073,1.5735230672937524,0.0,30.140625090480253
39970.4325192751,26604.406096592207,19.664349848446033,5231.583489935197,17821.368563577187,0.0,39612.81680716136,0.44586379081545136,0.13206794950742837,0.6716110653303139,0.0,29.1196971920767
147366.6913662831,114354.64694241673,18.12591765656292,20727.8291412357,127953.02734398757,62952.72608412429,159578.6927558028,0.6083747705993835,0.12989095714021612,0.7166034823797517,0.39449330607350225,24.508595365294042
120749.1661189766,57136.841891351374,13.551470619981739,7742.882342091901,104549.28380128533,14799.638623338778,306939.2935612186,0.7713036201244151,0.025226103351761297,0.18615030102020977,0.048216826368589434,8.718126713042945
156801.64770046092,117113.33842876708,5.843958092187762,6844.054418139173,84132.31845307718,23410.929568114065,40242.56577323423,0.46685042591501724,0.17007003123770076,2.9101856747578565,0.5817454508252287,42.0888805944053
17741.427060974587,75373.97749425283,16.775811110947963,12644.596091244284,60919.72424346412,103322.34361587634,421882.8605465208,0.5032035918166955,0.02997181747289772,0.17866091406655138,0.24490765868523126,22.28357180687538
323504.02838110446,221848.50463643315,10.530917045083724,23362.681989021494,138296.04462059354,2066.5097207738204,180425.8395787659,0.4247805880313335,0.12948634210912116,1.2295827756954067,0.01145351311984154,30.021323393898044
418498.2805036878,261429.97051923993,5.5417070904773835,14487.683212897653,209424.41331259717,0.0,566494.0552353414,0.5004188142912853,0.025574289931213776,0.46148757979575405,0.0,20.88418933361987
139907.31959150964,77540.94291412941,19.16439532982726,14860.25284253944,86234.96482677867,2309.846942703749,53860.21259039134,0.6063611512470471,0.2759040881541286,1.4396701978105952,0.0428859603706025,25.887807279278938
193930.61107889374,108679.62134776378,10.0878973092851,10963.488597682297,132498.15416406133,14122.62589191605,933280.6007390445,0.6368473574032931,0.011747258636899289,0.11644903072206018,0.015132239843764729,12.40083211351911
398620.4036768439,318991.9983477727,7.928478985208284,25291.213553499114,106171.20710542827,0.0,211046.43750406706,0.26634664489352083,0.11983719721879564,1.511477768212152,0.0,43.00656858872136
199259.61800887773,157642.56846552616,19.68613716313918,31033.732255619067,55489.39939113545,0.0,175868.7173972186,0.2784778970552036,0.17645964964608238,0.8963650318178719,0.0,37.83198947457992
39826.57636861826,17808.184553219595,20.23840963204609,3604.0933379113385,29357.85575386489,0.0,155352.95779684832,0.7371423413888445,0.023199386667773218,0.11463048277784946,0.0,5.931632441544872
143805.32247788404,84723.30509469492,10.101475069448078,8558.30354215304,78776.02317758549,0.0,29308.953279934693,0.5477962972455386,0.29200304290676155,2.8906970605701447,0.0,30.479784099406828
154983.12855510224,111076.18783837277,10.386425547064722,11536.845550350348,74037.50725809186,11621.189726839422,530334.7452450432,0.44439128602176714,0.021753893467831728,0.20944542825880585,0.02191293297494549,21.43030372888623
97781.17558842317,32000.56868449143,14.433313496496593,4618.742398894365,87707.47587190899,0.0,210905.62406083144,0.8969771057067669,0.021899569627229012,0.15172932835238911,0.0,7.592355865983799
215023.5455825088,200842.3315468353,17.20194688859185,34548.79120249616,18908.285380898025,0.0,42297.93237091368,0.08793588315956095,0.8167962183005844,4.748277759433585,0.0,74.52371283183128
423551.5328643712,274230.49408311665,5.136685634323542,14086.358394501924,199094.71837500605,0.0,28811.46075466906,0.47006020029860157,0.48891510619499395,9.518104493840218,0.0,58.83574682901761
404681.4319581176,272589.8360528405,14.68018582939249,40016.69448459331,178969.66812420852,2135.655187879351,34381.33327567298,0.4399266249600292,1.1639075821677838,7.928425400701824,0.062116706491730664,70.2474071201082
104904.64444554265,56962.41251215537,21.15076111210447,12047.983794137488,82377.36847001189,13840.794419121641,194210.8745723353,0.6937308014322844,0.06203557767127054,0.2933018691027999,0.07126683533864904,13.782138163024753
33026.80568276763,27368.232877699556,8.717690149239166,2385.877741600049,32507.412398750013,18721.98649399444,196352.4121494628,0.6281772198220996,0.012150997868994484,0.13938322721936794,0.09534889991442186,16.997950666931924
643376.098368106,404611.54965329025,20.35888985374481,82374.41972944335,318352.7316197543,0.0,149646.75737455295,0.4948159131606558,0.5504591023196531,2.7037775943289057,0.0,43.366181190306094
288857.7166227664,131737.1369425743,21.103030133735686,27800.5277063121,252263.56497526844,32077.09405125924,90949.7348330217,0.7860274316938877,0.30566914524107425,1.4484609238766426,0.35269035264534715,24.158131820553145
34971.89395755951,61424.33806285693,8.844765537479615,5432.838684608543,14075.155622536788,37008.8108222,161572.73475982662,0.19554067531851432,0.03362472444799741,0.3801652435614369,0.22905356449658767,34.625924212974915
395446.19114449143,242441.43202706391,17.57563358593631,42610.61775357359,204006.34548990335,0.0,155732.94945423983,0.5158890136214811,0.273613374066958,1.5567767314283243,0.0,31.47391472086566
320913.5896840295,192002.93591597027,8.29795014975208,15932.307908367646,171880.87169074567,0.0,28529.1731681872,0.5355986072761176,0.5584567002500345,6.7300561002613355,0.0,60.94179507171995
124732.70789529738,49498.528586642744,17.27700091117839,8551.861234934164,100312.23907820618,0.0,84749.10058724182,0.8042176007467895,0.1009079881164139,0.5840596330068225,0.0,14.37685808037488
149207.06802436124,48176.974312094884,18.353559483198865,8842.189637575771,134706.79161635516,0.0,34837.34546987049,0.9028177646005442,0.2538135302307419,1.3829117477897774,0.0,18.547716718696673
91374.72651135204,37363.20058796479,8.44970266679169,3157.0793564799897,72228.4735932686,159.8292715641961,439744.08509942074,0.7890842204398301,0.007179356046974942,0.08496578317708908,0.00036345974165419564,7.840577111532968
23447.722386494068,50605.51312107805,16.88565178449823,8545.070729383802,29076.312173544215,48965.02486474215,257523.28212357347,0.4015358245236004,0.03318174053592335,0.19650849703288115,0.19013824482574784,26.808633006558395
76239.73294511117,91553.62121953302,18.617881699553617,17045.344890310076,38860.151460125984,44459.00186951632,1024121.6986878779,0.32195989063024144,0.016643866556239225,0.08939720868802319,0.043411834674021606,23.95225197693787
258571.1866599268,204241.53654230636,10.454419697924411,21352.26742762236,104239.56873664999,23850.026434867046,89760.68246099044,0.36909256069820184,0.23787995859882138,2.275400887588714,0.2657068304402894,42.24569826037775
15696.417609951433,13949.29892651905,7.018649967815085,979.0524646165594,5080.492776966962,2063.250899292837,404390.41785119235,0.28606912197277,0.002421057526088146,0.034494632688483025,0.005102126084629613,22.509967137168708
75857.08448852532,103203.90478278397,5.655362211715245,5836.554632100147,21723.079177387637,43639.129677299374,191312.02648286807,0.18178884853408458,0.030508038304757637,0.5394533040087046,0.2281044766477723,36.92646553051956
91166.71422820173,48546.44727552096,14.356870664978954,6969.750647788744,91882.29318724308,26291.452937751543,133636.4378661114,0.7822554651089118,0.05215456771432089,0.3632725329311681,0.19673865419918335,13.088639576981203
130632.45361858227,55515.90604322449,21.60576614768284,11994.636834466408,100155.3967671437,0.0,70317.82116915158,0.7666961309597322,0.1705774814269765,0.78949980417737,0.0,22.325110664064265
393588.82142295624,241852.69081836037,18.813105760399893,45500.002508031095,202314.84080612782,0.0,266363.5679144026,0.5140258813110887,0.17081916594033902,0.9079796186544591,0.0,32.99636654690194
78776.56663361851,87192.94496520795,11.84511350082195,10328.1032958381,53760.64493862465,48736.86203555793,447077.37359694886,0.42160771222066673,0.023101377760953605,0.19502875814022858,0.10901214177637046,24.90395772462387
78915.97289377429,37500.54462161139,13.659176251389255,5122.265485096774,55220.571029550534,0.0,73290.87901155441,0.6997388361907517,0.06988953542621916,0.5116672787578299,0.0,15.019991446392027
215626.34274983485,144134.29935893213,9.031501937412742,13017.492039078237,95322.7245212036,0.0,59712.124824102764,0.44207365067539556,0.21800416711722398,2.4138196351832453,0.0,34.208431043831276
105281.6660238509,96226.40038237652,6.935185612481144,6673.479474727077,56560.738933729954,33365.28855882308,239462.40898821337,0.40794793584884165,0.02786858907385148,0.40184344920339,0.13933413891474447,27.18700966979084
53157.3710554088,55951.71835472515,12.67746084818092,7093.257188304738,35027.46787832292,29064.94820805853,703797.0829465252,0.4260092416766231,0.010078554401800052,0.07949978724048844,0.04129734111197914,21.67972308759117
105342.35258642327,59898.18653810545,12.343028191009333,7393.250050301714,114823.32226289294,40673.32564885189,274500.66069908056,0.7863766661952427,0.026933450839327897,0.2182078046207999,0.14817205009732104,11.966586870446994
37772.98828970805,34270.81458747902,13.394739150467684,4590.486218733242,12117.013826845867,5585.586667905365,85279.57525361571,0.2794606104718904,0.05382867122733017,0.4018642738962985,0.0654973556246523,34.2545091132022
44108.17548121451,23612.70220606489,21.150482540150932,4994.200457351589,36002.585478632966,6506.465833825106,123037.05822590481,0.711307727235344,0.040591026227089086,0.19191536717913302,0.05288216353384174,10.001928398849625
118483.20642042265,102663.95025487001,14.8701154026059,15266.247879773087,109532.5313213285,66330.14232544375,112304.33627479659,0.5926656925195635,0.13593640625254422,0.9141583812370557,0.5906285057697243,23.882704112143085
96431.43243840105,46801.3815753675,14.903893059202728,6975.227860222181,121621.6235055598,41586.1667661363,369013.34054113744,0.8812037320350771,0.01890237314996092,0.1268284271423247,0.1126955646241746,5.400509762802218
384493.91028792196,334205.54682537913,6.304445731499382,21069.807331266784,162589.2858412128,71653.60091836682,290617.6676802673,0.35644014676577557,0.07250009092512377,1.1499835832178877,0.24655624515299226,34.3997903403183
82505.18745595924,107242.31613601634,21.93679959118277,23525.531967700565,23888.27386483511,42653.33407868342,185038.41343036,0.1908641423047097,0.127138638575468,0.5795678537655504,0.23051069930804496,37.7894922180034
145335.35756779078,99233.71795937371,17.911208996224033,17773.95861842693,97837.01945030737,27276.12497931346,82874.90072775478,0.5668048151061356,0.2144673292196709,1.1973916962550324,0.32912407423468193,26.29183820472499
165058.6158776772,161556.37422305424,19.789660193692086,31971.457479991986,47137.6639618543,31851.006316767765,525478.4573763765,0.23938730589461313,0.0608425655346938,0.30744623676806354,0.0606133436483664,32.40399839536639
16977.141723848883,69140.61761264692,11.457407412957894,7921.722247716279,18423.82722292207,65981.3463059896,215681.08131452446,0.22208489643995674,0.03672886930756876,0.32056876380279364,0.3059208805141792,28.438862323481253
178390.22955539834,71883.32459243445,13.038305724141248,9372.367625038414,142009.20661728518,0.0,659063.262900677,0.7960593299936576,0.014220740485198096,0.10906892955322789,0.0,5.525561587071504
44408.796029887235,15940.776394658122,13.397508564920976,2135.666882789223,37957.35951363882,0.0,181200.26619429083,0.8547261557843949,0.011786223760285583,0.08797325042318495,0.0,5.472734442101673
501899.74084086396,322405.53873014625,7.493701707212893,24160.109359969898,239325.60281429024,0.0,334860.4448333459,0.476839462824454,0.07214978577715847,0.96280568130584,0.0,23.26809811417661
39142.035646527016,39131.51099742299,16.41080481388523,6421.795890511119,25706.205098139617,19269.12917450069,326897.86248556746,0.4400906089940792,0.019644655494786667,0.11970561905754477,0.05894541196442183,23.798142223550578
95325.16718049103,63014.992229976284,20.25358102511422,12762.792509267676,43080.233267352996,0.0,99065.73480130984,0.4519292705333925,0.1288315534616004,0.63609271516899,0.0,26.442863392719506
28382.01564757547,13073.542815347353,6.946704726491542,908.18041667363,20411.29710963749,0.0,623466.1859145638,0.7191630560383093,0.0014566634681902088,0.020969128896974176,0.0,15.26723880273058
880212.2422726139,643808.6889912116,5.553728922750961,35755.3893676887,324243.3478778083,6778.957626953779,28993.437098072653,0.3655541880398833,1.2332235480306526,22.205324840013844,0.2338100723975362,73.21762286552236
119632.02984873392,116347.19690287407,17.28794029972616,20114.033940973713,4379.7772611464625,0.0,288535.637267413,0.036610406650161964,0.06971074398803692,0.4032333683448753,0.0,37.1109647555474
150722.89861334185,129310.1970880352,8.917632970113678,11531.408769241603,39606.80102578266,8292.39924403037,631321.3573420709,0.24907541324299337,0.018265513490292873,0.20482468331571213,0.013134989253242184,31.49278203691572
25414.807624238125,19901.850652720193,15.229525749111929,3030.957469705822,7350.609295357242,0.0,99495.26318616248,0.2892254548622654,0.03046333436029705,0.20002812209745566,0.0,26.36607063994402
222920.43828239985,169934.1400517458,16.523650083859252,28079.322675165793,92773.43236552953,16593.776043493086,212998.89806916015,0.3873399857567458,0.13182848798611396,0.7978169915065414,0.07790545488223669,33.79420431043887
50340.42573753948,58821.252895693324,9.794393744472792,5761.185114036308,84060.74872655042,71526.38870306665,173688.3162500207,0.6897755481047619,0.03316967564901258,0.3386598141179592,0.4118088668676246,18.0914479108091
357497.22852174455,148791.51129634777,18.67260275366412,27783.247835540293,306568.97361620766,21221.012986758964,283014.9911792141,0.8094909091125048,0.09816882038572669,0.5257372080411397,0.07498193964333551,5.254729868580137
49438.324224125005,43351.6907413977,13.899801678055903,6025.799037138404,16441.78692807341,6244.706713327756,387023.94425932335,0.2952746402497742,0.01556957683502096,0.11201294231126467,0.016135194749458508,29.268416926759084
46735.564471322374,31240.050568330724,19.64198934313245,6136.16740342071,23864.49923952672,2402.860526653392,191307.62857035693,0.48565861116854697,0.032074870454860197,0.1632974638899024,0.012560191899350712,22.45268956852642
20585.151278650825,8701.172153041265,17.739283946061054,1543.5256348635842,15845.305500812745,0.0,329614.1986300415,0.7697444282202655,0.004682825076343374,0.0263980501726124,0.0,11.16200370839399
110817.8689943196,84665.97740831954,19.634361376674168,16623.623967442767,34869.18878133341,0.0,92388.68952158274,0.31465312496778625,0.1799313752963165,0.9164106325865883,0.0,27.334543035832564
139806.61555142706,56642.279902281545,4.362904878122094,2471.248792936212,110885.78086552735,0.0,71715.66225538644,0.7931368657210549,0.034458983089856364,0.7898174278942427,0.0,10.061801532667559
25195.04102687347,47584.73494935814,8.383112693294706,3989.0819556102847,13241.945964291004,32321.153395702924,126392.37818320504,0.23022986999107237,0.03156109579509717,0.37648421236590973,0.255720747249914,29.765194110723492
239100.38903975586,182236.72280150384,5.620142928026896,10241.964288796697,139451.00433933566,47724.58701624969,228829.4897387802,0.48618849814566495,0.04475806112441359,0.7963865278445351,0.20855960073471994,22.125119635063964
105575.19754404326,74287.45025687183,11.957494309408286,8882.91763706996,54412.200857070115,9521.403355631157,62319.03384542281,0.47275245690790885,0.14253939910402494,1.192050737518423,0.15278483583760633,34.34905653787979
126473.64818888954,64519.354542862755,20.019282189075728,12916.311652505945,82605.72486136905,0.0,230296.38815832802,0.6531457425660454,0.05608560236570459,0.2801579089399609,0.0,14.907525100559926
102177.22076813705,92101.80510088266,12.415724720803645,11435.10658421668,25698.262841686417,9198.281464010424,115185.37128138685,0.2307353262310934,0.09927568455096446,0.7995963730141283,0.0798563338528458,33.89337723676532
91814.7301912382,77496.41500389985,19.29483480244709,14952.805252821297,131011.27329049328,83940.13978053162,310759.98257583583,0.7454204444607233,0.04811689435969225,0.24937707346211518,0.27011244847153837,15.041960464661441
138024.51857068122,96734.5320383832,9.889208284347722,9566.279356164794,95518.52282934765,30348.905589712733,31755.650316967167,0.5673016588315974,0.30124652654502543,3.0462148018646484,0.9557009630345121,46.78234134026995
40305.45101414333,25582.97855694848,10.112261310494544,2587.017642686417,35322.74689769417,11769.587716075785,223462.2428329166,0.678304764796966,0.01157697877677142,0.11448456899305781,0.052669245447768735,2.5115217554715414
45120.76293129382,31027.138218087115,20.120111145883797,6242.694694866117,18791.499617608944,0.0,213876.63586911646,0.4164712295805612,0.029188296652872286,0.1450702555330748,0.0,19.939493047219447
311842.39924442105,197553.33508970053,11.664708637210628,23044.020941305953,160860.04360466855,6355.96854878087,534242.4653777056,0.5055338426789542,0.04313401205389765,0.36978216426511834,0.01189716085988643,16.084439601984958
453136.75638970284,237499.52205665875,18.215778780303992,43262.38754212025,334966.992874358,35588.01032272441,249919.8205167025,0.6853898465748463,0.17310506806813653,0.9503028673981715,0.14239771079039334,22.35939751896706
85095.32812127078,42431.91914378478,8.259583861874225,3504.699945883567,56884.54530331468,0.0,311400.9278217294,0.6684802392705691,0.01125462268336572,0.1362613767421919,0.0,11.699186833323042
62359.7048538999,39419.96005650612,21.07841493419744,8309.102747605251,30586.32639652504,0.0,447924.85567271156,0.490482218736996,0.018550215828336443,0.08800574372525864,0.0,18.78306915204365
169923.48976416857,142455.98772679773,14.34240843755028,20431.619603523828,48918.86969019175,9221.65023027297,227336.17444077338,0.27306836061368783,0.08987403634192306,0.6266314108488308,0.040563936878754134,24.891285621232242
93823.43514108694,92951.12645478875,17.667824234411235,16422.4416459374,44547.77858486487,32538.525252350468,86687.20953330073,0.3525410530682021,0.18944480661393018,1.0722588367443269,0.37535555046158053,34.64408744607317
18857.122309897055,34761.222570585225,5.611282596307939,1950.550432367116,46277.48159733449,50612.21145868903,391926.8207274502,0.6661569801646937,0.004976823042492282,0.08869314558790689,0.12913689184309554,16.566309442559223
40467.540494926594,27814.148640080886,12.867956064949517,3579.1124268453623,16871.189139794278,0.0,272797.6231958404,0.4169067092651557,0.013120027898028755,0.1019589112039778,0.0,25.474408878496657
203802.48897795682,207285.30597166618,20.21869295921242,41910.37956397519,52583.03897344835,42920.0962237956,124433.37451508568,0.21312616731236675,0.33680979662650057,1.6658336782993532,0.3449243130394425,49.03352005764435
176347.46734763036,94713.93302446576,19.78669532277948,18740.757355772457,117161.23772416347,6237.393969958004,248146.13610360344,0.6416810072789827,0.0755230673748956,0.38168610848295365,0.025135970553068904,12.519795870826421
19120.478682666013,11960.631694001151,4.842651230216096,579.211677871163,13247.96141175634,2776.124070152394,389067.8449642435,0.6050235993823808,0.0014887163906449129,0.030741763547949767,0.007135321271300454,17.84682106763367
52648.94608000575,62003.05603736318,9.466572444321042,5869.564217469957,35546.85433647732,36014.25070971543,693755.9736556653,0.40092006180176787,0.008460560255129741,0.08937300490638717,0.051911986458210345,24.187523531284928
54414.23684263965,47150.56927141946,11.979760116623442,5648.5250923384165,9684.890094960248,0.0,572902.7581608086,0.17798448819502788,0.009859483152903458,0.08230117345356666,0.0,29.076968757070823
182162.20842417778,58719.970091402676,7.100766658404188,4169.568058075232,187239.3950960182,16987.30798923857,95835.10756576144,0.940195077889751,0.04350773076780971,0.6127187789830507,0.17725558431269028,1.4987673767851568
17986.10719382091,10997.535490062499,17.139969597819466,1884.9742395061182,9318.095605011215,0.0,123577.29584781236,0.518071837590984,0.01525340254918264,0.08899317155803571,0.0,20.554571457822856
31490.408790205922,22507.785951841975,7.321215920776808,1647.8436085206206,23998.14607828183,9015.986720347424,45882.39097456816,0.5924532601778765,0.035914510414986715,0.49055390257054526,0.19650211178717417,17.312035015455386
256352.76409443622,166690.93100394207,10.23951449865795,17068.34204809657,120919.3713964287,1027.6954568273934,76194.36470880703,0.46980789298165293,0.22401055659859975,2.187706815864755,0.013487814495926965,36.23517781181471
44501.6564177678,83979.38552594534,15.939051463440729,13385.517477661722,31903.07681323488,63405.036718103685,410316.388730509,0.29565429062925586,0.03262242953316002,0.20466982999575487,0.15452718550744357,27.85514518949963
173654.86333808652,99885.3555506921,12.67760820144064,12663.074027332685,109515.99103632371,8367.485489848368,105570.87910475617,0.6016623329031361,0.1199485514823395,0.9461449634380479,0.07925940904163029,26.880887473766023
55807.29333134928,67428.56977110056,17.29427869542809,11661.284776555309,17102.840901218457,24448.407115665115,199427.1009279971,0.2131043752151901,0.058473922161489986,0.33811136729829694,0.12259320324017638,31.237099824305876
30711.0050227307,18011.85335515422,21.301742222011473,3836.838571121677,18522.576290657144,1192.7805504163787,222372.0433785064,0.5805761278137259,0.017254140911008648,0.08099873114218625,0.005363896163809178,15.511071155976467
56792.92746171709,31168.369761875547,6.0978403788735545,1900.5974367762622,78132.26131770239,32974.63828843524,299045.9286059089,0.8703840932388188,0.0063555369091178055,0.10422602945031263,0.11026613350717156,10.779417479360525
207164.22196455477,132448.02434415935,16.772218895165096,22214.472565323962,115226.57280448714,11703.731982969912,61336.861548993984,0.526466167048437,0.362171653461267,2.159354440369662,0.19081074067706144,35.88116151551208
305375.4506180894,281959.8510762033,8.146194801378062,22968.998730343,122500.41917562018,68459.71483982902,90443.4277296983,0.3276856499724066,0.25395984326234045,3.1175272560309875,0.7569341029889931,53.58760893931999
280987.6499963346,284225.03514464403,11.460581093336247,32573.84064031538,83295.9753970705,65709.36669611224,132067.0118766823,0.2402558181542183,0.24664630612473637,2.1521274018832153,0.4975456456716717,46.65358620103898
90921.37342126327,63061.92103947725,4.591529064312517,2895.506433041408,37145.93650904802,0.0,106698.40254628322,0.4085501033617351,0.027137298815560113,0.591029664311258,0.0,21.326701288269774
180431.51676068924,164601.17380375645,6.446332881268581,10610.739589865598,113596.74449502425,69367.21541433538,757416.917948607,0.4547530866386914,0.014009113525749853,0.2173191143519257,0.09158392659383686,21.210827787165567
49409.01154934712,18101.03625031282,9.755991202880194,1765.9355042106738,41743.96706537906,0.0,349261.1981839254,0.8448654558427542,0.005056202960400742,0.05182664534289487,0.0,7.890362687052059
67040.03829187751,66674.84274119945,10.155744495183729,6771.326671361771,70300.82155859454,52360.42061826785,142598.36568635292,0.5887818371912568,0.047485303486965606,0.467570875867201,0.3671880835817945,24.732662811609153
354989.79429463565,183158.95375732865,20.192533896317723,36984.4338215895,229107.787383076,0.0,405553.70529732434,0.6453926030135964,0.09119491041137211,0.45162687793235423,0.0,21.373348000507246
16963.07825944275,19387.68615764793,17.352632366797273,3364.2739033650896,8221.639865897154,8590.837797628044,101892.14254390114,0.3217369833858485,0.03301799156805013,0.190276557873877,0.08431305479641481,25.26409384836245
28408.07094456737,35280.75239220982,21.49929342736674,7585.1124801839005,25223.616676903344,25790.393955319963,302375.9249365788,0.46539356277885613,0.02508504101897274,0.11667844389267998,0.08529248471328965,17.59968948693078
49957.54203597228,26562.999511857077,14.783287186034329,3926.884503062729,33977.69965577898,2088.732217719033,70573.26444596458,0.6528363488644753,0.05564266488011765,0.3763889869682224,0.029596650149552036,14.68949752397662
19033.580283647534,20727.153597072484,8.350847177643724,1730.892921167007,1731.0887226889204,2991.8898554416405,291368.16296432744,0.07859485912251708,0.005940569839742314,0.07113733149908398,0.010268417197687934,29.285801703193066
45030.45049354092,41422.59767559893,9.897790538589572,4099.9219535734555,4810.4704239226485,0.0,134735.17145297368,0.10682705527480017,0.03042948555570319,0.3074371541513685,0.0,32.906817376781895
146215.309311655,135530.78673114392,9.757046619255409,13223.802044801336,14246.0301073481,0.0,45471.04081641278,0.09743186383433333,0.2908181076873042,2.9805956559987967,0.0,52.738319887115644
97077.94775517005,68327.13772085503,9.876897897938528,6748.601629272694,38334.413379086705,0.0,82454.17786384841,0.3948828159796481,0.08184669114542929,0.8286679885848779,0.0,29.551079274742737
349779.45312327414,180559.6101435607,16.113355116012684,29094.211178519996,291359.70201554836,49299.933531947834,117632.29624196919,0.7300795574973251,0.24733183069616624,1.534949294640566,0.4191020247580482,19.830717374142836
270104.38545292174,261882.30922714755,13.554542705627492,35496.94944267716,89046.45290676528,58562.763454299755,274024.600007746,0.27093201496661273,0.12953928020211963,0.9556890484275673,0.21371352591206894,32.93633432943997
77740.92077535481,210553.48649732675,10.937635205559598,23029.572265664785,64682.466479100076,181324.415581297,38640.95208330033,0.2496762684995131,0.5959887379591146,5.448972531614271,4.692545235179672,78.98449413816915
60048.93782209178,42926.20614772776,6.683615837116899,2869.0227123629807,22830.308899152024,0.0,218946.07254600347,0.3801950496908346,0.013103787060442296,0.1960583519428438,0.0,26.56244145427014
86630.97121628067,59430.17273228469,4.398504932958627,2614.039079295375,36267.731311994634,0.0,251589.23321706752,0.418646250905459,0.010390107103828327,0.2362190622084738,0.0,18.446696074743965
148847.6625214958,118370.4058299447,7.939024196578467,9397.455160427438,61822.514499056786,15889.629182741483,215996.06953473375,0.37527941524042074,0.043507528542857395,0.5480211102216833,0.07356443669076262,26.924719585392825
61809.25647229093,53779.75728228735,5.934485271436262,3191.551774931513,16280.190742963028,4180.643867218691,282383.8745957754,0.24670730913675462,0.011302174316788203,0.19044910889218292,0.014804825074389131,27.326695027392777
161784.33683206313,136221.52740664163,18.13801055534031,24707.87501966245,34990.99283186391,680.4351984764374,60319.60611088108,0.21537587745659975,0.40961598744931765,2.2583291932681995,0.011280498039487254,52.207621257398245
93995.40589197168,32494.65062061223,6.024963240649937,1957.7907550695134,99879.17672949257,13408.627275759987,184220.43491137846,0.9299387907855601,0.010627435311458976,0.17639004400485855,0.07278577581368958,5.933167337450479
135460.10497722667,161764.4734114522,17.03610827152305,27558.370835234116,26178.140928688368,45937.97413074183,534881.966211516,0.14431322016980724,0.051522340583709865,0.3024302250404968,0.08588432034101506,33.75711053187074
100938.80926366682,52792.801395737944,10.941856415969488,5776.512526689581,64194.6771572385,0.0,194851.87229434628,0.6359761683888373,0.029645660873935515,0.27093812737908063,0.0,13.17266564137028
67319.99628934998,27864.691885995286,5.320811015387967,1482.6275952739543,67610.98770398292,11252.936374632493,195107.3718114707,0.8604870075694085,0.007599034221559783,0.14281721714195666,0.05767560841066546,0.66255623006984
459790.0831728305,214930.6573793387,18.629140889768543,40039.73497850271,368971.4523093091,31869.163438489995,265025.11750769045,0.7504617371734252,0.15107901981154992,0.8109822170840161,0.12024959648424728,18.20885472033302
231338.17555989543,194411.49764245236,14.43335026425904,28060.092408726854,49235.570556590756,0.0,97948.86550810802,0.2128294235805592,0.2864769516539637,1.9848264360587142,0.0,46.22849554191271
37643.17471845313,14751.157172671654,8.243707231544315,1216.042210580001,31102.12451592354,434.57584116118034,242000.87229346405,0.8168057214207082,0.005024949699790168,0.0609549752150627,0.0017957614658272343,2.1310637424150265
319275.7391578986,279267.93963563046,20.104261137988022,56144.75585902591,53343.7326963575,0.0,471350.69653115387,0.16707731328742217,0.11911461311549165,0.5924844106328212,0.0,31.39149892300597
115248.04944928747,107175.87894686186,4.814649649669926,5160.143080245749,49862.21736279277,29324.49251966898,26971.94740918444,0.34489410425874306,0.19131518395622507,3.9736055139409965,1.0872219226440971,56.49076785950035
352430.92354346154,229105.99271152145,7.632752947559732,17487.094411724636,164433.24110925346,0.0,392396.33568276034,0.46656870928346805,0.04456487694080401,0.5838637415226685,0.0,23.720960864835668
256307.16808948506,214035.33480862167,17.536844700505497,37535.04426959497,57951.099307591096,1191.491199829942,69404.48010582273,0.22505398462086595,0.5408158697012694,3.08388355452381,0.01716735285695168,53.21973826957144
98063.4928887911,60819.31911332233,16.768802745578007,10198.671653316644,49658.89836729169,0.0,134559.7001943249,0.5063953659452796,0.0757929130236482,0.45198762352687977,0.0,19.708728994436704
18408.83842163102,36544.50808083938,9.206890487040605,3364.6128380305863,14472.625557613912,28990.1388274188,369321.2399056344,0.30533624136170656,0.009110260863659729,0.09895046407343619,0.07849572592907492,20.114991823055725
61935.082166473,28703.101997406302,5.116447756350096,1468.5792181491743,77458.39433505901,24861.815582227562,337618.98389069375,0.8924097098414862,0.00434981232756934,0.08501625609624816,0.07363867782469463,8.98356853934337
132013.16335196944,102319.68689049238,19.44540530004899,19896.477817597337,78783.32503872352,29394.017317565576,425491.50010832166,0.4881029747990237,0.04676116400100141,0.24047410315939055,0.06908250178930118,16.906291039170558
165554.59979018045,99841.55155640384,9.646557485258246,9631.272665062244,167549.0423223643,59948.73350799659,532668.6700343243,0.743000291267618,0.018081169790672355,0.187436500723743,0.11254413274227973,12.855060723331642
59738.201989340836,27918.443614846867,7.522841468708774,2100.260253675777,77792.50292700308,26524.618820758344,131682.60619784196,0.9018080117998595,0.01594941286718091,0.21201314601035287,0.20142841630053518,6.301351672530077
37511.16282460733,21302.829242694137,13.289112802497588,2830.9570081850666,21611.111442550926,0.0,217270.91874201654,0.5761248069967597,0.013029617698383705,0.09804731054683265,0.0,19.520389609181443
285208.06307435874,95546.13549111265,20.384089587084052,19476.209855505116,252882.57011099477,0.0,114114.5724927056,0.8866599611002718,0.17067241659035326,0.8372825083073429,0.0,10.043362039461764
639093.6244780851,307934.65270608367,4.783838401180756,14731.096166696228,441545.2956960019,0.0,102739.51001416326,0.6908929752766494,0.14338297082267046,2.9972369214495282,0.0,29.573262874152835
126884.18204581304,72904.83656315375,17.78447358455598,12965.741400437788,95329.38017692929,17517.689650037675,126685.92553795553,0.6601672059882899,0.10234555532021755,0.5754770015183037,0.13827652579125152,13.271964896729145
43253.229549011085,27335.45228677983,14.304518102896761,3910.204720871127,21223.70301630834,0.0,269615.5868079688,0.4906848167778858,0.014502888231221343,0.10138676554426823,0.0,12.87995693545661
62681.47075933993,68263.79097840503,11.658084097932704,7958.2501606994565,12278.330176504207,14791.067851443257,150285.9101812004,0.15848622488272535,0.05295406702533963,0.45422615397610505,0.09841952471532162,35.575111761579954
17784.283111614903,17261.59663048446,17.39344799389108,3002.3868328385693,11093.130956340901,7797.161736125233,327819.30768041906,0.4336397346735819,0.009158663820269865,0.052655826627857616,0.023784937474538397,15.138164528920601
383533.2791540336,311191.86497760366,21.38483963994938,66547.88129802834,96455.21890190658,0.0,271122.79738876084,0.2514911329589433,0.24545291631306776,1.1477893706274656,0.0,37.388427504097415
33792.15657693045,14825.416746651164,8.125711800928439,1204.670638119455,25288.98644037238,0.0,28724.389391608733,0.7483685269627599,0.041938946784761795,0.5161264368245237,0.0,15.470093753963825
143886.1003302234,112426.41015947888,6.585652571298153,7404.012771485929,41946.25356099268,0.0,204081.30671946038,0.29152401423573665,0.036279720521702793,0.5508902895943597,0.0,30.69815853104762
63042.19929041893,45096.72649673467,20.431871414008548,9214.10516973995,40663.553209056205,12552.19211310789,128268.55069359533,0.5379175948648363,0.07183448413438749,0.35158054139444195,0.09785868823833715,18.466832688004377
136175.3273110478,67773.33718283116,16.041155394231467,10871.626333354401,91202.65350428883,0.0,134793.32760395837,0.6697443311148894,0.08065403923625031,0.5027944512354402,0.0,11.323762238837812
173083.29509790405,138959.4969143345,11.883748388115388,16513.59697469048,45498.39757809272,0.0,332044.07956877013,0.2628699525991615,0.04973314686452744,0.4184971377740057,0.0,30.66385060447914
280565.87886335404,281979.63442601915,14.318672264757096,40375.739706821856,215444.84026370582,162997.38576044448,167777.11376854876,0.4857138934768011,0.2406510566305297,1.6806799693491843,0.9715114421702474,43.73279615567852
49680.379125680374,122547.54925744719,17.421050293172392,21349.070189190083,61625.42565061672,119086.23936972936,415284.09689240577,0.3651517474250565,0.05140834996800112,0.2950932871604701,0.28675848716784097,25.14433844288733
16658.509444754578,9860.221359467985,17.91457417670291,1766.4166694289963,9064.384113715456,0.0,249567.26454044183,0.5441293618601419,0.007077918142356176,0.03950927369270483,0.0,13.92002808169611
37081.21060310858,30689.742658620904,20.558095254741364,6309.2265291942795,8521.957259316898,0.0,169870.9887122882,0.22981874433739463,0.037141283376411406,0.18066500284283596,0.0,27.213495158208655
360415.7293279772,113300.60613688506,11.683170200121207,13237.102652741254,329486.8309214562,0.0,277830.3458895411,0.9141854922253524,0.0476445530467864,0.40780500695172717,0.0,7.948472765462309
325590.20280796837,190671.26788096887,9.281396380349111,17696.95615547,215865.14978356007,26979.927410670545,32038.67193246785,0.6122615936003877,0.5523623511228,5.951285005910106,0.8421050494084059,62.38124369186421
151476.64652947386,46743.572393690265,15.513956802217153,7251.777628970211,141837.04790339016,1644.7117917590238,29942.291801950796,0.9263047915616749,0.24219180271624177,1.5611220644989117,0.05492938892713175,13.132887668553902
152637.55777580204,73057.93224705031,11.483102187031546,8389.31701566106,106106.16737166897,0.0,40665.188444534884,0.6951511077471537,0.20630217974038492,1.7965718355565319,0.0,20.31527947216794
179060.13441112687,123454.76523249269,14.702772171081602,18151.27286647706,74140.49223817891,0.0,128586.45134365183,0.41405359424086186,0.14116007306218553,0.9600915488565391,0.0,35.85757273820451
43923.30429578283,35625.63076244629,11.559744372207103,4118.231847125167,56333.57171502069,33952.50525292899,73324.24792036999,0.7233770286494895,0.05616466535868953,0.4858642505428173,0.4630460756965602,16.456119088003277
383731.43411569524,167915.03396302677,6.7539241602071405,11340.854047448891,306435.37304941186,14010.129634390436,772293.8098092258,0.7704383976374053,0.0146846367320364,0.21742377296084453,0.018140932189850464,10.383626244290753
96391.4451519477,45575.72012474257,12.449681529861252,5674.032010471333,67754.3000362735,0.0,165673.56164191666,0.7029078143757289,0.03424826480603505,0.27509350117823245,0.0,10.554108101038608
87466.61989918027,57353.51963181393,16.43652079493859,9426.923180912283,47476.8139094108,5494.510164691754,220469.22854507144,0.5107168326889989,0.0427584531552216,0.26014296875034837,0.024921891372103606,21.151388142166244
124757.53989340215,97731.62356322876,18.3871085380177,17970.019700537752,36034.55510689787,0.0,83836.00753322816,0.28883669185595706,0.21434727427132533,1.1657475879262633,0.0,38.95831820556052
22215.699643796583,9233.9131039095,12.879872982337844,1189.3162790829936,17309.048719849445,0.0,94895.52838725591,0.7791358812632646,0.012532901173483681,0.09730609293018676,0.0,9.429485664492553
42279.25575739085,35923.971748286065,6.974282023787216,2505.4391038711133,56252.54314052846,35834.123346291555,98559.35573363154,0.7201396711549586,0.02542061162252686,0.36449073231946544,0.363579115138877,20.20249805632183
215930.8635635945,169411.8051829572,11.464378773689768,19422.011033519608,103863.05001346594,31378.229129462157,240958.12183357083,0.4199726297260479,0.0806032636946529,0.7030757207676507,0.13022274945824414,25.827855006906454
27964.241350776538,31117.230838740288,18.15329071915057,5648.801377905699,8675.263574505669,9659.437168843007,140541.22269799,0.23057988787517938,0.04019319932945544,0.2214099909007361,0.06873027702057381,28.768413520656964
153630.33284776733,76360.86580977589,11.431466871107311,8729.16707753524,109819.85860949356,5095.426919128718,156247.9103797499,0.6918842837531508,0.055867416443007745,0.4887160770610372,0.03261116841015428,15.563118681928506
57225.00504006612,68132.09140619033,16.537554284876002,11267.381601720064,25874.717678196623,30313.124624771688,186369.1744873785,0.29558225401050514,0.06045732419383081,0.36557596820178245,0.16265095720979644,30.608701171078767
88971.33853877826,81753.54083544399,13.129846270205617,10734.114232143567,46205.63196953801,27436.42627381923,288614.0607478217,0.3969291227601829,0.03719193099716152,0.2832625015690994,0.09506268060097035,24.850403376863238
66097.8287931219,32956.15599537102,8.342016251969142,2749.207889158153,52095.532809530785,5929.976809397212,42049.074235670574,0.7232697480333733,0.06538093737212358,0.7837546151590191,0.1410251454327326,12.44329883881034
80932.27165842803,95872.54031155418,18.330709144415337,17574.11651387334,28929.710348571334,36637.55141455466,295003.2852250638,0.24606407998600896,0.05957261289638081,0.3249880428904754,0.12419370647551656,31.371011034504637
205434.59799580302,198380.02408714476,5.515842173272366,10942.32903194661,33697.50315638882,18218.553458633378,174104.8258589668,0.1506685818520819,0.06284908518739404,1.1394286350674854,0.10464128934249803,36.65725885585783
67885.73094083264,61547.007942236145,13.448025089592711,8276.857069965536,8451.630664795326,0.0,224066.5536802904,0.12449789591514508,0.036939279575725424,0.2746818163234418,0.0,31.196533671756328
140346.52960585532,94468.06268601827,7.760038616381289,7330.758144582301,133821.67486336103,54487.78922768371,96429.42595774299,0.6868485781383028,0.0760220033643544,0.9796601166890258,0.5650535475712691,22.09449820375764
111953.96800353925,57561.158268534404,5.207181313744762,2997.313877334171,79963.84380223184,5580.073116669036,119786.9239790196,0.6803462472667692,0.02502204562710988,0.4805295632987129,0.04658332421697691,11.680887172474073
178449.88846390176,116943.14103757216,13.05281086749848,15264.367022146293,82782.2167332651,579.915123619231,72318.39333409668,0.46239349580024514,0.21107171106011627,1.6170594456837277,0.008018916030672002,28.83228555052331
429288.24712694535,190578.8442212112,12.992118806828625,24760.22986190061,318279.20387431217,0.0,722971.8617106023,0.7414114083123114,0.03424784721678678,0.2636047878409656,0.0,3.3784139486820477
212835.79068825644,167561.28031545255,16.724216230162973,28023.310837985788,97999.33413917478,28224.99023157719,148690.78332336037,0.4065337122249061,0.1884670334747179,1.1269110066563721,0.18982340129445566,37.78293843751619
51299.3419866071,58549.615142069466,17.405512474934287,10190.860567578915,38443.8527611702,36083.16272634003,1022357.886631341,0.43994908234158375,0.009967997215884645,0.05726919692964845,0.035294062087429766,22.069227456054655
19751.951823638676,13881.603507021013,17.100246796472142,2373.788459008325,7827.131088823549,0.0,146126.49827781384,0.39627127276891294,0.016244750178679494,0.0949971680059662,0.0,21.66131768366595
60625.39530083819,100493.70595624203,11.37205719250159,11428.20171620822,11785.94401064296,48707.76866338606,69665.65329731007,0.1077984353814139,0.16404355913288313,1.4425143697047953,0.6991647441461194,45.78278145893252
150609.0977809646,108223.37183921726,15.370416170078126,16634.38264497883,56514.301255663115,0.0,152469.5500004299,0.3752382962804384,0.10909970315339637,0.7098031825955551,0.0,19.51507127585809
22919.291714966203,19882.601881987302,14.385014367591285,2860.115137374849,4048.9197773052,0.0,32272.144694356535,0.17665989977610314,0.08862488577881843,0.6160917432135893,0.0,31.927397739710344
117885.89340392833,106548.21033717063,11.588111610104553,12346.92553244029,41932.876968781005,20111.97465982805,448262.47159568785,0.3038661216810074,0.027543964339661806,0.23769156931181207,0.04486651445131041,28.7258405660924
151264.32599813404,80995.37970851775,14.749828495347877,11946.679596162165,114250.96494113267,15419.277416233215,332219.7753454235,0.685436135293466,0.03596016999211042,0.24380059743374186,0.046412882557039584,16.302362031659563
76024.78169071506,75618.39141622292,21.050461780712727,15918.020584261758,7216.685237748349,5006.123653819135,257915.02355308767,0.08906089851845818,0.06171808204489991,0.2931911075767872,0.019409973040165708,36.96422691947154
236047.4938720102,173254.3394213265,7.472087386264793,12945.715642057328,83724.20593424494,0.0,194409.5774489373,0.354692204356306,0.06658990679333988,0.8911821202164417,0.0,29.1816069857024
31907.8372147017,30891.85365722318,20.303897724139475,6272.250371653434,14329.179931009037,9730.901390778254,181079.07349009148,0.344130980209934,0.03463818458291729,0.1705986951546533,0.05373840943200276,28.98902429153267
26716.57586883705,15114.560288710923,4.96219925169757,750.0145975437915,15469.354106834837,0.0,1055035.4722163489,0.5790170934621423,0.0007108904082326355,0.014326115743728742,0.0,13.838192901483858
210397.11153245892,170880.37701462762,9.551005832229892,16320.794774803511,52688.979357108416,0.0,83630.7854991917,0.25042634365719346,0.19515295327414153,2.043271218781978,0.0,44.58582464616474
117625.53399946028,62981.63421559401,9.18661447500751,5785.879925446042,72858.53304515504,0.0,297284.9304308011,0.6194108589168177,0.01946240570304595,0.2118561278041445,0.0,13.712713388347613
189906.39835997115,159418.57542122906,15.274571941856303,24350.50499139808,58185.95715161641,13151.64492497022,181753.1556409943,0.2865483987254172,0.13397569305204318,0.8771158600190616,0.07235992617893164,30.605053190715484
100593.5998693286,48081.145887455175,6.362049131991226,3058.946124584277,72152.18709713132,1601.6863409750656,695452.5612300371,0.7060226530277743,0.004398497173083902,0.06913648545979144,0.00230308496979605,7.74498619665986
57434.438063779744,32535.859409833356,19.882257013115566,6468.8631892890135,34488.44573355271,967.7556462181443,341641.0911781501,0.5905333951119823,0.018934675471797387,0.09523403434180991,0.002832667589489416,12.108623972986916
271473.5547856794,170756.3416512582,18.913925352370743,32296.726994358127,156309.37832509784,16514.820609402177,1198451.3011428763,0.5427628046120343,0.02694871870351267,0.14248083463084418,0.013780134907153246,19.46997907753194
255978.2345940285,191210.2308397215,15.737184754335,30091.107296437418,86357.33833907598,0.0,184753.79123682392,0.337362035784157,0.16287139276003043,1.034946181941249,0.0,30.21060776297028
192967.3229563682,188820.13082234334,12.25144897225956,23133.20197705314,42871.842184554174,28006.68950439077,66191.14428767946,0.19401305025480065,0.3494908907528746,2.852649442071808,0.42311837642008887,51.28436400830872
62648.04224820481,85183.65081322032,20.793208758557412,17712.41434175349,55088.72064257066,63852.149046943494,151098.74346710084,0.4354832991045721,0.11722410084508787,0.5637614771546237,0.42258557273076336,30.818091892705098
148824.13195851963,97483.88921997332,18.95343798497001,18476.54848864451,154247.79879080097,64345.60635455443,248508.37810863182,0.7235914441301385,0.07434980111844662,0.392276067156817,0.25892731200566077,16.420290830649552
82171.4963369733,65248.92090317178,12.987672665462409,8474.316264650428,22563.43391173537,0.0,292986.9126891141,0.2745895464676221,0.028923873038801742,0.22270251017118586,0.0,30.113751198996603
29407.610190997984,16343.58529441445,16.6337203801776,2718.5462779687255,26910.013094485425,7118.484924280538,25091.821438823106,0.7367339161099983,0.10834391933630128,0.651351091998725,0.28369741677128796,18.845195539154272
388904.9765306462,200660.66471526952,14.204739139234322,28503.323977857643,330502.46474000043,59632.53673962362,151585.4035884277,0.7368446450115612,0.18803475336746497,1.3237466138895997,0.39339234073969953,21.22114714318579
37069.56732292801,80587.01019578365,14.582960290988762,11751.971696546194,28871.813822613443,65171.30323981572,73273.50387950435,0.28239014069129265,0.16038501060181168,1.099811063059112,0.8894252327142372,41.524022150908145
465073.59796841437,279548.74313698197,9.957569249874483,27836.259685018722,256125.243388865,6569.077710216327,399172.5621428626,0.5430493392489029,0.06973490245819103,0.7003205371538848,0.016456736592695156,21.737072870266843
103590.15191863083,37546.31456843164,12.317522883248142,4624.775888782898,88058.44980026559,0.0,54869.73176619098,0.8500658428364382,0.08428646796543192,0.6842809935434478,0.0,8.018786192155693
45709.54228701987,41800.320675813055,5.406185754215396,2259.802981592158,18716.3051246918,10128.007232312031,222636.6225786201,0.3351920935966558,0.010150185335272725,0.18775132407091752,0.04549120048178735,21.488097059184877
132100.47692276048,68660.23200975703,10.432276449962664,7162.82521444361,84586.99321733793,0.0,80679.57674566317,0.6403231478626393,0.08878114515925047,0.851023701155544,0.0,17.021172132213493
324471.2691423088,417429.3551416484,16.524913276518735,68979.83892788879,111726.44469830798,176752.91952307057,104361.77404798534,0.22290712863599907,0.6609684394227717,3.999830004324334,1.6936557579195608,82.53377675934394
212641.16686957105,133634.2796449642,21.157888549111355,28274.19195068933,106561.95699795672,914.5805238607053,533099.5795337118,0.49898894456649123,0.05303735556388925,0.25067414189643633,0.0017155904055686274,18.889326184129335
261419.0739110636,199280.10227679877,21.335154029734365,42516.7167713672,82851.96217901979,0.0,74504.798494335,0.31693158781216757,0.5706574291936375,2.674728424263185,0.0,55.24607265189114
176285.6572755604,119095.48403483254,14.00301164424805,16676.954497171177,115234.78649927299,29235.916633726894,42968.20966448424,0.5606943558642418,0.3881230944317344,2.7717115738539135,0.6804080705715814,42.63441177566193
191783.07542122982,125869.12910809426,14.919200532572477,18778.66778023914,232932.8962196745,108785.72585162031,37924.371722780415,0.774973634100576,0.495160946040384,3.318950938150603,2.868491181523645,54.51621760686243
298765.7982075419,192246.73606528595,7.342981339017415,14116.64195414401,142025.41618967464,0.0,151435.64737570833,0.4753737443902955,0.0932187513229362,1.2694945965286908,0.0,29.747335678730057
58085.927331018014,75676.28086485794,16.515545945683552,12498.350936220142,51740.438141360355,56395.68213986018,209755.00631497597,0.45195414687563484,0.05958547143066588,0.36078414620159105,0.2688645345378518,27.3494179090174
115832.6499256862,94010.94302378024,5.271858268138953,4956.123672754559,29095.609202541284,0.0,96360.34567591031,0.25118659739898824,0.05143322845087686,0.9756185738474638,0.0,33.53587469757153
52501.96936591835,24080.674459587004,9.124342344390001,2197.203176530805,54230.57789794981,12251.638517131021,235963.81770455342,0.8374912174144017,0.009311610559216704,0.10205240232948781,0.0519216828932269,10.95237202416645
674333.7626107994,208141.0754649717,16.03054025113796,33366.138881563726,624364.9616734312,2081.0341092457393,36335.62769961418,0.9230504192116952,0.9182761106372194,5.728291724741053,0.05727255151471722,52.21474413793971
447519.5680980622,323047.17737599736,9.585582367782807,30965.953274173655,314071.1818933185,111080.99569792407,375505.6417891648,0.562246446296149,0.08246468182643209,0.860299131157605,0.2958171152067343,29.04370463315496
21033.765180806862,22592.07602213113,4.8972437340601775,1106.3890273879285,65847.31433519683,50943.79659272188,330263.24995385227,0.9148311322684114,0.003350021619246236,0.0684062668955384,0.15425209011247926,0.0
198409.73447935935,124366.97592573261,18.97366736831735,23596.976328183824,175293.62426618792,57427.45964601419,787002.9131029134,0.6851764649212222,0.029983340512868134,0.15802606808072844,0.07296981839570982,14.150669961950847
404037.5336212883,464015.7727775778,9.585940128422134,44480.2741648939,31231.425169999337,83401.80803378901,521222.88680064917,0.06407243425193072,0.0853382982430435,0.8902444319469202,0.1600117917801401,41.39220363295116
44872.9238081775,37941.237599361724,5.135894047456212,1948.621763396837,9242.248278421032,0.0,104265.29588316192,0.20596492258738786,0.018689073357451864,0.3638913339092049,0.0,27.268351675507272
140880.43764688534,113134.0079290047,5.346186961051574,6048.355580415503,56479.446772681746,14613.155361630656,116731.35864404141,0.3632268422120036,0.051814316655554866,0.9691826536003371,0.12518620130338548,31.105980882037038
385629.78961882956,208027.81767960137,8.531658378197566,17748.222736043266,239749.99310657784,2210.522890705231,271650.87264121464,0.6181667696049099,0.06533467963301702,0.7657910893382478,0.008137367162537332,14.417267728333993
20180.32853163177,18416.924109483334,7.204287049987473,1326.8080786255287,2351.205896197913,0.0,50913.8718302351,0.11650979281692574,0.026059854238734335,0.3617270391631556,0.0,31.41973582591075
194311.56853393282,113190.04955588427,17.937402120042716,20303.354348714587,118583.68278312105,7816.243109292237,92841.8370985163,0.5866767260728702,0.21868755491309697,1.2191707218780696,0.08418880273769537,20.663509651506605
67934.24471178192,35688.30344817422,9.79031284000662,3493.9965548671266,68322.39563827566,18995.85546509904,47711.80930368099,0.7859463580423434,0.07323127347001622,0.7479972771734912,0.398137394962163,20.724555704240508
402337.3007033514,282017.6140333544,18.484524130716984,52129.61391886768,172935.9708293126,9382.29145198747,134217.00802523096,0.42003337738677515,0.3883979734451243,2.101206234461276,0.06990389362742856,40.34444302026718
546370.488393338,326221.8378344338,7.129227960816751,23257.09847718273,293531.53407853894,0.0,169534.88798708073,0.5372389986540093,0.13718178454782134,1.9242165533461957,0.0,35.747914531985124
448076.0521861462,247855.38152094313,12.871825231793508,31903.511536970822,266960.89422027074,0.0,67694.6253048639,0.5957937116205577,0.47128573935216883,3.6613745981268404,0.0,46.64508634727739
111429.21077976873,63814.90929408047,16.38466840395632,10455.861280120587,63485.73531425102,0.0,29858.692287711492,0.569740509422845,0.3501781383916721,2.1372305484505043,0.0,35.84398301229782
312121.6060103037,306045.8507575332,15.735835369585388,48158.871230652425,152691.68032366366,108443.00498997729,253720.18910540905,0.36306354916667405,0.18981095434484574,1.2062337326667578,0.4274118089393517,34.51612378532348
294214.09099486185,143476.09337453352,14.820329378744837,21263.629617861367,200983.99682710445,0.0,28637.43588772467,0.6831215872342921,0.7425116445909161,5.010088680321901,0.0,51.51448545451042
72651.07822793015,124408.41778401761,20.646788834761058,25686.343312533438,68373.92637258836,103037.78433552873,677849.5866432459,0.3891762139896129,0.03789386881495914,0.1835339583226656,0.1520068557477159,25.95281516214956
279839.631209198,163261.43909749913,8.1134526587214,13246.139571122862,155437.58948226512,0.0,70094.33274274936,0.5554523811034671,0.18897589937459042,2.3291674620354677,0.0,31.714859428101803
20656.46929033646,19854.58541800783,12.886945680317897,2558.649637870987,14118.803807725672,9787.218983465627,221262.42729853117,0.46376784838765484,0.011563868611180026,0.08973319899098672,0.044233533469559834,15.81982857123231
151051.29604317105,108924.77148130599,19.911865901303358,21688.95443065877,56168.69941582008,0.0,127688.2399184985,0.3718518204555282,0.16985866861742716,0.8530524937208865,0.0,25.94634021857167
54206.436179592856,38597.74609112619,5.402087780712827,2085.0841252192904,36607.66566663296,11847.059161508048,36075.131225007215,0.5542123922071135,0.05779837950454672,1.0699266996531478,0.32839961378423727,21.98404517458146
34271.665120746606,13851.62782413858,5.005988828555354,693.4109414494425,27226.716395477368,0.0,140021.22320609196,0.7944380962976751,0.004952184572968892,0.09892520224416902,0.0,13.275998930925129
27011.30149565741,31398.86964176915,8.199441176049245,2574.531846221246,4734.893418044748,7938.738209645299,155903.77004619536,0.135476052615939,0.01651359582554286,0.20139904014165563,0.05092075840945345,38.69991269689379
193751.69245323556,123240.0715800112,15.394381951684332,18972.047336556097,94015.49449763249,0.0,372191.0466276953,0.48523702326019336,0.05097394875146993,0.3311204627210952,0.0,21.561622660212187
77298.90196028506,74425.74586310031,8.677833276096525,6458.542140491151,15684.348066495693,8890.104952687027,262252.89630630973,0.18197620123796882,0.024627152765350643,0.2837937994635968,0.03389897720063095,31.366551490851435
208520.46558305665,199669.1768076091,7.424317908558382,14824.074451598419,29361.75113410999,13170.024575134948,39872.26898730481,0.13244479324827302,0.37178908620220114,5.00772045030051,0.3303053703647575,66.12748855361258
25138.49032342115,20101.80531115361,12.258441676449257,2464.1680799811443,6715.580016356717,0.0,67239.34007614342,0.2671433300073678,0.03664771363298126,0.2989589916913202,0.0,25.257515204094755
71814.05721265174,27500.788778273694,15.044765237849406,4137.429110248111,61668.665455050636,1938.2306569099237,92284.57684329957,0.8361593550035745,0.044833375757614626,0.2979998361478148,0.021002758242052354,12.628314009191454
131313.52716000745,82593.95822438286,8.474038726301327,6999.044005519343,74413.99465849313,7090.9270582452455,47276.7111711115,0.5376560680709613,0.14804422372333123,1.7470326547344948,0.14998773989545547,35.36394371517943
249614.60000069812,178067.5428536887,9.412441361027357,16760.50305412571,95396.07619601255,0.0,134882.8185822659,0.3821734633941514,0.12425973322839018,1.320164752822719,0.0,28.650988618510194
72574.44105602385,56733.05556041945,15.04406748660725,8534.95916572389,27478.01549244984,4767.126123732986,772842.4257942656,0.35528133828198216,0.011043595538834897,0.07340830894747238,0.006168302832021308,23.006031729305207
162481.3629603244,82011.13346954234,21.02329159581015,17241.43973033094,107293.63932104272,0.0,155105.5008380906,0.6603442842071818,0.11115943430226048,0.5287441968621795,0.0,15.961057992485541
340704.24880864046,239934.458899031,16.145351093885587,38738.260784463164,214358.007160949,59998.71546110227,268781.0355512741,0.5349548824816001,0.14412572190969644,0.892676294690664,0.22322525597106943,24.756575829527815
158513.47636081293,119090.90605039212,18.09227458452208,21546.25372783216,59296.63773462904,5049.9079905509625,231758.314465337,0.36253002449037786,0.0929686331967811,0.5138581816369051,0.021789544000615578,30.92610222723503
54782.346444877425,47110.40092767346,10.602581705598439,4994.918750191583,10229.26068960529,0.0,366375.3507526514,0.18672549376646508,0.013633337340873049,0.1285850721968433,0.0,25.512481876581393
18705.51206162328,31100.994874164924,8.90057846892039,2768.168453389957,9980.356924771471,19880.750506120246,68738.85341437205,0.25865052121203946,0.04027079760412738,0.4524514641913167,0.2892214449123113,32.784828928289635
321147.2529561272,120830.41202165151,12.176819377647206,14713.30102514342,281494.61628307914,10804.121277833676,277309.1930287996,0.8479995509362779,0.053057386466143545,0.43572450917306166,0.038960559366351864,11.301991441914407
18224.829624039197,25040.129416857937,18.528390916810125,4639.533064430606,24063.21334082588,24862.70979843815,408691.863368571,0.5584726736164678,0.011352154227368435,0.06126896975748199,0.060834853900715385,16.073413011345156
326558.6649906255,279703.6903035168,12.213393552230006,34161.31247687911,127619.12590973673,48859.36974519386,58867.05373519977,0.33993871924544583,0.5803129307361994,4.751447075331833,0.8299951610450349,70.27137066027163
127914.55807043317,70876.36308849178,19.241057358217496,13637.361675275197,81951.43316797726,4425.379894041569,101657.55691957072,0.6192494452428734,0.13415000407755998,0.6972070275559311,0.04353222749138891,20.935501884015853
434698.7764188994,221048.79763941106,21.797895652512288,48183.98625057187,319633.29603410565,26074.993246090886,656792.0454527895,0.6936881330430287,0.07336262152406861,0.33655827467736915,0.03970053143398669,18.18691600420579
255505.8784534688,188051.1614955999,5.296479983146054,9960.092126688109,89939.62261049185,0.0,298188.7500891282,0.35200607968349,0.033401971481858556,0.6306447223089122,0.0,22.101444194891307
942329.1616270989,662925.3616027841,4.817382809506666,31935.65240971243,378761.4779048741,4667.308404340725,84779.60834201556,0.3999608128341803,0.37669025646920307,7.81939636862238,0.05505225248873524,54.78519407317867
79781.79252724256,71538.49747957983,6.692614652440513,4787.795964454148,50117.544373626435,29344.863232557098,174396.30796413237,0.45926033400987676,0.027453539701304003,0.4102064906918383,0.1682653926285663,22.709810271807246
233628.78886671868,105796.01507578761,10.918654163218232,11551.501004591471,183232.10217075786,9591.302837137333,118251.15058001192,0.7533592347866584,0.09768616159701055,0.8946721833729911,0.08110959419923444,8.139641542337383
92107.35039344113,41691.479732460444,6.358759764617783,2651.0610385014725,93985.44526910713,20073.21329084967,146189.7292990022,0.8378050723083359,0.01813438639782451,0.2851874747451564,0.13730932663397905,5.328081251898876
113053.09564277869,72553.54505283956,19.671960597137605,14272.704794621079,57433.58406298983,2575.6374573032404,103977.2781623585,0.49670685238139256,0.13726753620473242,0.6977826919026348,0.024771156764475336,22.28084794393995
163129.93614421732,76488.6381552328,4.416632518487148,3378.22206571198,140138.37751221904,18462.485145179748,83963.56433671547,0.7717193069907126,0.040234381334318316,0.910974167896133,0.21988686748862207,18.044324118798396
325337.1096048585,322340.3070944284,9.684268894044806,31216.302092914233,18633.79119876206,10978.540888641412,227176.22660346658,0.055405661828164615,0.13741007393085158,1.4188998202574674,0.04832609931409911,41.8324684914848
636059.5555261963,475305.3665190068,7.324503330895697,34813.75740261065,214338.91867625262,0.0,296353.8679742027,0.3369793234203287,0.11747360559384079,1.6038439780390572,0.0,31.70754674841187
234329.56655088376,96097.49447105211,20.76770794283558,19957.246992130673,186656.0869496002,1759.9931323685094,397803.964167178,0.7906155918119627,0.05016854729920085,0.24156997699164937,0.004424272483189404,12.276157239612068
96132.62903867128,71267.06216225191,16.050658088020505,11438.832477040089,54847.24131636206,16269.864110852166,55385.65991594063,0.4879539570657165,0.20653058019712897,1.2867421327183721,0.2937558952180962,26.868023947985563
97060.43637285363,50915.39299251829,20.41654461612474,10395.163926792744,61526.72450711378,0.0,336542.1331782026,0.633901173396351,0.030888150106567473,0.15128980288942917,0.0,8.128379495908332
215672.66639604984,180704.13479771218,21.50191678558708,38854.85269231918,98264.95988549702,38730.188315785104,77938.674395006,0.38625730044107753,0.49853109504270504,2.3185425746642023,0.49693157622227635,48.17919465540996
55924.36800893915,45270.830483290214,12.947768386192646,5861.562277482313,48364.365483458336,25619.73658694482,125342.22446171472,0.5931068312435622,0.04676446666440569,0.3611778128057557,0.20439829193210357,14.406128522369949
32560.00043709922,19264.317625404812,8.217743944864473,1583.0922951811635,17727.577082259213,0.0,442082.89184301056,0.544458748288597,0.003580985205243682,0.04357625680806898,0.0,12.022311840091593
80687.89973911748,38668.76909722376,7.487118151538607,2895.176430054792,56025.50752252496,0.0,134090.63349678388,0.6943483186905137,0.021591190633939633,0.28837785376076414,0.0,14.399779255548276
65791.3659626739,53593.87895093619,8.012539510345128,4294.230726070303,16263.316015650274,0.0,64506.34402320303,0.24719529345046753,0.06657067287096075,0.8308311339371269,0.0,34.79450873443103
67712.20345984583,72788.20695045363,16.754679537196054,12195.430815419571,8299.842388482819,11300.885281969922,56355.46657993838,0.10504389235565131,0.21640191370114473,1.2915908849269475,0.2005286437641322,47.06202351050292
54909.174893924515,46073.190605778094,4.728023106214013,2178.3510976112125,11781.31238419523,0.0,140294.30696773954,0.21455999670282397,0.015527009931430226,0.32840385045968085,0.0,32.846924596907016
21450.7171406021,9313.558523485746,4.924499314588868,458.64612565288866,16182.87815615514,0.0,283896.5046749235,0.7544213114219874,0.0016155398819653053,0.03280617538475954,0.0,12.523076434247775
17705.34042479236,137481.4076744694,14.9465729628967,20548.758908482032,22368.04201185968,136552.09875857178,1083395.443314354,0.14500462428441477,0.018966997724873837,0.12689863938681742,0.1260408649503156,25.59304215074799
674996.6968668454,490848.3512351672,15.557028641273318,76361.41858687281,245531.12750890423,0.0,303709.0118523375,0.36375159856128814,0.25142954475120916,1.616179738103446,0.0,37.986567239440774
98732.96203381529,74067.8552840252,15.97473263780428,11832.141852178815,32886.80899972013,0.0,402220.26799256663,0.3330884470827144,0.029417070182046326,0.18414749623058288,0.0,23.40924398910039
87755.80911829768,41834.7683972995,10.693849082594642,4473.746996460206,61228.05429466424,0.0,272979.01208601904,0.697709415591244,0.01638861157227162,0.15325269176414505,0.0,9.513876464462667
185749.89729396708,128115.4768358495,18.507007996854757,23710.34154321927,103732.0603017558,20164.624768199268,431430.5238910073,0.5037627228177657,0.05495749658456998,0.2969550593694558,0.046738984961790686,22.258803696679276
51933.78839114,44237.488211856704,13.605242579079116,6018.617582114633,64398.011062940524,40602.2081179221,39284.97016894162,0.6959238944018288,0.1532040766795059,1.1260664834825433,1.033530328349896,22.66368905327332
464243.4380609664,426154.4595207394,5.89838134016955,25136.21512067169,50785.30472030262,0.0,503491.00419434125,0.10939369424890673,0.04992386142209887,0.8463993516679577,0.0,31.397988177563562
246508.91728133793,208884.84806527448,18.347787527212212,38325.74809955661,76567.91754171759,19801.86894022472,115873.67449232885,0.2875133922589803,0.3307545762009461,1.8026946066951834,0.1708918701938261,45.40177596813411
29049.54579615104,39115.29337355605,21.15522015286825,8274.926426616068,59442.29557452125,54647.469258295954,483300.30174598424,0.7102080705727983,0.017121707552678608,0.08093372429573713,0.113071456940695,13.286822819835617
96084.71610500847,63958.98625411913,5.080653634042456,3249.5345594166183,42834.306467852446,0.0,39175.740193095764,0.4457972943484576,0.0829476237947205,1.6326171742733557,0.0,30.044069131653302
331941.444021128,230185.2802857002,11.044324096610438,25422.408377443866,135674.8849805704,0.0,251101.40981361154,0.40873138146598753,0.10124359077200921,0.9167024607968667,0.0,25.169263507805585
449334.24046812486,294916.64130024554,12.775288807025458,37676.452666085686,205890.13222383911,0.0,264513.0198363737,0.4582115353802971,0.1424370440796908,1.1149418712269035,0.0,30.329720623562764
109498.11646520885,75798.62643463444,6.636473681409705,5030.355894204574,60846.40865757432,11935.316462606344,1065376.9650627528,0.5010680106008683,0.004721667596697359,0.07114723606791118,0.011202904562427188,20.06132795962623
157559.12588646548,121850.0170766325,19.61876106009179,23905.463701945573,71816.85810984581,18153.534772551386,288648.0215512682,0.40871760657709016,0.08281873394964395,0.4221404893814252,0.06289159605179226,25.603655080980875
42414.35838851979,36400.02000323034,9.114693608020792,3317.7502965527256,8019.117847052597,0.0,111795.20426479839,0.18906611231971662,0.029677035954908174,0.32559554090543247,0.0,27.220626548400475
724416.7029139219,384288.3710694891,18.094153718886883,69533.72858511978,458891.5314008363,4040.316706194392,171654.4115789786,0.6299500437790332,0.40507976430962367,2.2387328559433914,0.023537505788690044,33.17319311141804
54530.724752652495,25385.75296474665,16.07790067650969,4081.4961476560798,38859.96238387446,0.0,107183.62419604299,0.7126250854016795,0.038079475090251336,0.2368435771337152,0.0,14.707827806439406
444001.3997240832,410980.75321495114,14.764824804406421,60680.58819201744,165029.7091763847,90751.63537315643,64272.256134957315,0.3086092052687006,0.9441179109163653,6.3943725944828165,1.4119877040351339,87.37310703717347
172321.958920284,120484.76197023754,7.458571276537979,8986.441848917291,76834.9818901008,5789.039467529136,76423.69004847722,0.4313881937981325,0.11758712309255147,1.5765368290095836,0.07574927962595135,30.312285226492712
155373.3334308291,86408.73122305475,7.972663369916303,6889.077262629918,91952.80294369915,0.0,70187.61311687873,0.591818434433189,0.098152322848734,1.231110838306527,0.0,22.14669815416458
122827.76288886617,55832.29960377788,4.852271285438247,2709.134641673966,123962.07142404688,25976.09028294687,168258.14004419083,0.8330568650054837,0.01610106138676231,0.3318252513020425,0.15438236911524508,8.577462960276495
54335.254207794394,35099.81049608752,8.332823736080794,2924.8053403373588,25647.258282275834,0.0,450910.75057154783,0.4720187409852356,0.006486439581735517,0.07784203515129563,0.0,19.85539425754953
44133.86550350509,48146.839181943156,10.217984970289255,4919.63679128029,36046.173917654916,31047.604116679253,463967.7744296136,0.47945556398085387,0.010603401922317398,0.10377194675025278,0.06691758744418863,17.761680048130653
52362.734793076015,34136.78506700933,18.996615469523654,6484.833792837535,24301.266301422245,0.0,35137.67413367768,0.4640946733866091,0.1845550097643529,0.9715152157521704,0.0,19.5455825816236
45950.01953318252,44778.617385175385,10.595068000866496,4744.324961807159,33739.526193994134,24133.24249748846,39989.00826260001,0.48142060195811787,0.1186407257377353,1.1197731409372034,0.6034968994232157,34.81969653021068
241836.11363591946,157986.96354389627,17.583192089780916,27779.15127673543,111798.86678936426,0.0,75615.14208161336,0.46229186000596967,0.3673755085555837,2.089356168548581,0.0,43.8350202979112
79646.34616096115,66190.2280792676,11.909961063318775,7883.230391962662,61290.50792657072,32511.762863234493,78001.1558366873,0.5464652396497577,0.10106555867541182,0.8485800930674862,0.41681129612111223,23.93214118657241
23937.45124991527,17366.46161119017,18.12762961588999,3148.1278382622754,8761.31951830013,0.0,42945.61920648034,0.36600887148881994,0.07330498189177895,0.40438261066147657,0.0,22.84426699173684
536562.6324790162,154181.59525242215,21.57288880786672,33261.424106000144,543681.8893382946,25380.379777126887,113520.46779347637,0.9675036035335114,0.29299935731864174,1.3581832267721012,0.22357536284382198,16.518787597311647
337848.1455039001,260082.12508027354,8.317148045036442,21631.415381603205,103688.02723150203,0.0,184491.81323191233,0.30690719665443617,0.11724864644487937,1.4097217677260383,0.0,33.67556146566059
409148.18307101313,133890.72695716575,19.52214901534977,26138.34723431298,380074.78972933546,9798.636183154238,180364.1920795754,0.9072148832779442,0.14491982545394003,0.742335412663807,0.05432694854880701,13.97615963054442
807007.465357456,599334.343606347,15.192833553503945,91055.86925309771,276897.4956681453,0.0,166122.25935026212,0.3431163992336754,0.5481256371616646,3.607790707581665,0.0,54.89693881870642
43655.0544864278,22900.94349335177,18.71129670859579,4285.063486108911,27672.14799076804,0.0,99430.94153964281,0.633881879574133,0.04309587558718299,0.23032009089666755,0.0,12.665263067954708
90687.27823408211,79538.16217749091,15.728546240820494,12510.196617185455,84747.09447959557,52411.20480310548,245630.79954071032,0.5922291605115897,0.05093089563921743,0.32381184414256825,0.21337391280371157,14.809386988141327
227970.52132219062,127565.56033163906,11.631091130934703,14837.266573860428,133873.2813207354,0.0,340267.3224444973,0.5872394401885512,0.043604735439385624,0.3748980637200239,0.0,20.008130852444488
193619.3103632006,137426.5259450088,8.105348909952227,11138.899422668985,74923.71255758911,0.0,101512.12897359251,0.3869640503162806,0.10972973904986932,1.3537941459267306,0.0,32.76700616830331
40066.93271902603,67713.43034893401,5.260634055960971,3562.155777395434,103302.47261820995,105123.35209356545,41094.96587266671,0.7114971415033078,0.08668107398927695,1.6477305409802494,2.5580591165178608,38.684959236292855
268786.95044794725,240950.34017749145,13.639330560292906,32864.01338295831,70991.70837974832,25407.171014355412,88260.3051196512,0.24130906500402327,0.3723532718180137,2.7299966825499196,0.28786634013911305,48.76743523193919
53125.60008608794,30967.193483606046,21.82586970148358,6758.85929993817,29544.54213664253,0.0,51598.214281582,0.5561262760094335,0.13099017851768463,0.6001601783079497,0.0,27.326446392736674
53005.163095446456,51806.88000197436,17.284752490255713,8954.69098126505,20368.9539814894,14078.432392644945,138383.28080850746,0.3036353945146734,0.06470934154001166,0.3743723931047991,0.10173506734622408,23.394286179935683
130495.94764362555,133540.18229734656,9.892219745182299,13210.088280970553,59867.541670396815,47944.89090651862,55514.671432769625,0.3355035885105038,0.23795670477791572,2.4054935182147084,0.8636436039179608,49.83988970624294
149819.17862803786,130319.08468331615,18.889686401561235,24616.86641806344,26000.125259628938,0.0,136864.2641861848,0.17354337073346598,0.17986335998252706,0.9521775860061993,0.0,32.45470565233216
145155.8768294201,87102.15239644678,17.841712003175317,15540.5151791409,81046.49621479918,2731.147728126047,69954.6302776406,0.5480297981332511,0.22215134462812067,1.2451234757549279,0.039041700560584564,25.520176668922847
29391.88544565206,29948.27521724398,9.069444280362223,2716.142133757471,31806.150906769093,24411.002951668735,266596.9278513015,0.5911606579908623,0.01018819742466215,0.11233541008375042,0.09156520725281705,20.49556680209513
329898.7216937135,170544.58868042938,4.257534816296224,7260.99524037847,287076.5834809709,55953.304597443996,30031.967765840796,0.7440069350947186,0.2417755405504041,5.678768371428914,1.863124821980092,56.47167471372361
61305.22465005233,28846.63549350429,6.126927493611093,1767.4124410332902,43278.11887539739,0.0,170639.98999266737,0.7059450335993581,0.01035755124639446,0.16904967876957722,0.0,9.757449752568666
35805.69914541005,35489.660973156744,19.79151142561704,7023.940306415068,8122.23081175176,5775.63493656051,58428.38174757704,0.19533357914251034,0.12021452753492258,0.6074044824051362,0.09884981859522439,33.39057284141
344393.71477200504,137657.522345138,19.05813463548769,26234.955944412948,275648.2565691561,0.0,25178.624204685297,0.8003870127294288,1.0419535130728503,5.4672376546897405,0.0,57.28832088697632
482351.45291299187,185774.601503741,9.313762015810525,17302.604269878797,395435.80187900114,0.0,391135.57238276926,0.8198084601816907,0.04423684648387412,0.4749621732741303,0.0,11.329858894390496
312214.01767124434,131735.01703638883,9.133517673119567,12032.041062705646,240638.66751314068,0.0,225394.54623386246,0.7707490820176076,0.053382130418637416,0.5844640841473805,0.0,16.03539395863466
263728.12046004186,261427.62324147095,18.27156976784448,47766.93057298297,85949.0561742555,62161.294912120735,43753.58131193349,0.2637368755168145,1.0917261888218248,5.974999426393659,1.4207133004485433,85.05585709645008
174736.87517979302,151754.66021327872,20.879274458117596,31685.272008914253,42132.58422837099,8617.223204763963,221354.7140010424,0.22978806909461272,0.14314252195580096,0.6855722991856595,0.03892947680673014,29.420458012100745
135062.2172354848,65010.35975921576,18.024470622356798,11717.77319628831,105622.59886568501,9165.091672994715,195251.45487063425,0.7323342553157433,0.060013756128229796,0.33295710806502826,0.04693994049400111,13.356385942331158
28650.73451285262,22527.97172038486,14.900416186553707,3356.7615447264675,8189.827895853163,19.608129422111073,140421.72131790753,0.2856550407520129,0.023904859684257342,0.1604308187433673,0.00013963743812625171,25.03060392776358
93752.17498653973,76137.5331787556,8.36808430597248,6371.252964886039,23486.18907704549,0.0,122820.79339592789,0.25051353827703166,0.05187438371569156,0.6199075178851592,0.0,26.726522228376634
84946.81179459242,35593.862390774026,13.463462453714692,4792.1662988087355,65803.93253842452,0.0,417577.30393433425,0.774648643642368,0.011476117723970754,0.08523897744301569,0.0,9.493402048769852
60115.86352144267,38490.41409931532,8.203213454678764,3157.4508281566063,28833.932562836468,0.0,75622.04832369217,0.479639331015377,0.041753045548852,0.5089840192447734,0.0,21.162028387128604
207788.33699956027,137750.49851089003,18.544205561741926,25544.735606183694,93383.78465156033,0.0,116442.34202089888,0.4494178354762903,0.21937669032454676,1.1829931974931145,0.0,31.58929562331846
117739.87258764805,90785.94881891643,10.96529943131927,9954.951129558445,42535.84173444068,4947.957532098895,96848.46846483166,0.3466997638879459,0.10278893706174984,0.9374020080852729,0.05108968278518142,27.82208175121932
27677.917085333782,15017.74273988475,19.00654990589247,2854.3547685947383,41403.69221360253,18392.594814752865,290484.0730643816,0.8987026734887368,0.00982620058471196,0.05169902288087335,0.06331705081357906,5.984566028994717
52304.43917706247,44565.18405286937,10.868965923689055,4843.7746685356815,10319.00683225746,0.0,471848.78305565147,0.19728740035478184,0.010265523283048056,0.09444802159765918,0.0,24.872524587382195
187450.51913958736,125616.98517970488,18.834689293598046,23659.56885858252,82444.71194650998,0.0,366219.82620475034,0.439821198281753,0.06460482793565267,0.3430097886329985,0.0,20.453233532605203
26877.726029236845,17357.067180965118,9.999720672974355,1735.658235117016,12694.211797695636,0.0,312644.133353164,0.47229485797597703,0.005551545831043661,0.055517009050537684,0.0,18.15731096860775
300779.7934566307,247653.6914275703,11.922388683118058,29526.23568008476,172235.49389365097,76050.51839117781,803819.8672178756,0.4570637989525964,0.03673240347029351,0.3080960069881474,0.09461139428464052,27.39659786037114
117523.05664681176,63502.60716727069,15.078791548167835,9575.425762404635,73662.6091231614,1226.5073628299692,240009.93724564754,0.6203189859053331,0.03989595544372936,0.2645832414108607,0.005110235754841486,18.00195346026767
113258.27061533864,89026.9856111333,5.265177052538537,4687.428416964176,46090.38214176146,10336.50160211577,275293.31826851144,0.3729153047077864,0.01702703300772532,0.3233895619809396,0.03754723023111629,27.50376970986204
149623.21148821124,146120.55042013974,21.06772711267836,30784.278818058632,13974.791920751848,6978.432872492393,756338.8414000627,0.08923783640843155,0.04070170290484315,0.19319456098493534,0.00922659592567609,38.18062167272266
276172.18694167153,196650.9994644228,14.324904150228457,28170.067183744843,116908.29799754276,8160.036020908318,26262.760376012066,0.4111679526837474,1.0726240037385741,7.4878267420830715,0.3107074772064535,83.74792414254986
79112.72009178228,53581.25240728409,13.14076026443444,7040.983925522709,34041.95691266425,0.0,205945.74346703876,0.4302968836512084,0.03418853823822586,0.260171691365205,0.0,22.219948187664674
184988.08468842765,175957.87326956808,19.10909148015842,33623.95096962298,12040.281891812769,0.0,266762.6448336819,0.06508679687176618,0.1260444504536475,0.6596046211015499,0.0,43.43229924572668
140114.00115524605,103755.23061657345,19.583729138142896,20319.143330605253,73595.17254467975,18837.608869837215,474807.24740068155,0.4630036306839931,0.042794509649635326,0.21852073906743935,0.03967422353589411,24.29280180236335
61597.22184016061,91417.10379571842,13.400687281522288,12250.520201488867,17420.867268744194,42885.532407115956,412508.2808537325,0.1667343801783277,0.029697634617503996,0.22161277249154948,0.10396284001465256,34.78262023168635
331336.7153160538,213820.53428439266,20.69072186428547,44241.012037512846,156688.24137554815,0.0,357084.05631338694,0.4728973099950218,0.12389523210379827,0.5987960831741471,0.0,29.862674222760475
254497.5200629099,243371.57744748014,5.165279789376651,12570.822902981836,41554.463237525466,20039.904812714372,549684.4028587462,0.1513617433264379,0.02286916426517598,0.442747831631708,0.03645711013172785,31.503296481397136
176139.9854077314,131037.12757567316,6.0380642605219155,7912.105968161229,82620.86291013724,16862.789350544674,163752.55734737066,0.4280812180737541,0.04831744979333156,0.8002142360299278,0.10297725802702058,24.50243915579505
300150.85778124095,194032.94394474284,14.742188140259923,28604.701650419065,177834.43698363373,27257.9139012272,26249.947087357432,0.5431572161912127,1.0897051165560534,7.391746097583317,1.0383988131677122,74.73678507251097
317943.0957330795,184251.2421069931,10.373185512284506,19112.723152446855,487196.9857172803,231705.8856618738,27000.87146985669,0.8863784018680865,0.7078557880542474,6.823899825332972,8.581422489290624,61.1250513202075
199836.79813639665,133583.47050253503,12.35605299140558,16505.64440305187,147029.07911739312,44018.48170418321,166599.68022854082,0.6029358036189055,0.09907368597832533,0.8018230906523093,0.26421708399319144,23.320335165001442
287113.02759313985,138708.4197608425,9.905425922148998,13739.659767193736,218163.80139763697,15218.243215930379,127854.07047781092,0.721605147935269,0.10746360843926557,1.084896391976158,0.11902822615703507,23.43585004446481
194336.94965579757,136910.11251842655,11.285055606008841,15450.382327953708,76569.11618316137,0.0,133018.59404773277,0.3940018422578813,0.11615204955789452,1.0292554473196232,0.0,27.8255738284008
185981.14375932975,110171.34804049559,18.80763424863339,20720.624186245343,101079.7276251122,0.0,117070.07441236796,0.5434944940220131,0.17699334599599686,0.9410718203904759,0.0,24.19384857330065
159590.46285332824,94835.50563888601,14.682571597377484,13924.2910151644,86339.94295258964,0.0,474585.60727375787,0.5410094150296465,0.029339893165222713,0.1998280271996987,0.0,18.320240949671163
224583.0587439096,192980.41341378784,21.95220188710297,42363.44995516065,42136.86044016236,0.0,105098.49085060845,0.18762261354811588,0.40308333271291114,1.8361863415155844,0.0,47.00626827314113
40904.12631919185,36518.89611129745,18.163825560777333,6633.228586377566,22492.5419438182,12484.17624996925,374113.45726752875,0.4213009378726841,0.01773052654888632,0.09761449475254445,0.03337002721354075,15.694060532002032
334131.94770782295,237958.32606933732,8.925992573832879,21240.142513766077,156812.92792240327,21436.074303316815,444697.25066598976,0.4410208967483875,0.04776315230633044,0.5351018602273006,0.048203748215698686,22.055001906122126
323175.4983214403,175130.64242387755,8.758212119080532,15338.313148991636,197393.14119675034,0.0,149587.21900502138,0.6107924091461199,0.10253759145342996,1.1707593976862336,0.0,24.101622181365233
19452.5267314533,28979.720118729034,10.046168862106128,2911.3516188932613,83885.01747530962,72440.95649375796,131611.34240301972,0.9128505583984166,0.022120826106143132,0.22019166121706632,0.5504157557479321,13.144967835701761
277147.10644129704,136442.6839914067,19.178670651659367,26167.892990996246,187605.8965998538,0.0,282648.0293572126,0.6769181140254512,0.09258119736587682,0.48273000275890643,0.0,12.57219025443748
35694.586110563345,14397.752851298366,4.491177711710181,646.6286670446293,28395.77767901997,0.0,246562.70288171098,0.7955205753349978,0.0026225729175059008,0.05839387986513808,0.0,4.036466387845887
76222.04737639628,34697.4592616548,8.143263019682639,2825.5053688237845,55366.117486321964,0.0,96692.84082455843,0.7263793008985379,0.029221453674635977,0.3588420710961489,0.0,12.192172574049827
219098.82047411124,139112.14934227627,20.288531566196806,28223.81233172256,106648.8948424466,0.0,44475.24080636584,0.4867616110925082,0.6345960543440796,3.1278560120210717,0.0,43.24073983583605
41288.76520943448,30184.773480792035,15.518135849498535,4684.1141546127155,14805.322304856592,0.0,80383.11709334055,0.3585799243391657,0.05827236270488915,0.37551135825874477,0.0,24.44915789808377
270535.11332378583,245836.90502168713,8.083247719019015,19871.606017672468,55993.79627363419,17297.138903126943,50280.09230695717,0.19453621281291103,0.39521816897943257,4.8893487211770905,0.3440156552921357,59.89042161795622
282688.5445518336,194421.44772161276,7.944609428186446,15446.024666107829,190788.34275648696,54824.160237144395,87852.00356539816,0.565277514148017,0.17581869552479368,2.2130565021989845,0.6240513364767212,39.46360582703697
121229.29579643955,83895.2418847287,19.52712583166975,16382.32944961468,56785.24830913018,5254.882320136785,79642.54645902982,0.4489513957768937,0.2056982125507774,1.0533972809104815,0.06598084257438996,27.883005722387274
15960.952292612275,6943.354530184646,20.087635148986838,1394.7557251241408,12023.46368323684,0.0,207756.5583661372,0.7533049070513198,0.006713413699634503,0.03342062741503501,0.0,13.927769291786927
65749.10140677827,40306.116291397746,8.610359637318075,3470.501568524996,33923.98015384069,0.0,581192.0206227441,0.5159611223271162,0.005971351025787264,0.06935077368785958,0.0,20.777962423009928
158929.42415456078,142488.71332781005,11.56918644537758,16484.784908513917,21920.94776900099,0.0,233358.36763469034,0.1379288189434488,0.07064149906259175,0.6106004030284797,0.0,33.052578935594234
610974.5201961612,268916.34171598154,19.02272329530971,51155.21158050068,458113.0694649341,1526.6236185209632,495250.8467943444,0.7479383085095763,0.10329151764528564,0.5429901704492198,0.0030825260136403197,10.926638030107139
164874.8623633595,158933.90950225922,17.878133894977935,28414.417145336964,7921.270481467042,0.0,300956.08609739033,0.04804413703775987,0.09441383131272504,0.528096678698924,0.0,37.73864713248839
60125.954551517556,31440.528077436666,18.65048991818952,5863.812519307871,42980.24760322053,3549.7592283345084,259270.61110239383,0.6749865066580552,0.022616572292461154,0.12126529861504375,0.01369132896798936,12.335958161840129
165770.62919123255,141226.9022678152,13.331167434183438,18827.194803433053,70217.32213388715,28119.26467699799,121217.41510261584,0.3621505006424292,0.15531757369594962,1.165071059700955,0.23197380222300407,34.81127146694822
131474.5510166507,61096.50109640736,20.407882869493115,12468.50238111339,107035.92458210773,9898.89351633747,95692.87496314697,0.7571147816033578,0.13029708205459636,0.6384644741830227,0.10344441548181837,13.396935313685601
242013.78451941983,189296.63195037792,9.867127791179835,18678.140578943145,77911.56007762943,5716.517489180174,362068.975688081,0.3145015343134112,0.05158724395937802,0.5228192545098235,0.015788476431366216,30.25382186436603
31972.05259437436,24375.96090713983,6.820098418255324,1662.4645242623797,10128.12224964604,0.0,449444.7289532817,0.31678048257146096,0.0036989298509165235,0.05423572541146351,0.0,25.07231914832879
229711.27211047243,144120.22147512526,16.757181986167566,24150.48779145449,114121.40084712957,0.0,133227.8057277085,0.4968036605197435,0.18127212753780053,1.081757825912698,0.0,26.53127872966989
131892.90286048342,111232.02696821047,13.708379488124134,15248.108369134869,27547.834523030604,0.0,26638.79522324945,0.20886517716704409,0.5724023268074387,4.1755652249291995,0.0,60.741481127731355
509493.1916651499,298268.62310675497,19.38254383857066,57812.04663036788,337207.8663415381,41681.33119775869,308099.2537585133,0.6117987177455415,0.1876409823299367,0.9680926502358115,0.13528540134157,23.57851824909924
77753.41349836667,55208.93350569578,5.460866484244869,3014.886146121577,30059.30665689452,0.0,85402.42383475785,0.3865979036087716,0.03530211451556661,0.6464562834014829,0.0,23.133203898106864
165204.55460175345,126248.85549769073,19.1864632618852,24222.690278614966,51940.932138750286,0.0,26788.673429462036,0.3144037539640508,0.9042138776448326,4.712769963399641,0.0,70.340381454028
418299.1463352827,185203.50258025998,9.2793037577588,17185.59557443098,321610.58631624834,8112.295982163504,319245.4690399955,0.7542259761332158,0.05383191694500743,0.5801288367135993,0.025410841402253963,13.29543030870726
31222.94964979119,11668.202327980478,15.787402009027295,1842.1060087449598,26072.99642908095,0.0,156147.37486079044,0.8350587219185206,0.01179722688509651,0.0747255747231293,0.0,7.226625129023857
430238.08902581525,315935.70388888253,4.722318203408604,14919.489255811804,185771.48184858746,25026.226249507854,233053.3420100976,0.4080519285510909,0.0640174868428421,1.3556368733609228,0.10738411229658973,35.20091210982747
189657.88253369535,219595.34473174135,14.972463333464813,32878.83247195563,65968.01384107782,79413.47257885439,468063.07027491496,0.24516921845316492,0.07024444900693486,0.4691575957974273,0.16966404235269233,31.396122716846207
25537.147543666244,18859.558540828068,16.910890405372047,3189.319275776418,8903.452003784234,0.0,165235.0939990041,0.34864708317795184,0.019301706426817784,0.11413772997243392,0.0,26.864377000677745
68707.86246423598,41076.08043200616,10.637503861101166,4369.469641943676,36842.3760429731,0.0,150920.04710181121,0.5362177590978092,0.028952214936667862,0.2721711344570154,0.0,19.005801668205553
199738.64926819687,150817.1370103086,7.877392694718524,11880.458133233677,65228.68301051769,0.0,86816.19568039961,0.3265701618064544,0.13684610388791676,1.7372004823330263,0.0,34.96246643994178
25458.889109214197,50960.85865893084,13.67735217886381,6970.096112154984,36143.232008848165,52609.39355635276,90542.02674247167,0.4629694771650153,0.07698188744968125,0.5628420358192181,0.5810494358160266,27.535218623329083
145902.2593642446,66893.73888979483,18.997434479841637,12708.094216705116,135100.05706487547,22316.52232420682,311613.28146590013,0.8031211242219476,0.040781619310073486,0.21466908783576677,0.07161608202071747,9.344287961813734
78670.36972670417,68132.67988491211,9.823852449339714,6693.253941674726,73759.85873379641,44782.20420855525,132293.23873473826,0.597475260195687,0.0505940742375761,0.5150125625204871,0.33850712732453575,21.306387139811463
160499.4285712252,112091.57648061402,8.544447355383031,9577.605742204973,75228.95787724282,8013.86631732093,57140.81625706142,0.44642743426860704,0.1676140869097469,1.961672650533091,0.14024766956895862,31.547650452118166
22023.185891693225,26782.948657591536,9.020835555478378,2416.045755309536,10583.56593612983,12697.437217995683,42873.95824701451,0.3048207373091887,0.05635229062335935,0.6246903657293305,0.29615733506200953,26.6886921510392
322816.92673153686,203164.44592164902,21.08437875249996,42835.961268538435,159536.64107985047,0.0,140272.56898370082,0.4942015980857329,0.3053766076923837,1.4483547809355086,0.0,34.54202534440931
559529.1562716512,252688.8226246923,10.466984483762074,26448.89985632761,409120.4448626118,0.0,137572.8041707729,0.7311869994206057,0.19225383981775834,1.836764352866012,0.0,26.092994277796596
535475.3496737627,447837.0445140034,4.064876317989169,18204.021965632335,160939.97425884125,33066.67553437161,215755.3705086072,0.2830748952989423,0.08437343609440358,2.075670438507753,0.15326003453087844,40.96642451682587
222735.39854418449,179365.58469314253,18.070261743273157,32411.83063140315,57826.41846805593,0.0,139640.9942381425,0.2596193458516868,0.23210827743125564,1.2844765655796897,0.0,38.60332871454022
35904.17982507087,28675.931591547313,16.58694631603702,4756.461378713453,9637.664311364742,0.0,52877.067130365,0.2684273630067727,0.08995319969215963,0.542313202070165,0.0,32.867112179777635
227985.859674054,149564.35223602282,6.31422876285344,9443.835347862385,142376.74786785067,28361.053462856835,152597.6803728589,0.5554065236268693,0.061887148774392976,0.9801220560533791,0.18585507586720268,25.542760819741744
18734.133342376696,37984.74023894638,21.728276484428424,8253.429381010208,19722.82960515737,34042.72910043772,452120.8968777454,0.37370220002236304,0.01825491685521883,0.08401456446994873,0.07529563295023489,25.72447406693913
18355.79216017108,12775.110122959082,14.945121135492002,1909.255683068736,22723.53240154259,11461.967263944945,56263.95195706477,0.7620804795669602,0.03393390646511458,0.22705675087856994,0.20371777781787556,9.260075500784831
73647.86553258452,86520.40363146726,13.014030836930827,11259.792008836166,58220.36258448416,56537.81003724586,235670.52649150506,0.44721020442264636,0.0477776842801004,0.3671244127109206,0.23990191255113866,20.886115968434133
115603.15123825202,61817.78851591394,10.879946817212039,6725.7425141080475,71713.81696311744,0.0,187189.99745731664,0.6203448279305037,0.035930031547981946,0.33024087480961545,0.0,14.671678444923185
235717.33838757852,210566.0514245365,20.176109600145484,42484.03731611319,119997.61318155167,64846.92292312177,273517.5776606867,0.399241122874244,0.1553247059273716,0.7698446777185013,0.23708502933426778,30.484887127557297
187467.85903362284,101706.71553096647,8.39134266553414,8534.559014063425,114348.19133687517,0.0,54380.5689417581,0.6099615791545714,0.1569413336444491,1.8702767828688025,0.0,26.20049860364837
103562.24810935628,66403.49777153059,9.143840203958234,6071.829726067724,49545.00045043426,0.0,536295.5401660851,0.4784079271639347,0.011321797910509085,0.1238188513575297,0.0,13.527790759799027
62953.674383761056,62251.830724405896,6.203394520358204,3861.7266559804602,14165.835248554224,9922.532777060514,199623.48941202863,0.1943821694410273,0.01934505136321781,0.3118462206414813,0.04970623851074019,35.77735608208788
892729.3142485468,692131.441832569,17.66414372051668,122259.0926201893,267463.8298879705,0.0,363000.83522976853,0.2996023829609625,0.33680113309602444,1.9066937997386995,0.0,41.645275955803214
98316.26851650512,57778.246369577806,14.71988704730536,8504.892603515664,54464.20606726623,310.13240352235357,75970.23303519122,0.5522274518709169,0.1119503292766786,0.760537964163063,0.004082288432348139,22.822217650223656
105054.30726368143,71807.89753366233,14.96319104658097,10744.752894494999,44328.54630669214,0.0,267067.2536768688,0.4219583895349435,0.040232386211958945,0.26887571031282054,0.0,26.31529154542923
41801.51886818335,72984.44493252109,7.932467758350345,5789.467562883197,7423.291246247121,36750.39449902309,298388.27705792256,0.09450172412154342,0.019402463193148024,0.24459555064341046,0.12316299709016106,27.289284658404327
252572.50509559625,153965.88489506935,15.721031004287509,24205.02450037947,131475.49360070252,0.0,116180.83377970094,0.5205455500825014,0.20833922182273545,1.325226200278571,0.0,27.08043567833856
192469.83570548607,97516.38584669423,17.77825205044355,17336.708866308363,311249.1784284413,138483.43396253913,112197.8958644422,0.940462618002388,0.15451901956570221,0.8691462981134138,1.2342783516177094,18.388251166019455
52417.279417976395,35393.918606726285,10.441993553062407,3695.8306990905144,37649.46312243166,11213.736530573637,218022.82053803265,0.5916841427280336,0.016951577316402074,0.1623404307832631,0.051433774239323146,14.903369761788179
27895.958535356804,21991.51645906847,18.42424859131082,4051.77166141781,7872.589435051114,0.0,42651.234459513056,0.2822125443394598,0.09499775827740646,0.5156126601668247,0.0,29.55510843374633
186149.37311058605,92331.15097538584,10.278230593576378,9490.0086069533,125090.96284693362,0.0,264469.0326783038,0.671992393832133,0.035883250718797034,0.3491189499214303,0.0,18.464346628786956
174419.26416347144,69418.30483662317,17.64649230716718,12249.895822760569,140001.27910246435,0.0,32890.041925529826,0.8026709651248762,0.37244999110967947,2.1106177059245237,0.0,28.79123115517561
62877.87730106095,30899.39283967048,4.607141934238942,1423.5788849416836,42637.979281853964,0.0,63061.011485999785,0.6781078037622388,0.022574628148134497,0.48999202695203314,0.0,17.15465851267166
466973.1609577664,296866.78157236514,13.920962826525749,41326.71430699234,243634.90671011092,12619.800647181946,221392.97071090774,0.5080035075885841,0.18666678609663837,1.3409042781218659,0.05700181268925981,29.159942688027062
39564.64247919763,78459.47957829278,21.45147809151796,16830.718072456482,20108.935451347537,53976.5386876058,43629.93808208101,0.21497414508257182,0.38576075998074644,1.79829454331764,1.2371445172821407,51.1918613793964
99933.52087551175,72447.03294035008,21.662402812283034,15693.76810108601,36648.65058021556,0.0,667586.8638958056,0.36673030489808495,0.02350820387552658,0.10852075865839286,0.0,17.05565711330913
446335.2649199482,193478.8281447834,9.071546410151331,17551.52168897096,337141.91570021975,0.0,390032.70226445224,0.7553557654932046,0.04500012841761811,0.4960579639129843,0.0,7.57961806804832
96638.57140403251,54730.22217988181,11.945183639446398,6537.6255456639055,55877.79896553427,0.0,202175.47310169143,0.5782142487590893,0.03233639296283764,0.27070653695145935,0.0,18.00374091475817
167634.75265951542,96901.72117955965,5.133602343759395,4974.549029617068,199906.13032410404,79196.56626312225,332723.6318943956,0.8098896493226574,0.014950994016547519,0.29123786798022105,0.23802507147511162,10.364323638178027
91023.64545137095,74043.51588549333,19.720143536882794,14601.487612373898,22640.172754503496,0.0,418392.4936521263,0.2487284775536586,0.034899019064415504,0.17697142517823714,0.0,27.4213449454555
63075.25951003219,40607.01576749815,14.234298756523854,5780.123940454436,33833.97978819424,2907.24109861164,79071.4171689413,0.5127720149448523,0.07310004230864889,0.5135486022811325,0.03676728206856502,20.618247441345883
635065.5793697662,485548.3068762514,10.931812220929306,53079.229149613384,206463.62434292887,5330.445763681944,365776.88412244903,0.32239991542718466,0.14511367845717763,1.3274439363251485,0.014572943220483834,40.12552640358559
93975.68637681348,38319.662563910155,6.029870052804755,2310.6258572770535,74208.03175053776,0.0,63998.23569551207,0.7896513940104303,0.03610452432267735,0.5987612337662827,0.0,8.789909713603862
351787.8760272198,247507.43241609068,21.041811138944006,52080.046483843274,145563.57935574866,4892.240905682365,120996.46648867396,0.4081067949832811,0.43042617685631585,2.045575706454692,0.04043292376757391,44.7915004258715
54195.87187258357,148865.09477999443,13.543942860777888,20162.20337664529,11550.735446920626,103332.27449260133,172065.9346912482,0.07332489915893177,0.11717719380552555,0.8651630844136295,0.6005388264563742,44.19865380312945
50949.01220682869,40559.79247859755,9.09270272349227,3687.9813553442523,37527.540374418415,17756.43555258266,250248.81270866934,0.5462090940128957,0.014737258152899481,0.1620778617871638,0.07095512406388144,17.410847367428072
19744.35736433325,11635.601040609658,10.303872342367171,1198.9174774915653,10811.675098298121,0.0,30508.88316496554,0.5475830334102759,0.039297324356609875,0.3813840374849002,0.0,22.25385977283032
173189.37883139844,51705.101878119895,8.872549256598658,4587.560632310706,161979.03593770473,0.0,86777.44886444448,0.9352711871285878,0.05286581585818407,0.5958356987296171,0.0,10.953923488676446
83954.8581258302,53565.52807824641,14.832576559425652,7945.147961666544,65986.7752409948,19100.751383162307,193807.33843979638,0.6403026051215278,0.04099508318739229,0.2763854480922342,0.09855535676269397,15.016729945958193
314660.70882401906,313810.0521426984,20.739344364049177,65082.1473628765,44512.36456432501,32533.616741923066,104593.13668028556,0.1282059103119496,0.6222410898892531,3.000292964747155,0.3110492502139027,65.80076274437957
111142.96720542206,66062.37869626694,19.420488459878158,12829.636631029527,115748.01250824048,41730.42087202525,293517.9234397281,0.7571495206844064,0.04370989165049747,0.22507102095191947,0.14217333096046622,12.875843240721466
532212.3511801201,420876.95703643025,12.286855757667595,51712.5446283268,204522.6976969174,42056.629128998145,214819.6770679917,0.3561444283249056,0.24072536247207688,1.959210453999613,0.19577642841203496,39.8397659699483
45781.82673912576,56433.84700511933,18.87698852141814,10653.010821351052,20296.985169530675,25874.75914314158,73077.52077671252,0.28325358959857333,0.14577685050237538,0.7722463269868207,0.3540727554537816,35.86008775541786
319452.82570948655,212424.18464212946,11.615898662973937,24674.978023678403,236591.3261068124,70414.8535127522,53393.36678466511,0.6068503205466969,0.46213564548555874,3.9784751821108038,1.3187940329130128,53.03293463087169
239816.59570114463,109386.57053027896,8.541528533655484,9343.285133830957,173906.7002278209,0.0,203502.38051468114,0.7251654111733805,0.04591241198358813,0.5375198572794462,0.0,12.53632201492536
236053.80658350544,186415.50825906225,21.701472074795703,40454.90946792887,122780.0720907942,42446.75574365243,132763.66876238753,0.4408611281242693,0.30471370552686855,1.4041153728035158,0.31971665244970815,34.86424907195455
294439.8916221883,218964.70553536768,9.469976223474793,20735.905552000913,102922.03427102251,1716.339616446205,58313.28220670355,0.34752614807584703,0.35559489651942733,3.7549713761472345,0.029433081992577305,53.4261923752983
229708.81689055904,186348.83067449872,9.82703615776435,18312.566969954056,58089.383931606884,207.05173264484304,96114.49414359157,0.25265495713480435,0.1905286724247411,1.9388213227871784,0.002154219657396472,40.34495322564354
162613.31256353456,71881.78732049049,21.8144716201574,15680.632095090297,130528.36542793832,7164.7488279096815,89986.64942127958,0.7688176220070572,0.17425509446051474,0.7988050203310743,0.07962013114153574,13.145794602637643
36104.09788913737,28128.278585707034,6.410694876981788,1803.218114277086,10634.42573790711,0.0,45598.67951219359,0.29454899470308293,0.03954540205040117,0.6168660778473908,0.0,26.593438956399815
19960.037002497855,15459.459049889752,17.68961178417451,2734.71828985893,27187.348474321705,15889.933403133178,167499.21997433333,0.7583646002132077,0.01632675238892446,0.09229570771886983,0.09486571582582931,0.4405852739123741
395457.4952721396,186620.1551738978,20.844629652689076,38900.28020327267,299043.55156886176,15445.323578404485,284638.4335285729,0.7277719641967985,0.13666559262935143,0.6556393416743712,0.054262958754141805,15.146312162227312
158821.15341461703,69697.11201502856,13.212309896957535,9208.598428655197,118832.0551994513,0.0,179217.74966673105,0.7482130222869584,0.051382178638997994,0.3888962568977437,0.0,12.15451516571157
253840.88083974592,243091.67795885087,4.045391710650761,9834.010589429196,104699.06274909589,67775.09418092686,340067.6610032783,0.32554061638998516,0.028917805828453637,0.7148332694784155,0.19929885123735272,28.989523757133163
113528.7540404692,73872.21181507004,10.751060994035912,7942.046549881583,52875.38963386555,0.0,49564.81458441513,0.4657444722331511,0.16023557470098623,1.4904163857862587,0.0,36.09737782288984
33716.874626101206,16670.973486379917,6.008241862926887,1001.6324079661201,22727.868186295054,0.0,127962.35238962348,0.6740799210583046,0.007827555443153472,0.1302802986586215,0.0,13.979011265076394
35061.562367450766,31654.097929559113,11.491377896806522,3637.492012910847,4543.2859171888695,0.0,194219.78724279776,0.12958024715426278,0.018728740591006574,0.16298080838688048,0.0,33.33916946557782
188546.8222417067,182957.90245861164,18.220481709561124,33335.811153668015,20129.912476542446,9508.514574311785,227862.98456620285,0.10163781900632107,0.14629761484574383,0.8029294569581811,0.04172908817293754,34.49792504829946
99398.35798862854,89896.04324564183,11.896807879908408,10694.759556573388,21128.720799097486,6344.225856336408,239204.47932258507,0.1998127909383742,0.044709696017651526,0.37581254122089547,0.026522186684392084,30.108347661484206
48569.95123374542,26982.148834765387,11.774652184226605,3177.0541771239764,36948.38832473062,6123.488844567934,259991.6003718818,0.6755542944789302,0.012219833919940654,0.10378084828960311,0.023552641069208142,10.896656168731948
116471.40201139964,39227.8468407078,14.02221058453924,5500.611291784572,119739.96363734656,12561.417557318084,214704.82048034942,0.9279806799352923,0.025619412174716444,0.18270594369024928,0.05850552180996677,2.155239042234653
24954.457619018947,21956.345826956127,14.470430525458244,3177.177768819037,26479.265175576646,16861.33708961966,42814.19651781976,0.6332359664590176,0.07420851089653543,0.5128286319192664,0.3938258442524264,17.810148941297257
145830.8148487426,47264.37262889423,19.413333558381485,9175.590312723596,131421.9229597978,0.0,238920.3207846747,0.9011944635714348,0.038404394747958814,0.197824833290304,0.0,0.0
61999.91949186861,37172.64632777557,9.550397906121127,3550.13563653769,33103.030885457396,0.0,257234.94780401455,0.5339205462968207,0.013801140423744106,0.14450853838140662,0.0,13.552792468067928
254596.09350479426,129407.55541620604,18.790082758624287,24315.7867586177,220027.87762427263,39832.37012961627,930916.7496816482,0.7473050496146306,0.026120259160588886,0.13901087874985643,0.042788326822176107,13.1355767957131
70738.25957702906,52988.62851828673,14.18680747645685,7517.394712304248,23666.174744989778,0.0,237775.98479145064,0.3345597543182265,0.031615449806243597,0.22285105270308175,0.0,24.766306031554024
106106.02637929688,51972.04764789832,9.409531894908646,4890.326399866111,85762.66249301173,10188.018138360227,233981.86634623815,0.7374639247325364,0.02090045043332366,0.2221199807466785,0.04354191330059892,9.629230893859198
16753.287907639635,18162.10650846098,9.31226879210939,1691.30417637708,25277.114784605947,20366.654689275805,155179.86881724262,0.6809578090971079,0.010898992177709283,0.11703906342291559,0.13124546917398083,12.992253818005267
26280.783346004682,24327.91530887552,10.500475307903042,2554.5467399360377,16867.511645567392,10697.765697046378,389386.51018038765,0.4561431446628678,0.006560439751116739,0.062477550384591754,0.02747338548551802,23.219611109745337
89758.87456285759,83916.34206434875,15.20847836715956,12762.398729368097,44051.77457536575,27196.29843301548,1060994.8629645081,0.37665520427147064,0.012028709256620612,0.07909212852348738,0.025632827624656688,22.718123994343763
113071.3273170019,71240.7790852533,8.154611164479086,5809.408524947947,55774.06430899811,0.0,296763.2135162534,0.49326443433915257,0.01957590516733561,0.24005933296497184,0.0,21.046561484931022
152451.315523787,139184.4502170977,20.566004110100813,28624.679752269534,17689.15374225238,0.0,195647.27295510445,0.11603149294892336,0.14630758364231375,0.7114050102248889,0.0,35.6137978618052
66725.20726116872,46042.475444616015,14.348426515202206,6606.370754950749,32535.2965781597,3718.740617067069,39804.31529461176,0.46186077808128834,0.16597121960404734,1.1567206998495638,0.0934255642772096,27.612558636342822
193107.6171583779,87596.62274298584,20.560283985928123,18010.11439803999,140681.3258871894,0.0,258519.10815257792,0.7285125670201249,0.06966647272901168,0.3388400314737522,0.0,13.999852785080709
310048.12566046533,123496.55737030908,4.835278454424785,5971.402430482898,341815.8776767752,69810.33996742516,246926.77152537263,0.8998506249209625,0.02418288788046344,0.5001343378339167,0.2827167728155871,14.408808935075728
242017.5958046356,170420.1338276631,10.167004668306522,17326.62296199273,95463.28263596333,0.0,293952.9708877171,0.39444769426196746,0.058943520487877904,0.5797530581609923,0.0,29.85600858237767
21063.752459655472,24462.10520937579,4.410537892377215,1078.9104195327,48289.14388696597,39615.210664944796,48944.21094415005,0.7958135966794189,0.02204367786751815,0.4997956803775906,0.809395225722394,18.01554286608262
113235.27622531624,133210.02077203084,8.900532671763457,11856.401420877493,16362.215289926158,32246.406014159227,215897.86268904715,0.1124692472485473,0.0549167151226226,0.6170048147437672,0.14935954257501383,37.09601614788
31628.03262143192,37126.6769471882,19.516116500834585,7245.685525901747,99937.41519127451,80451.70571921217,88105.26746326874,0.8916635305440721,0.08223895953692538,0.42138998060094857,0.9131316212478743,19.00639554862592
56569.69241770773,41922.96837777489,4.6589748851596156,1953.1805678339394,19528.965386577125,0.0,282084.4916118273,0.34521957875210346,0.00692409765837707,0.14861848001011174,0.0,26.217544554321734
662577.398284415,320587.9584793701,11.850647798483408,37991.74984373838,455985.9197400599,0.0,74487.22208327701,0.6882002327889932,0.5100438542501081,4.303932265334738,0.0,38.30276346819964
38059.33532595879,58496.89920158016,6.1162072685181,3577.7916008247525,15554.464908660628,32103.412557116837,232350.2060659664,0.22169121617901474,0.015398271692554403,0.25176177026919594,0.1381682121168525,26.759042124705047
118638.89343135111,82168.94069746579,11.50313186668662,9452.001601889018,48626.60364518043,0.0,87918.54494953623,0.4098706776401079,0.10750862184211885,0.9346030549598994,0.0,29.02967807952248
159411.36524419297,110198.96762248092,19.099328516758792,21047.26284829429,86017.48694341426,15300.717585848643,26626.297417907204,0.4923385123116603,0.7904690058084907,4.138726684107716,0.5746468367606502,57.1724592138947
196833.49722866074,128750.3998721796,15.215278601245345,19589.732040769555,106605.66124404255,11871.148576550777,205606.44587760465,0.5107967809376888,0.09527781075711564,0.6261982659280213,0.05773723934519809,20.37531154656729
138027.3636057166,77323.71266144013,17.26161421596562,13347.320977079557,81372.99918075585,326.0984412904415,46638.46706147268,0.5881529668777535,0.2861869572060951,1.6579385544452439,0.006992048878034981,27.81200839726856
16472.834307684483,40361.81648845399,10.283874078092458,4150.758383303367,38222.90770599708,52556.16296026731,218811.02670214637,0.5537224821277086,0.018969603341578996,0.1844597006685407,0.24018973701818372,18.049177021311255
74281.47539967902,50236.19125750454,20.999158510182546,10549.177431641847,32060.37885623264,0.0,492716.74106542766,0.43160665137207516,0.021410227322154304,0.10195754897403354,0.0,20.076520005222772
124381.96403590249,96588.55628808776,16.766717688031,16194.73055176859,41470.76777228135,3309.6680813962694,651711.9530846418,0.3247727911738641,0.024849522055129903,0.14820743402191858,0.005078421633562431,24.165954411153834
28795.33756560761,47997.60276467341,11.592378747121556,5564.063902019828,8798.819587334114,25801.379889566386,73435.62829218083,0.1611602308244682,0.0757679076412596,0.6536010364574497,0.3513468937299693,39.632619049158066
79762.18366255239,29823.35170998903,11.676366404086988,3482.2838196378616,91528.58820141401,18707.609198497157,323225.53536453226,0.929509299674975,0.010773541811016132,0.09226793197621096,0.0578778813913907,2.8362652306161613
20065.026855828608,14320.393096620515,20.536315202979356,2940.8810646276847,12714.212058516405,3791.025284679209,103527.60861783824,0.5329554103768722,0.028406732309288158,0.13832438793677546,0.03661849563891114,16.869099205303684
27275.653441213086,128419.54742709134,14.375284481837053,18460.675272932036,22775.305574995735,118225.37316712506,440289.9336738565,0.1565302053593247,0.04192845182467135,0.2916704144369963,0.26851709322680123,29.994368066995857
90856.62803033923,40434.42467933732,16.71482577825475,6758.543639590874,67229.60446800255,0.0,303777.5565435162,0.7399526696671261,0.022248331036999143,0.13310537203410902,0.0,13.396430303703582
36358.27588869921,17228.161469752977,11.506634041237074,1982.3814923578855,25506.819225261643,0.0,38823.371556957696,0.7015409449926533,0.051061549083894923,0.4437574785198028,0.0,11.92690050311106
140740.1105877181,76444.98519026187,8.026469765764855,6135.833623739789,121866.49154832336,27104.743263786273,119102.54650288976,0.7260662972493694,0.051517232871178924,0.6418417358390158,0.22757484251714666,12.530539432121397
190418.7844737651,154901.63276720518,17.024067255899535,26370.558142775524,47356.20227541322,0.0,99062.76027646307,0.24869501402545563,0.2662005184307495,1.5636716798008425,0.0,41.40831759348892
256856.3578666139,128003.90497837696,14.940827898544981,19124.84314623635,173122.52660119138,989.4420626565912,301832.72122330125,0.6714188350117803,0.06336239181996259,0.42408889420467233,0.003278113978651719,12.928607108800811
48499.70613867708,43694.77152546787,13.024171847646029,5690.882131913239,49408.38370068017,32251.353162300922,120061.0806489152,0.6118605022446036,0.0473998909651215,0.36393784971202214,0.26862454500647814,17.026394812292722
42495.170270261544,21597.279049724253,15.23237691990035,3289.778949296671,27863.854960716388,0.0,232697.82741909844,0.6556946303193362,0.014137557646258736,0.09281255132144683,0.0,13.643570159544144
31567.322592761353,8860.45183022843,7.7491405491562055,686.6088656146844,30275.82768337723,0.0,191031.54624400075,0.9590876006164591,0.0035942171809555095,0.04638213951799958,0.0,0.7742522341991467
166767.61720561958,58950.052620085684,18.290896717575215,10782.493239696114,151331.7538392342,5681.250793891748,693656.845958301,0.8775456492974082,0.015544419841773321,0.08498446020329403,0.008190290093717715,12.095690373256302
198869.2409267399,175759.445918376,21.066930490365504,37027.120301875824,30813.060011151858,0.0,524888.5221545973,0.1549413064964776,0.070542827170014,0.334850998830965,0.0,32.790394316070866
19814.362010404817,16299.517766537034,20.039856595018648,3266.3999860936083,18745.860016900922,10544.550768807909,125456.39829758802,0.6174746820886332,0.026036137099564788,0.12992177352225487,0.08404952566704312,17.17278452113872
427829.1081673363,331892.79611314205,9.785843415526308,32478.50933504407,239344.13481828384,83571.7890595186,256448.92500004327,0.46801665017828853,0.12664708707606628,1.2941867317754834,0.3258808320584869,24.875552177498797
23005.572851851204,57886.17872391072,11.308103919077366,6545.829244882677,21805.48872013475,51234.72241216058,343381.4722147501,0.293715005342995,0.019062849264007257,0.16857688433378498,0.149206426548601,24.576531269634597
131902.6332143433,206103.00401041182,18.5512413963561,38234.66579911299,65405.22578675668,123254.29013613603,437470.7652752426,0.25633333764930666,0.08739936204664318,0.47112406215473257,0.2817429184292769,29.421268347683444
200196.00060918587,179508.17638903356,14.712108354842869,26409.437416157078,27583.765626869725,0.0,37701.976213631446,0.13778379959106965,0.7004788626069033,4.76124050823975,0.0,68.63260195077602
322155.5328682141,307409.5370928276,13.862459986179687,42614.52407319343,159556.8409454513,104921.63493370195,89736.83359623248,0.37360189908221886,0.4748833044960767,3.4256784507909575,1.169214811008297,60.94013346255228
202810.12093080394,154848.30713110534,20.679555415602014,32021.94148329853,63949.085066264786,0.0,94480.1500459793,0.3153150581083838,0.33892771622097206,1.6389506902322608,0.0,43.7386145262244
257717.3808895089,106311.61107785246,13.648449297586914,14509.886335408486,201874.35974887526,0.0,127590.89398302545,0.7833168219082003,0.11372195838159786,0.8332225581239052,0.0,15.626964497275994
77202.41237196504,44731.816307019224,13.268896232571578,5935.418288722913,45360.5794951346,1549.8385564051468,58379.94300523654,0.5759908949954043,0.10166879210879873,0.7662189102001502,0.026547448946055496,20.732305025278052
267968.1854021885,84337.96757856285,4.7563346427944735,4011.3959689679564,247008.62390130345,1626.2501023519644,148405.76553951536,0.9162230052672707,0.027029919992561605,0.5682930664584358,0.010958132902989876,4.639029028386909
27525.9674637244,15171.492051879899,5.249505254622477,796.4282724680667,16472.633882459333,0.0,220895.53666063395,0.5984397788803644,0.0036054520815947256,0.06868175012149817,0.0,17.828952045394132
352807.54781778244,322403.1489341926,4.133565541851703,13326.745470188613,65033.52969320585,18370.74838631457,148819.99663082274,0.1752083307625464,0.08954942730746207,2.1663966955595155,0.12344274158187776,49.07801450812367
133975.7524318394,69124.09402069014,20.438396064105405,14127.856111673254,96743.18060297843,7705.72704108454,222279.10042208424,0.6828216430466237,0.06355908443414593,0.3109788274715476,0.03466689862633144,14.910282595628114
269984.6414498278,157058.52793205695,11.350959880318612,17827.650494186786,150568.15135702782,0.0,37375.32252084341,0.5576915432984303,0.4769898770571061,4.20219859894102,0.0,51.23462509790241
105309.14579025695,58912.506047884555,12.434104770401426,7325.242724863042,61862.186323163194,0.0,400726.87989019597,0.587434128906272,0.018279888603605146,0.1470141111173458,0.0,16.66198430834376
169745.85025801332,142423.77431992503,19.216965056664314,27369.526943442437,70904.54360094697,25856.331762621936,528642.9439628355,0.36249362286493725,0.051773181229420824,0.2694139323080375,0.04891076681889786,27.587467862541406
127109.67209381543,67535.2645878391,14.966433586764003,10107.620522184287,97234.60467806105,13351.546002569472,198176.62380951148,0.692252324135039,0.051003091726397505,0.34078320282998864,0.06737195207948973,10.761811268849339
212285.6752480381,213694.64438528684,14.97102873503046,31992.286616142446,67510.58839885484,52041.91043638985,408746.12172575446,0.2554050052099122,0.07826933373965432,0.5228053136823739,0.1273208665972543,30.122082388609336
27773.234983343427,71752.0343715384,9.337619728386624,6699.932116995521,10108.540266004726,51560.204587698514,50366.596882437996,0.12741840415166514,0.1330233236252592,1.4245956410161424,1.0236983989219393,49.8530634624552
24337.50469785226,22601.139231146983,19.010350730641346,4296.555836961618,2315.1539556070366,0.0,312417.3719873702,0.09512700600778291,0.013752615002264698,0.07234277366644214,0.0,36.01355686536236
57574.073630987456,53784.348975369416,6.984939568710888,3756.8042733541274,22334.721366683392,12961.316369394499,47835.85798960232,0.31664560678777626,0.07853531704544135,1.124352133227339,0.27095398544355137,31.080299580614167
41071.72297727251,40181.3221428369,4.956692659113062,1991.664644988568,19198.993307500106,13508.84414618947,119367.86689285202,0.3517551084449475,0.016685098735795812,0.33661757714833584,0.11316985465037582,19.537663135320845
323105.33355035976,255749.96331961456,7.448860435333581,19050.45783109492,155344.22768226502,49152.80053095357,95432.88381283457,0.4173024400544939,0.19962152530627877,2.6798934822214737,0.5150509820844701,41.15250922816683
52118.12372708309,32555.435110181887,8.819269937942163,2871.1517018385393,26083.584822534936,0.0,183562.6950604269,0.5004705265124625,0.01564125924874543,0.17735322037772971,0.0,21.791721298215847
573615.421415114,186824.45870034077,9.081599041375721,16966.648250385526,515721.2836196976,0.0,89591.36374973034,0.8990715109217409,0.18937816704946175,2.085295399925231,0.0,13.941741520338221
76623.4686497144,28506.102273455574,16.06924477513782,4580.7153501727025,64156.48850167843,0.0,207559.02611468092,0.8372955392423045,0.02206945867842797,0.13733973803531593,0.0,3.4023316072618695
45155.56559682793,34863.15799473732,7.920842571915584,2761.4558603613445,38869.540628554525,18859.74786932528,107421.43755161959,0.6071912878956064,0.02570674832976772,0.32454562878088844,0.17556782239357524,17.79821620190756
248881.9646391521,235861.87545112346,16.179849480909724,38162.09643084254,43681.52237596542,19741.052593945395,379919.39770178735,0.16261273075516383,0.10044787568545623,0.620820829044007,0.051961159954883034,34.965650402302934
176252.4308012278,76745.89967516036,5.640379118208395,4328.7596993589095,206206.4585592627,55148.31279337959,205864.8315072772,0.8911227135921277,0.021027193754586927,0.37279752502285673,0.26788603176949205,9.992917176185362
118431.76630851507,91249.10383205712,6.649644299762363,6067.740831552626,36243.54996861059,0.0,68641.29340082023,0.30602895741836733,0.08839782193673117,1.329361661343152,0.0,29.459560064154445
136574.7448673431,113875.95531699935,13.15878607283791,14984.69334856443,30265.052733791676,0.0,98740.25101537953,0.22160065364345752,0.15175871232320903,1.1532880881502146,0.0,35.82944958880428
205517.84095934493,121773.87402244206,20.594124446379567,25078.263159359198,177753.63723718724,49571.26099098756,363412.9686018146,0.6968296014143208,0.06900761757579715,0.33508400784636727,0.13640476613068245,18.620166382314945
53903.99185300601,76507.56783510803,19.47221659860005,14897.719323173096,39267.298376576895,52054.0497645347,112937.56144368925,0.3705929042961515,0.13191111205815356,0.6774324401652213,0.4609099851203081,28.5923246594066
856294.6848071556,477447.8933271825,21.437561963970456,102353.1879776863,524549.0878774993,14565.024428151293,163138.79898598383,0.6023347759860201,0.627399420701142,2.926636068763769,0.08927995374909348,49.3367852438857
567095.9966835142,262920.2393471304,15.708623175007077,41301.1496498674,405567.6764485118,0.0,213424.65602083405,0.7151658252224474,0.19351629947495697,1.2319112714018605,0.0,17.7644090034315
172612.96351988352,146264.02619164414,16.164667595489654,23643.0936456592,49587.121467678,10841.403772519105,101935.3860117328,0.27029676207512965,0.2319419641275295,1.4348699888653886,0.10635564544064467,41.85832444782331
48385.766770334,19887.540392145216,15.250413980766856,3032.9322403943697,37997.63517091837,0.0,87659.75930180222,0.7853060457071286,0.0345989113425733,0.22687194843502548,0.0,8.394745395350581
186022.1692913053,124294.48723039415,15.210740611447552,18906.112046944054,82303.57608121487,0.0,141071.6793534953,0.442439610261344,0.13401777120388142,0.8810732799099874,0.0,23.835699547583005
26240.605775143995,65744.85749834783,6.648166211216523,4370.8274018176135,55900.108558739885,81429.33314225875,68545.5900616245,0.5191802755792659,0.06376526043306521,0.9591405871514311,1.1879587449615852,30.637518247063575
19669.817478542922,8975.577984662956,13.787301210950716,1237.4899721692616,14258.985991839954,0.0,85186.46879633973,0.7249170465051115,0.014526837297691036,0.10536389301593654,0.0,12.15268133438004
59696.81297083448,49372.94335281619,10.949222802131064,5405.953571669804,13765.15949069105,0.0,36536.020927454854,0.23058449531327857,0.14796229678113415,1.3513497666002015,0.0,37.36478693186014
108158.29528101585,67542.06558671822,11.965669883991282,8081.860600935583,55483.14378595531,996.1281451688487,90225.32427185599,0.5082995452170163,0.08957419290158827,0.7485932151732553,0.011040449598911236,26.63004842213228
319052.9887786261,283215.95337242715,13.424810315066273,38021.204522254884,73602.44448081983,19364.797954415964,94605.7207585175,0.21748988193365998,0.40189117758855797,2.9936451104826953,0.20468950290907773,58.24575057907206
209835.44682268336,186832.61996397484,6.311131092440529,11791.251569367667,51623.36526323816,15714.697088720091,612841.9062433989,0.228877554090659,0.019240282769900207,0.3048626702263595,0.025642334391014664,25.637831539185292
218630.6857123983,171925.00291764888,10.470779209338158,18001.8874611552,69306.46002446339,5274.162223598122,185368.6485898896,0.3095353256677799,0.09711398123737014,0.9274761629083055,0.028452288257582874,27.676078674304318
98136.53691111208,56577.791662381715,5.142092095778865,2909.2821530375636,55411.660331640494,0.0,303686.8272639559,0.5646384320839651,0.009579876016515193,0.18630308127657416,0.0,12.494285862994445
78682.2799034224,57088.3723363906,21.634026347603182,12350.513512672549,28791.8767560424,0.0,33359.02821435298,0.36592580681930714,0.37023001489469787,1.7113319959311013,0.0,37.30741882520314
84552.84758209456,54496.46704471023,6.133504518762271,3342.543268753094,73113.87553125471,24779.026111056704,45277.002249798024,0.6687333991591026,0.07382430599782044,1.2036235690703956,0.5472762082248331,26.87527164887438
674109.5837274756,423582.7123625955,8.653445293809181,36654.4982883303,384211.85954750015,37632.02329574506,328281.9400097196,0.5398193048660217,0.11165554305925283,1.290301599747017,0.11463324267740976,27.890056076986426
21140.3613065893,15003.316851778847,20.04327268066115,3007.1557077456205,11018.961913199953,2127.1769800895127,200854.39223713483,0.47357661035884296,0.01497181950691564,0.07469747952569279,0.010590642088514065,17.616948619638407
317646.4487633608,298829.7667206152,12.688780832304552,37917.854160865834,25088.909390327484,0.0,63148.14704138383,0.0789837553292407,0.6004586981153469,4.732201667370835,0.0,70.87473658134591
144652.7612028994,99297.62378290489,6.441469627371346,6396.226276677285,65421.669551859166,3711.114743899865,118393.01383241867,0.4409541684885494,0.05402536914661982,0.8387118510510877,0.03134572407416559,29.558807032875762
101602.36215519893,77127.2339891056,10.91614968470828,8419.324309925969,32633.50422145777,0.0,164256.4736838537,0.32118844020190856,0.05125718409206043,0.46955369404528474,0.0,33.11163521839849
208788.23512333055,114200.57789745592,6.085623895444945,6949.817657263796,237653.99773734945,83652.84107713748,358972.2338187677,0.8126560086054324,0.01936032094552614,0.3181320646518631,0.2330342940099674,11.157618251110497
115025.1455398821,91127.83738885965,7.603887947521032,6929.258644048064,75225.15767001764,32521.560101490788,36216.4819896695,0.5098396290382786,0.19132887192148004,2.516197940342556,0.8979767861154305,33.276806827133555
325035.951190165,164527.43148996835,4.9365372450972105,8121.957933904084,217207.86700562717,2397.380554023695,188463.3722965533,0.663365167646779,0.04309568397791331,0.8729942029853899,0.012720670997287143,18.21184856349709
361444.2719430562,239595.95700085934,11.888094901883798,28483.39474933886,179983.92329886125,13139.627531949087,252238.35774347468,0.4804902814859798,0.11292253487594597,0.9498791505950391,0.052092107043101,28.950234464311855
97154.80520310371,66053.71556491342,18.519450191054677,12232.784953385071,73467.43793439901,23999.488812608986,711125.6772341206,0.6063956587859025,0.017202001481599897,0.09288613486975365,0.03374858984976259,15.597644025323621
63616.18606277129,28224.69630452252,14.547445216598119,4105.972232451607,67836.10206615305,15485.586791366024,321261.073979265,0.857580046799229,0.01278079594764916,0.08785594829439004,0.048202499604310924,8.284561505426849
149602.06829113638,109862.14559238906,14.914215498723012,16385.07714516973,124731.57446258202,53808.758148189205,83190.0228834074,0.6132002737808432,0.19695964224139917,1.3206168454402665,0.6468174461690357,30.98739267055572
380183.39092853985,169471.3266673641,7.610512541498326,12897.636570263343,280949.419014901,0.0,247556.38339118887,0.7389839370118851,0.052099793968481446,0.6845766784351722,0.0,10.157004193526321
50484.134842503685,47908.708234993435,10.190089178542596,4881.940093433612,41286.48290215492,28389.435569105946,284356.3004827603,0.5234514259554535,0.01716839080106681,0.16848126154988433,0.09983754719311069,16.04088247319316
161313.21865493633,64867.842523991974,19.214357869134975,12463.939404546736,128593.83484125914,0.0,260503.7505237068,0.7971686134186751,0.04784552767278669,0.24900924609946742,0.0,8.576826391272908
164771.70003383153,67837.1308694206,5.5814113178772615,3786.2693000690506,141038.99905802376,8844.68012910688,333807.8426935731,0.8123599796612458,0.011342661303331772,0.20322210024194462,0.026496322128734606,11.262044496329978
213139.50226902834,65062.49279794301,19.44275176603361,12649.938967497554,201912.36982952824,3357.26790106083,446307.6918602672,0.9326345592633886,0.028343537873548628,0.14577945660482405,0.0075223169178808245,1.55404132756648
36159.84445539906,45715.63226529269,12.70642047276614,5808.820457411634,4792.803367344825,13150.390335402246,43651.14022159146,0.0971969285418797,0.1330737393782529,1.0472952604037606,0.3012610957845628,43.78859340539649
203724.7363690665,119315.85462660683,19.06865376385211,22751.927204128777,112545.17565661289,0.0,44920.19488159824,0.5524374588107295,0.5064966272764148,2.656174020195204,0.0,42.51905250627444
374587.98094338673,286439.26769592136,9.724115549099206,27853.685368744987,117531.61766328714,0.0,311487.6290473191,0.31376238331856743,0.08942148185446441,0.9195847314129044,0.0,35.610369082513664
44709.68411702168,36062.488101040646,10.099173128494375,3642.0131077667784,54466.07363422476,32202.35920968754,77353.06989337708,0.7081605334922931,0.04708298084079796,0.4662062947307576,0.416303570809472,16.719724769126273
55681.4387530743,15187.837688380721,17.52888762981657,2662.259001795187,56898.947237455344,2180.609363397934,35858.486959217,0.9833552231494083,0.07424348397139732,0.42354931778505694,0.06081152743220902,0.0
548126.5558292267,335831.6336799447,18.12993112105996,60886.04386890437,303178.11753435107,15088.666001481215,117317.74481020037,0.5382988700995741,0.5189840971406957,2.8625817366610793,0.1286136724320097,46.3522645962681
44946.45821327368,33568.934919407126,8.133604203822642,2730.3643017833847,15170.03105848874,0.0,333540.67094872263,0.3375133806206936,0.008186001107502543,0.10064420277120537,0.0,30.309068354721333
304018.4651634987,190292.04644607397,21.5116838467943,40935.0234170744,158457.87172792238,5116.985078517032,49357.886689866864,0.5125839550393492,0.8293512174515026,3.8553523906269835,0.10367107308845833,59.98478704580807
116673.14138303236,96600.6260514308,5.520821876406921,5333.148495793434,97011.8234442542,52686.35225158909,225566.79880192853,0.5728159748372234,0.023643322173829768,0.4282572903659299,0.23357317003843844,17.072624386729643
57599.54549915557,24868.630044822134,5.233053335838356,1301.3886741378644,43641.22060577791,0.0,25652.034664194078,0.757666058431272,0.0507323762490616,0.9694603321090375,0.0,11.351461384140315
321900.90026172734,249450.02470512298,14.71907587514985,36716.7384069271,96601.1674088058,0.0,45922.99419317337,0.30009598398222087,0.799528407326393,5.431919871248393,0.0,66.62594424325988
103400.59883399337,37366.356090868096,17.009333819889186,6355.76824382425,95412.36285841842,5525.029400688536,102776.5594283334,0.8759404412417163,0.061840640309195775,0.3635688555708448,0.05375768007238232,14.119063083813051
123484.4803651677,68841.31310814382,21.295950326049528,14660.41184331053,157445.4571122793,63440.92557718558,40714.86715364865,0.8422903046193441,0.36007514866708196,1.6908151228481811,1.5581759198126315,33.68013074627134
81763.49387667119,71218.50275632794,11.289024054379508,8039.873907330794,46631.06676874222,24428.30895621342,361629.58429636696,0.43912115177219585,0.022232345627845155,0.19693771153955733,0.06755063749483958,19.689956486094278
149823.20140276177,92357.63802868653,4.455245361813396,4114.759384553462,87147.1274774369,7894.782234002435,384211.4079662895,0.552550352648072,0.010709623137776505,0.24038234189233115,0.02054801619710136,16.80919013432011
41783.594642644704,44495.32907657418,14.852134110035326,6608.505947154339,24304.89715264637,20940.407298414248,278589.2535011182,0.38748957975426074,0.023721324006949943,0.159716602551561,0.07516588323221231,22.44250379995691
89410.63595452103,76499.82048107404,9.214528370777893,7049.097661822725,69808.56321018244,39445.606934189855,74986.87348841426,0.5417553829384419,0.09400442149267413,1.0201761578030526,0.5260334922522719,32.1377551947412
538073.7062731716,412369.4707748907,11.79304818151724,48630.93037435051,167605.6473310412,0.0,158336.24195189672,0.3114919859063889,0.3071370759773673,2.6043909195480994,0.0,41.754729517402154
59787.882063600926,29189.948090390313,12.792450680498835,3734.1097131263923,40797.24529761415,0.0,61642.95764048837,0.6823664577081859,0.06057642034154688,0.4735325689696912,0.0,18.541177028581963
175388.60767756542,182384.6326982148,5.161226993284609,9413.28489442325,77598.07045938085,65194.57786518497,84450.62866559345,0.3225415370750923,0.11146494754583602,2.159659857837402,0.7719845179997611,43.45212935455614
73998.63065833907,94573.58650178896,12.747672122153851,12055.93072140961,81475.48458054938,81681.5692788619,155622.63518235786,0.5233516183394892,0.07746900511794141,0.6077109951966054,0.5248694650565956,29.215573990256964
237733.75360607475,133631.6579892258,11.673754002477665,15599.83102309451,238081.0956391462,74458.72611251069,264053.96111550205,0.7626099637433795,0.05907819355253246,0.5060770814597735,0.28198299240790814,19.17872108935536
36040.01694152052,62785.353337386994,16.82579677515868,10564.135957114044,4699.30325353866,30269.813836020472,42898.93145259531,0.07086887718510518,0.24625638913145778,1.4635645040894973,0.7056076412875129,51.54027175865088
540091.56816366,349621.0816330648,15.621986401822204,54617.75783062109,253960.6487074603,0.0,88354.06722540408,0.4702177624637614,0.6181691408872355,3.9570456982034625,0.0,52.83664449816905
105712.63832471067,101950.4101923192,7.333882926710099,7476.92372680541,25663.94606645526,15485.731417449979,495182.00286627235,0.21175157818585472,0.01509934465212099,0.2058847244087982,0.03127280742800343,29.42868455314743
55388.031524658036,36597.87029676212,7.710500527787145,2821.878982390698,25053.548303861222,0.0,125904.77093409443,0.4523278335448283,0.022412804228585007,0.2906789792415371,0.0,20.89792881183792
26450.65838339056,21302.767103871247,8.518111217938719,1814.5933944062158,37175.039516249686,22733.38835766795,528054.4961035249,0.7558353161131048,0.0034363752373968337,0.040341986028076246,0.043051216352508956,4.185368002544266
42905.69101568909,30584.62277046298,7.221107925349192,2208.5486188160558,61686.49635291824,33943.804019462565,881090.088799121,0.8026922795615283,0.0025066093091867486,0.03471225378570334,0.038524782483623406,12.088373706987088
125024.75181443722,72060.4099672239,15.829837594032409,11407.045867405484,92995.80803906074,16782.514182082232,159629.37375077393,0.6557901485904344,0.07145956661594796,0.4514232454468583,0.10513424808822734,17.61681210477306
76647.761970775,73618.72044014327,21.89974322560487,16122.310742367263,56634.36987366776,39446.73587461909,86153.05257570648,0.48782992238864886,0.18713568771344322,0.854510876157885,0.45786811604795435,26.82161260522929
279811.48261832364,156477.23117503576,15.737950129286858,24626.30860601604,164445.66859105052,0.0,306583.66514535487,0.587701644879822,0.080324920749905,0.5103899814781329,0.0,12.78794539474929
99551.57860283887,57586.70789295833,14.920267831443242,8592.091052940248,62286.56313969489,4750.0516448906255,56235.970720219804,0.5971772731812194,0.15278639175069733,1.0240190958818616,0.08446642929883187,16.689251232784255
57895.385546377656,27130.918033706123,11.378702800319305,3087.146530053654,41019.29001689538,0.0,77274.69092628216,0.7085070706375465,0.03995029281965946,0.3510970760088609,0.0,15.267936538284175
159014.83748602017,123750.13646415854,9.626444659475693,11912.738402747871,78106.54663015397,23315.20895075386,301580.5923381137,0.4283800073359753,0.03950101135616856,0.41033852843361174,0.07731004429029795,21.76881029626908
199023.39104390173,158200.17544782296,20.399327624316626,32271.77209184512,128918.03638550239,55865.31169304802,127336.44790435015,0.5057816804009097,0.2534370372580703,1.2423793662491383,0.4387220832091352,31.771177568418725
42415.792152877024,46365.35151453226,21.442033734558755,9941.674312892756,17310.129855033683,16932.156752930507,65512.20809898655,0.2916719140960875,0.1517530030108472,0.7077360519504382,0.2584580377346866,35.52688641828693
42519.79051961411,36212.060940259995,12.9419711605791,4686.554483539778,27469.88182690102,14294.681790821654,214547.8700367886,0.483501486677635,0.021843863948573215,0.16878312953678215,0.06662700397990687,18.41901827422498
20604.109201422412,7553.920906071227,9.223608919118035,696.7441224355076,17400.251060468247,0.0,262530.72036794235,0.8445039234827495,0.0026539527315470207,0.028773474188027396,0.0,7.292152115493119
214999.5181184751,138508.03478031972,17.862199738055818,24740.58182571653,113558.33694652191,8677.269371736074,49050.306241713355,0.507689413017395,0.5043919951039296,2.8237955151140266,0.1769055085808364,45.57223150504597
178509.37877206484,130539.22814023621,6.384222235603812,8333.91442911455,63960.200842438164,0.0,83377.3757662343,0.3583016269644168,0.09995414646390888,1.5656432808131298,0.0,32.53412437246107
111548.12544529392,108384.40478349882,17.78058827758627,19271.384771666442,30685.829555712568,19850.65150498931,70017.92193201283,0.23353207897302594,0.2752350289741374,1.547952321246262,0.28350814987431683,38.85507447351174
293848.8736014225,238849.2421441482,18.741070737604097,44762.90542646611,73332.84194303246,0.0,111004.24456397543,0.24955971770203667,0.4032539980997552,2.151712694251898,0.0,44.64612923486551
260729.7481754027,236883.8828230636,6.2482710032890125,14801.146961898605,31794.487136452095,0.0,284483.3377321572,0.12194422523302845,0.05202816825720027,0.83268104456118,0.0,38.00366764284051
147049.65204538824,168356.08149432868,21.583506438338148,36337.145688662255,5634.231446495346,25532.103033811956,250133.80610027784,0.03264673860750644,0.14527083026152335,0.6730640856551604,0.10207377975760788,39.57394323714106
319051.5939793504,233209.96872449736,21.739221226992612,50698.03102441876,130189.72115740352,11800.665613199606,220526.9110169016,0.39349805655773457,0.22989498556270604,1.057512516949116,0.05351122708237264,36.279948114763776
49570.777555586035,40934.61111257909,20.860950627892322,8539.349013914849,11514.888590675928,0.0,26134.96895455296,0.2322918694943557,0.32674035422671555,1.5662773957666358,0.0,49.90888437417882
32803.95320854269,25788.936608444004,12.928626569312758,3334.155310302516,9353.355466798246,0.0,52597.280564338114,0.2851289113643315,0.06339026038093559,0.4903093150775814,0.0,31.02594708968366
62155.17085921619,30070.94202090577,8.429334560982912,2534.7803085813434,43034.95084224703,191.98429337486192,70485.6306461865,0.6902472251848779,0.035961660346135856,0.42662513969480537,0.002723736620000702,18.372438024402175
23817.166009494405,16355.955046381412,14.476167055874432,2367.715376097898,9948.281284150657,0.0,82130.84468424073,0.4176937457707984,0.028828576951823504,0.19914509718319984,0.0,24.259340522621848
128627.10642509158,82776.01606216343,11.558809092485843,9567.921670990889,61134.78715057087,0.0,53498.26118608253,0.4752869659411476,0.178845470093147,1.5472655414770276,0.0,28.969634583757085
428757.180810295,395772.2228458836,7.707075604909548,30502.464437963346,64091.28571009617,15083.506318160693,120070.18926936756,0.1444015557130457,0.2540386137772598,3.2961738900735904,0.12562240810932754,54.32040340008507
21020.762461407336,6620.694304373406,11.626175373121256,769.7335307447026,19200.09087604524,0.0,39068.2217628127,0.9133869863805025,0.019702292451850924,0.16946495145257293,0.0,10.411300383533874
34535.08199746751,23537.39981903685,15.95001704219663,3754.219282426336,31637.635672193177,12730.54457571422,274548.96278989955,0.6693582200419661,0.01367413391140464,0.08573115549174012,0.04636894070314283,11.120077251166222
105276.48724528964,108183.45426870641,5.276439594147839,5708.234615350846,40603.27279073516,33359.42161646814,303973.5093625289,0.29287702676817395,0.018778723933285304,0.3558976388948526,0.10974450269178748,24.703362229474493
422431.2980813992,322330.03521203506,10.001524026028298,32237.91591483716,198946.89068189915,49108.90514206027,178709.588922322,0.42190865025271174,0.1803927596120749,1.80365271475242,0.2747972587156807,32.41967597624085
72003.84165851805,75692.21689169804,4.320308020230853,3270.1369170625635,112397.15645516792,87986.24257455593,41917.55579903956,0.7025257658557604,0.07801354002461877,1.8057402310044124,2.099030845127948,35.738049699185275
121158.37556570178,91481.53606191106,17.49091909831016,16000.9614624803,60016.298516320225,15335.38438344946,422445.6314721168,0.43969994334303947,0.037876972254917096,0.21655221227669205,0.03630143914616776,18.902031878417077
21369.259950157753,17392.266488098565,15.532442817100614,2701.4438468616627,5302.6579494122525,0.0,631733.3421256597,0.24814420161392192,0.00427624072804489,0.027531025083426773,0.0,31.5815723694427
39085.74770046284,19738.265918043602,5.128098424635386,1012.1977035935373,25796.64237655898,0.0,65698.4274496676,0.6600012509483989,0.015406726506033877,0.3004374181279353,0.0,14.436381073870427
662212.6626800068,325646.1676039153,21.36527607283542,69575.20272918485,634313.9363373056,139168.95717688763,244520.74894272938,0.7915254363465152,0.2845370097630466,1.3317731481355262,0.5691498892369383,28.25270381118431
518370.64617298637,306270.1878938653,4.407188028287813,13497.90305507302,282800.6110388281,0.0,357058.9433883532,0.5455567616080912,0.037803010693369186,0.8577580636616408,0.0,20.243382757620143
15742.833446074143,14920.624069051926,14.619291636569594,2181.289546650898,38102.35486952078,27754.556775118366,164713.96221238858,0.8759687575682829,0.013242894028851414,0.09058505950948284,0.1685015429313185,2.9682611120953326
469896.1198018223,232540.9384406418,17.974614312383004,41798.336803101345,359567.88398043317,32320.73162414435,95301.0469378029,0.715961407825118,0.4385926298415225,2.4400669868024316,0.33914351061891373,31.72189589951311
167881.44203527513,86458.85370808578,18.182133634805012,15720.064320324724,108563.45110291913,0.0,142208.54794968467,0.646667373038813,0.11054233059103238,0.607972269983912,0.0,15.44608633180255
318650.1850464766,199021.75653322547,4.617132440677668,9189.09808490208,164635.52730980175,3848.2169691001855,154238.33385716146,0.5105002886242203,0.05957726497105453,1.2903520905350123,0.024949808992775945,26.30338202462967
105973.84036380143,180328.32625769213,20.315472387527908,36634.55132777268,12428.785698373724,83676.07516767099,117139.82706248183,0.06553541383629652,0.3127420643043291,1.5394279706551544,0.7143264359015877,55.13904904117937
123725.41030466565,51566.45240027699,20.5321300946882,10587.691092040337,104207.74403717286,5996.850123490972,503262.2452568956,0.8033142784686955,0.02103811917509476,0.10246437694517367,0.011915954713491005,9.821232997226131
115662.82492632899,94936.55648071934,14.105026716778708,13390.82665559517,66629.27269630773,29245.686076621132,270181.8413495468,0.4598023417337526,0.049562274758024306,0.3513802260230195,0.10824445466260861,18.248691397008354
179880.7855598375,117639.07230489442,12.67749757996863,14913.690544550536,93064.87616267407,7556.943867062479,74707.18021686212,0.4965109022992568,0.19962861001122853,1.574668886757717,0.10115418417782558,31.243606927234183
37562.61813141858,30133.97866978135,4.807614335126797,1448.7254782724594,24586.357361072998,11011.12855916752,183547.6505658111,0.5061655531266233,0.007892912133751437,0.16417523502419767,0.05999057206792998,15.674148416865254
19564.79713799569,16017.505921997821,14.115174565177636,2260.898921877658,36356.46542712141,23720.057854343184,235053.40323297988,0.8399350173070061,0.009618660656602804,0.06814411406807674,0.10091348403423188,8.144710514020563
70210.21320206713,69506.33038569827,11.368823471864154,7902.05200332071,22534.506899396813,16196.997358178753,52180.862556030115,0.2607942873434739,0.1514358256312023,1.3320272410419554,0.31040110425133244,40.08347123734559
197954.75213112592,133098.03299687183,17.91051533335581,23838.543608299708,86475.6255123388,0.0,104889.46217169784,0.4368454133147409,0.22727300831495753,1.2689361756760487,0.0,28.220397479158933
48819.45816549155,22971.943207711432,11.269904203949581,2588.915993294781,34463.35327704016,0.0,449739.96846788935,0.7059347762569161,0.00575647301731784,0.051078278156973696,0.0,13.595674868814793
182867.76139979684,151277.8736466506,16.304454999844776,24665.032833440186,63781.19590204175,16246.00917338506,175735.1320701287,0.32032538843715846,0.140353454331473,0.8608288613928478,0.09244599518610737,39.31140585843106
540544.5585343814,433882.0425381961,5.825346632275554,25275.132953047192,142216.68799491384,0.0,69031.54679213229,0.26309891710040795,0.3661388760294716,6.2852719184274,0.0,62.4495170149765
29790.959058268047,15249.1615595584,6.393140873787405,974.900380574005,19389.063331612862,0.0,48580.527864946955,0.6508371648489011,0.020067718969300038,0.3138945217299987,0.0,13.803362694517642
182486.86258568044,100831.94949145742,6.51478343168485,6568.983139314305,112388.3491909484,2636.348798988282,156450.7616400936,0.6071002569062824,0.041987543367963204,0.6444963797837928,0.016850980917900917,17.20040673865319
102980.67596357604,49340.8330176291,4.819458996395383,2377.9612157645493,71519.79059459592,0.0,167808.04679107666,0.694497194987264,0.01417072221050963,0.2940313886083134,0.0,11.889831228732541
318904.74332902743,251866.09527845553,13.743919466856468,34616.273299386914,93610.20012617912,3169.0020440624,98275.85826668689,0.2906483420986121,0.3522357770252207,2.5628480862001486,0.032245986959104626,44.40708624504209
44247.164858796576,26621.975683499506,18.291419068785448,4869.537136659053,24169.519343234086,501.9503321284958,204167.91527616853,0.5401116701439398,0.023850648276798316,0.13039255285282797,0.0024585172035945548,18.119954015129313
191953.48145705307,150286.5536110166,14.98740166648599,22524.04944040186,98911.00098666086,32516.322893959186,37808.32770599439,0.4406427905643373,0.5957430758523273,3.974959029652855,0.8600307092874628,57.38071692101371
288130.62923964683,242235.51940792947,14.349187939951412,34758.829937161274,98090.80629380525,27672.99488863658,53227.09731957871,0.31060696837969004,0.6530288459742067,4.550981203305767,0.5199042645982787,61.43957189728824
449014.8581070409,377347.045775234,16.251230711249256,61323.53899101662,95557.0831090759,0.0,167247.050717966,0.21281496900108368,0.36666439693713015,2.256225411182684,0.0,48.65801810974439
187445.43524769333,68115.1040208227,10.113615815296267,6888.899932855429,169760.260137212,7989.86387603837,36485.594950928,0.8686263991119402,0.18881150059690097,1.8669040236958014,0.2189868052524425,20.358983901204407
118126.89189173095,48451.73518404759,10.51517328966812,5094.783916453703,93859.94112953017,719.7991394642596,408015.7717971591,0.789756452747124,0.012486732789796475,0.1187496624717117,0.0017641453816694627,6.564161827005067
159290.2283326412,180984.69205481932,9.656861767976606,17477.44153293204,43133.64400127458,54044.69672313404,52597.92201726608,0.20218744769520283,0.3322838785759407,3.4409095476320966,1.0275063091920824,57.29329148433642
319774.9364051867,332730.2688323766,16.81796079136436,55958.446153230325,129789.39361543035,110297.37763876263,226710.1857037946,0.30178504725176775,0.2468281077866618,1.4676458748399652,0.48651266945222443,42.46453251668828
141808.3638103509,103168.24582470974,6.909526042073937,7128.436812409176,51520.1573141882,0.0,114328.80263079428,0.363308312216967,0.062350314604704374,0.9023819322054331,0.0,25.384351482839573
19628.74766008578,14224.69359317783,4.234455045632639,602.3382555821013,17736.703973678923,7898.473913351241,116884.94780067384,0.6443332439621997,0.005153257685577106,0.12169824995289792,0.06757477384359757,13.275636904457905
415935.8260948759,271956.05178605515,14.731536041004864,40063.30378455656,191973.03241176106,0.0,285585.9611703523,0.4615448354476961,0.14028457008311682,0.9522738816416578,0.0,32.40932998199617
190448.63040167253,89520.04638859147,20.962864565215696,18765.966083158695,238970.54331917135,78299.32347629746,149572.96487628255,0.8891994892272943,0.12546362304632214,0.5985041913332191,0.523485802003469,15.886842233621017
184289.63158192337,147437.38473628217,14.969342505933485,22070.40710296497,70899.72665886478,16322.548148507378,257806.69549771096,0.3534168601035844,0.08560835497447712,0.5718912166018251,0.06331312736853378,23.997525321864508
51439.799702703596,23326.13001817552,18.092589752936114,4220.301009424979,37484.8929127041,0.0,151645.10411809286,0.7287138194423014,0.027830117127543012,0.15382052822496936,0.0,7.135317175795966
176330.5490502133,102546.71281896869,16.110232770388542,16520.51413351772,98378.44830832614,0.0,186767.7179526513,0.5579206146537382,0.08845486958140135,0.5490601584850224,0.0,20.884908297310584
90097.73473437883,64990.612619652515,12.953859763414293,8418.79281813362,33476.16281963509,0.0,282417.71446282836,0.3715538788886054,0.029809719387279072,0.2301222950666097,0.0,19.765506652736768
173002.67035308547,79299.77981809445,16.931063232109228,13426.295863924965,144899.33539474246,14971.611011065834,193251.68462682836,0.770846598498428,0.06947569895626693,0.41034457200838076,0.07747208537910663,6.384848583144038
31906.960317404406,19952.041276800468,18.83387422939399,3757.7423602693752,17102.72892132287,872.1276503882129,197099.96363457356,0.5217573148504713,0.019065160089203715,0.10122803124302887,0.0044247986367219804,19.35156516234433
175873.84776987848,141751.52029462985,8.045169595090563,11404.15021132219,45496.436633664845,0.0,305248.9129171091,0.25868790164410627,0.03736016650260441,0.46438009865451263,0.0,30.164635361256554
1131258.4364556607,481255.4871893071,10.05034864869662,48367.85435350886,867125.2748483015,341.006869872547,560974.0061923863,0.7662828750604563,0.08622120422620988,0.857892668603009,0.0006078835491632362,15.98144694201044
22411.949834145104,13878.436573522886,8.02706318505911,1114.0308728550344,11378.017680829624,0.0,110095.5854128095,0.507676385367192,0.010118760608592197,0.12605806601132025,0.0,18.903691402873395
581979.4668843343,197424.06984791718,12.13911320062794,23965.531324125437,527376.8164567789,10977.215306166967,179918.81903241886,0.889401928162008,0.13320191546948285,1.097295274111065,0.06101204623952665,12.949114983401381
93360.85236818959,72219.64276664153,19.931161916500017,14394.213935337215,28188.279468730754,0.0,41240.25013482648,0.30192825744096585,0.349033138457655,1.7511931312379125,0.0,39.92773946416715
321905.01915236295,204946.87769818216,10.213727815035982,20932.716253507006,191447.67662843314,26627.616017144042,104995.5838551394,0.549296270449175,0.19936758752051434,1.9519571221294778,0.253607009356524,33.969063301376885
243754.50854014387,199619.0090675749,10.74040400434996,21439.888043337523,79126.2823307544,15209.212275496833,120600.16937565483,0.305549681173624,0.17777659977039406,1.6552133392597983,0.12611269415486465,42.56173852085894
140558.26588898286,143359.23788939836,19.486610224094772,27935.855907739846,141945.836479312,109260.3493598995,349584.8423535965,0.5681955939828509,0.07991151938871369,0.4100842500041635,0.31254315440080016,20.001750081014517
216169.0178778988,212625.85981019636,13.276737953404155,28229.778228172254,36152.13986821369,23570.946833457834,154653.502218128,0.15079730203406153,0.18253565437112518,1.3748531831519881,0.15241133563346437,39.24061609047201
331195.36514375097,269890.53539375553,13.63808199365382,36807.89251011166,94616.31633746115,9657.407503100414,261392.3207282138,0.27758705203636597,0.14081474317060433,1.0325113402025987,0.0369460260966956,30.839115396496794
92662.5117973054,111930.01785184116,19.49442165997983,21820.109644128617,23747.64296997046,37078.23828201359,28454.26530301601,0.18303919898298704,0.7668484640795064,3.9336815292847196,1.3030819066020123,74.60617088352065
74408.88371865096,48388.675179275546,12.829481266458519,6208.01601721262,47363.87840298196,9502.700262861053,137417.32606336233,0.5644498191503273,0.04517637036795593,0.35212936072532663,0.06915212611893942,19.260748911884342
180209.44757584605,171538.90098044992,16.268035623329116,27906.009519366853,105398.51238374793,70378.3376924148,441852.8788448239,0.4206051474971776,0.06315679008887318,0.3882262834383237,0.15928002523466925,18.57458850561157
262418.676445661,161402.1717536343,5.541603985733093,8944.26918295917,153471.02816161086,14086.766429181438,70721.32532945302,0.5550380005759166,0.1264720244041324,2.282227758059503,0.19918696890306695,32.958022920313724
230502.5053230768,140841.9915910367,7.2153708362839355,10162.271986501135,119547.35164272014,0.0,30765.34658879535,0.5186379708765432,0.3303155372285715,4.577942627252278,0.0,49.92701161718513
254784.82146716633,135178.60141451668,11.27877161289242,15246.4857230455,161550.82981459203,1556.9023082943704,127261.07907163168,0.6302166788739411,0.1198047811182214,1.0622147981192933,0.012233923518894838,15.946129104527135
100794.37451128298,90540.3167792492,12.907103220757747,11686.132143098743,13672.07697604503,0.0,244394.0338048261,0.13564325432184282,0.04781676525062526,0.3704686050214917,0.0,30.362706946275786
270425.7159578795,299722.76878508204,21.383206622252132,64090.33894324911,32375.565729245704,53578.72712413681,134077.40393155473,0.09992321531544668,0.47800999321232857,2.235445794714878,0.39961041572290773,57.866287325300014
34210.644398035714,52395.88457967464,21.47172939486022,11250.302550991033,41276.55208600901,49142.654246145685,135906.2764118606,0.49519998317295605,0.0827798601213771,0.3855295425863204,0.36159223505778415,23.946677376932755
132950.34425164244,71445.62594356792,19.32154757461771,13804.400606669891,92166.82536020689,7620.400712080651,224452.96267111826,0.6556614990124173,0.061502421007901396,0.3183100151288904,0.033950991875507174,16.994502979279456
15866.295827438078,12457.271060263662,9.680779035140342,1205.9608851526095,4545.3663562325555,0.0,77839.18096721594,0.28647936516928624,0.015492980144029679,0.1600385680510998,0.0,25.737329098382123
73864.37864147818,46273.65227260877,21.352509234983913,9880.585874873132,36787.63515849254,0.0,275898.8037378554,0.49804297870089476,0.0358123548961131,0.16771965534354247,0.0,23.096711474914116
83465.18439437792,104499.90885974409,16.40813556417183,17146.486710142817,78552.42124015659,79949.04039548362,54913.95378949055,0.48069512517144164,0.312242800361323,1.9029755034638083,1.4558966324290474,45.452334691438466
90670.05527830012,70479.3645096692,11.072922300713207,7804.125270192111,30929.68993939136,3006.576685912603,115678.28700043868,0.3301750851931507,0.06746404595498995,0.609270471902838,0.02599084723567182,25.422657920736945
193346.47530467165,128425.72128411314,16.630148505725792,21357.38816909751,86561.00536074468,0.0,217084.6947441277,0.4476989054201454,0.09838274501235995,0.5915927027259353,0.0,21.55774485044832
88790.30140671098,67088.51976253225,4.297409136157478,2883.068177587876,45402.33728365924,12349.9713185657,342233.5295841573,0.4489046357130538,0.008424271523281334,0.19603140535075708,0.036086386198254626,22.956154989210912
104319.68783458926,90665.27599031947,6.630784280935845,6011.818868633204,100027.11094908202,61365.92136754172,307233.7488200651,0.6037163482741114,0.01956757319702561,0.29510194221344677,0.199736915632538,17.42151714451376
55681.597309796685,43505.602219752975,18.93434280801462,8237.499864979247,19723.475986676996,2616.6118999640416,255220.69598399295,0.3383204433554838,0.03227598699713557,0.1704626736950893,0.010252349990175371,26.796037853063797
85081.56008260143,39801.52211582966,15.62032546371708,6217.127294005926,60373.38395569568,0.0,105077.71558575875,0.709594228139237,0.059166943812476044,0.3787817606611919,0.0,15.376651911432116
53673.764629957324,41529.886187786,10.555504623253913,4383.68905658384,72040.50897138087,41886.50328636433,48481.962483139556,0.7538751255329662,0.09041896887132703,0.8566048909886588,0.86396055648389,15.578023898410308
26401.963238308083,19749.297649720353,13.011999524008939,2569.7785161767206,8870.22078478364,0.0,68993.9580972484,0.33596822723824343,0.037246428340211545,0.28624676992561165,0.0,22.183258801724495
153742.43929776843,143456.98191514623,20.292558693623807,29111.09225523234,40847.074624414694,20349.848585688822,385225.04580454365,0.23462885760774757,0.07556905391349551,0.3723978580248745,0.05282587102608581,27.873524532874775
180489.22126066036,120115.00538590769,15.368405970623558,18459.761659342646,80498.95449967023,0.0,375501.5100539334,0.446004220847153,0.04916028608431232,0.31987888775375506,0.0,19.77006129575094
159936.55952226275,87937.51187919374,11.166687110817945,9819.706804587928,95998.73019075867,0.0,569940.4528628616,0.6002300567019256,0.017229355725256325,0.15429245535647768,0.0,13.933078205616823
108401.64225254211,85594.72572216278,6.16587983315563,5277.6679315477095,30409.22204050578,0.0,39225.56666515689,0.28052362868877717,0.1345466332354029,2.1821157219430174,0.0,42.45336622034452
86653.55171698499,58204.7231780468,9.287442429260098,5405.7301562713055,37931.77138525092,0.0,163530.87407306232,0.4377405268873232,0.033056327662360156,0.35592498057609656,0.0,25.880561710534874
313531.9082842132,218587.74923588184,21.6101241903385,47237.08407473976,133631.5129071746,5279.47563204955,213291.96226180746,0.4191553992384209,0.2214667799659422,1.0248288164163168,0.02475234217016205,30.29734468355263
124808.70822023903,58554.96929454348,11.872535131331995,6951.959300635337,88338.31856759406,0.0,248225.87438683477,0.707789703357166,0.028006586008843766,0.23589389880964431,0.0,11.353151942794273
112853.15872728742,61405.672859819446,12.493110349207495,7671.478471050601,68596.64782329062,0.0,210839.2811054795,0.6078398566499694,0.03638543268990129,0.29124398706851584,0.0,13.975159597669322
18896.483091302172,53707.880400436225,12.974764583146277,6968.47104455436,10696.288441641263,42833.613640365,289550.5886678978,0.17327509607083008,0.024066506224744374,0.18548703578025488,0.1479313643858391,31.841517796650255
77611.18221161966,54933.0330939146,19.9138724130678,10939.294122950465,30237.532156940073,0.0,105183.12062534518,0.38960277752879047,0.10400237279435219,0.5222609176008589,0.0,27.18282934255724
86752.70473482079,45093.016790751295,14.870709118935578,6705.651359905403,55546.25059209265,0.0,60596.69858230851,0.6402826374334067,0.11066034151674312,0.7441497283800278,0.0,21.496791534656275
91329.82712969987,72517.07002244111,16.4861866561346,11955.29952145947,37572.19617095109,9366.390020954559,66200.06345402697,0.3731242069872225,0.18059347525794897,1.095422968481005,0.14148611847568854,35.38906654581628
145186.6582297906,67214.57220834609,11.009443765883873,7399.950529757272,121881.49232487228,13439.033222209679,27169.182178846495,0.768359092459832,0.27236559720663067,2.4739269576056033,0.49464253777476974,24.08967136220328
129407.56565293034,61368.01174919619,4.523577134601538,2776.029347446224,111720.14534713463,15750.555106616821,102630.08078695192,0.7696444729551013,0.02704888592272413,0.5979534584659348,0.1534691874530737,12.421816949955929
155437.70374122297,75168.86644456189,20.7575124563712,15603.186815542966,152564.65772175416,34154.65599465454,42321.230406055314,0.804698342983299,0.36868462154423715,1.7761503085649122,0.8070336251322149,35.13847735817694
232150.96931803218,101785.29583795392,21.084298256495316,21460.715355730317,176154.90475429286,1750.5050856413768,94813.74427035409,0.75311583735586,0.22634603791763291,1.0735289131470327,0.018462566784093522,18.491365675186834
266485.56022277474,117973.65576933499,21.08475496026492,24874.456236630722,198015.87260458636,0.0,203096.73540230497,0.7430641736799939,0.12247590384630289,0.5808742101917415,0.0,18.376748023406357
204942.71157470864,110139.65763068195,20.986367559640897,23114.313379304986,146301.40422188787,14922.999222389217,429790.5418802978,0.6654125542882015,0.053780414241276206,0.2562635677109834,0.034721562640960726,13.67744511427341
481919.8087506308,442289.8813950472,18.674354939252098,82594.78231210823,100622.41744210146,35836.88572599243,354421.34221454477,0.19434305440283317,0.23304122092656163,1.2479211286528908,0.10111379157381273,41.54675310145882
17760.126687405005,7150.535051244886,16.322728902093885,1167.162451463903,22744.970769808577,6449.136441196317,77425.73086388104,0.939515203291636,0.015074606832137533,0.09235347179112774,0.08329448581550074,0.16963698097062618
47681.98660687694,71208.28891785491,19.20117852881114,13672.83068242896,9665.161680217094,30775.17357114079,50913.94879344078,0.123190307401989,0.26854783426640094,1.398600788297698,0.6044546592918273,45.63070331106806
16138.742779712353,12493.800451910442,14.809832302018652,1850.3108950767848,4859.923103735882,0.0,63613.811199560776,0.3011339340413295,0.02908662223164457,0.19640075348915276,0.0,28.34595634857939
171394.93896116276,107981.42130302981,6.418653050056426,6930.952791961203,171443.85513632768,65169.37369411282,662199.8696270196,0.7247240854378478,0.010466557167800445,0.1630646973154038,0.09841344990118936,14.095200140308268
357462.3015099715,221171.57070595113,11.041926970745578,24421.603317402045,272136.4748049253,67811.62529967367,168521.29984085125,0.639908674501776,0.14491701251097283,1.3124250223254978,0.4023920143252744,25.88547364288068
56854.40164166602,43178.15673999321,21.483308415512873,9276.0965805863,32347.273665741573,10584.21034763337,61271.27718661312,0.47965509241017856,0.1513938831784788,0.7047046956192224,0.17274342617989144,23.133445291635844
407665.3749335578,289118.6516670481,10.320480644721814,29838.434485578382,158062.29768867965,0.0,355706.0509169965,0.38772558919049965,0.083885091098833,0.8128021744969234,0.0,27.722156198109598
24323.985290808094,19781.85022726658,19.620902447164653,3881.377535336195,6056.1800847220165,0.0,115511.73590053017,0.2489797626629307,0.03360158606462757,0.17125402949793075,0.0,31.7537229879256
423709.3384500177,229516.92857170012,5.677806473947652,13031.527029249799,258923.2131710901,0.0,438070.6076470073,0.6110868694050122,0.02974754937165396,0.5239267929991835,0.0,22.203881680267116
79992.37189598076,45098.27921414391,10.015309162758452,4516.732090380546,91161.96130183346,33477.378294538255,79363.6986306367,0.803403207892587,0.05691181444808515,0.5682482040565415,0.4218223050609565,13.35846759622372
31041.069208790526,21608.383348916443,10.317159845092833,2229.3714500481333,12576.91447983211,0.0,114926.54027750288,0.4051701439546564,0.019398229901161808,0.1880190885128936,0.0,17.264492600907168
114792.38233491174,81597.49488889438,4.928845775961642,4021.8146801217877,44259.84992802315,0.0,151556.55860757665,0.38556434693456504,0.026536724751948335,0.5383963296512536,0.0,27.381738423009534
59513.78446172578,49323.597187992214,6.143697943361589,3030.2928260306326,83157.49422604208,52177.933395798,426640.8188686935,0.744526951695017,0.007102679096824208,0.11560918460353052,0.12229944039146594,9.786526104683654
65294.248888749295,32037.825558690376,7.476973800191878,2395.4598231744567,44341.89777341189,0.0,390527.44015593076,0.6791087810652853,0.006133909110760544,0.08203732251413175,0.0,14.623848927737804
70071.56807419179,42582.02033347023,19.08068063458203,8124.939307582237,43451.86682646445,5099.352379126786,178746.96015368382,0.5780409041744836,0.04545497892997197,0.23822514406319906,0.028528330634224178,18.153247702267905
258702.4529948135,129728.12700967558,5.141235818916515,6669.62893303095,171965.7679801839,0.0,70133.24474551505,0.6647241492666925,0.0950993919821094,1.849737987746126,0.0,20.710497196663578
131206.07072073908,67512.9298870693,9.376616224198969,6330.428337223015,102805.33945405013,13410.863756867811,117958.53166684306,0.7108803669875117,0.05366655762639027,0.5723446107124314,0.11369134192637181,15.349992296084936
70944.10436301789,52255.54528268261,4.183150046606816,2185.9278668471834,69418.9205418298,33375.631326037066,693615.0766557949,0.66544379242626,0.0031514999319023538,0.07533796055101369,0.048118376386734246,16.450847490197017
156369.71414317685,77258.37705878762,16.521299417254447,12764.087798793724,118105.51263652548,9467.797393004867,193464.71727055765,0.7121761026350044,0.06597630812931812,0.3993409141923428,0.04893810885301782,13.639522531465415
203896.7586972152,167148.1364551448,15.165455620780836,25348.776455067175,52386.92548958477,2541.571875118148,298443.403464765,0.2537654966708281,0.0849366283884372,0.5600664464841446,0.008516093321587564,28.001410768228443
62746.76133120691,33613.36017296201,15.609680716956552,5246.938201240006,38844.53487765986,0.0,132566.38406385118,0.6190683639051926,0.039579703695567306,0.2535587012524381,0.0,10.823960856179664
95049.95009386532,66521.3330815157,10.738890124863136,7143.652869218204,38038.15601646617,0.0,161674.45522982313,0.4001912255493253,0.04418541481437728,0.4114523409833324,0.0,21.83871012045575
34496.84392821008,10151.821889660583,7.748820782816242,786.6464844205078,32460.029384732665,0.0,125851.42756405276,0.9409564959705837,0.006250596434594593,0.08066513098942607,0.0,1.395704421528619
44978.03515832081,94609.22042094741,16.9657638391486,16051.17690667749,85205.35500079801,113535.20151322511,243476.29163675604,0.5375283275386735,0.06592500977723265,0.3885767266494085,0.4663090633999349,25.734832797075576
186440.05389392553,99529.87480071446,18.600121709332512,18512.67785007916,179040.09915342316,47369.89527185629,368255.5264790863,0.7657505584866093,0.050271283168728,0.2702739474199497,0.1286332230360879,8.409083638622413
45030.984222547086,27495.354420333235,6.494826965767632,1785.7756932251855,66465.39691992619,32313.41788773079,152437.08168734028,0.8593433410366226,0.011714837842985892,0.18037182367954432,0.21197872282813704,12.368809206590514
126717.674959815,91900.86540168838,12.762929702873585,11729.24284754996,80914.12644614186,25868.785276479775,143007.28901251167,0.5302837900613107,0.08201849659931511,0.6426306381743101,0.180891375922919,19.04891164060687
200188.64991595282,189642.2421052291,8.476882275619525,16075.749608105632,14061.877080964969,0.0,99870.92426372714,0.07024312860328848,0.16096526317964902,1.8988734058818224,0.0,53.05444738545575
31954.632528070564,20561.26752425326,7.025923501710407,1444.6189272360593,28859.20190619155,10251.036425826362,60084.98354262847,0.6837754884945836,0.024042927900798143,0.3422030982111473,0.17060895786970737,19.83606944555148
140660.830885222,77346.07337749124,17.21785564290998,13317.335259595671,109640.18645503072,18915.382333542268,529171.1285067999,0.6870709878590998,0.02516640561470946,0.14616457552350634,0.03574530301174434,13.004086963668833
59470.64401387262,47207.61502233679,13.685744838511066,6460.713736303632,16350.70532204778,0.0,93384.50486719492,0.2749374181694363,0.06918400162309174,0.5055187162953023,0.0,24.69130338181476
509229.4457711889,267904.620911476,7.89133598281602,21141.253749614163,342952.5345944799,15889.576086147028,315322.2197151889,0.65309486101163,0.06704650807263045,0.8496217651691585,0.05039155217319954,18.27761584760624
114115.25569902107,43274.407924975705,9.580000201807811,4145.688366543808,94454.46369872717,0.0,251167.20264984263,0.8277110989248516,0.01650569151866296,0.17229322725429821,0.0,6.143697087908741
260978.80761530387,192169.23944560316,21.39976608389936,41123.767726567545,107782.19224300064,12027.076012549778,306704.83258127817,0.39479805640351434,0.13408255546697184,0.6265608462321096,0.03921384580519301,24.13817831809802
134851.68749904167,145360.59601022006,19.27623216475402,28020.04596300019,19213.916652039225,24919.34600020783,521970.4394996308,0.1202590746972259,0.053681288905671844,0.27848434510882464,0.04774091426345122,34.75647207250123
21657.45739197992,11889.02387970089,19.839041371716313,2358.668366187091,13024.57801637204,0.0,200768.9243738278,0.6013899868594563,0.011748174542168175,0.05921745069253726,0.0,12.070212687368986
165420.89753615286,131160.70918856643,12.280217747452744,16106.820687459214,54682.48517421066,6751.675533071577,435813.2358231662,0.3176027644787814,0.03695808058017461,0.3009562317235029,0.015492130523110383,24.284109854139118
468630.0780187099,147848.7115484128,15.22853075057575,22515.186502480083,427708.4886270628,0.0,58040.63975348093,0.9126782694686248,0.38792106010736654,2.5473308388118814,0.0,24.879905361624633
153049.26341307367,104539.54773178443,10.781819323679409,11271.265158232594,111409.39096351522,35047.3275413472,202373.184802394,0.5922988311388998,0.05569544783928932,0.5165681798893534,0.17318167708616602,17.81890409759664
271545.33220615936,171637.0792523617,5.39881556240003,9266.369345525376,202537.01647480318,51994.50940230469,291331.45776816865,0.6260033245608928,0.031806964536247324,0.5891470854786457,0.17847200505096192,24.403803070380462
338391.97952310496,264623.21579985577,11.219247591822086,29688.73376602748,98358.35163099894,0.0,82053.05199496407,0.2906639565441685,0.3618236378075199,3.225025874919275,0.0,48.39033794173982
53831.109875475035,47821.052036604015,14.691653557728605,7025.70329287898,68490.74366717615,45357.99991151109,267995.8770333667,0.6905066878235288,0.026215714102214523,0.1784395064803556,0.16924887208568443,14.971865885959692
50747.114127023364,38605.64295632046,9.168596873826367,3539.5957732137663,16841.9505677375,489.99175510021934,296301.0554821673,0.32870612572232705,0.011945943855832112,0.13029195219537082,0.0016536956113870787,24.894364150807704
156619.05970642954,123546.25773955422,19.263110345093484,23798.85195560393,44097.06928916711,0.0,345214.48277538444,0.2815562127101497,0.06893932075001839,0.3578826031465783,0.0,29.71667926540473
94406.61485003658,36994.31342192379,6.719802865142775,2485.944933266333,76549.73523748372,0.0,92545.10230826546,0.8108513938253349,0.026861982657771684,0.3997436114846645,0.0,10.577734050813689
289757.2473253386,280967.06765262084,10.60832360986456,29805.895773737106,99979.74898302613,66194.63206455183,231004.15413836218,0.2808799581403916,0.12902753149575213,1.2162857793645256,0.2865516956240705,39.26954082630162
360422.45305692835,281015.52084989427,6.248270295835653,17558.609315951788,298822.62763063604,144710.03851594293,90298.52760852929,0.5915727707401442,0.19445067135616576,3.112072015926764,1.6025736227206668,47.53522028489384
80409.0717635272,40963.20936515163,11.286978411734056,4623.508597798088,52594.48319783409,0.0,266810.1325011731,0.6540864363228535,0.017328834382921193,0.15352943676144504,0.0,13.982530156739342
55549.14219126646,42748.90784440754,4.713903489536868,2015.142258616427,17066.979129145227,0.0,136907.46609617147,0.3072410924075175,0.014719009240890327,0.31224672447285173,0.0,26.351201824527823
242477.8943688673,206807.43358908797,8.905889111109618,18418.04070897584,47560.614373039105,0.0,188830.67838528266,0.19614412479468316,0.09753733273889106,1.0952003951769227,0.0,35.63413736952305
63197.41841012487,68601.49065101461,11.213234592046305,7692.446080338982,4463.58461536664,8751.760702414715,121764.4592715788,0.06203802003612726,0.06317480590278025,0.563395025620805,0.07187450882441092,35.02867974561013
274414.33882785524,211363.72091777483,12.606976538980447,26646.57470801998,84067.49054677389,0.0,56809.02492078958,0.30635239727582475,0.469055308468576,3.720601105413888,0.0,54.42444920186937
97678.99511331152,31154.40706515446,13.786534452552553,4295.113063525987,88699.45073087608,0.0,60289.14555976466,0.9080708767323127,0.07124189642509096,0.516749852330733,0.0,8.306118112446596
180189.82548080554,146923.931301637,8.94984033621854,13149.457267191925,49739.47124889046,4038.7092574993117,39533.66837376502,0.26998787847683303,0.3326141440473572,3.7164254506454393,0.10215872757660517,54.42058923426489
30061.802593668872,134943.34686509173,13.414744023067701,18102.30455811241,14976.977718650449,116114.2775604107,198254.49091521325,0.10245847133719616,0.09130842118403337,0.6806572009650084,0.5856829624609556,42.03342657505189
161668.81035980614,52311.76910086756,13.162083188117077,6885.318566231913,145809.38834525144,0.0,364855.0460895522,0.9019017831623901,0.018871380949852447,0.1433768551690192,0.0,3.9232413485621525
105158.42069441776,96371.94849085569,9.691204915771753,9339.603009570828,86778.5176264311,56297.416016261275,28790.255761103595,0.5374752588346122,0.32440152970745334,3.3473807697483804,1.9554329938367754,55.529815776404924
147504.01560999072,75926.1874709923,18.943605951816608,14383.157768742332,111119.0868367006,11761.48698852703,37336.353973884274,0.6976971473653879,0.3852319853942607,2.033572628010237,0.31501434223475216,31.080930730227394
42590.98723847369,39321.210126095044,13.821540278684171,5434.7968956442655,4359.702816504854,0.0,135071.14331268752,0.10236209816161779,0.040236550623272645,0.2911148092902944,0.0,34.81848634939636
215268.1957122799,132833.26809216104,9.98085493743781,13257.895796936458,109913.23682682514,0.0,265902.1810707887,0.5105874393713571,0.0498600490734859,0.49955689553670135,0.0,20.21034064278079
312944.13948178163,111268.92303697398,21.052093217453976,23424.437399800885,305868.17683853116,27725.916184090736,55893.05974575234,0.8978428592459716,0.41909384646957093,1.9907466784448136,0.4960529323356251,28.26865928746393
51643.5490032809,36810.17110886834,19.212023435280898,7071.978700002784,19777.83719255009,0.0,82055.56998136974,0.38296820366264156,0.08618523643926228,0.44860051690855207,0.0,28.996155497479517
30091.531689420146,47953.75449758516,21.686580607932417,10399.529623648823,10444.16614693391,25695.347418365458,72515.25168149517,0.18721545843700596,0.14341161869403857,0.661291981833144,0.35434404242607814,35.86871292048979
18588.3689897361,20507.68409424686,16.460209743617575,3375.6078154715333,19859.92533369674,16814.259104783316,116664.2026887637,0.5609731933085274,0.028934392364356756,0.17578386190112813,0.14412526479643742,19.839242981520837
169071.4032074381,122243.61860342917,10.808012299108844,13212.105333534331,62437.046138678554,0.0,70880.29766010615,0.3692939489126551,0.18640025182866232,1.724648776019913,0.0,35.45759250352931
155127.7459985877,80483.12723417772,9.055492000222221,7288.143148219636,99526.15835254663,0.0,103262.00133747634,0.6415754816256579,0.07057913902327775,0.7794070054012057,0.0,24.26995244443221
133679.31200753484,60294.81600011478,15.939721186140657,9610.825560114821,108107.41244052276,7696.063322972016,259711.0095521294,0.7646834690114147,0.03700584575405044,0.23216118602015737,0.029633180881487645,9.895378529773161
54584.49944119332,59634.04334580264,21.654698484915468,12913.572280897359,40419.534906655004,35364.19508460058,194955.94790670776,0.44936210714057895,0.06623841139269518,0.30588470875656126,0.18139582538678636,25.903672518534016
89367.39975978078,37419.836915368025,15.280871441869278,5718.07717279453,79891.51711082981,7971.074988709608,40240.04145103604,0.8207599031858556,0.14209918694423485,0.9299154664365932,0.19808814060017277,16.00718180405312
150386.4071308983,65724.11001569065,19.869068937817087,13058.768727784318,152151.4665822845,29451.30282150574,207773.5721952463,0.8460487326187207,0.06285096121614976,0.3163256487400103,0.14174710724918443,5.439386411876974
118005.25724878738,94483.69008211681,9.923861758859836,9376.430788418835,31362.08955556078,0.0,141697.84864608824,0.26576857918661123,0.06617200527749638,0.6667969272991864,0.0,29.124317210344515
675769.974507199,454058.0035998353,11.325168084536601,51422.83210897261,305488.51548182266,7404.415704003268,515807.2201090982,0.4471603734844062,0.09969389745668195,0.8802862501688086,0.0143550059311639,28.99224147607579
37003.7418922991,31839.21336946747,20.31295431260836,6467.48486523382,9358.641522622494,1854.4526191352445,86471.97164927749,0.24084087385657196,0.07479284607346938,0.3682026992353597,0.02144570759478848,29.144163488169607
193187.63436306955,105656.35897671549,17.623600635240738,18620.454751792666,122323.6447408709,4211.458169299119,258142.25109102466,0.6196768342327247,0.0721325341864584,0.4092951019453981,0.016314486107948667,10.622689367533859
92707.4401215599,52131.379500241026,21.665385766622304,11294.464474189077,54101.414161758505,0.0,261254.79641087918,0.583571438180362,0.04323160619193422,0.19954228675003255,0.0,16.559292201462338
98844.79884775737,55926.60672463165,17.945755775180352,10036.452256147988,57224.256164167615,0.0,70069.71236770463,0.5789303719693486,0.14323524268916255,0.7981566476417907,0.0,19.032092392657784
204663.42921285794,153174.07161040977,12.073282729928172,18493.138734467415,70494.10120157033,1381.2182987295766,445363.4273387397,0.3421302230023029,0.04152370311359601,0.34393051204428343,0.003101328519458859,26.201900494666813
191860.88629797217,160491.07069200213,13.559224356802535,21761.344347763126,94819.53180607608,39744.83324858704,146620.10490599117,0.40940064861832876,0.148419920731307,1.094604800582462,0.27107355620888657,36.54099223531418
725908.0211796555,586761.6718010543,20.20927886433646,118580.30252331773,185528.46583813493,0.0,229471.1581878219,0.2555812312648607,0.5167547131402888,2.5570170841286752,0.0,54.06698208728918
35612.71862048747,22109.08310924714,13.929641249764863,3079.7159607304857,18004.847348320436,0.0,53377.89364571402,0.5055735154676598,0.0576964685263067,0.4141992424053322,0.0,25.428302370036164
31490.587506098313,94406.06215506754,8.597152734960012,8116.233354532438,21836.66785827115,79292.97554267259,78665.5254241539,0.19711108089796558,0.10317395467418293,1.200094471447852,1.0079761765415736,42.55621865239337
208287.41485103132,162613.2849195149,11.84115662985909,19255.29376827879,77035.81785965776,12102.733463226912,183786.6539705787,0.34954292852424157,0.10476981517581387,0.8847937617143118,0.06585208012527594,29.873603289651424
144550.08757019707,112585.15940732424,13.293687799284122,14966.719599936041,42619.90421716375,0.0,94161.94275374018,0.2948452327741862,0.15894658884723947,1.1956545937222847,0.0,31.499045952272553
63063.98886750392,23823.164676558044,5.740957003920332,1367.6776410543337,52321.09892126116,0.0,149655.97712008885,0.8296509602522394,0.009138810673474568,0.1591861891185379,0.0,4.93448726848089
27412.60310216962,22106.732169624524,17.387728136552024,3843.858489530001,7074.494576726797,0.0,109314.37845243896,0.2580745269013461,0.03516333847337755,0.20223078137193845,0.0,25.07697443028848
28432.63065958619,23758.64864278022,5.968370800389514,1418.004248162834,18200.121880649953,8976.109393681494,209174.33607612283,0.4865205792746328,0.00677905461426584,0.1135830001350355,0.0429120969716615,15.110842911071266
351917.77686983836,181067.1770408295,11.288518840638503,20439.80239446631,228930.69859036073,847.4241137616699,145197.30979817652,0.6489605492606502,0.14077259711545295,1.247042230276249,0.005836362360567044,26.182249448843088
46954.3547789946,38178.33650551661,18.483203947727283,7056.579800164252,51620.409551793244,29939.288890366937,25831.70700952555,0.6713221937271978,0.273175125343521,1.4779641349848922,1.1590131801714343,28.13963999426705
73594.94894213713,53305.076235263274,12.416266509039344,6618.500328216885,49285.968608748015,16674.603749687158,213803.91671822875,0.5459866271522119,0.03095593583975067,0.24931758525973965,0.07799016971079414,22.606297359209673
53554.774514344994,30977.407866663914,19.156279354933144,5934.1187878551755,30103.155530241438,0.0,123710.51297363685,0.5621003132443049,0.04796778095261602,0.250402387978662,0.0,21.51587227491873
80774.8852215631,52812.77044515555,10.15386379701007,5362.536778428683,44960.59292612232,5758.3299181841885,100256.56064970962,0.5195761286982457,0.05348813826922572,0.5267762040000573,0.05743594115803999,22.71606755741462
25792.704109744474,30940.707796234667,21.23745329197184,6571.018366430827,7171.2102202374535,10526.411351668286,42798.03357338851,0.19745002401989953,0.15353552062533632,0.722946949026961,0.24595549077314452,34.04351629658811
124801.84830383022,84416.35141753516,7.7704317724942396,6559.5149917285435,53847.32918172675,0.0,69808.3781053929,0.4314625938121956,0.09396458089636954,1.2092581679821859,0.0,23.547689244563696
25501.026956616206,21656.45586137409,4.6887546098074235,1015.4180725210877,5126.094793656154,0.0,70595.68536864905,0.20101522979356704,0.014383571279442897,0.30676741430137794,0.0,28.212682266927423
256683.3063238878,101949.12751180181,19.703677773827536,20087.727578153987,208381.52240425386,1551.962991104393,518032.3901526764,0.8069444695026249,0.03877697217394777,0.1968006816750493,0.0029958802202445156,10.608201750803676
54929.596152630904,81873.49224315866,17.539648887107347,14360.3230710631,52505.799485034375,66323.24570430354,126976.73071794123,0.4330273722325261,0.11309413141973462,0.6447913076690225,0.522325983109694,29.821987581344793
131483.2036722892,117221.80365924143,8.175709067212711,9583.713630518883,19015.200017397034,0.0,32735.722735353742,0.14462075372601063,0.292760105160859,3.5808527768548357,0.0,52.03104164760101
333138.42247346125,301263.7764921669,21.72534892846013,65450.6066379795,75696.67088422459,24897.857181874082,51900.61922938524,0.21142178931446334,1.2610756405180326,5.804627786051473,0.47972177502994695,84.64276504068785
172849.80606153962,71015.73273124569,13.041042326833502,9261.191764192703,163526.94068826546,20811.13218590516,39819.529940843,0.8443981639669821,0.2325791333536932,1.7834397552343948,0.5226363097912696,29.150663679149066
129200.34488620976,78087.33534626057,21.119177922594943,16491.40328679014,68150.6793865989,0.0,184991.97932531234,0.5274806305402748,0.08914658541919623,0.422112005239656,0.0,20.197605100724772
73808.40637262192,35333.861794526885,13.090517884965987,4625.385497661706,51299.392770793376,0.0,62180.567394986,0.6950345535413441,0.07438635077547844,0.5682460497678905,0.0,15.702690355071406
75745.21518357702,63023.013485026975,12.493742561883238,7873.933059560228,16962.935598066724,0.0,149247.990509569,0.2239472890393822,0.052757380737098715,0.42227043238472456,0.0,26.065585513084226
181066.37258546043,134905.9329974256,12.084493668600372,16302.698931640158,78226.00801013442,12509.066419566,108184.11584942638,0.4041112261566571,0.15069401643334315,1.247003147718944,0.1156275699195662,30.482519860014943
785924.5012060957,675471.9318054286,10.027754970393104,67734.67021522918,147270.09253422284,0.0,318221.8161498412,0.18738452905873168,0.21285363472168403,2.1226449524358473,0.0,45.9074270471687
177635.05904478466,123420.42139817652,13.60662694917793,16793.356318753253,72286.18352881086,0.0,94548.90309603255,0.4069364680459072,0.17761555944965726,1.3053606901480328,0.0,32.78898567614817
137393.32664519717,68256.3377443528,12.145983915074222,8290.403803447827,98368.48536982025,4639.375126520812,135336.2591434779,0.6925763161776853,0.061257817054472335,0.5043462718441941,0.03428035587715143,13.547104840813306
211761.8286289217,142716.8827479583,4.6614437792239745,6652.667252757076,142231.12927798758,37628.40107752729,254962.1487296208,0.5703155630651782,0.026092764302092612,0.559757138300968,0.1475842640368983,18.774211546623313
108880.93919736134,94738.79124768826,8.687834201623044,8230.74910822092,18856.197266230763,0.0,127242.80435422457,0.17318180211553255,0.06468537965657979,0.744551267386012,0.0,32.93689554466725
24304.026522482633,29937.489452437025,7.836210401900051,2345.964662539601,22305.959540997563,22362.932585702565,308694.0876926311,0.47798185198412013,0.007599642351671777,0.096981091138506,0.0724436698896854,18.6534650780576
138932.13902159414,135042.72610048956,19.613840841779197,26487.065365749837,53056.87287308595,35903.24173370987,220079.67315722487,0.30346759702684695,0.12035216603955734,0.6136083544799481,0.1631374729826166,32.94871548237304
489180.5140943003,372722.01173708285,14.779659590083146,55087.0445520506,247487.19109912834,69156.89096712883,120135.3905950992,0.44325740825460086,0.4585413530448688,3.1025163350348124,0.5756579358052215,44.87692947481654
43910.87444110553,58714.46654063898,17.74629580809509,10419.642914446811,43107.35031209438,47134.104833604244,151205.7242990812,0.473473119061587,0.06891037335224832,0.3883084903882555,0.31172169606736677,24.207606794673424
190679.8137702387,156175.96588458502,21.22286867948705,33145.020148605974,46005.13051420488,0.0,640137.7834333698,0.24126901324562425,0.0517779468832993,0.2439724226977159,0.0,30.119821928851277
48646.70156133869,30583.325300674405,15.59270690547538,4768.768276082256,69616.04706805077,34148.65904037379,220040.91249292885,0.8408206276549616,0.02167218914907701,0.1389892677420033,0.15519231698092134,6.260517419946964
130124.91390396697,156968.07528395316,21.6869798452854,34041.634850363334,80904.18713238396,87521.30172927417,448689.0644298404,0.3717233809785914,0.07586909855630386,0.34983708703356997,0.19506002857566745,25.660545647247602
30251.172555354133,13964.675788296634,9.611752929738334,1342.2501342100613,35744.41272369057,10521.812775710428,60448.85143712599,0.8766690109506705,0.02220472518995934,0.23101639578415417,0.17406141763759347,5.981062035231889
104776.7486768821,62755.98269699249,7.352809281632089,4614.327720523892,56072.19649445745,33.38139095348595,143830.47233245458,0.5349883304043818,0.0320817115156111,0.43631910317263095,0.00023208844699005842,17.823637482341013
226688.4987813685,102412.21864353176,11.259577983872406,11531.183623182373,178397.37942342224,9521.754429729936,455773.25554593565,0.7552482459937525,0.02530026385460037,0.2246999300581164,0.020891428608123486,10.496654684986298
79058.06422281812,71104.51070089957,12.474389468844544,8869.853594746457,10604.738029224733,0.0,95112.00596511946,0.13413859969219866,0.09325692907790537,0.7475871208833069,0.0,36.76151611617856
179004.19093141326,192651.70413866924,20.11650777134653,38754.795034686926,25172.12012602027,32526.603301771196,642684.4442933353,0.11899979015949502,0.06030143623174172,0.299760957106251,0.050610534595303416,27.919384096505848
253041.39643745252,158571.7817388131,14.078927902660174,22325.20682497115,166132.85734846667,30130.028312710576,43381.337870581105,0.5866865185816069,0.5146269783466246,3.655299479510704,0.6945389375172577,52.77582685165919
407960.2039056313,224232.3107359169,9.259257989524306,20762.24814691035,280973.57842668844,27002.290650301915,444338.806552263,0.6459719675682455,0.04672616445097352,0.5046426452728539,0.06076959800072271,15.668123804714556
55111.75315733335,16090.808858297889,17.367417091615376,2794.5578878351885,52027.92573204728,0.0,131050.49923850893,0.9440441058646358,0.021324282654956978,0.12278327020344258,0.0,8.904369238534485
91452.91993718022,78771.73340192527,13.104974868503277,10323.015865806708,69100.96095457437,39144.53418067582,38788.86453080925,0.5291141502055244,0.2661334893576824,2.0307821421108727,1.009169375133012,37.28207738410453
39804.80179836042,35124.68940188831,6.918375014953063,2430.057735660107,21874.861382542207,11726.03364043454,405931.2520649102,0.4245004218595247,0.005986377553585182,0.08652866519444952,0.028886747647011657,18.3394950808181
748598.2443072082,510266.3961671092,14.38275617664254,73390.37161205619,317775.79752013204,0.0,77249.02736815836,0.42449444670314224,0.9500491347585214,6.605473409202279,0.0,68.28519579860327
407596.36457378586,370973.8489054986,20.40510166253111,75697.59101057154,81359.39420245716,24397.029983555636,29050.250865560356,0.18833481073437516,2.6057465514114555,12.770073849699365,0.8398216626927237,85.94662044355039
131465.3398198684,68220.98517818081,19.16720711456476,13076.057524698443,101112.27794901015,12589.853820070028,51272.66997758521,0.7018995663685491,0.25502977571511065,1.3305526161989392,0.24554706875171342,19.45132368449659
291805.64880929573,186096.86123639182,14.56257950743596,27100.50337839233,146726.4911922145,4336.080821256973,218717.68206984518,0.4954603708678983,0.1239063212536153,0.8508542129527679,0.019825012684032976,22.672203554509714
125395.04329474294,99560.24376279548,10.787497129929786,10740.058438462662,38413.53694828598,2975.3531792670196,710472.5175068156,0.29923984036353146,0.015116782386110568,0.14013243483670765,0.004187851191919576,27.410556686773624
161559.7272932596,156515.6047458035,5.565617519155801,8711.059917945087,77962.63020842269,53427.85010886091,46272.04372314816,0.36263783773235686,0.1882575139767875,3.3825090087279768,1.154646430326849,49.74213496058081
29002.34693145327,18105.41454184318,12.453680619969228,2254.7905019626146,14529.243186146785,0.0,136564.02855854307,0.5009678430675453,0.01651086692273447,0.13257821062360975,0.0,22.651867347951008
226140.21527336084,69353.35581460103,17.537429875532425,12162.796142314146,251017.81502962226,31476.501813456893,60860.95392936199,0.974384806499294,0.19984563758942794,1.1395377715422554,0.5171871254267549,14.107614214125128
35495.60028433606,19346.16948574427,10.48492695519419,2028.4317392083544,25899.914283179347,3275.504913792723,270994.30271343066,0.6680210468807931,0.00748514532924837,0.07138958012044384,0.01208698810637537,9.555872699777794
277363.3102403009,251447.95235463916,8.238042859929958,20714.390085391435,55122.21208454765,15426.301177749,47613.40089649247,0.18826560074169857,0.43505378098117325,5.28103323056603,0.3239907439353992,68.54771185145393
243508.36005279978,151432.7308497012,20.764834946877162,31444.75661648919,174983.99078055104,39162.36388231471,74361.1555050422,0.6190382518025377,0.4228653576309343,2.036449404547419,0.5266508248336624,42.86027549714744
200033.26036404134,133866.86710556602,18.788002608243865,25150.910483368094,148754.41368958988,45399.41700871707,64358.99299827236,0.6060904981436703,0.39079092620425615,2.0800025119901973,0.7054090639661774,40.496375036006945
20524.555207732967,12182.73877588715,15.488961149562604,1886.9796759498595,11122.421909127755,0.0,169742.12995267758,0.5419080606890423,0.01111674324150363,0.07177203902934161,0.0,20.45128484973759
69173.10600773252,32666.176006171423,6.462100190569349,2110.9210219465226,48677.135441436774,0.9215795164742849,396703.38173917687,0.7036909247483161,0.005321157114144299,0.08234408253078282,2.323094682061979e-06,15.945490419437464
60798.02087686912,30038.016579937037,6.608359127311115,1985.020010323495,41013.33906257612,0.0,153803.90805365657,0.6745834563535903,0.012906174072189336,0.19530073689322555,0.0,9.923161024112463
81975.03930292754,74840.2762177172,5.857952646204021,4384.1079411221635,9513.017446947124,0.0,35801.526443260176,0.11604773267376023,0.12245589438959507,2.0904213773210856,0.0,47.26700760494246
28758.546085856644,15234.48110750697,15.093340004069377,2299.3920314117413,18032.086637799566,0.0,174168.24667695822,0.6270166295599932,0.013202131130576179,0.08746991141136884,0.0,9.251409272810847
429592.6951338111,336785.5450252864,6.080130336520048,20477.000092096823,124262.12138275968,389.4409285450616,312481.4376667558,0.28899368359977434,0.06553029275913154,1.0777777635049464,0.0012462850000081566,33.19642194337013
136048.95281447723,97485.64301131247,19.167289579527395,18685.35549444257,51417.74640421969,0.0,50513.83563873553,0.3779356278789985,0.3699056953044777,1.9298800373923206,0.0,40.45534192226414
69689.71829214031,52101.33739509613,21.873370032747797,11396.31832043978,23451.174529392243,0.0,38588.24226299596,0.33650838465273425,0.2953313665538021,1.3501868532907626,0.0,41.08527557657935
90871.11466598987,66903.24005342905,10.594267324755975,7087.908100183486,31957.166150081088,0.0,62443.28314421039,0.3516757362066521,0.11350953606674125,1.0714241257769639,0.0,34.40296280227505
103914.54033639454,81666.23183026684,12.166057245407753,9935.560514637673,29664.411341503594,0.0,271736.96620396967,0.2854693024236385,0.036563153896330386,0.3005341267001818,0.0,29.134673947685023
152666.6505331188,136614.2441346336,16.810009185742217,22964.866988064205,50303.062128204656,21674.890197668276,186226.92263052776,0.28853170573891573,0.12331657884733593,0.7335901931090534,0.11638967068510835,33.420461964453374
123751.23780681595,37816.19098034987,20.868754113863783,7891.767910918348,118135.77599892531,2666.785172727904,165008.02332289598,0.9344852356854313,0.04782657080544102,0.22917789219466772,0.016161548505489367,6.2808881260762925
392723.556977647,362654.16166558146,20.093687924014933,72870.59548853453,40092.527082754066,0.0,76657.99101448068,0.10208841911929425,0.9505935979299182,4.730807015240931,0.0,79.03109296940694
118063.87693811842,63769.630103125266,5.036652917497275,3211.854935066279,91512.41142964821,14340.061737243006,97687.8434832861,0.6911607943478605,0.032878757689187924,0.6527898234751792,0.14679474155549888,15.812663595773008
742239.4898040353,657634.0411050844,7.04329244602177,46319.088739622115,150178.86303350114,28028.698576174942,633043.3278612552,0.19496957721869687,0.07316890756294951,1.038845229325628,0.04427611403925582,39.85931900509924
300999.76699924207,152180.89922593502,17.58274957404026,26757.586410418728,218113.57880152322,14766.316327835366,74546.77318485008,0.6907441625882169,0.35893688307700744,2.0414149764548397,0.1980812273553415,36.178729932811386
50075.80257591478,36893.09657973591,16.400075944584053,6050.495857385431,17576.941328238496,0.0,442451.7159907382,0.3510066823510597,0.01367492912494905,0.08338332804772801,0.0,23.048578392968654
415169.91908832814,285695.56286146893,6.3979346927222185,18278.615531881933,176623.75361334247,2993.458983147633,181378.03406442393,0.4223797751680506,0.10077634607832128,1.5751387114494377,0.016503977444613727,31.448499118190284
33556.91692649144,31575.61284676477,13.037162476028218,4116.563949634362,2641.738772968893,0.0,48685.55016287395,0.07872412053693102,0.08455412203133575,0.6485623093737436,0.0,37.84628605317784
270109.4361016089,229863.7954444324,18.05466335953532,41501.13445294316,53660.85420956864,0.0,138367.61835341452,0.19866338245725956,0.2999338642003809,1.66125426006337,0.0,39.0163041935107
86856.24280006457,83855.77020808196,7.938052280728486,6656.514879525088,4000.6301226434903,0.0,559081.5796951096,0.046060363580918286,0.011906160247946572,0.1499884332690982,0.0,33.426176714376
330528.56523648545,284268.8684067254,19.683177443223993,55953.14578434067,236439.77491524903,131070.13435667672,122606.2819379505,0.5122193262754839,0.4563644284773096,2.318550598823234,1.069032779437922,52.891045735335695
318807.437873344,172818.12039002436,4.953491946766624,8560.531676073304,194652.42331109286,0.0,383307.99681127636,0.6105642472131547,0.02233329788913359,0.4508596789727615,0.0,14.1935545645363
260926.89875361713,96721.20658877274,18.07951153122533,17486.72169835744,218940.9228864592,0.0,78332.3102871429,0.8390891239358054,0.22323766060590236,1.234754933618345,0.0,23.73022723239
249118.90403463916,166300.61648835902,15.084740196217664,25086.01594197727,110424.38339504017,0.0,177301.0441927575,0.4432597510933415,0.1414882583246625,0.937956215912417,0.0,31.229275178179844
69507.28043876801,139382.2695927677,9.673588239778283,13483.266839662037,123597.6489741743,162573.22588463043,359251.247728302,0.5325636820265466,0.037531579708970954,0.3879799178823759,0.452533503815644,23.836955941462982
27657.19938011242,35409.71137993999,16.976785870154405,6011.430878212108,24622.698044768942,26219.535533404276,481186.8520319905,0.4570191212272508,0.012492924220241274,0.07358827704956881,0.05448930165627455,21.775794868151415
92370.74471134495,66031.26347270384,18.082584312720876,11940.158890206534,35119.30831818813,0.0,144733.91719919624,0.3801994714661512,0.08249731038353215,0.45622522177594,0.0,23.284957278147637
43587.75350499863,26282.263999593317,20.810181483471446,5469.386836280451,38910.87889425903,11877.669665288957,208741.3431452213,0.701533976848901,0.026201742088415133,0.12590828248771377,0.05690137605862613,11.361969838703002
193092.47264662109,134945.1752494755,10.619944098776745,14331.10217549061,92126.30782766736,10947.433473604944,25537.224438555208,0.45151122434541785,0.5611847994668525,5.284253798769924,0.42868532952535326,65.76606443698712
78720.06393196595,37788.83592086834,16.34830124763919,6177.832734319644,75188.65103964317,15460.260268634764,77558.03397666488,0.7983477618902015,0.07965432357630915,0.48723303032975257,0.19933795992413034,11.136798256809817
572038.5453190624,389526.53787096904,14.847092984824435,57833.36727827015,243349.34326412453,0.0,83809.04561348108,0.42540724791262635,0.6900611605218826,4.647786345968267,0.0,63.78460233679288
168653.26718041865,138613.12655892692,13.453709250227593,18648.607029888033,85905.79580291311,34389.20623069308,42668.17713983313,0.4230927370007689,0.4370612545451002,3.2486301466467804,0.8059684883652748,49.27507939626288
274301.2763114907,127513.39007967178,20.027496534790682,25537.73977960039,195717.18164242522,0.0,84054.50153841087,0.7135117425417042,0.30382358246369784,1.517032255808468,0.0,21.613364614250102
36325.23131498392,29513.70087398602,4.057011654491205,1197.3742841292858,14800.378930034974,4288.753756528333,94716.50060616531,0.3644158263212728,0.012641665142465642,0.31160041476516404,0.045279900852345976,30.163243034294453
312090.98150046763,151486.6636416313,9.078008909864757,13751.972822644146,214139.09047844843,0.0,648924.8741346558,0.6861431543100439,0.02119193356701338,0.23344252883454258,0.0,12.646489143775536
399120.2172924199,255502.96934046532,13.688990311806942,34975.77671939536,191489.6639359395,0.0,223798.54432505096,0.4797794139193967,0.15628241383284253,1.14166501891704,0.0,26.207606292244353
115140.0210822374,66216.23832358206,7.2092787094579425,4773.713171665931,65231.71034487379,0.0,124924.25173464138,0.5665424561480913,0.038212861837315974,0.5300511102058525,0.0,22.86481361277585
154806.9824737486,106692.95958066008,20.341597607189648,21703.05251309937,111443.37002587732,35468.504626319474,821931.5230449747,0.5856948350223797,0.026404939954969724,0.12980760147195625,0.04315262723459105,19.87095164960068
232104.11014977566,132373.83587954624,15.656712117034276,20725.390401935983,132973.69902697255,0.0,54939.20343003547,0.5729054041359511,0.37724228070269644,2.4094604146950003,0.0,39.18893364205584
43826.44626818689,75023.79836562551,12.601893903375819,9454.419472318728,14414.736559109007,42008.40451677037,141345.03359941143,0.16793570941507618,0.06688894000417216,0.5307848210518089,0.29720467318170635,33.96773906646216
119743.88223245917,96502.55340152292,18.66463166319978,18011.846137976925,30988.438441248345,0.0,212463.42307235557,0.25878932487832984,0.08477622113733381,0.45420784437168016,0.0,29.472065651737175
91289.97235043517,91419.05849948575,12.115951446371868,11076.288740527989,27550.491848705464,20791.955035579686,35293.29430338295,0.24580672808935927,0.3138355021584454,2.590267083419385,0.5891191356876744,52.54726747676223
38739.31665678915,53050.40409349931,14.05575421474017,7456.634409308722,33328.81689735089,39307.70010972332,252214.7823349103,0.4270351164998178,0.029564620837359272,0.2103382030283018,0.155850104208117,25.096651266584452
83719.42236850972,45107.366660718704,4.049517919970578,1826.630896152638,90099.11615667987,28962.281409718886,43938.36535764212,0.7995895796358029,0.04157257288213921,1.0266054800528273,0.6591570071844179,16.604933266892036
25591.104405616534,12399.218610905817,10.582609543511325,1312.1608920385513,25852.43661955102,6197.441669952547,52207.21769905199,0.8132626310776689,0.025133706599774965,0.23750008442091275,0.11870852236711102,9.754176248995947
18922.6319953219,7096.592819338024,6.498228502317455,461.1528172796373,16809.06768784526,780.7615899000692,56317.08893543036,0.8531052082547078,0.008188505940148402,0.12601135736036592,0.013863670950663688,6.882238580912962
36782.704849284535,10864.658741615145,16.41439625192124,1783.3681372677097,34557.39481022585,0.0,500834.47613106604,0.9395011854572198,0.0035607934802016515,0.021693112713694084,0.0,6.175253178696577
509993.00099656614,450754.9222792354,12.622485261563208,56896.473630467175,102394.12715472229,17557.516648710996,231927.4286618593,0.19409350143709214,0.2453201588045884,1.9435170944632754,0.07570263142230209,46.88848411460548
134619.41498371842,72764.71759265229,9.431636030504155,6862.903321963189,82472.92985475484,0.0,216781.13750989165,0.6126377080507261,0.031658212521603904,0.33565981998471645,0.0,11.507029696682391
521426.6747826159,195019.4292063305,12.420982108691364,24223.328410190334,511083.61643463414,56905.466749690226,170942.3067418602,0.8837198898897523,0.1417047006787498,1.1408494065827084,0.33289282117634644,15.1724736371074
99976.61865123748,91168.96955785443,7.7733379831242315,7086.872139463667,20481.999096812502,6553.850229226327,87361.04500223458,0.19226423493728387,0.08112165026508547,1.0435883585815904,0.07502028196959742,33.29303683155188
71054.88424960562,30252.79527840412,20.65155938475053,6247.673982466631,54402.78529493533,0.0,199587.05788275824,0.7656445558876172,0.03130300155101565,0.1515769389023975,0.0,11.4471625390558
120826.04621659496,41360.70081422839,4.971507385916434,2056.2502958461628,105953.79386982208,0.0,120019.57662555652,0.8769118678259769,0.01713262414065467,0.34461628658521026,0.0,9.22894171404836
101842.03359398225,35844.81961893312,19.577506635330167,7017.521939318761,92569.84938437547,3430.17306323246,53285.317682034976,0.8793379784067754,0.13169710240246352,0.6726959916580946,0.06437370015697468,11.666548982122965
31751.175089758788,21854.179437708037,13.204458197200317,2885.725988193305,39237.14945120504,19530.86643635303,235579.25699744458,0.7651245598564216,0.012249490999220732,0.09276784262013824,0.0829057137087621,8.808128654038617
168592.38065962392,138419.3788651668,15.14103693049871,20958.12927294183,75464.1116522338,26425.08194471824,49980.7448579418,0.38696079132840466,0.41932406834892627,2.769454101946469,0.5287052447862703,49.95954323696631
51509.2442997496,63373.88194873143,9.446901176356668,5986.8679993175965,15361.328480143911,23385.634009089776,63078.42054779236,0.20510519313215722,0.0949115077284085,1.0046840329604514,0.37073905475124064,38.624826829454534
159975.04267586456,97821.33485387635,21.400557102297782,20934.31062363373,86470.00606516981,2698.796726889159,331377.6080445621,0.5315544674093803,0.06317358238888182,0.295195971239921,0.008144173478753089,17.59169540253327
172559.52589869295,86016.92776331304,9.073317253350817,7804.588747550991,117738.83235065172,1761.526127608871,219247.74179070225,0.6754137322030795,0.03559712261484266,0.3923275426272181,0.008034409445778715,10.616209919934615
39735.592733166966,29077.76375481068,14.599803948525478,4245.29650081776,14210.43863780838,0.0,204448.23932347403,0.3576249317138548,0.02076465180069824,0.14222555230130599,0.0,17.562954318873008
24496.83134257971,21851.31678264624,21.88150069192832,4781.3960329901865,3527.352746577956,0.0,122493.99736079777,0.1439922044304077,0.03903371704743138,0.178386837342606,0.0,35.62959635305119
242639.32398358954,126559.96209079499,19.859699134902023,25134.427696477942,186213.24605024225,23580.57264488715,115836.21215825567,0.699471558694624,0.2169824723044227,1.0925768352809095,0.20356822970584815,24.421801883402033
107372.49331370795,86275.98286366163,13.65393685514991,11780.068221364316,38778.071595506946,7987.043246583887,235965.484045925,0.3361496825643008,0.04992284472872994,0.36562967339269875,0.03384835404583749,27.652376284807513
23988.58501557238,43251.154840237694,21.826741413409817,9440.317725292165,14936.067333448436,30464.620324751642,267477.0910964784,0.2742917931111741,0.03529392998328617,0.16170040829641405,0.11389618527652942,31.740455585605954
805789.7965104998,307963.8409506703,16.624657511187063,51197.933816345794,732374.881140302,51455.20529539705,153481.3160973755,0.8543355512105176,0.3335776309336799,2.006523326626181,0.3352538706584425,22.218313114965852
23927.56221366355,12323.960801213034,7.756607490552568,955.9212666396525,15471.468549934023,0.0,651848.4363610409,0.646596105853994,0.001466477808823329,0.01890617529131746,0.0,7.293436489222325
193133.8520250227,99145.9421818472,11.300731787844516,11204.217004501952,152893.77490373864,20682.421334628492,586016.9161532815,0.7150708058902634,0.019119272320752122,0.1691861436913096,0.03529321554468352,12.713829186458527
632294.7116485429,460156.1884895363,10.020880012207918,46111.699517285735,229518.03087867543,0.0,120716.6241698309,0.36299217224238245,0.38198301049583044,3.8118709138367124,0.0,51.78401792942622
56003.79254357205,20688.92009798914,10.192246748881406,2108.6657860659698,47086.496594110555,0.0,334287.04938156874,0.8407733557950801,0.006307949380530903,0.06188968473730483,0.0,0.8461592763537338
38016.27918503774,46637.099467859305,17.688215908477595,8249.27084732641,3219.1056137660166,11035.149493146078,166058.4663794427,0.06562715298031167,0.04967690613543829,0.28084746586358195,0.06645339881635919,36.92617330593707
34411.260903601404,17614.76784481738,14.516732690910285,2557.088762156557,22395.3240783787,0.0,154049.15820164012,0.650813817637088,0.01659917387415709,0.11434510938229742,0.0,12.007552419268631
69204.70589116646,68977.24192213072,4.6856688086115135,3232.045109785784,91589.21684516582,68464.44866483861,35175.81794638956,0.6652849517420875,0.09188258577843592,1.9609278745772716,1.9463498693671684,35.99309054741521
30978.480532734226,44223.3393804485,19.794072705717568,8753.599949862206,48753.528124599514,49810.00494116391,178586.18248784935,0.6034712476489145,0.04901610991353031,0.24763024084160246,0.2789129833409866,17.433636534544423
191726.92048922752,75715.306750469,9.342330528642961,7073.57421740473,189681.40693047125,26249.44145909491,440508.6094185396,0.8701925531514316,0.016057743404247357,0.17188155947828423,0.05958894082397962,0.0
24647.46956992906,13045.888403055253,21.947347784436587,2863.2264993880167,15468.774889165077,0.0,297652.538178826,0.627600932634384,0.009619358588058891,0.04382925300377396,0.0,11.719474917341087
121825.68786519553,62254.03094381266,21.175433146026144,13182.560703213478,79428.87589517717,0.0,302787.2225970836,0.6519879122953778,0.043537374497322825,0.2056032299178409,0.0,12.18398987323144
871931.9830199903,385866.01965220564,20.929552900275375,80760.03270729535,648087.9511570461,0.0,56368.40430895412,0.7432781040011326,1.432718092650826,6.845430953434153,0.0,60.65657370076878
267277.3165015073,204310.61198542506,18.600296873151528,38002.38037264177,109063.58826729021,18830.986684385385,104896.11289745779,0.38119686514805023,0.3622858781220174,1.9477424505248433,0.179520347935045,41.325681125473075
158262.31149298104,69315.38561019706,7.971039970303766,5525.157092558993,127021.58879880984,6319.265716323404,72796.42235286455,0.7717849771075642,0.07589874493800006,0.9521812112442293,0.0868073665171643,17.213562350821775
69847.32496304778,65636.5007539286,13.587389392518077,8918.286941059341,54005.788373040756,36293.51707066139,93341.23233461857,0.5088125111716102,0.09554498819008746,0.7031887099864784,0.3888262042711513,18.36370886150181
161683.37142285355,130733.92999557564,8.037447282849543,10507.670704191818,41265.92190303721,0.0,180952.7861583346,0.25522675300426334,0.05806857649043078,0.7224753637182618,0.0,28.613860207989717
127312.13338193014,59265.77395446839,8.674158200601086,5140.806991621222,108493.90485606574,13324.06921458754,106682.1795959977,0.7714507562987354,0.048188057378367295,0.5555358371839246,0.12489498494542764,14.586307691728107
98290.67419750436,29307.392430525186,14.997131849852993,4395.268284559698,91977.7090226389,0.0,173062.19676405113,0.9357724908654076,0.025397044338643766,0.16934600957644255,0.0,2.8030250843395756
36011.838879051764,19524.957510601093,4.735003816355141,924.5074832686814,21982.508491267563,0.0,128886.23102435874,0.6104244930423389,0.007173050805511994,0.15148986323380803,0.0,17.10829992874808
341530.6589718071,260628.40925940522,21.450254202772737,55905.456310785295,123048.29692813568,11383.972983699874,85792.26673020105,0.3486630640569438,0.6516374778463006,3.0379009576588962,0.1326922975412238,49.85861799585048
104616.82946891733,56569.587800857116,20.53611710640336,11617.196797393686,66405.5182138518,1756.8969923286356,43047.919298570414,0.6242661644277794,0.26986662739305695,1.3141073650622586,0.04081258794747324,28.96731368383991
47466.62730921204,30625.003830499598,10.853816298838957,3323.9816572748205,22455.497971616587,0.0,425343.29273341666,0.4730797034584877,0.007814820908338906,0.07200067417001396,0.0,17.08016661915635
83772.77750744029,46027.38758622898,13.277604064124436,6111.334284759444,50327.18656161508,0.0,27058.936722643037,0.6007582422242747,0.22585271355638498,1.7010050342337752,0.0,25.916213279080864
95198.54019302009,69842.41982025444,12.390149546819663,8653.580262847141,49908.074213083666,12074.935287047101,25297.693901174807,0.4652415146403757,0.3420699252924898,2.7608216026762427,0.47731367666229646,47.62539684902989
278636.66266358,249926.94341520919,19.87959601511446,49684.46668386729,38279.62566449438,0.0,340593.1419534816,0.1373818696311059,0.14587629803377905,0.7337991069982975,0.0,40.99324093861677
213421.54842889175,114388.69922500654,16.39483377369,18753.83709382604,132043.79893851362,0.0,1059645.2521505908,0.6186994701826384,0.017698222169886015,0.10794999457870479,0.0,17.43182315901018
234998.74892552875,100164.42564985444,9.006002453638416,9020.810631698718,236244.2066520483,42348.83171336191,258758.8383476518,0.8517983322870252,0.03486184545155105,0.3870956690386743,0.1636613921433081,15.337469067655876
16663.88400323008,30194.068604274697,12.043142580375344,3636.3147328291493,6178.663403828746,18164.182153916172,27770.50323648833,0.17740472227054635,0.1309416218302918,1.087271208128558,0.6540818507764676,46.20675601308447
95717.7039661463,46721.066937170006,11.721387562361748,5476.3573289761525,86589.01624727488,15945.125156479853,71273.60241524868,0.775450675284112,0.07683570274826616,0.6555171249092671,0.22371712129241925,12.349273216805313
113477.2081557241,124199.64867199177,21.268033029110534,26414.82230159845,94872.27150634726,81876.64414602812,667462.9478257402,0.4856432078943769,0.039574964254787036,0.18607721833335017,0.12266844835768217,21.267175668822805
17906.825919966945,10939.792522782842,7.155596389263514,782.8073987531689,20843.573587902327,8665.646793742642,322614.16294737434,0.7844047414205627,0.002426450815430761,0.03390983341474493,0.02686071409442804,6.896906117993204
60127.905603273946,20721.08473804746,5.6123740712997225,1162.9447871302195,52542.42782030198,0.0,175579.97259287638,0.8738443039572803,0.006623447822416408,0.11801508128773995,0.0,11.258380543341495
229248.7022571567,175462.0902128473,19.851138978910424,34831.22338345351,106850.54002285065,26351.292972828604,73656.64742639635,0.418038114307115,0.47288635310559946,2.38216232130553,0.35775851730369534,50.09943517729245
37120.15760008339,92930.4092579368,20.140347811105677,18716.507646832422,64954.46611358996,104526.1012430459,27605.402311031947,0.4585681728842968,0.678001625767024,3.3663848912935066,3.7864364396991284,67.16543863955238
129957.75678972872,83816.83078070146,19.691303582418964,16504.62660219031,61521.23467870301,0.0,28794.786572220994,0.4733940951154166,0.5731810708440086,2.9108335486522248,0.0,49.94863057858076
51349.313411534065,32923.65103657534,13.197584481260014,4345.126659867269,27129.330808402236,1921.335731342951,195406.11155980764,0.5092735163718158,0.022236390792400387,0.16848833833172333,0.009832526301281477,14.95092693677537
16829.224537316644,15029.631417479437,15.875399708850289,2386.014062291802,2399.4574931162765,0.0,28973.269267228527,0.14257683042945846,0.0823522551178098,0.5187413018136463,0.0,35.413109034918854
56402.8442775449,44150.75632539112,14.140534856097709,6243.1530874226955,16336.117269538372,0.0,935112.056186421,0.28963286300159347,0.0066763689400857005,0.04721440177495623,0.0,22.452063549511898
573668.2534714317,295790.8738163373,5.250060868979217,15529.200920243218,370503.1728734592,0.0,61465.49853182148,0.6458491830974398,0.25264906803291526,4.812307406295624,0.0,37.70726572200839
257572.9736942321,133924.1784479107,14.725028144213004,19720.372968360898,207794.79912043392,32197.30409400409,248256.97261075414,0.717101839106805,0.07943532365264427,0.5394578731848649,0.12969345334153706,17.910917701153284
496252.132528685,427169.3256747868,4.245054650609816,18133.57132553613,335972.5510828172,182896.60645821478,55328.07946306366,0.49469656909618126,0.32774626376904836,7.720660645015878,3.305674229670565,68.60504996142252
115371.84361667519,106631.7152807279,9.84977337202755,10502.98229785737,35693.692296413414,18030.140886362777,164811.7419041117,0.26756492738382437,0.06372714817836254,0.6469910095529892,0.10939840012644732,32.65548720337447
32435.618129278875,22046.538656557983,20.781266365717006,4581.549922640082,31375.474301103823,13142.526253106977,40128.32927766479,0.6883885846223525,0.11417245634470378,0.5494008610228627,0.32751242051888857,18.41515728414173
134097.52155025417,98400.92403175945,9.472814853444536,9321.337347607183,47595.46335799296,0.0,287037.9357336239,0.35493171542440594,0.03247423489088056,0.34281504909886606,0.0,21.304245113372907
105874.14466303927,57653.71716488274,20.91687956759646,12059.358585621212,64293.90333087538,0.0,183271.59585363074,0.6072672750792991,0.06580047786156878,0.314580755934093,0.0,13.479520486282475
294028.63310997136,97857.30515834328,8.502411228686396,8320.230501872891,261561.77060217079,0.0,41219.278371115084,0.8895792489173752,0.20185289094491754,2.374066432635997,0.0,17.8735407854784
30484.84741299357,10292.713702738136,9.662120328307584,994.4943830067616,26922.84494700725,0.0,364792.9698756718,0.8831549845820095,0.0027261884551824113,0.028215219460632927,0.0,3.5977864731376217
115485.26034447693,90301.03837930363,15.311334935893964,13826.294436845334,33578.96262023107,0.0,167542.76438182814,0.2907640552575243,0.08252397223991935,0.5389730718153161,0.0,32.809758931875955
39386.42755768867,36224.9729448041,17.70928551020731,6415.183884790711,47331.23738025045,32336.973422303272,483249.98857680266,0.6599134554906848,0.0132750833656174,0.07496114599296444,0.06691562170034894,16.292791667919865
73884.38925205567,42857.837008941744,13.024979824087913,5582.224623455145,64706.98482560591,17503.686376090507,472189.7083888595,0.7080462563726105,0.011821995533325028,0.0907640218487085,0.03706918229076649,6.3000670928774145
215543.98170371863,198838.53874418343,19.8780823694948,39525.28851386861,64065.42743002063,31343.62761298029,480777.32375540794,0.25949227507744105,0.08221121621363495,0.41357719867283327,0.06519364800351136,28.450189120870093
111944.72899374267,84928.78951665518,4.724327588991146,4012.314234131561,36021.25263611666,0.0,39575.87997571632,0.32177712126249486,0.10138281793338541,2.145973496199385,0.0,34.84175562642872
85713.8844632389,125454.35118299027,20.59950709541867,25842.977973451536,14233.603480683943,50415.66933026434,48206.0193711975,0.1045592458363236,0.5360944195465431,2.60246236506198,1.0458376357950658,58.0041315926614
90249.23102378674,48340.339400677505,7.533540398117345,3641.7389973370755,55878.52216414564,0.0,816753.1233110474,0.6191578756988843,0.004458800209509792,0.0591859865863872,0.0,15.435237129558455
107274.32413753848,72453.87945345632,19.916297411523807,14430.1301181373,46427.259578776204,0.0,145357.2361605065,0.4327900450740749,0.0992735587116093,0.4984538875894093,0.0,24.087977355189093
245579.1302841696,159880.9457233283,11.21553723075485,17931.50699248284,237923.96567025862,92744.78969185267,73976.14095684652,0.7032431099968361,0.24239581519862008,2.161250149782668,1.2537121900688861,36.31605109461329
348961.277448562,282478.49611175933,18.989627005678678,53641.61278287364,95211.92551163747,4926.162796925454,289279.29172062466,0.26904578881236957,0.18543191413327556,0.9764905549636326,0.017029088973582532,39.266979362145904
481283.709453345,274126.51667974185,16.08997989646651,44106.90142465438,276209.5903648042,0.0,80244.297552988,0.5739018066465007,0.5496577672142885,3.416149496463931,0.0,46.000555469902416
246901.44456835464,201849.1474776176,7.166949384608718,14466.426232985057,96902.44139263548,27624.533953739534,258833.29517190866,0.35298095252882106,0.05589090160667671,0.7798422816645593,0.10672712695401965,27.450412667238066
71839.59384060769,66461.70804379343,20.524856257866073,13641.170042511216,7170.514395752334,0.0,351836.77394294244,0.0998128471001901,0.03877130264025048,0.18889926513074373,0.0,35.13656210616816
189777.59020215308,144678.9514001624,8.419313028792274,12180.973805153915,80662.11419673257,15397.94684555873,301065.4518328652,0.3931370930345136,0.04045955366514825,0.4805564720872726,0.051144848244184506,28.214674847415157
101332.12400473408,101169.15656148699,8.394522136509984,8492.667242874468,16721.97943514333,12378.517133110407,82648.80121083185,0.14705729620214078,0.10275608500612383,1.2240849846498183,0.14977249460078185,40.555018088980795
59089.35603734665,26733.863794448327,18.65522013947285,4987.261142641165,48565.38294874623,4068.544968661345,117434.84062741442,0.7689518203609453,0.042468326401227476,0.22764848703858567,0.03464512700766223,12.61404413124244
290706.5589285868,95351.70075969715,5.905718600305379,5631.20312747296,260473.14422518617,0.0,120968.4677319368,0.8960002319355046,0.0465509998849582,0.7882359969293338,0.0,8.30824391479931
20877.617511563407,9371.055759706236,7.996646314668286,749.3701850540589,15342.08233580956,0.0,146651.84640001884,0.7348579083466827,0.005109858508088737,0.06390001892062801,0.0,9.481646526092472
363054.3139560558,227989.5747139818,13.066196321579122,29789.565424862172,233111.70457562662,39769.039189645984,57970.48082325865,0.5786946132969352,0.5138747342062779,3.9328563689005813,0.6860222414041118,52.741067675694445
107838.89022589194,93642.37564636559,18.94858651635924,17743.9065653257,28298.430062049596,7027.307967010848,133420.8609426486,0.24635994319691923,0.13299199570412737,0.701857078306653,0.052670234005097294,31.34715117598452
167086.14470018362,64666.98242388721,6.654711545270815,4303.401145340671,136558.88303506188,0.0,153690.83903905336,0.8172962712144726,0.02800037511830593,0.4207601625979484,0.0,7.494255855332046
176536.68535743933,167624.2357635236,13.858028221222234,23229.413897717197,44034.45223039633,24113.38957888153,161559.76734270263,0.21945893737827551,0.14378216978019454,1.037536996497135,0.14925367853329413,41.35421793320602
353237.5347088531,202207.79318144353,16.80233065245291,33975.62201537427,237550.41326722363,27133.068423008164,333564.1745702644,0.6245235865003825,0.10185632812380274,0.6062035691990927,0.0813428734004906,25.353040359667787
166866.4338006407,113453.18044321844,19.490714044887124,22112.83497501751,153419.51261820315,61651.38110623012,156117.65356318362,0.6713678435999709,0.14164211714896197,0.726715895696587,0.3949033289901369,26.41512659074857
157761.87961663082,79746.75953791695,20.840180083639954,16619.368298569214,138433.74536170717,25810.188942566514,72229.00550517919,0.7541111588937933,0.23009271943218879,1.1040822032666462,0.35733828483511093,18.589103506812872
25346.580117285812,30805.71152440302,18.123518460440785,5583.078814995316,9675.335754752778,12715.633223181792,220849.79815765633,0.2541979276981771,0.025279981514901666,0.13948716177866727,0.057575933187426244,23.60475477248045
124598.70629838272,122304.41641910748,15.750911167996033,19264.059984709576,68043.52774754126,48738.35593138072,312297.6411489772,0.39255036904541246,0.06168493592790195,0.3916277304213254,0.1560637978310274,22.359349321611962
39407.66606349322,47703.202649545994,11.805161535629786,5631.440130447733,20024.695068117308,23314.057887140756,94252.9997521388,0.3192625107670514,0.05974812626926438,0.5061186675754955,0.2473561366582575,30.108441968337658
215587.78787141174,128801.2916494839,6.017982775391554,7751.23954594778,115715.32829590379,0.0,211569.93392670812,0.5367434279947373,0.036636772541758976,0.6087882586100496,0.0,11.747666849705427
122684.20984881425,91927.36052619654,16.77526946545938,15421.062440753809,41009.13243015693,0.0,53606.14805268567,0.33426577454990464,0.28767339196984537,1.7148659970092923,0.0,37.30045797518743
186021.95200072625,68743.21568012491,21.869271480558766,15033.640461552559,156371.64842746846,0.0,100318.9038652186,0.8406085773514406,0.14985850006645504,0.6852468780209505,0.0,16.972694551949047
21384.91791245315,23009.374528736535,17.2616907051778,3971.807064346462,18022.010122103962,15140.964207861354,456884.72249263537,0.49340382972108177,0.008693236759323868,0.050361444355599846,0.03313957211188084,21.395867383549064
28290.590200271778,14785.515860493322,4.300799687279073,635.8954198906946,18006.765786371274,0.0,461065.7365084301,0.6364931116282717,0.0013791860238980649,0.0320681297475311,0.0,11.390277440625074
203988.05699743898,132775.90222925527,12.932679604753098,17171.48202762981,101144.15175609675,4645.9590488888525,179157.42097466413,0.4847922389301914,0.09584577593388188,0.7411130474357075,0.025932272431773113,23.02840699269527
26222.16444519395,10502.799607657416,15.06363938469227,1582.1038581943878,20959.153116715377,0.0,243131.5397303996,0.7992914986297712,0.006507193019666348,0.04319801379657949,0.0,9.105192562853276
26088.439030351812,24301.804647489287,16.414135619851173,3988.931172910187,2382.179177150033,0.0,371365.76436108636,0.09131167926063181,0.010741246382183118,0.06543900105950573,0.0,35.20562365646259
16827.357001469394,40658.79254018211,16.955065040812755,6893.724719997002,4446.680632773048,27166.4460132925,598001.9645431106,0.10107515895547804,0.011527929887762143,0.0679910685096938,0.045428690245271,30.831826399921038
485253.9729329684,195447.04392835475,14.045951941897432,27452.39786203587,386409.23867281823,0.0,146161.9441513043,0.7963030912189888,0.1878217891903355,1.3371951574893624,0.0,17.80781425938228
215630.40645234913,104282.71474558514,8.020485989216326,8363.980525344083,148463.58894235198,0.0,173422.27592664905,0.6885095260216006,0.04822898604376363,0.6013224897918692,0.0,13.416474503737344
80369.64536005488,28106.322458400333,20.95961190657784,5890.976108492038,69684.4305355394,0.0,121703.33116328497,0.8670491231279438,0.04840439495109898,0.2309412748997897,0.0,3.024048614672748
67760.69718451482,54336.18818551892,16.539996417945915,8987.203579533181,53235.244967664075,26501.92472675216,38446.73476117301,0.5647545536954877,0.23375726535324068,1.4132848608093638,0.6893153577639108,32.654580497699655
79548.96760003202,84008.815366278,8.26312066364937,6941.7497818179645,64566.11520954726,52884.434173406415,123923.04426234007,0.48753648509312086,0.05601661759634117,0.6779111654845625,0.42675221939716235,25.03905331392454
238517.42995974756,147812.6766180346,9.801792980864912,14488.292561575066,124283.05616550565,2507.538782416265,306455.1189348638,0.5156439053352074,0.04727704536942166,0.48233058443201193,0.008182401361516285,16.825478031908744
177427.3526442755,120885.62015609619,20.594698071346656,24896.02848282299,101303.60821866518,19435.97367581959,319150.36653276836,0.5145885224653165,0.07800720629993957,0.3787732455688232,0.06089911124643508,23.228434246317978
45721.073266499945,60462.5074566394,19.974733360732046,12077.22464767645,20124.914382942792,29835.119977346556,426241.95355894166,0.2663569129004765,0.028334199735236494,0.141850202571105,0.06999573769835608,29.070044123335098
43693.932218253285,26744.68495683017,11.292635890445613,3020.1798922216126,22598.996348564153,0.0,34510.90977066197,0.517211319770468,0.08751377208806863,0.77496319669805,0.0,25.047423196260812
30536.923679150925,20101.429477987644,4.689529995846118,942.6625649640843,13913.992268217711,0.0,159817.61891969878,0.45564485848053793,0.005898364469049749,0.12577730549275493,0.0,17.524564525978082
176955.0615050269,147054.10953870526,4.872952640090888,7165.877113128484,52845.609654310756,9733.25527441143,45455.9490797069,0.2830686492114279,0.15764442846772675,3.2350905110538166,0.21412500390970143,40.86437103954109
231825.5698835574,112351.90851268473,9.110529236531002,10235.853472848707,159298.21516116353,0.0,65332.907958083706,0.6871468718535955,0.15667224669405236,1.7196832656640277,0.0,24.867075369732554
61192.192433038545,36044.909261548026,15.32419994810199,5523.593966351552,33529.71089532069,0.0,439855.4434934282,0.5479409964271442,0.01255774834223253,0.08194717104163012,0.0,14.553406544924774
18175.11276774227,62325.289599929165,14.515503436022113,9046.829553388452,24353.540052383123,62415.33187147424,148615.03632161196,0.3021889277495353,0.0608742545660761,0.4193740495077056,0.41997992542560547,28.51995918141163
27861.736118540415,79048.51985167906,15.40890016499097,12180.507505848293,73287.00342895243,106152.03630485298,280792.9295880259,0.5468617299826081,0.04337896799509626,0.28151891134743867,0.37804383629102506,17.416077755475676
530648.2504256015,312294.55007707817,16.91109349477792,52812.42334263073,291138.26713136444,0.0,36979.04613599958,0.5486464280205573,1.42817159610878,8.445175922833103,0.0,64.97140743501903
67528.2847955438,54847.198410955054,4.342580564669292,2381.783778459739,16908.11517945167,0.0,122068.69810138727,0.2503856751381228,0.01951183076009779,0.44931419163166886,0.0,33.70284998847791
234945.60649560302,128623.52948228695,5.891540713103971,7577.907606080225,143407.54751711743,1233.5836245219925,226887.1407930831,0.6071980661978634,0.03339945833682632,0.5669053302566374,0.005436992242971576,15.942009670534368
161989.87582320572,146427.71811928673,10.470702132889826,15332.010204258058,41545.73386682579,15597.14269620034,50773.34476195715,0.2339457816973588,0.3019696708211716,2.8839486310344546,0.30719155433476153,47.81541009130392
87175.37337439887,85702.95278353647,6.787479955388472,5817.070741358584,31013.46235680992,21787.67617674504,95965.89919498692,0.2846236635682003,0.06061601871243089,0.8930563200309536,0.22703560701782272,34.677421098802284
49541.70284338553,32886.13842813723,5.355760765801975,1761.3028993215,56968.9392649641,26071.14003347477,37010.542410650516,0.7534294056069439,0.04758922146503452,0.8885613743038144,0.7044246945695204,20.06413026048715
34411.51335856518,85628.79142653494,15.537359127951975,13304.452840865684,41625.983104515566,82436.76539635644,214658.41733323454,0.35623959161454305,0.06197964657594547,0.3989072149619238,0.38403695704316154,22.598014607458335
158181.84427192208,136906.18395043517,18.676056594839785,25568.676396418734,72987.7972292353,33465.18760043957,661609.0193017949,0.38084491325618713,0.03864620289397159,0.20692913783871045,0.05058151661196493,26.037629131425895
238504.28375113764,207795.6111535391,17.547279833817086,36462.47737150193,67200.38042709076,19691.612722719532,340850.80125624523,0.2602689715244755,0.10697489117559716,0.6096380304452395,0.05777194200554555,38.43184129880588
169883.34503455635,109087.93185680277,18.706716014965224,20406.769619050876,81060.55090367144,0.0,686304.9933808789,0.4771541959406482,0.029734257823949305,0.15894964033324788,0.0,12.036100007055207
128349.84415297085,136053.04827818784,15.98541779304179,21748.648187437175,109986.89632262143,90193.37636718305,361283.14567788714,0.5032729730112059,0.06019834705167187,0.3765828821682427,0.24964734017123974,18.938556010958727
21428.488096366356,17422.211816636463,17.236215792655642,3002.930024569012,5341.701706306525,0.0,372827.11060993926,0.24928038237155523,0.008054484073479168,0.04673000251546622,0.0,18.164617465455056
533611.7294630331,364897.06713867676,8.892017935749424,32446.712656994758,224952.88309914182,0.0,179944.3760716128,0.42156660110434435,0.18031523610430525,2.027832573069458,0.0,34.666299467080364
255454.417326654,159917.03872903768,21.874144653114957,34980.48437656757,130985.94307386054,2702.0787077791265,156460.25853714882,0.5073896844973815,0.22357424628863212,1.0220936627882926,0.01727006418781779,31.041869704991605
66970.93929564708,84601.94737858098,7.296981780889968,6173.388686493173,43855.59837390697,50522.70686336411,118834.73965991667,0.3732593191852652,0.05194936012954027,0.7119294208132766,0.4251509870594312,30.299439588155177
601581.0859075828,321535.63566994696,7.8608897390088845,25275.561791635853,386552.69801764475,9869.07327559772,331768.6232619909,0.6321900357897198,0.0761843044201207,0.9691562526575542,0.02974685543968489,24.02282613128624
153150.870670422,87426.28452600949,9.200592972685243,8043.7365903798345,87632.78152588336,0.0,61175.608250588644,0.572199042305594,0.13148600921842793,1.4291036415672786,0.0,27.8973528285917
145992.82530672755,127453.61708903007,21.55598374191842,27473.88097819828,47901.3739802156,17386.822267464217,35416.131912338526,0.2931905821284335,0.7757448229016431,3.5987447021177057,0.49092945301027835,70.91408657671806
221792.49423075217,184601.2668558955,21.78919460837031,40223.129284748065,90896.40667542745,30981.077631713917,556804.9187328964,0.35959616349799467,0.0722391773698454,0.33153670279347897,0.055640811690774186,29.775735617785806
265513.43007658154,220962.12169945755,18.308087494716958,40453.93857091965,78584.63308407005,14387.166435928542,25681.36130327589,0.28075907684090173,1.5752256312736577,8.603987891844028,0.5602182168627224,78.16623973121035
175275.88361220743,73676.03854317809,15.323036774073406,11289.406479651676,135466.4600920391,0.0,702676.181253633,0.7728756363981855,0.016066300211728297,0.10485062751342145,0.0,9.075442737628343
35561.34929705774,15804.158370802055,13.36112635332304,2111.613569002143,26342.921235007583,0.0,259917.19609332964,0.740773951374987,0.008124178010307237,0.06080458933978029,0.0,6.974008352389118
76934.08384732624,125553.62381464185,21.47117522236322,26957.83856726851,28250.40082361379,69807.34058502593,96683.13776150881,0.19251824038710505,0.2788266826193231,1.2986093203175586,0.7220218768367012,46.44877082319331
409837.72596363095,247717.78782327002,16.521210451448454,40925.97705195499,216159.91752048125,0.0,240411.74081169817,0.5274280619536311,0.17023285515831005,1.0303897263374266,0.0,26.133282858322154
53159.45818064159,38416.194229075714,21.005142309868543,8069.376267852861,29408.517668943336,7313.124300141627,331551.3179552064,0.48631158886407205,0.02433824216902392,0.11586801845941044,0.022057292202137025,19.07759825719009
84822.16641190196,62660.162062612966,9.69791439059723,6076.728873841689,52926.60002726393,17532.94567115896,75673.09403875115,0.5170879983435915,0.0803023710214608,0.8280375324752224,0.2316932576085838,28.814127006862133
99865.38400780964,58766.38030738284,10.007946260852181,5881.307760610894,54798.67160056907,0.0,290244.0125717218,0.5487253881313241,0.020263321570354778,0.20247232591184344,0.0,16.323051896701248
101813.48113849995,50491.072499381335,19.38504269413184,9787.715960730133,68429.87818549149,0.0,318675.083572413,0.6721101903234628,0.030713778595451612,0.15844060330467655,0.0,10.239931579416407
157376.1720828348,115945.91713370915,6.697388570535299,7765.348602115367,55240.339932167524,0.0,76627.9508735631,0.3510082828999795,0.10133833038192906,1.5131021489145795,0.0,30.20484599791228
444905.3075670294,309042.1555365458,21.026701503329363,64981.37156412434,216620.19155247565,26601.991633873153,32709.51333186508,0.45942065355000344,1.9866199446269515,9.448081736987566,0.8132799581569415,76.98517762679452
56302.308641127966,26613.70250884803,13.134538383941335,3495.5869714126025,39584.80817637325,0.0,66095.75117604523,0.7030761105852267,0.05288671222000562,0.40265375663804404,0.0,9.518357493940426
34431.14070074285,26243.061185619415,20.67544981450656,5425.870945222992,75251.65218856915,48250.65962630344,65311.34002771895,0.9101356270776964,0.08307701147947943,0.4018147717453283,0.7387792013733795,12.16853769784185
47997.997784079715,37976.43512069473,10.062270197064635,3821.2915130572533,45721.20070892894,24269.337868311723,37143.8715415382,0.6326675848249008,0.10287811567471854,1.0224145611268731,0.6533874058112435,29.423566508581388
341955.4621650828,135208.07742269302,16.887260274509146,22832.939946530005,345595.6206204768,52449.33072296779,258037.74236564708,0.8762459961245248,0.08848682265315691,0.5239856626520131,0.2032622446705705,11.565751187482388
170688.61216143417,83776.9450489005,12.691752195508414,10632.762262573706,115882.22281671155,0.0,111039.1643210076,0.67891010038275,0.09575686495473817,0.7544810478463828,0.0,17.180657182347854
65511.26668185276,44655.7043962052,15.282465344418515,6824.492548656035,27807.41638086342,0.0,413349.94081577397,0.4244676952425091,0.01651020569928579,0.10803365378031543,0.0,20.988822866980616
268879.6781662081,257181.8676214534,13.078704876504741,33636.05746209299,52105.26683009536,27381.139577816848,77304.5940515958,0.17587633500396033,0.435110718512319,3.3268639564913975,0.3541980902136516,55.924207920047216
311392.0108799543,167140.1382345808,21.408081112684506,35781.49636511207,213722.88015898652,16040.287473866358,133671.5800202692,0.652723879817254,0.26768215322723327,1.2503790125712333,0.11999773976962118,23.427192016901643
296122.2191971613,158129.84993951928,16.45789716065051,26024.848083337056,310741.723334134,95063.92324295844,208406.60825024906,0.7943576973248747,0.12487534969182511,0.7587564102076898,0.45614639593773454,16.948699337752736
391859.9314911348,293443.1756245699,8.523741435273678,25012.337549694374,131222.34115541985,0.0,402884.46966310014,0.3348705254351542,0.06208315145681882,0.7283556396948058,0.0,29.287207684991976
58601.18586219231,45557.508320631794,20.37418459429152,9281.97084180524,17391.570055414024,0.0,158855.7601823964,0.2967784661612886,0.05843018113506105,0.2867853722667858,0.0,30.351885109471684
226000.2331234583,96203.72510370647,9.292535286791878,8939.76510247018,183025.48003464533,7472.602006232172,109176.24680334123,0.7839262325014281,0.08188379216381514,0.8811781676008508,0.06844530953415666,14.806589177570126
107577.85617781714,73964.89546310376,10.688891787415413,7906.027636726093,44817.28095295117,0.0,388153.51524834323,0.4166032169192141,0.020368301010149976,0.1905557789829123,0.0,25.93919635525856
291772.66306101775,90727.869566896,5.838226564363841,5296.898582335899,301968.3565189839,25431.473895116174,91855.75883342938,0.9519685317368449,0.05766539463182988,0.9877210826968542,0.2768631408427363,14.953409270439543
210563.8202902135,159274.08605622427,20.199397356331435,32172.405528162024,76561.06833876626,6131.067020085478,39895.970490016894,0.3533127582707278,0.806407392350876,3.9922349074345536,0.15367634737998528,66.29378704926569
239716.31307983893,154156.95537335647,9.150016418101533,14105.38672630757,114079.14360864328,0.0,130995.34675031499,0.4758922834369163,0.10767853268248746,1.1768124532483502,0.0,30.594739887179514
175137.6286026314,183837.66287384368,8.660517122764883,15921.292271280012,25489.90841132394,27817.465579705262,301759.23917756503,0.12559383401543783,0.05276157348047727,0.6092196658995007,0.09218430446577495,32.68859519529814
44298.02964359188,62154.941082113466,20.56472676390917,12781.993803805364,33895.59994550272,43278.61139764864,30627.612312144036,0.38703927831099416,0.4173356275225289,2.029375990810379,1.4130586137949905,49.18423870062856
133127.5536288307,86004.17655486616,18.4994835232906,15910.328471109224,62831.16943195271,0.0,183688.8843773963,0.4719621725126158,0.08661563014570227,0.4682056665887691,0.0,24.541663177515346
641688.9892525418,580446.9236186815,6.539420587348739,37957.86562175247,91943.37262689024,7715.463836307421,187458.23495400266,0.1415810627561417,0.20248705334853032,3.0964066409838327,0.04115830834639296,46.87393021916426
430619.9082011149,230606.63822655857,17.847841070266252,41158.306288160034,266684.3599660751,0.0,499955.57868701784,0.6193033691362081,0.0823239264501256,0.4612542554924123,0.0,16.817635986900118
21620.016917637913,15705.407652386664,20.434595764968233,3209.336567005602,7886.145687001666,0.0,85754.23594769037,0.3647613097179419,0.03742481676314253,0.18314439489574463,0.0,26.39827226941854
42015.270172613236,31538.89002235808,5.4132019277933905,1707.2638026949246,13968.506867006878,0.0,83840.12008205304,0.33246262155686324,0.020363327259360457,0.37617897006220236,0.0,29.99390505136043
36187.67102290279,28181.153918624477,18.853869908282313,5313.238098470262,17810.13560301563,5351.084597983409,129522.85567564656,0.42875948826113786,0.041021625648648204,0.21757668769438057,0.04131382503937136,21.65404872747937
209183.07810905803,142253.61675672018,13.853560933715007,19707.19147780565,97395.42759868164,6117.109346673361,104466.0791361351,0.452370379931543,0.1886467994278238,1.3617206459078663,0.05855593889670007,29.181146573433097
270385.46710437693,222139.85396145307,16.045554088818413,35643.57042020719,73368.08845991176,6780.453202009981,264961.0817247544,0.2647081877122867,0.13452379567665815,0.8383867265163694,0.025590374095217572,34.44355462481714
51026.55125250793,32448.14322300977,12.871378100288865,4176.523200756846,24771.210705997546,0.0,209775.4018513396,0.4854572785727911,0.01990949922582725,0.15468040073642486,0.0,16.059504403708452
120738.24207592935,76710.54976168791,16.560455528295016,12703.616478794946,60803.78057980286,1575.1431206107031,281073.5360102397,0.4971146901224254,0.04519677184525883,0.27291985880482644,0.0056040249927809625,19.61769867843629
290547.76057167054,142397.9795566882,4.613761510001558,6569.903171806367,197533.0413533098,0.0,333705.5131073878,0.6798642707300563,0.01968772739362009,0.42671749181100266,0.0,13.806531023514701
212964.54279707646,133910.0802800321,17.728721018019108,23740.54454785231,134079.57238816927,21505.2167740826,486466.87438898935,0.5718416423226533,0.048801975628188124,0.27527070666060344,0.04420694996158478,17.829545589414355
132210.62174306926,107421.46140874834,4.600186561461252,4941.587631850525,59463.48510342486,19808.453493247704,126477.45863701885,0.39115805046825586,0.03907089599287826,0.849332857936687,0.15661647305941315,27.973038892515678
148866.97568550485,114989.99513586721,12.195397259452182,14023.486715443749,45169.30739951684,0.0,777351.7316254507,0.3034206021283132,0.0180400790850758,0.14792530904307877,0.0,23.0673628811349
121501.4475102609,40232.47979686312,6.717369876345308,2702.564478381195,108358.6236178637,0.0,68724.468920852,0.8918298986414358,0.03932463241722044,0.585417107307118,0.0,5.515175916660596
67976.82750024309,21071.26289751746,18.82433699232353,3966.525536367122,68822.19198207643,4711.079383831693,250547.39331617742,0.9468176335279055,0.015831438051967992,0.08410090649367344,0.01880314666808991,0.5773481272036878
139868.97112022334,110150.24149863137,9.645896365162034,10624.978140933687,39624.97282878931,0.0,162446.1350700066,0.28330066712745,0.0654061614722617,0.678072405053908,0.0,25.249709695030155
190139.04466452188,116541.40196173158,12.173683802877985,14187.381774262243,100692.16968993333,1921.4845646597114,330590.69353173865,0.5242731033495154,0.04291524852891895,0.35252475112564813,0.005812276637712542,20.555029391939335
324917.1112661179,104446.62554511719,11.717513343369609,12238.547284948396,293960.64762800094,0.0,141592.32448355615,0.9047250435119049,0.08643510394781125,0.7376573972217478,0.0,11.867760416963364
166710.32323122816,128817.00912189159,17.90503538232472,23064.73106172715,50524.418812448755,0.0,300794.70689821057,0.3030671276569424,0.07667931161279475,0.4282555715499458,0.0,30.83984142863722
229770.0569378289,143094.15867108095,12.660598476327559,18116.576872424615,148957.99233332343,25042.595983244635,504101.1679747271,0.5845784760910682,0.03593837511864857,0.28386000224116703,0.049677718629091004,16.44260503432058
41165.80057336857,55314.2292278039,18.20125003018623,10067.881164022938,65295.78715799106,63120.269022928616,262216.0437476332,0.626121853194374,0.03839536673702794,0.2109490648903255,0.24071856214747103,14.47273812878861
107861.1777999564,61997.01194009984,5.323148982448155,3300.193310237685,93798.606589032,24484.789081917443,294375.44254418195,0.7087379298286626,0.01121083090938324,0.2106052441205074,0.08317537927180386,14.384228720960525
16406.314824668425,5722.764504950424,7.448691422253912,426.2710687960338,14244.733759624,0.0,37516.8625069045,0.868247008048737,0.01136211933280892,0.15253846197552426,0.0,7.574869078615704
57489.550103680034,33789.314317431315,13.927616493634492,4706.046113960565,31600.314381664957,0.0,66284.78392457262,0.5496705805607296,0.0709973818322424,0.5097597414797513,0.0,20.73752486088817
209447.05284169287,142796.43427247755,21.04758984554851,30055.20779973934,88867.49142562044,0.0,684053.7716609011,0.4242957359385213,0.043936908244456396,0.20875030617222376,0.0,27.5247572363941
735725.3161329208,379194.5187269697,5.3456412409920455,20270.378576650197,477177.04698766826,1351.9878348001516,237673.0329729449,0.6473907749146559,0.0852868258678621,1.5954461218582365,0.005688435990775836,22.414110839804408
30667.156456663914,21489.05527090805,4.7755158908235575,1026.2132492500714,20433.7449321153,6147.207513330615,173370.25740738868,0.5550481586146587,0.005919200124613395,0.12394891483844699,0.035457105533885154,15.836297365523984
91997.8885082129,65032.471369608116,6.817912148701402,4433.856766109273,67125.63828371013,23378.811574177824,107304.55589074812,0.5817954425440802,0.04132030303190103,0.6060550815365265,0.21787342932560017,19.13504122115555
256468.92283526226,232701.9849787589,15.540756319482817,36163.64843614843,73179.27321486463,31117.51705464509,33172.78367809739,0.254460096390076,1.0901601984046274,7.0148464849032965,0.9380435888830968,78.44659042352814
49230.12918923456,33333.47247042116,11.181872500064449,3727.306391486578,21195.5422917512,0.0,107919.66844344164,0.4305400501850837,0.034537785792401486,0.30887300666505024,0.0,24.322927814084238
136480.78685214237,127822.34933649526,18.859942829518353,24107.22200821024,128273.87538356766,87546.96902202864,149375.55173334476,0.5725802808809765,0.16138666420623396,0.8557113118797055,0.5860863307692522,27.352104713016264
213116.05238522033,148546.913662625,5.294796726664584,7865.257122169935,159940.48423449538,55386.22445327623,67762.8740417369,0.5956764542845914,0.1160703000484531,2.1921578115345453,0.8173535322477973,35.673815874852224
158561.22557471486,128634.26001833931,7.535453562664619,9693.17492935922,53976.51292425245,10555.419136813793,59220.88076653574,0.3191673594064209,0.16367833108683846,2.1721098766742313,0.17823813155407173,45.64407007424664
46242.81009501751,24096.000068776884,9.400475298368121,2265.1385343601364,29529.080034987495,0.0,152822.24263604466,0.638565865143415,0.014822047466969189,0.15767338348883517,0.0,12.636857514385031
80865.2055784486,57835.81508571832,15.281141560398135,8837.972775858716,30705.853990307045,0.0,183698.44305940188,0.37971651429883296,0.048111310192219835,0.3148410738953088,0.0,17.47288397344823
244727.00623409814,69980.5052726152,16.333108425427852,11429.991802838496,238425.57671510405,4072.681574845118,74379.19300473382,0.9583033596818432,0.15367189856592073,0.9408613141065046,0.054755656929296265,11.859364981318068
136191.65027942648,78852.25510761651,6.235659291347929,4916.957972055461,76452.52689574663,0.0,184345.21030928064,0.5613598685300297,0.026672556145104914,0.4277423588891953,0.0,18.65850846920058
15786.500375136746,5021.92150935302,20.98848476185131,1054.025230742692,14352.771821044968,0.0,440078.2942550972,0.9091800893154346,0.0023950857029356514,0.0114114274094191,0.0,1.0982695256663164
229687.96002414357,133756.87331461755,10.138794433423765,13561.334425944122,127908.11561270137,0.0,140359.0385219194,0.5568777553653937,0.09661888944776645,0.9529623081147652,0.0,23.881361345843697
20392.48159673313,28674.295959738633,16.837037734005094,4827.902030701492,6692.965888078117,13301.538779064087,375575.7105523056,0.19863957501746354,0.012854670563231538,0.07634757827541998,0.0354163978269612,31.374631473861996
220406.01920295658,180375.42885712895,13.435738941058577,24234.771735058686,53374.120461103514,0.0,496783.8135882251,0.24216271703521397,0.048783336075330426,0.36308636457837334,0.0,26.719490397907993
48937.360297780826,28843.728675610757,8.00964604384792,2310.280572764285,26791.508829560094,0.0,42450.090485090856,0.5474653448109055,0.05442345461137926,0.6794739032591964,0.0,19.692673228988625
490775.50793396786,181683.86647636228,19.232109816077397,34941.640718829425,412122.18861014076,0.0,43129.15193053585,0.8397366656397824,0.8101629444304099,4.212553652086267,0.0,51.35631976334598
83815.82119344051,70570.03360384426,18.728284507454738,13216.556670334367,23813.052339799713,4614.001665253532,141342.62500669973,0.2692875725630668,0.09350722522457676,0.4992834511209849,0.03264409207791935,28.4889969634083
74386.25164550345,80555.52918966007,11.129293370500422,8965.26116967637,11033.997984872336,14444.776032810867,184656.5101254435,0.12421333258498356,0.04855101595706515,0.43624527039385685,0.07822511116991236,34.83423271043718
39181.741250267834,20794.887168612295,14.594936542489398,3035.000586341235,56878.94500648693,24272.354673209662,124886.11834401645,0.8963794090625785,0.024302145239080114,0.1665107975518131,0.19435590596504917,0.0
69706.97795232858,59835.659931436836,8.640862526846915,5170.3171167070805,16356.315655713983,2395.9187208937383,96134.9543178217,0.22684685928559117,0.053781864810733014,0.6224131519698904,0.024922451338280586,27.258354186915298
328910.34182649583,223308.965361448,16.417329317433428,36661.36823874226,140969.68470762312,125.88706566955004,209394.97018133756,0.4284321066475113,0.17508237283346992,1.066448564490641,0.000601194315033121,30.191239859988205
856311.9346063584,548800.2519045894,9.562482627167766,52478.92874622929,410015.57693569205,0.0,25375.06270737479,0.478815674949309,2.0681300121862267,21.627542687612387,0.0,71.92541480553098
83903.36524031701,77924.55626136933,19.193417218880228,14956.385199205672,7971.745305263577,0.0,644976.165273316,0.09501103182727903,0.02318905101379635,0.1208177301068915,0.0,28.772339765921593
104297.10907655543,58357.355534837065,7.912931876990937,4617.777788685057,61253.004722291145,0.0,72532.33549876523,0.5872934088454038,0.06366509167161272,0.8045701980164491,0.0,20.28290115846492
207058.40568673646,163399.35172402483,4.266461610732355,6971.370613491055,58212.07195028217,0.0,473218.965286939,0.28113841482172225,0.014731807313056284,0.34529332869181756,0.0,26.127763580364068
340991.35191945214,283424.4877627334,8.833144755422532,25035.295276397064,76755.81887562496,0.0,45776.931990525016,0.2250960865827353,0.5468976226187222,6.191426018270449,0.0,68.6533417000498
149857.6543017925,48190.61994237079,7.438944756270761,3584.8735952173633,136527.9602717965,728.9358444256519,73946.16555514775,0.9066408910596165,0.048479506250311624,0.6516986997308343,0.009857655754739904,4.158572470018176
89520.08991838973,50873.970775342634,13.149155915048636,6689.49773742608,67869.24689174753,12255.816025763554,73188.58518968226,0.6668498429185087,0.0914008341613513,0.6951079959189398,0.16745529366362605,19.966963979060328
94812.96647255059,70485.15937089403,7.666659249818373,5403.85699065787,40233.03729973041,5846.970873141252,1025878.6155703408,0.3996926519193025,0.005267540339217985,0.06870711437113597,0.005699476316591908,19.567655274546212
193420.84031337666,63387.455026506446,17.737417672950905,11243.297650305361,177522.29287714537,3108.3343709888272,25830.00894501843,0.9032872252287937,0.43528043967145974,2.454023735006539,0.12033810664197621,28.108726658105653
15483.518002835193,12499.615868853847,8.344671484072071,1043.0518810267943,3978.536178641795,0.0,208716.42004422564,0.2569529856143341,0.00499745961916067,0.059888033084341236,0.0,26.63781531632445
159975.58783388778,116122.32961678837,16.7254272384278,19421.955747623233,58471.01095613256,0.0,391806.30673648225,0.3654995849544651,0.04957029893009325,0.29637687709526567,0.0,24.173319162894522
80890.44175946242,64578.3821322328,14.412476614247034,9307.344222667136,73924.17035212647,39131.06813686524,225803.73937843367,0.6159243490269435,0.04121873379195275,0.28599341317374405,0.17329681184457219,18.63624482236696
252125.62321661937,125425.81165899165,21.752497416493917,27283.246440738683,184087.78582979998,11366.027814722243,106102.21172219956,0.6986475097379963,0.25714116603122855,1.1821224988917838,0.1071233825406125,23.82086237637324
29640.376348478407,16990.576492155134,21.99821758616617,3737.623985888286,16866.39980843103,0.0,596946.1661146934,0.5690346036816388,0.006261241294529334,0.02846249369979315,0.0,14.984213465774754
148083.4484066755,98835.704328474,19.65146949971194,19422.668290935544,76479.56428472139,8111.9291353395365,428164.93448697944,0.4896403817337624,0.045362585131375796,0.2308355878019236,0.01894580448316984,19.22367313816787
113369.87428404171,105100.2565165548,17.67970064737752,18581.410731752774,15105.945408843123,3059.841289145434,127434.68039469024,0.12974304140893997,0.14581125541495057,0.8247382595619863,0.024011056328375482,38.640844325569624
169219.79947119672,98991.29417018997,10.956215452010326,10845.699468019351,101528.83528896242,5918.121165715059,178313.35576450432,0.5797078948964315,0.06082382007516643,0.5551535595624494,0.0331894441688991,19.921638454021267
25057.82677660228,42268.68767002868,17.558981088363463,7421.950874279754,40935.57564862516,47912.54262989528,641879.0364409038,0.5609890148778678,0.011562849778414713,0.06585148489098577,0.07464419292388975,13.576118354877234
145119.29506322165,121658.02118508962,21.22015966743083,25816.026343712845,31281.698504176045,0.0,753821.7304086186,0.21555850647254096,0.03424685877617105,0.16138831805650303,0.0,28.07015161939573
138654.04809043207,79034.18242510232,4.420796357117995,3493.9402575269137,79493.15422043967,0.0,132552.83238826878,0.573320110845903,0.026358850237862854,0.5962466512492043,0.0,15.408442798692475
138372.2839651026,72052.70313567502,13.682464603559298,9858.585602446394,114207.23647086896,19335.846523724136,363329.39394965844,0.7241683489422904,0.027134016037833598,0.1983123422864553,0.05321850322521177,11.603622405244682
153757.21990611174,107561.85727514868,7.923969478991823,8523.168741519527,61593.8168412841,0.0,89711.41272545967,0.40059137957160595,0.0950065156994311,1.1989762952938443,0.0,27.572349469386708
184268.5586735631,63944.88352027201,14.041773685639308,8978.99582746226,163452.20005339922,2265.4748867583257,108685.0930945741,0.8762593985324506,0.0826147871046956,0.5883500827903725,0.020844393856174794,11.806723540798558
260204.8965173989,132909.38992877176,12.396047615660041,16475.511261253818,182900.89724458515,9880.166344811718,57419.847357148916,0.677197381100249,0.2869306001246723,2.3146942398171353,0.17206883681451676,33.35352507307271
62169.7779189374,55504.37414641129,14.36383446794112,7972.556424857225,8887.205030034807,0.0,67244.32686236352,0.14295056742236964,0.11856102658556679,0.8254134844716089,0.0,34.31957753652117
276487.75332168466,190349.98970852542,13.917319985537036,26491.6171601723,175858.96721773013,45756.46180013837,217537.99339346364,0.5457319603122973,0.1217792659889833,0.875019516081667,0.21033779472893316,24.889572043474082
118449.69243894142,110834.07798878194,21.281926705034117,23587.627241772923,205946.2932335924,146844.1054750348,153690.3340460534,0.776295167293629,0.1534750209776034,0.7211519102793441,0.955454397223399,24.353761937480375
27028.378119505367,11595.117336611565,13.939349960825249,1616.2839839186058,20577.681043858403,0.0,72310.44299804042,0.7613361391081126,0.022352013304114404,0.160351905698127,0.0,9.187870031817468
24050.25391125864,25767.135648447795,19.23217758624761,4955.581286798794,80667.44480822227,62217.46534335586,117823.62052054038,0.9350826184489319,0.042059319386938035,0.21869244498352322,0.528055962535198,6.1928207084758
76023.52625403824,83022.11252088568,9.756765162415238,8100.272551538954,61693.626239909776,53268.80594677977,109078.24851311177,0.47716384405601625,0.07426111678503217,0.7611243639551656,0.4883540639211546,24.346860092715335
245495.72840955123,161840.47484482217,11.88581239823888,19236.05522447455,121718.34927641961,7633.50839258566,811762.9129577046,0.4808545658894512,0.023696642107468153,0.19936914123749155,0.009403618064753087,22.392681772964103
199486.40760311764,140552.48880633427,12.467442568806577,17523.30082095802,78578.55839571114,0.0,370812.2834132925,0.3939043233063017,0.04725652737190276,0.37903946307431274,0.0,26.998098628803483
248111.09947103966,120212.32819689316,9.017104780036835,10839.67159203562,191614.83250866068,15812.35310734901,113374.23769097897,0.7260242719496427,0.09560965359327057,1.0603143240050052,0.1394704249341751,17.70314883200346
124244.37498227821,194248.80723471992,10.836224706603193,21049.237241850733,59732.51125532045,114803.81569393203,466438.9192090434,0.24987644159259872,0.04512753197684415,0.4164506846129271,0.24612829454413632,33.609141229405836
102026.08678468548,92010.41223459502,14.773235430401954,13592.914819900085,13354.232733453946,0.0,100512.96189289461,0.13089037474931822,0.13523544191628267,0.9154084259564472,0.0,29.481133471807144
38928.95763403243,20453.204921161836,14.443379739481582,2954.1340556577384,24634.336950494122,0.0,223418.2670202588,0.6328023776562237,0.01322243742670275,0.0915466993542977,0.0,17.622875166598934
74667.5722998548,33006.976581273346,15.455836202322649,5101.504235740604,71817.6613955044,12202.650328046853,637125.533284053,0.8267235794148575,0.00800706292438946,0.05180608036714434,0.019152662529703518,6.196692248566685
100379.31258288497,75778.74590366232,10.33272247756254,7830.007511202718,32800.75557229687,0.0,114055.64447580844,0.3267680832662876,0.06865076732667524,0.6644015405983281,0.0,29.02672365423692
28916.08074038426,36083.2605601201,9.684966912755026,3494.6518462908157,12233.606182160884,16342.384456356505,230033.47547323455,0.2703053700336677,0.015191927344928692,0.15686091116037829,0.07104350539736125,26.27468790772904
52386.93329709195,42991.15552380538,15.009121889574935,6452.594934304677,47071.817608948244,25908.085433424607,88156.3670363278,0.6012108863651291,0.07319488258455191,0.48766931951823084,0.29388785296413483,24.61711898225896
151779.56706881413,68954.45498768686,6.391511471695449,4407.23190078308,181931.06093094207,53623.183617079296,80740.93102135076,0.8857284545772963,0.05458485361801999,0.8540210537014102,0.6641387823841098,11.433076694766404
214579.63603645514,204461.4946164703,8.55456778357852,17490.7971482837,13490.855226646465,0.0,178663.07714740944,0.06287108821619257,0.09789821952888776,1.1443970286472531,0.0,45.39233352371223
975820.9320951215,912579.1281709145,4.758299265153914,43423.24594970462,164845.54772933,60392.35687279048,722664.303921644,0.1590845721478049,0.060087713913724534,1.2627981252410971,0.08356903273769367,39.06380395724346
420713.3406606473,245494.54391480814,5.306995346729442,13028.384022033535,233625.06232778556,0.0,133639.21645324834,0.555306998254259,0.09748922784646315,1.836994786636531,0.0,29.054452338199642
169320.34647043087,126952.33661794104,8.38089902669096,10639.747143974453,103603.46551235268,35334.58928177468,524460.8773978679,0.5062348735033435,0.02028701777864529,0.24206254858859974,0.06737316510068121,18.51695266306047
97032.19649228966,96516.93797991792,4.351527045344542,4199.960659534547,6719.339814300989,4524.246348353986,467375.90582539135,0.06616359953493624,0.00898625839968658,0.20650815922885,0.009680101802347114,30.08941444224213
166663.31936697816,95482.30757876576,8.417390657574307,8037.118837771393,116409.76264565108,16126.310196025917,77688.07276893374,0.6368510233537449,0.10345370339763807,1.2290471905868627,0.2075776836939966,25.790157644807472
246022.8952114639,177231.57615681618,15.78957381511647,27984.110540974852,123536.7887575366,23861.2725135047,117495.26364049129,0.4577400363975017,0.2381722434922981,1.5084146429859877,0.20308284584572492,34.93282442573576
33891.669672905104,40170.967284610626,5.0999274124407945,2048.6901723904807,12243.678656974787,15462.056604436617,210556.08430740878,0.24808012647660724,0.009729902506162793,0.19078511749848845,0.0734343852152106,32.14999698750579
94120.73267545934,84548.8401784698,11.861260200303537,10028.557929907085,12762.523329319367,0.0,156383.14576069746,0.1355973648582425,0.06412812506824174,0.5406518699134572,0.0,33.97922574558775
289701.9767757046,306483.38684973336,20.43595816455189,62632.81671791325,204126.28671217948,169876.12510816337,43158.408207456625,0.44416016750023635,1.4512309262391185,7.101359841088421,3.9361072885633743,83.19670000079499
87635.57554273697,48279.74838267056,18.243126920657218,8807.73577442454,58285.517547004914,4358.311000187265,937040.7429213023,0.6335803360129693,0.009399522743232799,0.051523638376869754,0.004651143542168581,17.516442786498416
142250.05443150675,79910.97778996821,9.49787504130743,7589.8448147781155,83118.76885538473,0.0,276454.0811955951,0.5843144959596928,0.027454269374334882,0.28905696542577025,0.0,22.416316696390304
147925.84237976084,67877.19100572514,20.646498625449645,14014.26330799087,106731.53516538093,0.0,128627.6490265826,0.7215205500833024,0.10895218418471318,0.5277029590403026,0.0,15.137141676000947
45588.71069255264,36069.265159747454,9.933636941459048,3582.989848421491,18401.698217741923,4281.828130501255,198299.6795029924,0.3689893602921186,0.018068560964907776,0.1818927052739042,0.021592713317706805,21.350222799579544
82467.91418233956,48898.909554111044,5.305278934076124,2594.2235475671905,44758.67283763802,0.0,41496.45936162519,0.5427404498029981,0.06251674450004423,1.1783875132086918,0.0,25.890532723808278
76085.04061329525,68511.35026562017,21.893007221826043,14999.194861422762,129350.21620565344,89438.97180656501,148082.9851997192,0.7814589213651364,0.1012891173229212,0.46265511309904417,0.6039787196749097,16.262219949838276
18981.893282200443,72305.00228726128,19.660405489405093,14215.456638799194,13580.448420405482,63508.44532036495,505820.1333000659,0.16463077556070477,0.028103777811402792,0.14294607416183658,0.12555539240010846,33.39470159067279
18673.37869057955,12261.570107424794,12.386790099419661,1518.8149520998952,8549.078110873008,0.0,433448.72484509816,0.4578217071764252,0.0035040245017277996,0.028288398153222663,0.0,18.427454928998166
282298.4418208709,302507.0562850587,15.99477743546327,48385.33037936674,163917.28265979685,143146.5764590354,99079.87865549044,0.3852842920162091,0.48834668588570684,3.053163370707211,1.444759303316961,64.51727060962405
62838.930964505256,40181.01078728997,16.082105401420062,6461.952506167938,30210.560236287052,0.0,161428.69170401528,0.4807618425805425,0.04002976446105465,0.24890873092723287,0.0,18.320154760691445
124496.18905777809,105135.20900077792,7.500680153148286,7885.855755492319,43382.09357479556,13175.590124096516,240152.02563101763,0.3151124640982856,0.032836932084048163,0.43778605957841576,0.05486353941623709,28.83398288974094
68228.39851198395,59295.73899039311,7.600875396765382,4506.995236251008,56162.1664741339,33188.96533400959,99795.30726936254,0.5537726908324937,0.04516239650513776,0.5941736201116651,0.33257040077473365,20.74605592916362
438719.40542377846,193451.52051730984,12.452452660332863,24089.459013112122,353474.4830224858,19837.97736039572,37074.324314881334,0.7708402400509448,0.6497612419990297,5.217937861099736,0.5350866867297946,52.433253114403826
60023.28273008915,36081.366486483035,20.408316522478565,7363.599478196961,53600.72925828176,16258.6307001052,151736.22708752876,0.7026662920212644,0.04852894802735066,0.23779005962544175,0.10715061928306968,12.376316458408013
99227.55246278856,43895.22277230918,4.179887947454274,1834.7711261679553,91491.36016141625,13286.190430582807,190669.92201638434,0.8131572002552798,0.009622761192561315,0.23021576926295298,0.06968162723348216,10.669582269725367
324216.96496733895,177738.90762129248,18.08510144708847,32144.261754257604,231338.55445691527,27025.858496640023,26054.571221225215,0.6586285583729222,1.2337282959418445,6.821793615874149,1.0372789583512145,72.48268198938345
291710.98064731923,192813.84241965468,5.035482106863775,9709.106534598226,131862.85097021938,0.0,43082.13568059251,0.45203252437604524,0.22536270268913225,4.475494062066955,0.0,48.863616011198616
45887.926903584295,28226.930700690536,12.607998067896121,3558.85087736944,23547.99493719168,0.0,66813.75447947235,0.5131631896700993,0.05326524313886372,0.4224718535965957,0.0,20.15932830776528
258411.38658731908,91140.9155480153,15.481710995322576,14110.173143634747,248553.95010530206,19144.991539672785,102002.36470767306,0.895507974929619,0.1383318238167602,0.8935176729403734,0.18769164415491846,13.411332261750875
106925.12197236824,105568.86512742311,16.36166680748437,17272.825964591528,34058.449239413945,24187.58008461532,165187.00091135298,0.2597646811108479,0.10456528582331323,0.6390870016707687,0.14642544480600808,35.50915885648033
113947.82963306889,108182.23317383166,5.052626745086405,5466.044446772756,41472.96564217683,25339.127772395408,87625.16288124447,0.2977519676982321,0.062379849201315694,1.2346023632554899,0.28917638426232317,37.267946820462456
36490.508534685396,26807.37966596891,11.534865112911428,3092.1950847755597,22345.159689951583,7075.740898747201,83179.20510395055,0.5129006967674381,0.037175097801321715,0.3222846339114115,0.08506622406290755,12.156446014140968
27605.346310998506,20108.50949401954,14.509070689041843,2917.5578569999857,9995.78242263862,0.0,391341.0876187924,0.3620958893261957,0.007455281209424132,0.05138358871636642,0.0,21.9532773320825
210259.51521771587,128930.48883912775,5.188819671508124,6689.970567456247,109459.5829842132,765.6608595717817,53208.34734525997,0.5187039054720362,0.12573159854122434,2.423125228876582,0.014389863579177488,31.539427018917625
117914.1621895275,99475.0495497167,6.431702018715576,6397.938770007449,42115.25580292736,13147.32921238472,148139.51557432883,0.3213396654687609,0.043188603291991264,0.6714957124306594,0.08874964361408394,30.86368537253056
101131.57562116969,68669.14665509538,15.945681811072692,10949.763628000375,43283.238621432414,0.0,574699.3337412953,0.427989362922296,0.019053029967369833,0.11948708241587636,0.0,20.893821005851027
211127.04019725567,185744.13838564453,13.38948753863173,24870.188262884752,33843.86908214817,0.0,201555.62523016037,0.16030096879361305,0.12339118907986314,0.9215527384737568,0.0,39.23955965443677
232553.20484510777,163114.29913823344,6.91291590282923,11275.954324915381,104692.29491373528,9080.315478427136,252346.2500367231,0.4332689221824756,0.04468445369516856,0.6463908186251865,0.03598355623317449,21.21854751777565
40958.16461405992,27669.755631292675,13.634308064465202,3772.579723455152,17717.878643689655,0.0,126572.4586056926,0.43258478036409737,0.029805692051915945,0.21860802844552019,0.0,22.47787867716443
156327.90193752706,110826.2256731671,20.428462721999484,22640.09419784196,60668.901685813296,0.0,28624.02864786611,0.38808748108228475,0.7909471610848795,3.8717899229544357,0.0,63.25018376436568
36815.27992918121,28822.120430266332,4.280576525956551,1233.7529214209078,10657.545998553176,0.0,211988.8070621756,0.28948702872976373,0.005819896524343629,0.13596057654974633,0.0,21.270105682361145
223771.4831741024,187561.49998238595,15.567407922745383,29198.46380827803,101404.79757849374,39843.61499215386,204903.98889810618,0.38466991566067266,0.14249826938604754,0.9153628535540895,0.19445016764396486,38.675130616254535
175484.11509239158,138534.80359904526,5.325707822896154,7377.958872708176,86941.16071072304,28256.559039695956,46062.59598460557,0.4267246149110022,0.16017245044491066,3.0075335668303307,0.6134382666825702,47.280062372108176
485644.9178940487,366045.0007169197,4.116089973364615,15066.741572511566,186257.6656865784,20093.332087804873,136634.8531060461,0.3682886665053742,0.11027011944615515,2.679001677799017,0.1470586137506942,39.368657557988
25717.636126279842,12297.45130918195,6.711780795891409,825.3779753537708,23610.635295139873,4287.791654257015,469416.6641171333,0.7868788096550655,0.0017583056556079455,0.026197304546720084,0.009134297910623566,5.2174687388098775
23812.05402372562,11204.629502089363,11.612319373370546,1301.1173623855148,16809.899362181677,0.0,66313.5778427879,0.7059407535961743,0.019620678067923326,0.16896433379982304,0.0,11.102156794009982
64731.94403922961,70124.39293852984,18.44219198167515,12932.475171707927,14537.097999401629,16295.272398851446,136280.12975885603,0.17941006292016104,0.09489626400115402,0.5145606557802157,0.11957188790240725,34.81405391482637
60511.90970345748,39642.85342264908,9.072138938882055,3596.4547418400853,27825.4083744112,0.0,136281.60963153958,0.45983358500452903,0.026389875725446082,0.2908892368517678,0.0,22.34200527267262
57549.28444435909,44615.74481402124,15.262117822997656,6809.307541123888,17244.719507117137,0.0,324654.45754743146,0.2996513279637736,0.02097401524243375,0.13742532645652325,0.0,30.225663082991474
370075.8711324464,176315.98337755096,11.40081948319552,20101.466984895604,271943.97967984265,10198.097004986534,338298.75504131627,0.7151264679299866,0.05941927567082125,0.5211842513461735,0.030145239534626857,12.859770659133032
58061.578284541,45319.68925021798,8.217972255388144,3724.359488811037,17248.599068432577,194.56026700140904,281333.841054822,0.2960820867516269,0.013238220737494893,0.16108865211628337,0.0006915636820367306,27.466841983044798
62607.77634812921,35400.633597346896,13.256448057091456,4692.8666047135575,36276.19033437642,0.0,106872.23451313478,0.5794198812087404,0.043910999204726055,0.3312425697714414,0.0,13.597004498869104
228691.83803957416,136113.97803340488,18.354360826707218,24982.850663836132,123437.14667489236,0.0,38457.40063807993,0.5397531793571578,0.6496240060254747,3.5393442035868357,0.0,48.80515774809472
104604.61482975856,79895.00798770782,18.984862661010595,15167.957539469775,86008.07980805663,39796.45301399172,102397.80627081761,0.5956194167561281,0.14812775870758568,0.7802414025980665,0.388645562471716,25.802713656361433
239892.95973876896,122839.29722872315,19.23735157379026,23631.02747866267,156071.55001339442,0.0,229980.7599899702,0.6505882881404618,0.10275219318213077,0.534128582034777,0.0,19.542645127837403
25140.065814288773,16195.407014595923,10.09404062598963,1634.7709635976867,11926.2117329238,0.0,243370.63950481155,0.47439063290539757,0.0067172070013209895,0.06654626477355224,0.0,16.63729191721801
115289.02381556052,69778.30224479591,18.282209164883554,12757.015168098224,60680.96209435281,0.0,628434.3764607549,0.5263377213725937,0.020299677493684793,0.11103514520923649,0.0,16.31847232731178
20128.728740692473,10341.128746792445,7.819212191960341,808.5947997555105,13050.133325200039,0.0,133806.29807595437,0.6483337071763373,0.0060430249650619315,0.07728431991237335,0.0,17.227487379267245
24705.292726594787,23324.34268828266,17.2916518223719,4033.164127514696,27361.081607628217,19139.861167409035,205154.20441124166,0.6240389000292702,0.019659183388852322,0.11369176057210055,0.09329499837615926,18.404015233262683
370368.7677218226,168328.9863220916,21.0709196729071,35468.4654941467,269386.37519964133,0.0,164458.84443939614,0.7273463603766197,0.21566772899962214,1.0235325858933761,0.0,20.677605192432843
37491.869856966754,30743.92154911287,4.247389024437229,1305.8139495586122,8997.264410471842,0.0,54384.444194770265,0.23997907932564658,0.024010798839499446,0.5653072676261583,0.0,23.3176030730585
129027.94215933148,91485.4920811704,11.926550761218365,10911.063652211196,82044.19639181155,23990.69721569761,136314.7760814945,0.5361712581349762,0.08004314694166478,0.6711340817995892,0.17599484007041907,30.444113991413563
94423.71328778421,90972.53465067048,15.659877791452082,14246.187750081395,25528.6702510023,15695.324051138006,166677.2130864781,0.2318279460837517,0.08547171797676965,0.5458006704459996,0.09416598562273003,32.39826839591667
79005.60833918049,36422.142632490446,16.631963868775955,6057.717602869855,56777.95427558672,0.0,566950.8242057334,0.718657263315184,0.010684731980690532,0.06424215483506149,0.0,9.497623683597148
360137.99055132404,294093.6626165337,7.169579648845639,21085.279383499754,88059.10391305378,0.0,107180.24735575967,0.2445148976875415,0.19672728794431793,2.7439166252374734,0.0,43.51266412816902
18309.75740325023,8414.323080311548,21.49929895429467,1809.0204740163954,13193.91243058491,0.0,730058.28609696,0.7205946064715643,0.0024779123920198026,0.01152554972740085,0.0,11.027865443530075
178502.75712490344,113242.89011153241,15.074776623477513,17071.112726283616,87926.07545502807,684.6895779000248,165677.46874956327,0.49069327719625594,0.10303822755819726,0.6835141251627248,0.004132665612697138,25.010004372507613
511133.2469202551,280050.12959658477,6.95813082210882,19486.25438481566,387233.8697305979,59342.28497427812,74984.40511407415,0.67879137330326,0.25987076052908764,3.73477830717658,0.7913950225250224,45.20030877181319
138204.4290421278,63016.86458082069,4.369405210825275,2753.4621646930864,134676.48309899223,25819.797862937074,63300.02993728186,0.8210767740849727,0.04349859182406765,0.9955266157576587,0.40789550792502816,12.608440597806611
429270.96793786786,303793.772597531,18.098755578215965,54982.89236426836,255834.0815045694,66398.36578809014,52503.22031325218,0.5161386111613131,1.0472289515999516,5.7861931284403765,1.2646532039736758,75.48256300473282
23050.925744373606,33691.876676540815,5.4346853100182635,1831.047472409433,22159.377592590587,27260.484126610147,133573.07701411782,0.44044437731749253,0.013708207621928955,0.2522355360053568,0.20408666728347424,28.810616838761433
96397.32784459442,83775.78969305535,6.538916579264257,5478.029001648753,83291.89386882712,49847.38225008126,28990.669590140264,0.5695378233845568,0.18895834691282304,2.889750077436898,1.7194284559413686,47.80837056085581
60197.75198260331,42736.89501078847,14.346940483402431,6131.436891652004,45742.984050557396,16846.381066103208,130996.37682210233,0.5937244309263516,0.04680615632582503,0.32624486300736905,0.12860188560009703,17.46796416278065
211856.78446097104,140118.78472752613,14.863099062093156,20825.99377865326,95650.66631125989,0.0,827287.8566024933,0.4514873883063253,0.02517381781014105,0.16937125766956873,0.0,17.84928984612888
611861.4268262524,275077.47644826106,16.363968134663175,45013.59059162904,546738.2233654574,73269.7171461018,224617.53405395904,0.7980052113752968,0.2004010540905306,1.2246482787144313,0.3261976739914725,22.16737082009833
59464.04213754771,28478.78977463302,11.083252227945174,3156.3761021888367,41313.66981721958,0.0,281720.6063483143,0.6947672632421446,0.011203923430032483,0.10108877069298351,0.0,14.561742376868002
174273.18897450474,143974.00553833327,17.930176041402813,25814.79264688219,40398.91124822861,0.0,47806.67894697375,0.23181369139999358,0.5399829734149796,3.01158768418167,0.0,58.067796494712496
48115.262270141946,25868.69145196674,21.538454793085997,5571.716413944758,42184.69430932671,9391.949913819832,140334.30462121684,0.7335548482924309,0.03970316758246424,0.18433619293436615,0.06692554567587805,10.965379465740691
139975.31132219377,131515.7883507521,8.879708975437895,11678.219262299637,11279.363961922234,0.0,85693.26974072657,0.08058109573308615,0.13627930522003934,1.5347271582548556,0.0,44.34403692120785
108524.27522584828,87790.85408704524,16.654515097683024,14621.141048311823,38984.56947098613,8505.005964436556,429142.60307813523,0.333118080146103,0.034070588525674086,0.2045726838988785,0.019818600864682793,30.379113143953592
551361.1696362173,309462.9033896547,20.712435743112824,64097.30501335354,337166.3067786729,10976.463837442121,61005.10616685785,0.5995798372873193,1.0506875414336314,5.072737723678877,0.17992696885765422,68.57680483789063
155675.91420566,151454.9308710407,16.353161727106766,24767.669789019037,38027.24523579915,24299.45059223007,135491.7752392454,0.21129139134405,0.18279832665329962,1.1178164180342922,0.17934262466724027,36.75642301788655
79503.56651293658,65863.98534594153,16.259970975596673,10709.464900621339,53654.57274280557,26601.348390109124,184632.59636218293,0.5056747163110484,0.05800419379692419,0.35672999591437266,0.1440772047527665,13.97770359538961
33171.966536343025,16061.509373940036,8.02790624353372,1289.4029138362857,22813.942883203985,0.0,154893.61766128422,0.6877476756829943,0.008324441854382312,0.10369381009011466,0.0,12.545728969158034
39598.02955821544,32896.19248896298,13.632343605754473,4484.521993305829,47160.00183830225,28668.164309474225,344210.2695590131,0.6908251239215936,0.013028437527593814,0.09557004946746105,0.08328677800985602,14.645037063590593
53295.191271132346,36363.48943697776,14.125411184882443,5136.492404144403,25979.400507023536,2552.8485461130663,72385.68088367386,0.46518016732614687,0.07096006201003915,0.5023574965802293,0.03526731412826767,20.0013145570792
58345.76783420547,34674.85413990576,16.60233212420715,5756.834447891548,35236.54304518689,2756.4935895904514,110290.61372674665,0.5766814881169721,0.05219695723295675,0.3143953321886061,0.024993002545256236,17.85412746039401
300185.32413946657,110577.83078003189,21.942786098131286,24263.856880015977,260351.43834804452,5656.085401598715,307712.05961485533,0.8512628775113175,0.07885247302424736,0.3593548816982848,0.01838109760364315,8.320646555609583
138564.52276751917,107067.1089707413,4.6055888057877175,4931.070785436998,41996.551729037164,0.0,160166.9681611966,0.3030830034286493,0.030787064536766585,0.6684718465981445,0.0,28.816989693103753
126158.79671781653,64162.44139083511,5.174187902814763,3319.885280595203,92293.47576151871,7223.751494157624,117584.95144668272,0.6919456630476434,0.028233929935333257,0.5456688173225014,0.06143431965809957,13.04276266440493
33285.97595119469,22429.241723271647,5.403101249756538,1211.874639861005,14475.645637230722,0.0,30379.236191777152,0.43488722272874103,0.0398915440865833,0.7383082833841176,0.0,28.339310216463215
310066.6746232631,178838.88851864496,17.37362442080122,31070.79680956477,195424.2676072469,15340.414600817025,276987.1447950996,0.6005531965306228,0.11217414740510537,0.6456577205088001,0.05538312838368383,20.872560513875754
207460.1417810791,77357.44152669591,6.454368311993635,4992.934192868067,173470.26700584425,0.0,669773.4619383018,0.8361619032772935,0.007454661130374864,0.11549791970381461,0.0,3.8611388535789244
25510.003907927447,20697.992725654964,15.204133740826213,3146.9504956750616,6974.379412266147,418.77337692712877,199301.12795736582,0.2689821944029731,0.01578992817515941,0.10385286294055819,0.0021012092666967347,29.267781245259105
199565.53509036812,136028.3262677789,9.844039802082252,13390.682579906463,84716.27843011895,0.0,374507.3567021191,0.4245035516365958,0.035755459379553205,0.3632193702832252,0.0,19.05979624064899
132637.5450926076,81320.91445592049,12.231759211792797,9946.978445076194,68422.17418224947,0.0,155946.651630887,0.5158582672385641,0.06378449515299553,0.521466242496828,0.0,25.00038737056468
27788.81182045024,63418.63506876906,7.88193687671345,4998.616784193637,16603.141006278005,48082.17900302733,72439.04004786757,0.21883384975038864,0.06900445920998623,0.8754759177766871,0.6637605767726177,41.39468892633181
106956.61809100537,170814.00424402728,19.589918103481757,33462.323540682795,22832.097060809276,80981.45894862886,27618.53317176512,0.12148733998163777,1.211589454536705,6.18476018192933,2.9321419224181513,99.91726898660502
114449.82276224025,51914.33162282853,14.550705834934474,7553.9016806101445,84194.39002873,610.3013821357929,215724.20261476157,0.7317425620285609,0.03501647747007709,0.24065140115750805,0.0028290816456309443,11.014158266557219
42187.73664327247,31298.396880473047,21.002138744480547,6573.332737635121,21198.33107617865,5009.408544334568,147302.61806774826,0.4491443495558049,0.04462468368764414,0.21247685405074138,0.03400760020457079,20.224664190175787
451979.5391099244,212005.00477827422,14.342732494677932,30407.310710677037,406888.46737676364,65191.816200922534,299267.8960423969,0.7867575479546861,0.10160565537697792,0.7084121203172415,0.21783765336354988,15.431535490622545
299543.3712352027,171168.4126375935,6.2303445507450395,10664.38186936309,195704.47115664033,18403.39476987104,238552.50216282977,0.6155259058477648,0.04470454836010841,0.7175293115171701,0.07714609825098107,18.48713893973256
180855.65853903268,140457.8956654367,7.0756678090925575,9938.334108928115,53863.68383146132,0.0,820399.6906045853,0.29782692046561726,0.012114014940210617,0.17120666581666755,0.0,23.776732629601465
108066.93595033285,107384.87631170478,21.80333157462125,23413.480643237905,44419.53585559034,32632.592253064693,153517.84301843756,0.31570493819550505,0.15251309022382456,0.699494431398491,0.2125654686872164,31.19399764852259
94594.4507635266,67351.79492289072,17.06017355195562,11490.333104202391,36323.54112084783,0.0,125291.43733513272,0.3839923042806369,0.09170884578063987,0.5375610365354532,0.0,25.44167713557158
172891.10014710878,189640.09222739364,4.887017500523614,9267.744495161849,85045.50032180818,80533.117321641,85823.58998449464,0.33558552995155366,0.10798598027460994,2.209649960595392,0.9383564278328435,40.53006791096457
133261.12114556885,184587.15042857244,16.668058090623965,30767.0934612619,163262.2020507712,173772.68082108197,141623.55405170872,0.5317401569632528,0.21724559637889335,1.3033647662957046,1.2270040953613914,39.573478831245446
24644.479504068986,58273.78768979992,11.41911484257301,6654.350739415427,6102.0501976048545,38205.84583393458,396260.20977088343,0.09708860160689003,0.016792881483767834,0.14705939746888458,0.09641605412772859,33.3232469614424
122770.56329010532,68418.56660556459,9.52975096281743,6520.1190098396755,86012.69523453568,10157.52474136102,32805.98986188681,0.6470618550849464,0.19874782127560764,2.0855510500858743,0.3096240895069525,29.14633111794764
261296.96825521986,114813.1529537956,6.7730942871496165,7776.403103609881,280039.8476430547,63546.07043086675,711192.3658193082,0.8620774167602598,0.01093431746086209,0.16143754977112063,0.08935145185038702,3.2469095048209318
107216.9242698345,54473.87286430177,19.118271182018184,10414.462737545029,72343.01016152989,1514.206215614686,926209.979220463,0.6653385266808305,0.011244170297441921,0.05881373995791889,0.0016348411802786936,8.819466899246269
23003.2460262674,12751.715717718194,5.149144821803812,656.6043095700293,13668.707078065607,0.0,188954.61229211176,0.5942077506129924,0.003474931368994375,0.06748560176983061,0.0,20.434772173786513
246462.01602168556,262459.88982765033,9.217038322833526,24191.028627481184,69740.62758912881,68303.34449781143,97501.30149927881,0.22156385783374338,0.24810980218207773,2.6918603730596526,0.70053777177853,50.279572795423455
48727.460052881106,30358.573330782805,9.514892088862679,2888.585492142228,24491.848962797732,0.0,70428.03152091005,0.502629296421733,0.0410147128886402,0.43105809824841346,0.0,22.42021812132539
59886.46361225554,38916.44624217985,6.896295111343006,2683.792979707878,37931.87914691856,7478.891990113235,83255.46247643387,0.5630769526522734,0.03223563835787409,0.4674341488787654,0.08983064615406101,19.597001616367095
41995.791512610245,25053.641828916785,13.147327899163665,3293.8844419297147,22589.532911591283,0.0,34252.76964654748,0.5378999203957909,0.09616403216204512,0.7314340442377066,0.0,13.909208428062673
75119.79157075714,36934.97863114852,4.210647282596067,1555.2016740598933,50913.08391947815,0.0,141022.3098796138,0.6777585887138929,0.011028054180842158,0.26190876225668636,0.0,18.241047030234007
227050.76217247744,133385.8168694927,9.417559277387365,12561.688371311831,124886.59373731297,0.0,35625.92686510729,0.5500382052998518,0.3525996227094652,3.7440658701888623,0.0,45.336234669514475
124903.58002860643,59603.10413650519,20.80532999259515,12400.622501430036,132011.36297524057,33708.04633932918,253155.6225200167,0.8322931048510296,0.04898418758386271,0.2354405702831761,0.13315148209542108,6.967174524027645
49389.57521806326,19281.348990001294,9.589532248156104,1848.9911792756952,51072.6679419254,8196.274728382079,108718.50163635625,0.8868961383642479,0.01700714369169874,0.1773511288308031,0.07538987941350717,5.750893976010326
330351.36018982314,141764.8286714825,10.48826896792153,14868.676532978223,251448.70869112085,0.0,65022.96060107772,0.7611553606034374,0.2286680950164515,2.180227220677073,0.0,21.529850755465347
332517.75766197516,281072.13712167845,12.516970868213289,35181.717522185005,125679.73911702729,42814.183797473735,166684.49096276937,0.3348495697657158,0.2110677323305573,1.6862524851484755,0.2568576329458072,44.39331447468321
321702.0270153655,240964.1075259003,14.110480747326545,34001.1940004094,107650.55931928694,0.0,680279.9046018932,0.3346281660641983,0.04998118240800785,0.3542131788633606,0.0,23.58563651754566
55928.12496103812,27032.127647962385,18.556755606773393,5016.2858629434,59679.6130987014,15863.712510950312,238817.18745190767,0.8312868872033962,0.02100471040826392,0.11319171763299507,0.0664261759390534,5.924979625711629
105013.93446484396,64774.48227255842,7.425782016808317,4810.011856076335,63065.81718177905,7059.910694048752,146819.6132128883,0.5627166364495434,0.03276137125563614,0.44118412285036795,0.04808561022301488,16.50183146213856
644852.3587394926,635993.9476118763,19.69143478946603,125236.33345894337,161945.41373069436,112600.64917040445,295035.8691532791,0.21380258846362468,0.4244783314596901,2.1556495806327205,0.3816507107883393,52.010634124969044
236769.65582741678,236781.27149506396,17.635888428590007,41758.48086066628,41477.96571862362,31120.089956614895,265734.62261909235,0.1548322262101905,0.15714354587705892,0.8910441144677993,0.11710965492525548,42.953953214266164
19131.49179553223,10443.041892894485,17.007706023907993,1776.1218650970507,11584.59987018366,0.0,425171.97019298386,0.605525172526745,0.004177419937374696,0.02456192464464304,0.0,19.40198743050698
25114.138172866576,28573.2084868776,5.562482326863434,1589.3796723004093,9848.832988308606,10845.695055242482,66219.42991929065,0.27388427876828914,0.02400171179724096,0.43149281897629,0.16378418039027817,28.202950053182555
108523.96466565943,128088.09077441107,4.389532419542524,5622.468270115832,34824.89621182802,45682.798267622675,377462.95213008666,0.2258324832802248,0.014895417519487149,0.3393395035236929,0.12102591263547056,31.207417332517572
374897.78244805214,268588.79359917354,14.692228616345512,39461.67959347496,199818.5288671023,43554.90780144816,89465.53443319717,0.47751761076732835,0.4410824776656369,3.00214820490147,0.4868344896991598,48.2216614998477
131056.58790058807,104621.72389234888,19.5364113254169,20439.330315351246,82308.00962831154,35296.14321299446,534435.9393013995,0.4947800320279273,0.03824467782250759,0.19576101867158788,0.06604373062772058,17.168121104318907
118317.26085733381,50348.19217182281,14.519946354531447,7310.530493825073,90625.42491401466,0.0,84397.21645527231,0.765952695805646,0.08662051665767209,0.5965622361313974,0.0,20.607646467689012
31719.146177490664,22906.2074973324,7.838227578019555,1795.4406731342913,31756.256634400543,15004.253795642142,495740.18247305753,0.679664935613873,0.0036217372256925526,0.04620607388140724,0.030266365983874208,15.84857748533162
175407.59146964437,105739.31061564636,5.629358163085838,5952.444513732578,98494.51783074447,4202.607519060347,622319.1435745824,0.548379314678776,0.009564938786137794,0.16991171122951954,0.006753138743122534,17.51340210175041
273982.71759452997,207915.2882468737,16.59273615071923,34498.8351958111,88089.90579687501,0.0,53301.15921859362,0.3215162860280853,0.6472436191176965,3.9007648481750916,0.0,64.17747298833184
86807.01929507764,34492.421125037086,16.991864991720572,5860.905629942008,69752.79756005407,0.0,685433.0048016685,0.8035386783982038,0.00855066153640774,0.05032208966216552,0.0,10.977843380937301
239156.68775075575,103635.06131759568,7.105570612367956,7363.862461092591,180695.5019108801,0.0,41131.897981775575,0.7555527867955643,0.1790304562253684,2.5195788768005203,0.0,25.87489227503733
515634.7743078147,159008.9617006078,4.507425678937653,7167.2107715053335,484769.1811063579,6951.073222561503,69392.8369582312,0.9276354945264372,0.10328459082627515,2.291431921083125,0.10016989544245726,18.30119709944961
49179.41146701197,35016.600975004694,11.349103238017547,3974.0701950979415,46967.70781273468,21062.97036754374,130712.30683664478,0.6686519816961694,0.030403183076437173,0.26789062042004985,0.16113991771154942,19.441641129611835
126139.51165532036,87866.58400207068,14.488936638394398,12730.93368238161,51030.570204332886,0.0,934188.2378365048,0.40455658607411854,0.013627803441269286,0.09405661561909805,0.0,18.813036908144035
65770.10503335808,51720.71099712372,16.708043372209442,8641.51882581453,18732.525381645803,0.0,145695.574307315,0.2848182372849308,0.05931215733147127,0.35499164091305524,0.0,33.3101959248435
251150.0164826211,155623.6679336218,18.57901016475225,28913.337084147883,168818.60016146145,31087.601572096784,168895.23714413794,0.5981435122823786,0.17119095584366759,0.9214212938450718,0.1840644064199757,23.65700280152826
144268.02614094672,91444.69791258266,14.989673691521181,13707.261825293423,125124.47297697394,41020.0265043664,238400.7759041207,0.6752970371840052,0.05749671649896881,0.38357550459214784,0.17206330956264884,20.584404184257345
166007.1776749914,153571.46749555494,5.995850954772731,9207.916300090725,16580.946905915287,0.0,646222.3737438227,0.09988090357380475,0.01424883550030249,0.23764492492863484,0.0,33.032934094679106
254859.40791765993,167123.93935535476,16.286470098563466,27218.59041065119,116980.62474974024,0.0,300306.14681670204,0.4590006141250017,0.09063614148152822,0.5565118833793378,0.0,24.99626012697875
90619.82938826706,91732.69553030365,21.71517957210788,19919.919560740414,11058.69331771785,9406.886130324981,70684.2228046233,0.11055739719517595,0.28181564103492546,1.2977817664326587,0.13308325050593464,45.559990265282394
384924.6318919448,253733.8850897496,20.30052252275327,51509.30449050151,174920.99573626026,0.0,89972.23414245082,0.4544292083271088,0.572502227842293,2.820135428536975,0.0,45.9126796788597
129223.17561830717,57265.61812765972,19.69004036685123,11275.623325663073,95943.40998752993,0.0,43491.16467167772,0.7424628711410304,0.25926239066681,1.3167184314324005,0.0,21.268786739463255
40788.24173839776,58072.76963668122,9.439062760450135,5481.52517273797,72941.02268403725,71990.2949113114,211137.2875585498,0.6467633368093126,0.02596190012727101,0.2750474362354269,0.3409643826713839,21.082134975574043
193559.3676744582,197138.6147758598,17.514187176172012,34527.22598835678,13723.833580784572,13872.12228699004,60883.74868435409,0.06616080125218783,0.5671008558845456,3.2379513258604673,0.2278460605129411,57.81800348841905
251444.97688859323,137245.64803600207,19.319862027372622,26515.66983912904,152265.7718034549,0.0,78568.77763326929,0.6055629891183657,0.3374835480182042,1.7468217295757769,0.0,27.259594894776676
72136.73171935655,59736.72840344912,16.209871683362735,9683.247022038002,16533.33775454325,0.0,419248.90623750276,0.22919443895608088,0.023096654226099477,0.1424851144861628,0.0,26.09162143654616
306924.74707700434,253067.24389737187,8.51011161822365,21536.304924828626,71810.00423950999,0.0,96216.4558744287,0.2339661592080536,0.2238318251187248,2.6301867138782145,0.0,42.32287924776925
369897.846904675,175166.15935606862,21.16901149374925,37080.94440724529,259642.25006480853,0.0,175516.3583247166,0.7019296063426937,0.21126774029029902,0.9980047502580922,0.0,25.234119867800118
63632.09393556966,111658.20625154916,12.114749406256166,13527.111878895836,61174.040235048036,93906.64249226554,116219.89199960271,0.38831110127045126,0.11639239760214265,0.960749526870416,0.8080083441532243,38.95576254464864
630854.5683422608,553942.9836599816,6.336500055985829,35100.59746974431,121456.3610866885,14180.686132737197,38844.669868386234,0.18829414399301833,0.9036142561816688,14.260463161016812,0.365061311649302,80.5141166303397
37747.588557075826,32973.21116453562,5.976002111033056,1970.479795268036,22940.460200266985,12430.96775766004,106138.93811775823,0.4571765687393859,0.018565098070623648,0.3106608352153736,0.11711976752460275,19.98123777596587
48849.94744720137,30970.800083195696,15.655341771382824,4848.5846023560025,26417.47406867103,1933.9581874975988,119385.49454188495,0.5201938239783755,0.04061284514472514,0.2594184511446654,0.016199272741791032,23.232279691044155
45542.47504013576,56917.5380591419,11.878773635501304,6761.105504945769,11468.046070539722,19976.097571910934,431889.0067345865,0.17503504141406048,0.015654729339060824,0.1317874203131085,0.046252850293517805,25.506585484764695
351632.86712761986,228215.12298766713,5.700709753221345,13009.881774484027,164556.99218660363,0.0,95601.23307757398,0.4679795535918437,0.1360848741765431,2.3871566886850286,0.0,40.384568842568
174324.3582802055,106523.98189346305,17.326562298809705,18456.944085943644,101829.98424042069,8572.111793573065,110826.2588266622,0.5567629829014388,0.16653944905612328,0.961179985873852,0.07734729913585078,23.008897106208213
39749.64393754557,23950.244775679195,18.387853010655157,4403.935805044006,36312.922101731674,11435.292414432386,299928.817268218,0.7094454870867184,0.014683270001047246,0.07985309645742096,0.03812668792077462,10.435599678159635
102059.42923348078,54170.00439618228,17.057481354156124,9240.038399424346,130035.48497007706,49637.1888902593,281100.12841149,0.8572075408036198,0.032870986049135714,0.1927071492364643,0.17658187910038098,6.819379011052735
158292.95033219428,105556.45552751583,7.640695798312232,8065.247662338222,70315.32640623792,0.0,313162.15127145674,0.4442100943767481,0.02575422230813284,0.33706645295081294,0.0,18.562512276975177
28073.1038000486,21883.598116511545,16.41595820792925,3592.402321197728,22660.85328770559,10806.134282242136,578345.6229416971,0.5828522986932575,0.006211514669939634,0.037838270488160373,0.018684561365361105,20.860122346976247
336090.81605134095,282224.55133702693,4.193010452098932,11833.704935950855,150095.95401228423,58705.70079489912,310744.33158012014,0.3801856085542455,0.038081804664873625,0.9082210764776577,0.1889196192135941,30.97023523606695
259142.98266804122,189076.9452641274,9.492018514211367,17947.218650576266,171282.4592370629,58395.80702388334,119245.66794069564,0.5394064120583213,0.15050625285190186,1.5856085049409165,0.48971009205068383,35.130711740580374
120542.29921227542,53097.9946010905,11.178787565335787,5935.712017909372,89925.73948157989,0.0,335178.5906708043,0.7460098245116459,0.017709102499745073,0.15841702327951102,0.0,6.453461004801262
527263.7884575131,229583.67885576736,19.034445079939026,43699.979264304624,403252.347501082,4759.1510240658245,152916.76723918406,0.7579604516565107,0.28577624320262734,1.5013636699281323,0.03112249303977124,23.89884080053875
96131.13405440922,63578.02034264151,11.027098715249277,7010.811064384346,90293.15024750346,35166.748973859874,83560.14549933029,0.6876969237048771,0.08390137454273025,0.7608653618626247,0.4208555258456524,21.551971355047282
636312.8064676761,292751.4994354937,4.202850031409169,12303.906485975462,574116.1318026083,87025.79181977383,89953.1604285172,0.7937031608182733,0.13678125846120737,3.254488202981302,0.9674567453239216,34.98055700837607
180356.90574520334,138725.16411537887,10.34223541290417,14347.283049750142,101405.18727805525,34422.148828716956,70611.94094219162,0.47213722715757056,0.20318494093649025,1.9646133821608158,0.48748339685064856,33.55289260687723
166043.65642402813,136071.3119806106,12.98063377046717,17662.91867487288,39963.12592455669,0.0,53196.203250010905,0.24067842629592706,0.33203344591832795,2.5579139800843342,0.0,50.893161191414336
42220.16935599521,28267.025426102155,21.08208616010992,5959.2786552310345,18604.191906524073,0.0,61709.57792918021,0.44064702227165037,0.09656975230117575,0.45806544745034966,0.0,24.646575513628846
335468.79361320834,207456.06981323456,20.938617468211806,43438.43287277961,170683.63173329836,0.0,36747.16649718644,0.5087913838271784,1.1820893149980827,5.645498404050242,0.0,64.32740945911975
98658.67970253379,68020.86132737817,7.255732687985408,4935.411869979803,69431.01111674527,21435.43996240333,419792.2201415977,0.5781383077744187,0.011756796894223213,0.16203459250491695,0.051062022910222264,10.686465665944187
41552.36167240266,31281.547095062393,7.332637751310128,2293.7625314864017,13694.419436453685,0.0,506277.1535400195,0.3295701829036819,0.004530645942539233,0.061787396244001536,0.0,25.70724626862426
16903.150368440343,16921.875271431905,6.940866216361909,1174.524723889717,14937.414804228776,11221.786006163145,184075.34022273126,0.5311092834228454,0.006380673926602779,0.09192907236219923,0.06096300565075571,24.838927034951645
138063.81625708134,125841.6262514298,18.20059478345386,22903.924462931234,81155.86956402083,48644.712167364094,355416.2589567521,0.43466610898206426,0.06444253431219149,0.35406828776154137,0.13686687353625906,21.14882971372334
127425.76719877547,60869.242418894515,4.108396726631314,2500.749963063142,88742.03303984128,0.0,61506.78146955236,0.6964214145276424,0.04065811774431874,0.9896346543352549,0.0,17.101217858055655
205598.97671206412,127047.95109919686,6.289189567453792,7990.286486194484,110642.23325003264,4430.649324657211,442503.70231820014,0.5267934592745886,0.018056993521940626,0.2871116115720946,0.010012683061058715,21.855798781531053
346443.5408603142,426690.6965959334,13.683273369593781,58385.254457845556,14789.562173104105,91339.32736544724,152071.34773324407,0.033782871022438536,0.3839333005732417,2.805858585171566,0.6006346936943711,58.141028358807404
27410.520027082424,25483.17372469736,8.45611720396178,2154.8870374496014,18518.66795088495,11961.654660778651,37514.8482499862,0.4703491259423494,0.05744091041206315,0.6792823352206079,0.3188512074224651,24.321728776835805
212233.6940640889,171744.94765861472,5.662416248306718,9724.913821867267,97410.51663369466,32569.141069796828,52423.09054505623,0.39791416868362506,0.18550821252152172,3.276131679245515,0.621274723240602,44.17045189185905
46129.64912329037,26824.10811662658,10.477804222009018,2810.5775327601636,81485.5903272794,41808.65173879575,91524.6502653683,0.9266222968655429,0.030708421442869456,0.29308069507889134,0.4568020923060067,11.181379397940882
307976.3778852837,141650.09459995007,8.935736891084407,12657.479759423699,221768.3777137782,0.0,33016.24436661265,0.7200824272190881,0.3833712768440571,4.2903151862781925,0.0,44.80954060788648
271441.3821916507,230632.54242064076,13.199877517257121,30443.213114460654,170977.65826749397,87424.40392961056,91607.22080499337,0.4764390055554652,0.33232329118755716,2.517624051837509,0.954339659705572,46.855493586422185
131738.37514486507,55956.013005881105,21.626204688943524,12101.161908423706,101043.1495186453,0.0,36124.25184450992,0.7669986016415793,0.33498719808816785,1.548987457144671,0.0,21.74946397348997
200806.7914968094,202761.47597717564,6.237483462668532,12647.213532738959,75613.80115196166,58665.035344337455,73460.25212555521,0.2914143014002585,0.17216403656119866,2.760152192652758,0.7985956166345524,47.566455639260305
71608.22259170946,51529.250308233575,10.709080687013698,5518.308992921988,26771.963044634518,0.0,80583.35697731047,0.3738671632346043,0.06847951239454762,0.6394527634625902,0.0,24.932405371225233
110562.64301841924,88862.02729284787,20.775730321704543,18461.735148761563,77770.89821526904,36627.5579358804,957303.5264325483,0.5283700797406734,0.019285142735826304,0.09282534205634632,0.03826117519108625,14.808454716817948
273590.08589384437,105631.21234369528,19.783714782888808,20897.777771784313,278133.5398564369,40641.28134217856,73346.97523036289,0.8851234117806178,0.2849166950123039,1.4401577162785022,0.5540962148000699,22.19399355292361
107223.94776361238,119133.46599787482,11.09687862611705,13220.096124870595,29414.426483157666,33970.33809663069,74206.05213663793,0.20832589862930184,0.1781538802324104,1.6054413699102419,0.45778392891835884,45.34750632360919
81427.91942798343,39134.513621081715,16.581158761355255,6488.955833995757,56391.207742535626,0.0,233958.05676352401,0.6925291489537467,0.02773555193508274,0.16727149371324027,0.0,13.76199838684769
117245.78311272964,96410.56231601501,5.58142624446422,5381.084427541594,110336.61401664109,61917.239715766205,378076.10498236585,0.6158447891463689,0.014232807513166105,0.25500305638334847,0.16376924883590338,16.279840122183725
279256.6492901136,221146.16195217462,16.825738999785074,37209.4760181149,84878.85689494752,5548.655333271654,113106.53372089067,0.29802414322018267,0.32897724644215093,1.9552023625610333,0.04905689486483505,43.1086861831149
76242.17106965005,27287.005173956008,21.511439130725346,5869.827508593423,67478.62368581971,1653.8018686707364,400191.6335196849,0.8662658817966149,0.014667541789837778,0.06818484667949411,0.004132524845973293,5.174648466337356
43630.78784119434,22833.086259161402,13.674786751015448,3122.375854615732,27730.268776043915,0.0,99831.51701223748,0.635566537945074,0.03127645405040762,0.22871621049655583,0.0,10.789028958166558
201726.52226029255,123103.13923170663,12.972824086619458,15969.953697635527,130641.71942833123,19357.9065426625,64495.66130657443,0.5909132548849367,0.24761283742364873,1.9087041940161948,0.3001427716299613,32.78335346287274
277286.2159927347,182265.12910014662,7.371735154634386,13436.102596515257,202339.77419337898,56733.74375244615,96988.95586142754,0.6057715064325532,0.13853229449868515,1.8792359138349417,0.5849505569840775,29.29373662751911
30910.36141471326,15175.085509511715,15.408187580331253,2338.205640781232,20980.367873602063,0.0,194192.72383910514,0.6787487079855189,0.012040644955979452,0.07814445984126964,0.0,7.893503986134361
56140.68274622029,47948.4178143703,14.627871054020467,7013.832730329066,18293.329356709288,5527.732085681974,107351.98764400081,0.29664017482164623,0.06533491260160214,0.4466467632939987,0.0514916603501834,29.982504666725557
37967.78010912528,50796.26604173154,15.734795070563509,7992.6883651647,55318.903620179866,54317.663647741174,226144.67242569104,0.5994326013745142,0.0353432529691409,0.22461845108653933,0.240189888468805,15.992766585813627
79143.12923340843,40784.857349965605,4.469499160324993,1822.878856796459,82987.86596117301,23882.627587436924,73674.37847940596,0.8055060066725174,0.024742371695826448,0.5535826455782875,0.32416462928306594,13.308258770148491
104771.30218803183,78482.91905523607,13.877022790283325,10891.092563774724,35051.17751039435,0.0,242311.82919122974,0.3345494117032965,0.04494659876955325,0.32389223141598356,0.0,28.57681016191165
222241.6041725734,130669.88391540608,14.708827182952714,19220.007405282005,173069.14863346942,38230.14121793476,101832.94272258306,0.664444999107286,0.18874056755525406,1.2831789048007938,0.37542017539533035,22.84376889615959
172965.94883032524,138292.61932250106,7.735542437430439,10697.684255526196,74856.1142529515,21468.75618188944,134541.5375369899,0.38499358562685054,0.0795121302414509,1.0278804736008005,0.1595697252678339,30.125566912828177
160504.59230233965,114328.17613615461,7.749991434793649,8860.423858107779,98653.82446500183,27813.952182566347,171856.41239402886,0.5238667531912083,0.05155713269396536,0.6652540603141727,0.1618441336875757,17.06242461469344
80166.50571104564,78567.32453983894,8.971927033197098,7049.003029649506,26846.286121468605,18535.53341989475,233634.24170608833,0.27199322686589794,0.030171104107749522,0.33628343159850926,0.07933568848701739,33.10854875586031
291250.4767551462,255142.70379427567,16.810988651090277,42892.01097894057,118719.35007980424,52931.73959898264,74094.23781855131,0.34493167990310686,0.5788845697283291,3.4434891471465336,0.7143840217184863,55.89763185455446
110596.47660658891,111798.9362133555,14.91278914358269,16672.339622266216,69172.2358780807,53081.63651532709,350360.2271191838,0.42261139598156044,0.047586279297035336,0.31909711080111924,0.15150588567597326,22.585578832454537
595236.3624892336,366436.8515433693,19.223727630120482,70442.82227708626,305066.01459448575,0.0,255322.36183260143,0.5125123964515922,0.27589758206635706,1.4351929416335987,0.0,35.15061009531306
165826.5565514659,130759.58405552112,9.321854293175768,12189.217900018373,51211.16843445276,3341.403829894793,73006.17082661038,0.3027238037214955,0.16696147410563086,1.7910757758556475,0.0457687862828832,37.17377972054533
35246.67857715378,51342.28019178388,20.41722507798973,10482.668906928653,51556.94327365281,54763.3090698697,688815.2455951154,0.5727913603969673,0.01521840431663493,0.07453708453770606,0.07950362513035825,12.709532046287332
184133.9916766133,146096.22902576387,17.38671091570045,25401.32899944922,50717.01686779928,0.0,221743.4080795099,0.2754353848846736,0.1145528032578138,0.6588526364372399,0.0,33.65706448952757
73979.50453794154,42206.91268027196,11.110210060246546,4689.276658723051,42363.4558102261,0.0,133406.6713912898,0.5726377335833513,0.0351502410623013,0.3163778260869469,0.0,19.48992186802852
188910.72960373297,102654.32758767503,5.714717181258207,5866.404495957948,133046.88344666298,13528.760568939304,55854.529211144385,0.6572180325744728,0.10503005895513756,1.8378872588759176,0.24221420823004583,23.72960417178112
25827.73576043165,66965.25211427378,8.625705924774685,5776.225719161219,29721.089710776465,63428.33363692447,162141.8869011442,0.3329867639416445,0.03562451276197932,0.41300402625202964,0.391190301588114,27.660243911921732
43834.22856886823,18795.265171431238,21.221827909867304,3988.6988298843635,33385.28452991599,0.0,57409.9344041943,0.7616259170037442,0.06947750195640276,0.32738698217460566,0.0,10.410738452797792
305417.85765271954,202459.8088791817,9.586540765913428,19408.892112793168,142055.34624254124,3583.460908368109,126020.95428496994,0.45972407789081254,0.15401321330184528,1.6065567034301402,0.02843543701680646,30.38496501908635
53656.281496017735,34248.21351533979,9.93821728268316,3403.661874591729,25877.42397423726,0.0,119581.531845597,0.4822813518331089,0.02846310648525993,0.2864005251208932,0.0,14.584819742811735
287138.61181692476,160041.53885476963,7.412600759758906,11863.240325078497,256458.720652189,65246.96752698659,254095.0257651631,0.7277787051606264,0.04668820371179801,0.6298491612452164,0.25678175844059387,15.225787823349263
64124.870906812095,33180.12330652694,18.523310820497777,6146.05737069241,43193.53543714416,1450.4039775729577,63460.16208413197,0.6586863038439128,0.09684906512757259,0.5228496464055445,0.022855346250929717,22.504611917111507
169453.31516253523,154455.13380860322,8.961596144360993,13841.645316159396,150194.92137473891,97648.00967712214,335544.8675714141,0.5623144005927408,0.04125125029132944,0.4603114180422697,0.29101327158979623,18.146523961962014
192699.3552644458,170147.88187957785,9.944648470639402,16920.608733162775,30068.631179823922,0.0,96049.87328136041,0.15603908554110127,0.17616482099457817,1.771453475853747,0.0,41.04953912978535
122817.37219328243,84235.66636772765,11.45826595176928,9651.946678659304,91361.39699349378,29939.341919565544,130653.9753727527,0.5980843298710993,0.07387411405678647,0.6447233322017588,0.229149873428262,17.30528902806276
69643.58252834732,63574.43002735361,11.807109035942975,7506.302272308912,8092.203334658296,0.0,291383.1297212712,0.11619452993195017,0.025760936398374283,0.21818157450696302,0.0,34.50460851406197
50861.28902470287,48167.097216775874,11.40413422747039,5493.0404200772755,15035.152555480052,8582.172608683044,201737.7160190197,0.2529319817915127,0.02722862401971179,0.2387609920806019,0.04254124007170738,31.950552573157793
20062.892881584106,89527.63441796358,13.067386516745115,11698.922028693833,21313.006892187877,85449.49670552037,91277.07272574969,0.2019953009839966,0.1281693384695225,0.9808337597214313,0.9361550951821297,46.60068345730419
69349.29178518138,41082.29071537393,18.661231833095258,7666.461512742097,51857.737229170656,10626.301852070543,112856.36226350168,0.6484195348944028,0.06793114148799273,0.36402281529731845,0.09415775627482849,12.785860297762543
173834.96191383302,121353.55075067114,18.747130733356396,22750.30880879832,69975.21488421583,0.0,90695.71261488496,0.4025382127612588,0.2508421639003093,1.338029629536806,0.0,35.371739990038584
432832.4168864061,230240.06623452035,18.369636407740245,42294.2630322217,290100.2207657781,14982.814922447833,187594.15923368552,0.6478123122207796,0.22545618267110254,1.227330675832561,0.0798682378153564,28.99988890447096
322429.3899144599,266576.77065476443,5.820247104096775,15515.426774228628,80468.39525776103,4498.677183625306,97792.44508878153,0.24613486376995233,0.1586567015493154,2.7259444266144577,0.04600229782107555,45.85542599664528
232906.6537121067,160990.75720695942,18.394218458946654,29612.99157936052,95887.86200686304,0.0,257834.4058735244,0.41170082725669555,0.11485275395668719,0.6243959438288863,0.0,28.018998664108594
247992.2015120552,217535.13755733933,6.164531922758382,13410.02299793854,72042.49717927817,23574.808929742732,181058.907542207,0.2652844211897316,0.07406442013802886,1.2014605661233724,0.13020518708391723,33.13556975965088
179036.95258825098,123428.45225901678,6.2450278609406435,7708.141231903419,222965.7775884011,111615.83286206664,53346.507681195755,0.7671207321923756,0.14449195583651075,2.313711948992762,2.09228003319532,38.99196248552442
60223.92199459053,56714.90333859041,21.061529889429295,11945.026318418153,23105.302652803897,13819.958333602812,91861.55073219577,0.312048781754705,0.1300329269777028,0.6173954487654092,0.15044333808267807,35.25337263159424
371588.26382926357,287300.15019801527,18.749161204699746,53866.36830197038,130060.54027753507,13257.291576902995,70057.38003814337,0.33795515746639965,0.7688892772273579,4.100926269888942,0.1892347611298759,65.30232038256503
181632.63261301033,88304.91389802404,13.943388403624155,12312.697124287379,141306.32473254678,12652.024834423804,114065.78503863509,0.7273159218492525,0.10794382487366355,0.7741577710451419,0.11091866706688996,13.200392947255953
138297.37318295706,80117.22476925122,19.74946368060152,15822.722207709154,77573.53121827445,0.0,155614.74875319598,0.5609183271735066,0.10167880830372893,0.5148433899174727,0.0,19.11592068324994
32646.929682639697,29757.504073264892,21.808563565933532,6489.684191453234,27092.82717802129,17430.19477414116,152217.73615923745,0.5410220229678682,0.04263421829282936,0.1954930143103369,0.11450830378864096,22.59420062007882
103874.65850759058,126515.99180169067,14.991557199371996,18966.717277303243,54593.6494164592,63586.57035644451,277819.8601500521,0.32600769615028213,0.06826983955380012,0.4553885806916707,0.2288769792127209,30.264226832192175
107527.47372044933,58016.38455094839,15.032171865667324,8721.122635945027,66014.78555933459,0.0,62745.84933744541,0.6139341256259799,0.13899122775505157,0.9246250574908613,0.0,21.967397819150527
314887.97877854464,236721.0336454094,17.579686524878703,41614.815653315614,132573.97290189526,21263.534543286183,551961.8602720218,0.3943875533737942,0.07539436806884936,0.4288720846196634,0.03852355764727464,23.85253533935121
133663.03484786465,77313.033916579,8.178501142575989,6323.047362227576,81090.5820000321,4467.935568738433,100570.39542050229,0.5870557613217575,0.06287185543807218,0.7687454503218346,0.04442595209114192,23.767564173586337
86802.30846713677,98361.85881902979,7.008247507338388,6893.44251885636,146960.74600584887,121780.10985627968,89265.49049261578,0.7045691922987469,0.07722404795867446,1.1019024068115828,1.3642462410079244,32.99927610359484
579542.5740528508,316153.38823011686,17.672453500271306,55872.06052449962,351185.5810969786,0.0,233034.94883883983,0.6059702890178912,0.23975828862965573,1.3566779996109481,0.0,30.35795446722404
32601.569944013776,11673.132923362722,10.208286309893841,1191.6268301513473,27904.582694201406,0.0,319733.55053673295,0.8559275747186886,0.0037269370954376773,0.03650893972111207,0.0,9.646027875173518
97369.60479770025,66585.419603708,6.431266413506812,4282.285727265853,84569.83690040073,32643.192481308302,110603.30890357301,0.6504731739515853,0.03871751912051082,0.6020201408418892,0.29513757594510603,17.348890691206524
21439.988746032213,13444.2222351577,9.667799066519496,1299.7603917513827,10661.022014499351,0.0,272277.003540708,0.49724942213285117,0.004773669369242402,0.04937700231869807,0.0,16.461989679053048
217005.74244947187,81080.00943832743,10.455463621742357,8477.290891329594,202690.00843894278,16091.773318062666,412340.45818831254,0.8695502728612655,0.0205589597697398,0.19663365024757976,0.039025453356589336,5.886538075013962
390295.50467458164,352275.11194884067,21.374097871102432,75295.62720348086,50693.85696765459,0.0,287057.41749525035,0.12988583358120362,0.26230162543954016,1.2271939008671302,0.0,43.26322569091079
64283.38723710291,42689.1744526429,16.56327479958262,7070.725274264463,28792.283712613338,0.0,31263.076000688827,0.4478961820480282,0.22616857260330597,1.3654822209977777,0.0,36.098318388766316
308150.5943269244,178473.19267806894,13.555413713195211,24192.779634660266,181615.14863241525,6533.959825455982,341187.7114609701,0.5771339782519842,0.0709075351250679,0.5230938474127467,0.019150630594160275,22.829758324232436
66842.9201877449,35049.06162015526,21.439716496286888,7514.419445970184,42391.81142345285,0.0,293083.1227888603,0.6342004703622306,0.025639209021884345,0.11958744429444652,0.0,15.657309146104753
377480.9676920956,393804.61847325054,20.25651532853525,79771.09290551375,20085.085959751505,31387.465250968526,224172.54532448502,0.04912359170204856,0.3558468446260749,1.75670315873528,0.1400147605298224,47.71691160618957
225340.33374182542,171043.14948979294,13.216015419054875,22605.089009808114,94114.34562968025,16288.574970227708,281897.7591165395,0.3894995269040238,0.08018896312142351,0.606755974314368,0.05778185332609841,21.77531887412171
260141.66507646578,143565.1161511252,20.302233436785652,29146.9250147939,155435.39856712078,0.0,724065.5987969942,0.5975028972057677,0.04025453641661797,0.19827639427926538,0.0,16.806532214015014
17725.59696212467,9860.991952039773,11.277483845127819,1112.0717743606397,10486.14001344653,0.0,126533.18705341709,0.5915817693391587,0.008788775500384488,0.07793206021023456,0.0,17.544807378492376
508758.74586545955,237941.618321225,8.147571976419243,19386.464614578563,416881.0097146516,41843.62974175421,37526.087054314055,0.7571362351186882,0.5166130054145858,6.340698884401028,1.115054433498251,54.53976401048902
209561.85782470246,141233.32203281528,8.188207182797532,11564.47701919455,91104.71438918289,0.0,136210.40636640816,0.4347390089726708,0.084901567565153,1.0368761521266987,0.0,32.835768150654054
69522.80420965844,31068.908973019687,15.92167943995828,4946.692092176629,66748.65837998147,11607.598548347349,33558.329730299665,0.8227329843175818,0.1474057896186139,0.9258180971077267,0.3458932146395504,13.865456753343938
280260.3557407362,204655.99731724564,13.019265772730988,26644.708210565408,137064.38953647803,27193.93372886799,87729.06221483997,0.44580412188403906,0.3037158672153032,2.3328187051180707,0.3099763412752855,37.353612651109415
64592.86164109787,104760.05771725095,15.861115246098041,16616.113486412,164731.1237904821,163715.53891901465,184123.00012234304,0.7215289642708927,0.0902446379614236,0.5689677967860707,0.889163976310573,19.523328082391032
324244.7696121625,257286.94529668282,16.349367356719057,42064.78784743548,112132.8537831803,17141.816021905583,91693.11376491445,0.32846297570513033,0.45875623719445763,2.8059571186155026,0.18694769234093503,48.29770342624269
32915.601372164136,35200.539250964706,4.401811712158917,1549.4614594920613,98329.7648460379,76032.261513329,233158.87184779774,0.902539639069239,0.006645517913225812,0.1509723347518298,0.3260963690155509,8.356692627829002
197450.325006628,136200.54595263663,4.972712662262242,6772.861794657066,98592.20221142394,12694.372604576574,335661.0857593848,0.46916340660582606,0.020177679457046512,0.40576805513365527,0.03781901788185362,20.131070109473917
131707.2556450883,53806.101501066776,13.588199078642498,7311.280188421403,103868.20552536203,0.0,123187.24022578845,0.788629335693212,0.059350953678486855,0.43678307430579827,0.0,6.422141080392757
30227.59822897643,18439.925882493746,7.438638599681385,1371.679444447818,15716.89646197691,0.0,439713.8004990483,0.5199518778475282,0.003119482360778865,0.041936200004561046,0.0,19.76408770446414
56539.77523324521,20154.739153079194,15.385607838479913,3100.9291269613327,48513.38144022135,0.0,39977.178935864824,0.8580398708712169,0.07756748248634894,0.5041561133018749,0.0,4.148716369959118
16872.241271254203,19210.143305405432,13.939343305071665,2677.7678247367044,6802.534429070603,7439.802855954182,354992.01824301435,0.2798010070020262,0.007543177556470027,0.05411429642977179,0.02095766235189313,22.609643474596762
109883.4564990423,53392.03676206563,14.543686450676041,7765.170416304511,75330.97554244888,6.811919860004206,342447.7493273356,0.6855108885100435,0.022675489710642004,0.15591294399493855,1.989185174492969e-05,7.485600341545701
68772.61422557916,47351.16241337528,9.444196836958191,4471.936982906924,127166.82030171904,73953.6634140854,94947.81795058571,0.8909839337558576,0.04709889157467823,0.4987072208233215,0.7788874458660395,13.949590387236464
151828.9275623358,89062.40092190425,15.51718311300214,13819.975835887988,83688.70218724207,0.0,88871.41228270938,0.551203934130947,0.1555053023341767,1.0021490447185346,0.0,25.16438322381758
67910.5079917855,58804.57717214739,18.930867456730414,11132.216562949972,66378.40174123045,40677.870486284715,90516.41913164021,0.6112845837792465,0.12298560492942304,0.6496564682549635,0.44939769907519106,29.047807738349753
68483.90934370112,49489.6242960404,21.965282564660267,10870.535816814034,32673.714245475665,5511.000636446034,325256.84273710125,0.44156705176399336,0.033421390078487836,0.15215552078651237,0.01694353480796857,24.01002202365141
218914.68342405395,201064.62110740924,19.091998951099857,38387.25535285947,23800.083088859603,0.0,345711.5530026851,0.10871853233689711,0.11103839319064158,0.5815964764875752,0.0,41.20373213043912
22401.043985993303,21868.861660414408,14.034977674239054,3069.2898516493865,3509.515060014523,2099.9539694319974,97011.4141267608,0.14323967808982266,0.03163844047916745,0.225425655911368,0.021646462824344303,32.93287798347029
364794.3543286768,163499.50374761966,7.481732650239218,12232.595754864755,268393.1341080762,0.0,186628.4948325407,0.7357381793969765,0.06554516643260132,0.8760693477934633,0.0,12.33734415761648
301849.1297421114,252408.38737635917,16.266025770156777,41056.81333667573,171615.96079017266,79271.22822687724,51924.98095902995,0.45029334487594297,0.7906948173764481,4.861020316512305,1.5266491535052105,75.14639640358429
180304.8269270118,138375.07752657804,20.877768140043607,28889.62784960455,55906.33253391166,0.0,138863.79804301646,0.31006564542247556,0.20804290431877198,0.9964805764833896,0.0,36.108440922761524
149922.99601145103,39612.88475159509,7.8135977151814435,3095.191457868092,152154.44190204775,3805.7201666798696,1234508.8800853759,0.9897594000963424,0.0025072249441041167,0.032087970682605015,0.0030827807139116527,2.7160844757527043
349264.3335664584,322434.44701096375,8.607921169478388,27754.903021947324,64502.988386004254,21547.354734008535,56135.02734987238,0.17395079610796355,0.494431094670348,5.743908255380886,0.38384865477503904,67.73412798146774
45745.85641259832,41186.747602948795,6.6821537814097205,2752.1618123901203,23238.310283575433,12869.623903032048,555664.473491495,0.39645346516726776,0.004952920230975042,0.07412161397354333,0.02316078230117231,23.25862508339371
27339.26404861536,40024.57329741919,17.26098958527523,6908.637428418378,1875.1962322204258,14091.706422969153,337969.5309093425,0.04526073637368769,0.02044159841814723,0.11842657292131889,0.041695197744761006,32.03267712254312
56068.881005147836,70874.88435124423,11.318107061625867,8021.695290677339,19102.33476025941,29132.754416290947,669984.3537390111,0.22420150347786405,0.011972959138389295,0.1057858798578051,0.04348273844561967,25.177488512033513
252403.53537941008,95848.13777842827,5.128521499954913,4915.592353273101,259476.4484075324,38051.93870466748,60628.72552960627,0.8933432885910157,0.08107695338033644,1.5809030610683648,0.6276222759471651,15.024236974611966
20292.831524298977,16134.40948711798,19.749099846825043,3186.4006393065424,10233.052609015349,3516.3674195805124,68233.49197754858,0.429794073842451,0.046698484086890785,0.2364587978646442,0.05153433186062838,22.767348961634806
146130.89088293508,66033.9597953306,14.0380942846462,9269.909535953873,106795.908116806,0.0,28061.98949288712,0.7308236299083388,0.33033686147960106,2.353146052316363,0.0,25.911815686551073
823483.2163290125,452329.6707675855,9.959697256006404,45050.66580754202,701776.1759375588,155178.58639174205,257182.08137651457,0.717077313109153,0.17517031344647938,1.75879154701052,0.603380241582852,26.326628254652594
305375.0615753653,226695.66496023093,10.191693569099744,23104.127507179757,104905.86215351251,0.0,210956.30373593312,0.34353120262121395,0.10952091545982244,1.0746095800199444,0.0,33.79622834909466
125547.83580132267,110051.8644366372,9.224521963436322,10151.758406128765,20661.295152913954,0.0,60297.009237241466,0.16456910643692899,0.16836255287863758,1.8251629032483665,0.0,39.487570578680334
24863.434822879724,20644.978777533874,12.198643103067553,2518.407279775396,14047.2931989775,6317.013853887274,306900.6788884051,0.45051607000909966,0.00820593583858163,0.06726925092609776,0.02058325148307756,18.414870485886674
282010.3731490109,141817.32082510373,10.06675039278661,14276.395701200576,188513.55002969824,1192.1101983665342,88994.73884150441,0.6656493537822078,0.16041842346013496,1.5935472441542184,0.013395288461822764,23.995827918689372
152061.03863155583,80413.05717714838,13.863033473270969,11147.689033348604,95530.64193920993,0.0,51103.7169824069,0.6282387835761194,0.21813851695340158,1.5735265832978762,0.0,27.07339911975704
33313.789095422595,25093.983693659247,17.923310540883296,4497.672624493163,75820.52150901472,48645.58572999769,123847.96359938764,0.9250988269556497,0.03631608056989805,0.2026192677243449,0.3927847040533674,5.990552917405008
29783.769461169228,12890.920051722562,16.140303101998725,2080.6335689843527,39219.9093624689,12522.08261240501,42167.862755315626,0.9270563631306004,0.04934168897905718,0.30570484746935744,0.2969579626329649,9.902858678204911
375571.15961765085,186892.86378870538,9.300224069574108,17381.45510239353,275063.7374107167,17619.507229092065,79989.64845669681,0.6995683280496852,0.2172963056813927,2.3364631223486585,0.2202723423472796,31.053231241997896
180936.31660320767,121764.69771970298,13.517338207716026,16459.346008375334,78895.49184467293,0.0,108547.74598715619,0.4360401124871482,0.15163231496601387,1.121761641500236,0.0,32.557781957686444
280165.5479283607,233133.47078341333,19.122270878420515,44580.41379146765,91153.25344199558,21332.86293654927,368732.62353659724,0.3023341090936559,0.12090173460619488,0.6322561550084123,0.05785455795025946,30.79123373350474
331768.5556132412,113469.27005506677,5.227712225369059,5931.846902705758,291065.71407756594,0.0,308114.59564651304,0.8773155537285922,0.01925208018873315,0.36826970113822616,0.0,5.078149701539704
142215.050559738,146962.03499530896,5.409350805764285,7949.692024186336,74077.95726571561,60305.452384857665,130254.81957513167,0.36578003801413334,0.06103184550189263,1.1282656217610472,0.4629805836096004,30.78928122689352
124299.47644673681,62922.50461814221,14.011061224895561,8816.11064628564,81835.96243812614,0.0,257099.22329931773,0.6583773703439002,0.03429069342625679,0.24474015833523985,0.0,14.9588427190842
99430.35631418615,45178.121381194374,15.504072311016458,7004.448607699163,72336.31324398903,0.0,176350.229802268,0.7275073320205784,0.03971896501384134,0.2561840800085725,0.0,10.679670556234834
72177.33301700748,69227.03976923857,7.805434283966274,5403.471095923114,28635.547610893398,18526.36746040115,100022.52330695638,0.31570429277056444,0.05402254329597894,0.6921145106166698,0.1852219564941997,28.443141229177193
100532.20348247008,125522.59647322679,17.413962280447326,21858.45760328582,146498.18909703582,134864.03481353357,257950.36192064395,0.6223471970389721,0.08473900730563957,0.4866153144295361,0.5228294072137152,20.345758619791543
238003.1887000089,164617.33641938437,15.632740786733095,25734.201492466735,97847.80304083272,0.0,232077.28586006336,0.4111197147201459,0.11088634287107182,0.7093211893155472,0.0,24.878503047776665
153166.63617256653,113236.66235503477,20.619206828253155,23348.5016163953,53239.965090042344,0.0,198736.68658406893,0.3475950534688186,0.11748460748598873,0.5697823804017874,0.0,29.2172635560382
349572.1658444004,304538.3280832333,7.041175633453661,21443.078551523795,116234.7530963449,42142.227061091544,198199.2832169698,0.29673342415168436,0.10818948587240824,1.5365258801155885,0.21262552708103502,32.358638607554774
102880.8785882916,58497.272381458744,17.524736776444193,10251.493006250234,59178.14160911047,0.0,231783.40603218065,0.5752103055605637,0.044228761591444225,0.2523790351641352,0.0,18.144302398411934
155126.04431479334,135358.40155433596,5.505575630498806,7452.259169808239,57278.68449738488,23191.370612581257,112370.97044882058,0.32121755758243487,0.06631836621187119,1.2045673452289443,0.20638222238317128,35.015694315138916
164668.86895363897,120504.28610478646,14.175263371322155,17081.79992908505,58886.11046513669,0.0,390964.6355723825,0.3576031756294843,0.04369141956810709,0.3082229826960309,0.0,23.374651841118986
149361.91959892694,108636.6732631223,13.934112510984624,15137.556280674213,54300.328447739514,0.0,56878.82860959807,0.3635486782276841,0.26613692037461917,1.9099667823466797,0.0,44.245164001949576
196918.62188294667,129337.13165029162,10.99093080364133,14215.35464309804,90108.65364354006,0.0,412572.0740472157,0.4575933590328643,0.034455445574998377,0.3134897870850318,0.0,21.465931441580427
55659.827957491914,32536.36953881834,19.202280658034212,6247.72499477905,79848.94221466435,36763.24824232468,100416.17901272578,0.8639502762495456,0.06221831039784209,0.324015212077478,0.36610881437408266,5.999061310105301
122727.83953536209,90853.94732794406,4.07867160614822,3705.634152729714,42498.52294322404,0.0,49042.15457225984,0.34628266173445316,0.07556018256232498,1.8525684305749202,0.0,33.18822483721686
31509.869021749626,20303.20654954814,13.363229234173373,2713.16403310382,14942.21662960198,0.0,189944.66336536076,0.47420751318541327,0.014283970841997376,0.10689011309833268,0.0,19.48225530985952
87800.81062485895,39944.89686722255,7.908763897033373,3159.1475821421122,84473.65035241315,15499.324006673469,109885.03849090365,0.8177496636739865,0.02874956978245613,0.363515337627417,0.14105035789705359,11.319858055047506
115317.09130031298,90260.93342582625,17.38297514409579,15690.035622240228,44110.54967202238,8026.7543795300535,329218.7805500078,0.3576226233979906,0.04765838569727931,0.2741670243569709,0.024381216545788165,24.45607049704803
173429.61463789325,137425.78893314666,4.775213673509749,6562.375064064267,48005.10093966211,0.0,126429.61902137104,0.27679875227707107,0.05190536137702824,1.08697463455867,0.0,29.0098400504084
465961.51968479145,320363.14982893196,18.967984387268398,60766.432242113086,210590.32256950982,12344.372071272868,223776.89821775843,0.44028377278888037,0.27154917565700176,1.4316185110278228,0.055163746434900074,30.66567614287824
152687.95864996503,113776.84067080244,19.085660080725127,21715.061061017575,122181.30696684221,52724.86224596907,91337.59781468513,0.5948085734567732,0.23774504235457636,1.245673669912409,0.5772525609108152,28.722290688725494
219148.9239534888,160540.8431533585,18.99158822326305,30489.255861840436,78144.10773350707,0.0,67305.287950019,0.3565799289532083,0.4529994119404377,2.3852634472431995,0.0,44.09767893380835
120863.77332835158,62427.68417014722,6.7462334811880575,4211.517331016809,77914.78554427248,0.0,113398.56080956855,0.6446496199700862,0.03713907214474491,0.5505156654940508,0.0,12.71339593743809
165810.93370761024,89356.0202410098,15.347317334098808,13713.751983509337,112978.73257975881,8279.135968218663,193022.22690568885,0.6489671282809824,0.07104752754826475,0.46293124721159384,0.042892137868992,14.500246485636545
26036.036774419506,19255.2897348512,4.258612465301013,820.0081688781996,19681.334688762247,7980.253977003384,217576.52162864417,0.5785855616235578,0.003768826538544335,0.08849893173545534,0.036677918726101995,17.539680629080188
59033.208582770865,57729.1544648846,19.263326643205595,11120.555592931427,4563.6476296988685,2118.6816043878853,180383.16635736986,0.07462807144197132,0.061649630713875525,0.32003626297652016,0.011745450793287524,40.5627682862936
82378.01410642358,53857.921182303595,17.01355348315517,9163.14622526678,38026.79056549331,0.0,821950.4789970657,0.4616133440212187,0.011148051445200865,0.06552453287456003,0.0,21.716242051373058
110939.07248508131,41721.785640567905,13.560767156186548,5657.794204120688,92289.71579268454,0.0,236447.06386581075,0.8318955055721718,0.023928375813250184,0.17645296565934943,0.0,11.281714787162423
22008.52260035118,19864.69921318953,17.15064579573911,3406.9242004431103,16634.797292778647,10332.274582422337,507617.45962617674,0.5143595316703959,0.006711597751094026,0.03913320717498258,0.020354450751223774,20.435886156523676
37627.63658069958,29351.604410621854,5.6978337397319,1672.4056192610485,11034.709560103638,0.0,47587.74695700058,0.29326076689503516,0.035143618393453334,0.6167891166846674,0.0,31.197800187128472
63613.38811550118,68167.70224482103,13.515804979183413,9213.413694200444,12847.385473499822,14189.853234444729,36400.666302201076,0.16512660977342114,0.2531111276290931,1.8727047927883416,0.38982399708399557,46.822162001557274
548849.8348847387,420280.8371342583,9.242976852696017,38846.46049263654,254893.62126579514,62601.21819886603,92051.13734988213,0.4168667630554283,0.42200956567199094,4.565732148824954,0.6800700132679696,59.31182091365516
75373.5072966168,50569.35455320267,21.507150338013513,10876.02710872038,33072.2036578855,0.0,51435.58916333479,0.4387775604992972,0.21144945135523435,0.9831588473229814,0.0,28.582957875652298
113678.89539431265,108835.69031448703,19.42812311123023,21144.731903255815,33623.983191629166,20374.782313896245,159328.71324502656,0.25082477233349465,0.13271137055339174,0.6830889931754616,0.12787891083111,33.25613254227223
47741.63256684645,43157.33885303052,17.198962525011584,7422.614536124983,22140.80583263752,12021.310660662213,156732.82642091747,0.3704771658977832,0.04735839138248556,0.275356093797022,0.07669938030963663,25.373786100606864
156541.6087709874,106135.74805907458,20.807457434495173,22084.150600174984,71725.63617040766,3388.36641589293,179039.8772952207,0.4484815062754514,0.12334766384898824,0.5928050759555998,0.018925205194962335,27.633501750061203
64418.014186711815,43963.94941108011,10.243179482178528,4503.306245631105,27272.086367508942,0.0,271129.4410633254,0.4233611779534589,0.01660943285233014,0.16215114536680592,0.0,22.678320464316588
49788.40478238753,27212.09723360044,20.215838181787262,5501.153542615273,30101.743398382783,0.0,664340.8376765731,0.6045934496184374,0.00828061927045564,0.04096104844129475,0.0,13.765562198279488
124028.12839866309,117243.5805138812,9.854288177920786,11553.520293950434,23179.016602562657,10599.714567140114,404054.2432884721,0.17217104643391157,0.028593983322436903,0.2901679228998366,0.026233395003780496,31.503069257576552
15828.151790596467,13892.94370722857,17.190340954440757,2388.2443918811123,2580.2774444905303,0.0,47676.34259491707,0.163018239818971,0.05009286077526699,0.2914012055259822,0.0,33.30408017592817
16154.032840560045,16598.176993358764,17.255504411976084,2864.0991633966205,14857.91906355048,11587.583450461581,99387.87805097632,0.5355823145877459,0.0288173891983851,0.16700403830782576,0.11658950445162214,20.68667850848832
52090.23553011459,21197.668114732944,4.3302977761736825,917.9221509729584,41190.08988717553,0.0,78185.75251775913,0.7907449345926373,0.011740273917098405,0.2711193207473203,0.0,4.41604525115015
20611.884875729374,27143.262030026614,10.499074569007513,2849.791320993597,52435.58207143581,45858.0637078741,60023.89247612811,0.7888614808462542,0.047477616053090484,0.4522076278345605,0.7639968321966482,13.335636060659215
32147.702874414932,20320.128966648972,4.349788103352962,883.8825523772762,15770.098543687947,0.0,166633.60769401243,0.4905513344232983,0.005304347451927828,0.12194496205088841,0.0,21.894968393555217
77068.59651075464,70911.0030945561,21.947656316984475,15563.303250119397,48514.21374473404,30228.066892352,170041.90530483946,0.45215025524576913,0.09152628125530925,0.4170207512520618,0.1777683379762253,24.69865567906963
258367.5914138469,152556.4997436826,6.199541712926284,9457.803837389882,141081.4555602191,0.0,71402.74087621018,0.5460493508035931,0.1324571539037518,2.136563637076165,0.0,28.610289974747925
142311.8613886969,71871.63721110561,13.77059612166597,9897.152886370344,96846.1714299076,2194.4043948394024,248998.856686889,0.6701866587223192,0.0397477844599737,0.28864243863369515,0.008812909521102023,13.255972152016795
122821.36514820938,82318.90855213208,18.23001229772747,15006.747152408707,54003.27546143642,0.0,262633.4251343281,0.43968958817767817,0.05713951735097414,0.31343652663414323,0.0,21.81541906399667
67112.43855549711,25038.42663016662,7.622744840696065,1908.6153741424957,64533.88315577444,6326.400441500339,28816.57642737933,0.8787432377357288,0.06623324526257998,0.868889706355853,0.2195403210871876,13.564632095320285
417694.8515379324,276542.6544740345,12.730948025718508,35206.50161003165,188202.92941853055,0.0,115680.40156779355,0.4505751716248749,0.3043428371001908,2.390574814109449,0.0,35.46726480923909
90879.45398620024,101317.25017579141,14.933717696580715,15130.432119191117,17548.815079585183,23599.407499280056,422539.7717713583,0.15329306084871355,0.03580830286285663,0.23978157074079046,0.05585132826750803,32.22207649706699
28668.151517486338,18667.150506333684,6.883685579119817,1284.9879474370837,16576.845970361504,2431.633466618474,157233.9692762486,0.5330212404630442,0.00817245760157243,0.11872212214866155,0.015465064437483427,17.99651980620841
158984.0964314931,77656.15113384255,18.013998278407694,13988.977728328075,108437.2603968674,0.0,101885.20418383385,0.6820635700728309,0.13730136618352784,0.762192624100019,0.0,19.560076072235717
33128.39173059944,21417.27707788618,9.388056229408576,2010.6660148801886,26960.358795034263,8509.154443562436,77667.2187702943,0.6475011443341124,0.025888219595282022,0.2757569720789041,0.10955914964238384,15.853735909531396
78519.11661348984,57110.54883282859,7.798415374099125,4453.7178204116935,28544.757040881665,0.0,75194.88234258501,0.36353894786403623,0.05922900178393425,0.7595004746817091,0.0,29.102082933707713
121212.30445796192,43270.37829437418,14.049197435873504,6079.140877825983,111318.44329922544,5546.906310831349,43918.505566242275,0.8781882012682176,0.1384186642839387,0.9852425016855247,0.12629997854696925,11.879253457065804
325986.15034483746,163517.16489917954,11.385645297572882,18617.48439606793,293575.614550472,57712.72546719609,330911.2878974889,0.7651198193613913,0.05626125513686114,0.49414199780889484,0.1744054300289526,10.580680218059586
117048.43869839296,94767.10881890499,20.56514700345552,19488.995239532473,29708.439839317278,0.0,41315.96108322997,0.25381320904133653,0.4717062057511473,2.293716673515086,0.0,56.74878952465887
196729.5768138765,170255.61831609497,19.84112856756677,33780.63612360216,35298.6113303754,0.0,87230.96942979649,0.17942706888334842,0.38725508090092736,1.9517795047906323,0.0,47.25653308183644
755402.3612967165,517531.65600128943,12.700311940999898,65728.13470558627,317160.94039390277,0.0,33415.31834884058,0.41985696185734356,1.9670060904228035,15.487856515341157,0.0,69.75164292302928
36146.27488739723,111735.09242678739,10.466747945060757,11695.030490492505,8423.992439560794,81906.81186906075,298681.0481408964,0.07135766349709588,0.0391555827304303,0.37409501915929644,0.2742283528830492,39.442079381435406
63182.00745703525,22141.336427208655,9.859323669362773,2182.9860230810245,54720.894706435465,0.0,32213.69951476791,0.866083508721158,0.06776576599282755,0.6873267200204147,0.0,14.606122821264954
90273.95472547124,86678.2520700481,8.816145215467133,7641.680572724086,73302.93175362222,51381.49615979351,91348.81706571963,0.5174734279233255,0.08365385363694842,0.9488710949337049,0.5624757693668634,26.309115757723223
97182.6278282196,142415.87305716408,13.80186136682459,19656.04136370268,27327.660278235566,65728.99043762115,178300.22657727564,0.1677453122689017,0.11024125847189384,0.7987419634345825,0.36864221487197096,35.647026156529904
94404.73161094241,56784.27231657319,18.489614885221783,10499.193266709988,59047.35775236902,6665.059019907542,119840.1210123941,0.584223608101012,0.08761000220972859,0.47383356956640965,0.055616257423657216,15.802253497842438
372262.10740678717,297749.77701037785,9.59361894766404,28564.97902389504,99349.77386187906,0.0,84699.3961967709,0.2668812427726231,0.33725127104252084,3.5153707154966627,0.0,56.446610521013305
202781.6424254138,103849.77266969193,7.421693614385467,7707.41194678035,145550.70293077483,10231.157442359252,82932.00058495629,0.6832955720084658,0.09293652501346339,1.2522279932618687,0.12336802886936704,17.480147328486773
155437.7501447629,82103.57406390182,12.558708511299162,10311.14854404405,116710.71466345523,14198.859916730358,312721.0055700684,0.6880042852845717,0.0329723567025744,0.26254575996336665,0.045404241044975015,13.314751730711796
70523.24847440983,46693.349423380365,5.242619502357997,2447.9546431743047,51763.395326937825,14992.647444173892,681786.9878231183,0.6053072913627624,0.0035904977462101373,0.06848671250307642,0.02199022233035571,11.479512979822708
275412.1490816567,146859.52304032847,16.623022110334723,24412.49098612592,171403.50138843767,0.0,101999.26789457389,0.6223527246709019,0.23933986478568248,1.4398095797326897,0.0,22.055131400949033
480365.7590697234,237591.78938432704,13.330448793434805,31672.051821283185,323698.6262471952,0.0,32187.814076470997,0.673858659022804,0.9839764746384306,7.3814204599250655,0.0,60.137232740881565
273221.67162975995,183360.46654594992,12.934746543511375,23717.21160871859,119814.94011174668,0.0,31705.191378407315,0.43852648802363947,0.7480545165505954,5.783294740520847,0.0,60.53957583391402
15234.949687206263,7131.371799483843,9.408016831900404,670.9206592408387,18140.850013538373,5502.059622431361,281291.9700593234,0.8748055104121175,0.00238513975034319,0.025352205389936523,0.01955995978580902,2.6400110784077784
166755.70276006818,78633.18280685553,20.28412187557126,15950.050635183321,117496.69327095019,0.0,169681.8187849707,0.7046037486346541,0.09399976231629167,0.4634154877046871,0.0,21.02425558647004
22873.372124256683,25724.127565962204,5.628753253291949,1447.9476672500687,24193.38962003837,20995.797656734296,300506.70435668924,0.5514895709405845,0.004818353954364404,0.08560250800737114,0.0698679841492426,18.045034599612038
59681.52348337135,26037.737857367138,19.656832159966562,5118.194428874732,44858.38083467228,0.0,240219.54127897476,0.7516292851869115,0.021306320050502495,0.10839142277408925,0.0,12.561998692253072
24205.484037294947,29535.13440990267,10.780693643486607,3184.092357923603,46695.172230932185,40351.02954580686,453510.749954793,0.723322398301804,0.007020985408264303,0.06512554424089571,0.0889748028019824,13.326158125410572
153873.7002193188,150575.11268077785,19.851223287550404,29891.001833741833,45883.87083117014,31114.315584836673,415603.0079031388,0.24803699110836905,0.07192200553252079,0.3623051561644885,0.07486547256195084,30.187189505320102
189036.41481671407,158808.36138414635,17.117706249982906,27184.34880214946,47077.438117986014,5080.025155921792,304488.6130541673,0.2425216438371856,0.08927870415079683,0.5215576365605993,0.016683793541461846,30.157471625699515
33238.32921852195,28104.880524805194,5.87507307991669,1651.1822698555784,6844.598258289005,0.0,141049.12950845392,0.2059248590171276,0.011706433606572617,0.1992559657953841,0.0,29.828374439125117
87637.01942240406,69872.72674821262,18.967653157168364,13253.216461056974,23685.72356558859,0.0,91303.36179971528,0.27027075682965807,0.1451558431126498,0.7652809860548915,0.0,33.50117682885015
106386.13286561839,58233.66220550373,16.27918300659109,9479.964441874023,64203.29421348622,0.0,152314.07956057298,0.6034930726787916,0.062239580669257735,0.3823261931760228,0.0,15.638946687357926
84080.0172178109,23682.90392986503,4.581434432476272,1085.0167152531128,80529.48438392783,0.0,150513.82037711277,0.9577719777972291,0.0072087514125586645,0.15734703876712086,0.0,2.8344782476471337
34349.82354961759,22642.14810104759,6.4066482779740594,1450.6027914121019,17235.25779397027,1218.767896907701,194616.7585334883,0.48456396761963955,0.007453637612418112,0.11634223214724589,0.006262399528650992,16.7362921107353
96437.19962758211,65264.161045961984,15.441305005042512,10077.638166089135,54371.60633724208,9605.666171311426,62064.66081486348,0.5127323363775915,0.16237320938803398,1.0515510789729843,0.15476868873842337,27.017845229965722
223652.65345921108,160785.75085885872,15.92680905184513,25608.039521865867,208447.75913123542,93468.9167480742,216881.66193352197,0.6573118283785753,0.11807378868995931,0.741352447345882,0.4309673575662845,20.879097718923383
26048.21857608542,13324.478917741071,17.43972579107671,2323.7525863438686,16964.986211125797,0.0,134784.030899491,0.6512916098877166,0.01724056307587878,0.09885799399839282,0.0,9.323479923001516
27536.59433471397,28778.406874561217,16.964417213949673,4882.089009728539,15719.026882598459,13031.08270179609,199262.17654264314,0.387476632404948,0.024500831489631687,0.14442483452649876,0.06539666949290485,16.20996320756038
80722.56581046456,57736.42403787546,15.87135918405919,9163.555239082705,32410.449032215674,1321.6950015726684,74305.06197937593,0.39503615135820125,0.12332343174178546,0.7770187185080439,0.017787415370698667,25.458129954008953
441389.1458291761,259737.9677746153,17.792300231435604,46213.35904148901,250095.48333390037,5920.4344458644355,127574.64459562376,0.5591105005623226,0.3622456420550694,2.035968578222676,0.04640761073354796,40.427487497069336
180651.99582613763,131536.66139847037,14.35154270606271,18877.54013473058,65487.11257022301,0.0,67475.87220431054,0.3625042295865298,0.2797672637349715,1.949388086458369,0.0,38.124428644027404
185292.97675495243,189943.4516112125,8.694244939440189,16514.148929505867,111890.72413487275,88568.51795741462,399739.4404816402,0.4085668350433493,0.041312283095228754,0.4751681529907392,0.2215656224732283,28.098455267055613
82393.73959347085,58722.34409060208,20.42277904715293,11992.734584932527,37650.58557234461,4566.543676389684,145483.82312805083,0.4329630051400014,0.08243345773486344,0.4036348703794806,0.03138866973801162,17.78738520912395
150085.04678601693,79484.39769857249,4.3278525567756025,3439.967538035358,151809.16140521236,43256.22196646484,70876.28860207807,0.7851875721347449,0.04853481475798521,1.121452593896713,0.6103059686056498,15.891504874366515
16527.428062881463,13499.207130682515,10.598110957686824,1430.6609501177047,8639.812628475767,3451.6385391578783,32574.732255501425,0.4324432567632498,0.04391934640924288,0.41440730885524574,0.10596061119044022,19.76574194963481
166629.79648890637,124067.53280212343,17.11966527574894,21239.94633160355,56749.6849157106,0.0,227716.98959206312,0.3405734515164507,0.0932734372154367,0.54483213142937,0.0,27.52902575419565
381772.6289309719,211015.8980404497,11.688808740694139,24665.24473440632,227675.64118736293,0.0,68491.43259022883,0.596364495340835,0.3601216064784887,3.080909393484548,0.0,45.80069623406146
157234.35658392648,114549.07370207694,4.447019334640258,5094.019455182681,116621.62313138306,44780.93446668776,846562.9588124806,0.5772910680417945,0.006017295467697212,0.13531075569708495,0.052897346854750636,17.399245714809428
325362.6169856315,178489.67414087756,5.187656256091837,9259.430747047169,212608.55260033434,12583.471605496765,162326.8376750957,0.6291197317497691,0.05704189695101635,1.0995697119297825,0.07751935407429754,25.57293812757389
208088.5189360741,146412.79237306683,15.675472644489195,22950.897216472855,82234.30208400972,0.0,86389.08921173465,0.39518904024336166,0.2656689337263591,1.6948065283362064,0.0,35.52082939326536
34270.22055389956,33297.785931962586,21.367562789295395,7114.925316457274,9825.104596542646,6396.393825470006,217960.32586941478,0.24160124334144187,0.03264321287865937,0.15276994012163517,0.029346596909119314,32.438594104007805
364113.6173972661,268398.0853072163,13.93354544502098,37397.36918984716,133934.6573836548,4735.460947691263,82939.66230730817,0.3631150658817577,0.4508984983720137,3.236064361014001,0.057095252331091306,56.39174147104068
25313.124268520565,59505.92169674668,13.121640724427843,7808.153254806456,65675.84097200753,83449.67815723176,333938.22017093236,0.6038446923693567,0.023382029319104925,0.17819440274397907,0.24989555886869289,16.88706800605386
129524.97688392704,69073.18251365582,9.729853835012811,6720.719697770339,80602.39249369496,0.0,91331.8892111882,0.622292274685571,0.07358568574257683,0.7562876790376775,0.0,17.223056791075727
37996.65153112734,80919.97022688846,8.620432129589137,6975.651112692656,30149.94874349435,65535.780253381876,824867.6324973073,0.29121260095820006,0.008456691519794151,0.09810055218423498,0.0794500567987747,22.15192163039938
16766.350892172304,31871.16765678206,4.377729671613125,1395.2335632005136,19139.67585994306,29459.573659567053,192262.50280714032,0.4140463613338997,0.007256919798865205,0.1657690251164171,0.15322578885347254,21.740658114537357
97236.10284656065,122294.81261975502,8.91318761752848,10900.366095303661,32654.699648817415,49549.73450980743,359896.8977993296,0.22246492057362469,0.03028746888888567,0.33980513132387113,0.13767758158736684,30.948212046272257
67442.28287855664,55919.07928620551,12.083987935574545,6757.254794629438,18225.698534085383,2146.070308212897,38608.480830945766,0.26190731206368795,0.17501996061998149,1.4483625898428207,0.05558546366042878,43.96030787198522
114829.94613347387,59796.915324678266,7.563096094881103,4522.4981677801015,89683.41674747052,12229.531751807286,102070.6092976103,0.7058380708005383,0.04430754552070636,0.5858387221959911,0.11981442881514774,11.34623606480412
144128.36356386112,63625.66044616442,5.572263792665726,3545.3896398860584,122394.7367753171,11293.349463791115,265741.9004685391,0.7875008864015091,0.013341477703121166,0.23942652752156784,0.04249743621114851,9.4658550088076
21708.669938386884,19683.781769844205,16.919101610582846,3330.3190384453233,2699.8508913902365,0.0,216588.74944108006,0.12436740247343112,0.015376232823908936,0.09088090595951709,0.0,26.04302689965637
34687.80658270222,31030.428302892484,20.10316484322521,6238.0981532892865,22476.143808374763,13199.72957647133,63875.179865289276,0.46935268779889255,0.09766075283772566,0.4857979009739725,0.20664880481447004,23.712741802444587
137684.975959237,79945.62476023895,20.86189725436754,16678.174096843268,83416.35132909229,4822.912297821164,104266.90816402064,0.5853455015670743,0.1599565422099895,0.7667401495638265,0.04625544559386298,23.626623662411298
78048.90242865868,32469.030300101178,15.123977112945807,4910.608711382742,60773.16283807667,0.0,80038.45712172496,0.7786549323179393,0.061353115589353954,0.40566786851877057,0.0,12.8469940592655
210941.52578421874,236056.39072423175,4.949942486787073,11684.655577234846,33876.50653557616,50522.244841695116,196051.75984842022,0.12956482060393967,0.0595998505000362,1.2040513735084122,0.2576985020729067,41.67529241337764
173458.6831877565,102655.51884310372,17.335527339311923,17795.87553435875,113662.88595485264,14444.0001214867,101042.99239341145,0.6049029420606544,0.17612181817686487,1.0159588152676031,0.14294905346081702,25.575566558253396
295235.5349246052,156334.28044146163,5.981715494713955,9351.471876716478,190876.60031851113,4256.195755739739,91544.91210255801,0.6373351273669673,0.10215173800418312,1.7077331426821396,0.04649297987168868,25.87569287499781
191888.5296154046,156817.56195130158,16.05546611838083,25177.790526762095,46761.29021880401,0.0,66833.58709219709,0.24368986678112553,0.3767236149098098,2.346388526699478,0.0,47.75810505591123
99299.70129060092,57183.4463793459,18.028585043461764,10309.366261282732,67000.24158355744,8133.926276413052,119677.32745027228,0.6236431097122234,0.08614301873983966,0.47781353074671956,0.06796547390977477,15.081276418658163
182653.95616584225,98362.44202193737,17.065564794876508,16786.10627707656,112388.6855252065,0.0,64156.75579422266,0.6153093416885108,0.2616420682323241,1.5331579785210234,0.0,22.116043748275168
63316.42799701939,40466.40369763896,21.13390850370035,8552.132732197033,30466.699065840567,0.0,616348.9119914057,0.4811815831947245,0.013875473073466354,0.06565502576599538,0.0,17.193743078639628
69860.27218214917,86331.71446785064,17.286633120413015,14923.846746619864,14784.366600160165,27559.717235821587,55209.26556870312,0.15175906596262614,0.2703141690600545,1.5637178574748172,0.49918644908481746,47.60492827412998
248374.02237754758,109201.44858344953,16.477776003672552,17993.97009034647,233203.04430992092,35729.70943834268,465164.0402431458,0.820837666648621,0.03868306346496785,0.2347590078682111,0.07681098783918554,12.749431093583848
103702.21933735129,45606.55398623353,8.711377099295843,3972.958899734743,95469.05173262408,13506.123448350303,125699.87041237614,0.8145243714193225,0.03160670640869312,0.36282101036870446,0.10744739357360959,9.599970138718072
255205.83454040196,220793.57147671917,20.64583635584623,45584.67945131182,45883.017418243726,0.0,110427.95712373091,0.17978827757160828,0.41280016979971546,1.9994354439548963,0.0,48.43488464711099
274252.1151332809,234674.48230706228,7.231789674295004,16971.164979687386,61900.826152916336,6847.98678846861,72354.4471435835,0.22020919142230624,0.23455593470307393,3.243400945920621,0.0946450019150744,51.24000029228763
307327.6248386918,178642.9282780254,20.288139006516275,36243.32561435697,171579.5954142218,0.0,206787.80036010544,0.5582953875502713,0.17526820030602355,0.8638949104682779,0.0,23.350805033378876
387679.43264897657,201916.49429527333,9.627925780226388,19440.370208783963,312249.62059319153,48424.277091190386,233234.85125413662,0.7159985425926132,0.08335105197293782,0.8657217959045996,0.2076202455628146,20.3412141266669
99577.33060497139,86565.15017275143,6.3429446897980375,5490.779596098233,25295.351121097854,5959.332908603432,138455.0174904352,0.2396830663293065,0.03965749812192649,0.6252221966512088,0.04304165364765576,36.98945437228753
72599.61362147208,53115.61081904275,18.880294490881074,10028.38374326556,30633.871335121414,3491.4006989117333,35317.36045223246,0.40259512386227964,0.28395054485538856,1.5039518848211442,0.09885791730200033,42.841484632707754
145912.4144775125,93972.88051650046,4.044918164814924,3801.126114011752,69252.71194801606,0.0,476309.82666721713,0.4746183674363708,0.007980364672735338,0.19729360020564177,0.0,19.865456139307078
84584.7274458885,37477.141743227505,18.977589718254954,7112.258198158578,62810.11427021465,0.0,732150.9815187646,0.7425703926325974,0.009714196084808903,0.05118772314623604,0.0,10.519506869796839
152846.9641612895,130389.89705227464,8.721613156827566,11372.102416485102,76006.8422536768,34548.06458124275,126511.20675995237,0.40559689744013927,0.08989007936714256,1.0306588672391834,0.2730830371952398,34.98934605005435
198415.18085541917,105375.97786932389,19.924982909601184,20996.14558128791,124052.27064812704,0.0,196187.1204578818,0.6252156216742369,0.10702101917946975,0.5371197539542174,0.0,18.028691421970723
189907.66060111308,121557.43403598947,16.446625280348425,19992.095676305908,137987.0052552261,35140.02737629596,132708.41890303412,0.6131456248023204,0.15064677766158532,0.9159737945850118,0.26479124434427687,25.90945230473809
85393.27563611699,67277.64347261626,15.99129999131062,10758.569794790474,39351.99576306615,11398.364658798873,94917.49013075393,0.40656399295604434,0.11334654740627852,0.7088013323986727,0.12008708450989397,24.643103338455504
42383.07387072246,15257.491210781605,10.57575213696718,1613.5944527718152,36167.443546587805,0.0,39484.86853317264,0.8533464008983003,0.04086614727908179,0.38641362571495574,0.0,7.154080334286319
99457.20203967916,69094.79312868993,5.069253530033878,3502.5902397457194,78128.35414029218,28233.8566942299,134607.49797117594,0.6118545410693252,0.026020766246585638,0.513305678881911,0.2097495096467489,21.843603785434347
38076.584247915074,37269.42390725119,18.94131576770039,7059.31926707527,12096.016113109967,8264.851744168593,332055.479384316,0.2610194495305731,0.021259457245410847,0.11223854512611768,0.024889972481384588,24.98908631544331
346223.61608056,152046.58829710697,7.076268313177504,10759.224548935636,258902.70371127076,0.0,28092.069614165663,0.7477904212375529,0.3829986432722709,5.4124381145786495,0.0,43.01814780230339
78669.086426091,49633.83608192196,10.70065555410554,5311.145837415822,38713.66712555872,0.0,182055.66908372488,0.49210775012532926,0.029173196660925178,0.27262999461497706,0.0,15.146079698405131
40166.92552877999,24675.20976620786,14.806384339163472,3653.506394479536,20655.62101676284,0.0,407809.34161529446,0.5142445119919096,0.008958859009968581,0.060506730102041495,0.0,23.5452520895715
18866.5731595015,27179.51789042447,12.68056729409119,3446.5170563048296,3067.6515886429347,10613.683422405173,69158.41502389332,0.10405783206533172,0.04983510763099622,0.393003770850363,0.15346915366319897,39.50897528466481
170693.5137030911,93625.32600142556,7.575891433083725,7092.953051738708,106519.44077380742,2821.392878690031,61437.29362826999,0.6138921598854253,0.115450284881607,1.5239168340960978,0.045923130920463996,24.928337876892503
166962.507449523,61123.61311471982,6.53109442388111,3992.0408878101293,141118.52577973757,0.0,291332.2583066055,0.845210867609911,0.013702708072954982,0.20980722653236625,0.0,8.331762084385803
77464.69006661123,54201.01667920032,6.218432900505231,3370.4538535877205,31018.23118321455,0.0,78007.67480644997,0.40041767618952884,0.043206695520028995,0.6948164627862844,0.0,26.72732535612874
26161.96946644118,32577.44599399367,19.534141866985617,6363.724517107347,17901.137557069702,19841.329695354765,63371.2749657666,0.3891272557237795,0.10041970152162877,0.5140727563330884,0.3130965836820093,32.962562006081306
94050.59221676193,56348.54059172995,4.568071883104006,2574.0418393102636,55530.62179763204,3945.9147231920524,110463.62278286679,0.5666591956349798,0.023302167487028177,0.5101094747045519,0.035721395186796956,17.011540050261033
70924.4588292425,22407.674427519378,21.586256672798097,4836.978116329275,79397.27336221574,11031.17061993868,114713.15490733823,0.9687836442211475,0.04216585377881409,0.19533657186588244,0.09616308285522547,6.041427637258489
184571.47847380524,86044.84621965764,7.573516426937454,6516.620562978843,131368.84300553013,0.0,398009.6406354323,0.711750504963172,0.016373021901114997,0.21618784430016544,0.0,14.8112465918742
154626.63690087534,89458.92670896454,5.985801343823407,5354.833637115196,86890.28025588105,0.0,198429.32789062487,0.5619360415345693,0.02698609975671945,0.45083520495657126,0.0,21.907044976420288
83023.60298383376,142543.52764054813,14.385489785982312,20505.584609309924,55699.10456696722,101294.25308193977,118745.99321334249,0.3021904971979008,0.1726844338441719,1.2004070519200618,0.8530330189748093,34.36211369459405
51864.47238363724,46144.27308212601,5.4397472429325395,2510.131822756212,16843.447610660816,6912.386406484382,162592.45593951552,0.28656597098536374,0.015438181361194164,0.2838032848171732,0.042513573994206674,25.296190343789107
678877.5464046795,325304.6051019601,14.844158736944708,48288.73195992608,471430.58840362594,0.0,579104.5067237186,0.6944265440804632,0.08338517728539083,0.5617373053136291,0.0,12.530875051980988
105770.89086979406,109038.7378783524,19.311279606645037,21056.775551245406,27288.90936099083,23734.529029301448,46627.4232620354,0.2107163498041476,0.4515963799438619,2.338510907316919,0.5090251051600868,54.87384493744869
189844.7157778987,221868.95545283292,4.862164386413647,10787.633336535602,43633.037339845985,64749.0176798187,66910.25714548338,0.1713829981093879,0.16122540544239705,3.315918439386982,0.9676994296858629,50.821477463267414
37719.91231420238,54480.780664932645,18.397634881513795,10023.17510733267,9949.02372780457,24222.636146583685,616152.4266637946,0.1606169583755985,0.016267362869288586,0.08842094635563327,0.03931273350287532,24.385172088799184
114710.11234033809,88589.71602337017,11.100593937678136,9833.984646296505,34827.19508929056,0.0,592744.9229543555,0.303610504590566,0.016590584356728052,0.14945672681905375,0.0,32.04596555797244
19188.444363438797,13893.904302358897,6.87083140896178,954.6267407375673,15758.671069344995,6524.463240928847,60100.01735189802,0.6128700538972962,0.01588396780566685,0.23117970534030324,0.10856008913819053,17.76981466876427
120617.60542060531,91042.15528156667,7.169736644814263,6527.48276945119,46705.81067460735,5453.907866916876,53220.5961345983,0.3704707705704205,0.12264956132664818,1.710656435552041,0.10247739151819331,34.78465240694457
513707.99827682227,382052.93126803107,20.537761786496073,78465.12092215379,274851.23849724565,74483.36186414307,123387.97283338939,0.46728200569177875,0.6359219551171744,3.096354713468845,0.6036517186704886,55.64335807960694
87726.5917192113,79663.08606134144,5.99090353493196,4772.538638884794,10751.340877159815,0.0,34179.42474194977,0.1225550960827465,0.13963191817641293,2.3307322069574727,0.0,46.29405339754909
20966.50811621747,7244.593071192507,19.602090168081826,1420.0916661257636,18295.886726699948,0.0,216507.6312048505,0.8726244077118492,0.0065590836601141875,0.03346114421407149,0.0,7.781480512313067
19716.75670887548,6687.489420465645,13.796403177705063,922.6330029138121,17372.35638454645,0.0,39519.44629269222,0.8810960464266568,0.023346303895062967,0.1692202206209116,0.0,3.694064499356206
88650.20439451223,69580.21764321382,4.703011218695903,3272.365441753372,41976.026142609844,12412.032855658976,35760.6621102741,0.4153482773066033,0.09150740642503977,1.9457195011840485,0.3470862149415566,35.64208405109751
41157.46107766963,25227.494097077782,12.360570622912089,3118.2622242602774,21239.955974122462,0.0,144511.2568856419,0.5160657489061298,0.021577988396626398,0.17457113473894567,0.0,19.032267975708994
18544.361562180085,33453.245586586134,18.71409126057341,6260.470908697476,33686.89286235876,40174.05367117512,594703.3170791029,0.5737023509316853,0.010527048914820088,0.05625199091017755,0.0675531017188382,12.830928282328676
226719.43562143657,96980.32479354802,17.071650177503805,16556.141789761507,172985.4811038514,0.0,125172.4287656511,0.762993612037271,0.13226668167283115,0.774773851956771,0.0,19.306709057489307
107018.2056680723,82501.63652468704,12.79808351832492,10558.628346414305,117798.80565389035,63832.5350970325,104344.71512268543,0.6894837278806228,0.10118987180136323,0.7906642557573141,0.6117466996002634,20.602207625296597
66214.07592440034,43808.018506414184,19.48089783453191,8534.195328567379,31909.885107612274,1526.3564127230518,1139775.4092336164,0.47106113744309375,0.007487611383286258,0.03843565859687273,0.0013391729636888481,21.954537573712607
360512.5903982315,253259.82775119814,6.166565712044134,15617.43370048742,143003.68352937786,0.0,161659.7191856263,0.3966676541626807,0.09660683427610467,1.566622959801085,0.0,31.709655939328655
33518.3135246798,27249.75556172463,20.37893896106264,5553.211052962634,8358.077283940223,0.0,109670.1918791693,0.24935852687773521,0.05063555518422876,0.24847002722259695,0.0,33.681445072225145
483258.3822211462,288520.9588192779,19.235941752700278,55499.72358280865,259649.89786915775,0.0,112756.0638681149,0.5372900034879025,0.4922105444166966,2.5588065858413285,0.0,38.1700091519829
71524.37032357894,77233.34298834167,16.74898286183025,12935.799380735922,46876.338085731804,40866.226229061576,64035.28372174593,0.4170841647217014,0.20201049529109863,1.2061060480960089,0.6381829493664553,33.01494257321502
343930.0703352162,260756.20586945373,18.721979358317487,48818.72303841098,211533.59445932164,75476.33137872879,154221.47126037392,0.5043642481251337,0.31654945734494877,1.6907905477650123,0.48940222630415203,34.66837041233731
153551.26810271584,135933.20574036788,13.788679123167988,18743.393561375095,23490.74981646395,0.0,128999.67820548825,0.15298310529581666,0.14529798695713075,1.0537484095412624,0.0,38.94666968782412
277916.0327064576,207491.74645144155,16.152923723758004,33515.983537394706,110649.12385568464,12562.55663674742,81844.14143855723,0.38092006748542473,0.40950986775951614,2.5352058535211297,0.15349365777364157,50.35718122024061
635398.4394000424,487486.6649283495,14.09076527274002,68690.60169096237,197215.69929559054,0.0,56499.37975105818,0.31038115152093554,1.2157762084047632,8.628177284003181,0.0,78.915940551263
66037.04473479175,31382.569964500828,10.397713549143088,3263.0697292682116,46205.9663603879,0.0,92114.936260253,0.6996976703902105,0.03542389390629373,0.34068926537424316,0.0,6.1697194095558725
502151.0498939482,290469.73606218817,14.239494352501197,41361.42166230042,282241.75177568,0.0,152919.95295186143,0.5620654419328368,0.27047759866445176,1.8994887877949247,0.0,32.336214921604245
89017.09945374329,78649.46705706252,8.634375985574664,6790.890696357463,31156.486185856207,12999.73224271138,35818.69466309351,0.305405349957942,0.18959068051562997,2.195765864636617,0.36293149052430174,33.11253443493305
88044.85848149403,66143.52378795798,11.925025075134135,7887.631797291301,29201.7795913814,0.0,55048.01172178323,0.3316693341896763,0.14328640673083676,1.201560632602905,0.0,35.36663201600187
77415.32064457194,43787.62518556669,9.053957330684376,3964.5129004212135,44836.92727867366,0.0,555989.589947455,0.5791738238032791,0.007130552391809869,0.0787561961181772,0.0,18.655469201956986
131939.02453408204,81094.22269548826,6.211980210305002,5037.557065544399,67793.06911812503,0.0,165895.97553490626,0.5138212091344737,0.030365758116202426,0.4888257381410991,0.0,20.098797499827416
40111.106986782994,25489.608241063645,9.79351341501831,2496.328202524181,19495.33166095913,0.0,36799.292450402136,0.48603324927888514,0.06783630978472527,0.6926657156633754,0.0,23.400017330658294
136018.4463437351,85789.53040317957,19.33576992732587,16588.06622049208,83704.726096374,12549.628631724961,237614.8176600534,0.5634099123260501,0.06981073985135053,0.3610445310103321,0.052815008572736584,19.448173463039915
132036.26821342693,60224.05987931181,10.859453871561502,6540.004002175444,95749.61111215349,0.0,36483.13460066967,0.7251765928235815,0.17926102221642432,1.65073699227057,0.0,20.000704011714365
230260.82074597437,162200.87847727217,17.464065681439642,28326.867953142908,90746.58969160292,0.0,266695.5578234752,0.39410347534422846,0.10621424737749983,0.6081874021487539,0.0,28.197788914097703
284049.157156268,246860.28513956198,7.153561376286903,17659.302011135424,67640.62548219443,13541.597094939778,274506.1466409258,0.22729410949742201,0.06433117155017694,0.8992887341880668,0.049330760934301346,32.825185829332476
102091.03973175983,53893.51667976722,11.639544865017548,6272.960053277221,64263.36406932347,0.0,214523.74130787543,0.6294711488703898,0.029241332521208144,0.25122402001381056,0.0,17.74653833050447
69002.058724342,105003.47866832475,6.067409248033178,6370.990775478481,65201.61544875849,84902.63153055163,262155.72689228953,0.42364930750825713,0.024302313937608903,0.4005385650471292,0.32386334846476617,24.870619220814923
60031.0063563206,45825.702837136625,6.495179140614814,2976.461491717829,57983.135333547725,29282.047980976826,41573.998382682104,0.6492123213541672,0.071594304312998,1.102268355699595,0.7043356213044555,22.278215979245715
47466.874066518285,19919.151426079792,15.113854838021245,3010.5516315033387,36730.29685391799,0.0,258546.39445150708,0.7738090526552379,0.011644144711010454,0.07704285131624926,0.0,3.985407018826649
23906.393671257123,46872.766313359534,14.9346727140822,7000.29424093682,34788.36505399951,49057.64643260204,51456.308925840145,0.4767878122494413,0.1360434587530517,0.9109236027969573,0.9533844820331925,27.826320194162438
77884.70976254846,54828.029515996306,7.84069433238752,4298.898202820479,30742.240328736207,0.0,99658.07776530772,0.3947147061658421,0.04313647522827278,0.5501614193795202,0.0,28.95173229366325
62257.516005775346,73779.33124367875,12.539617497198375,9251.645929948289,4742.179146177095,15078.449597536232,539844.0517057483,0.061319194881482575,0.01713762687708758,0.13666785993206332,0.027931121126356342,32.80172350060623
524062.0173644491,427817.15799788194,19.53951100560306,83593.38067085437,130431.44461913026,1578.7240977805095,150804.652533617,0.2481380044025802,0.5543156611313431,2.8368962814493672,0.010468669707843293,55.45178037449387
137368.02744811733,107118.55684061436,7.1356271561766915,7643.580831223442,40332.62747667061,0.0,641365.7415240579,0.29361000682567046,0.011917663099778658,0.1670163370217932,0.0,31.206362698938523
78990.37432756512,66295.90945650492,4.345789595323267,2881.0807352857246,61730.36978746141,33603.31246953585,41762.90839559201,0.5482578246034557,0.06898659231285283,1.587435166835802,0.8046209845165528,29.81906117085985
145292.17854338587,59679.19768453772,15.735912531944303,9391.066347404985,138089.6118980819,17954.22806471328,141862.95259603515,0.8458967934870969,0.06619815938941237,0.4206820497700938,0.12656037207853146,8.218746798982913
37483.38862532172,66127.18363343456,4.96296774559633,3281.8707947986127,17094.494974702822,41464.666239139966,36598.18027488614,0.21652838697610366,0.08967305942942332,1.8068434861175702,1.132970708589936,46.79834542951836
103059.85101643544,69270.89447801828,21.638924294304026,14989.476414085604,62715.27122132858,13247.496877579284,204067.72809324245,0.5392201985250148,0.07345343898392707,0.33945051050094055,0.06491715765819792,20.236058362423826
162618.93086730168,131682.45114668214,14.973165108379858,19717.03082895436,81534.92713537415,30214.715630911072,39755.889221371115,0.4228252103096014,0.49595245421791,3.3122753314217186,0.7600060323809559,60.52400494534501
115677.86564692126,94526.70300932003,12.4671343511915,11784.771061923708,28201.55018346831,0.0,59707.20639694559,0.24379383234426824,0.19737602499062115,1.5831707546470584,0.0,44.014932048233774
92069.2042283628,46562.98470676303,11.739865720437521,5466.431880001839,60674.95936213302,0.0,78914.62215642467,0.65901470389207,0.0692702027916483,0.5900425476848362,0.0,18.479079419713184
778656.1895913691,345417.1618710264,14.315271853304765,49447.4057498072,609211.5822745836,23669.658985595015,273630.8228058033,0.7593069366456343,0.18070846421018943,1.2623474151381333,0.0865021664697235,24.25071345386173
333433.5000370195,185394.16682784545,5.631239860963868,10439.990222311486,197385.77761223208,0.0,57234.64381097941,0.5919794429483459,0.18240683486718523,3.239194908596269,0.0,34.5022078737653
161488.12257102117,90066.96514364556,20.740343058750923,18680.197553397706,109035.63918303633,10355.571959901643,362484.76556488714,0.6345047427004409,0.051533745216262965,0.24847103575039206,0.02856829567378861,16.434788733761952
141378.4680571705,82166.07070770604,15.2615572339338,12539.821907931073,78949.8631326193,0.0,50461.522161179404,0.5584291881044687,0.24850264857008403,1.6282915613456719,0.0,28.90446150370797
160398.54649799314,107140.34953531869,7.311612956996358,7833.687678795548,71010.92928356594,0.0,31458.494469660574,0.442715540969409,0.24901661096180458,3.4057685004172003,0.0,38.888108694462886
48717.754887867755,21309.663118152443,14.12645896776393,3010.3008165545284,36544.122359620414,0.0,115468.34136037485,0.7501191802399959,0.026070356437869213,0.18454983302865088,0.0,13.931960993070913
90413.17825352954,157521.95024805848,6.3986171049942095,10079.22645269274,47301.619761644375,102584.98681576225,724207.7867202562,0.24508844291168136,0.013917589174702009,0.2175093296931166,0.14165131706238934,30.514871955861786
21038.874954864033,45507.36697535836,4.315948916049618,1964.0747116957011,17603.538411863887,37671.14582939224,46045.3148458445,0.29983873581908976,0.042655256420142715,0.9883169900719077,0.8181320066007104,36.70382107697129
111809.64435653693,199152.45594521097,15.349305733851963,30568.519339505274,9530.747088588696,94490.87190511556,44308.91016125781,0.046198367610969904,0.6898955363211199,4.494636749593156,2.1325478681652417,88.09622574167331
132468.85256294618,81188.217775528,15.6727001536623,12724.385932060859,68374.17971655758,0.0,275374.8383674826,0.5161528796670729,0.04620751121451555,0.2948280179004003,0.0,15.045332468797811
53766.990818841856,42111.94488154768,14.50653849046148,6108.985493323637,41321.987641098945,19336.444793530038,92356.26802177943,0.5652537024416632,0.06614586778109113,0.4559727865099189,0.20936797477535712,17.787464852975692
513755.6957849665,323090.9167274154,7.302697678480415,23594.352875234053,254219.70541006816,0.0,252394.71831973887,0.49482605739610586,0.09348195965552748,1.2801017346096646,0.0,27.427105165914877
375285.60260979645,251774.42089987698,14.861737452905807,37418.05340771372,194463.34979497013,22336.33063630812,65168.22187708382,0.48906595319682417,0.5741763750787813,3.8634538989687024,0.3427488121194636,52.537648598996654
207097.43002856927,181438.67861164006,5.017196936641357,9103.135825185762,83353.07019963762,36856.05123279902,135937.50476222573,0.34167608418071443,0.0669655945289599,1.3347212671661324,0.2711249650879319,32.76938136723666
129338.13945988988,95115.3145439195,14.966290400294602,14235.23418979664,45630.433221293824,0.0,80490.26483029727,0.35279951769713414,0.1768565952641563,1.1816996098156363,0.0,32.667961616945085
320997.54347739305,205585.48806363117,13.972306343937138,28725.034190928865,177558.8512760391,17757.08304326741,133111.4993190159,0.5241518118873865,0.21579678944255795,1.5444607649630904,0.13340006786874714,28.725004346785145
36001.82536143464,30552.531805883467,15.794586955103792,4825.646203066008,12536.179864489164,3952.8413428156996,288836.43478705955,0.31376009108732167,0.016707193490404507,0.10577797024952158,0.013685397223968209,22.16385201955907
249461.74371423523,208753.1576120494,20.118560903543088,41998.13115224945,54278.11480291443,0.0,283394.7471212404,0.21758091639530666,0.14819657590294727,0.7366161854889348,0.0,29.9355903584065
34998.99443280358,22414.916764163412,19.306445894311658,4327.523777328202,16816.524647409668,28.31581691708751,155536.00052084032,0.48009751612440116,0.027823293403692453,0.1441140101912292,0.00018205313768045273,19.174549883192395
252135.34007612529,191042.27219047782,21.651775448125697,41364.04378567934,83059.69249637365,1201.701486632772,499528.06687534146,0.3278624080553086,0.08280624559180545,0.38244552180118624,0.0024056736073904328,29.381067661751544
63396.4349687014,35096.32792029641,21.57233859285835,7571.098692626223,37733.47606453998,0.0,80121.73555670332,0.5951987060970995,0.09449494122937521,0.43803753970679066,0.0,13.789704089209998
329446.1438925674,126282.41713006451,17.901754480727547,22606.768266952375,270884.9690166705,0.0,74472.3883898407,0.8222435564612536,0.3035590606898855,1.6956944695933989,0.0,22.216780913770773
447473.33195252455,340153.2274777458,21.215553199199103,72165.3889343339,186637.26305622485,32657.842817389886,196254.96710077045,0.3887214012830224,0.36771242022770995,1.7332209854494451,0.16640517842598684,41.34513498430377
39165.51378219144,44897.972949672025,19.611109946004014,8804.990838687321,65435.535230544665,54809.11059038909,199780.56027168507,0.6963106867138182,0.044073311370802344,0.2247364452708236,0.27434656563107657,11.943499006686178
108172.99191886748,117049.66369775846,17.096484098109514,20011.377140977937,20163.496088865224,23999.293845539894,33578.41246463417,0.1525546446613322,0.5959595964238792,3.4858605605919815,0.7147238980049071,71.61573482009132
609397.8319714457,494829.17717180727,5.356916583587593,26507.586252346577,159407.21444386055,4986.756033257006,193466.77714097258,0.25945835484180535,0.137013634299761,2.5576958715306573,0.025775774564246387,41.168949997800745
114075.11887310717,121926.63814111036,4.88289798885798,5953.553361674425,41626.56295384885,39071.44148338983,109438.33978515485,0.27180867044581264,0.054400983908950123,1.114112644439527,0.35701785644860284,34.791139212312935
313766.8312897819,203623.83146863114,19.076792215103865,38844.89522970404,183534.11128398415,27507.58364183733,272700.95806167217,0.5377904210040435,0.14244502661746844,0.7466927616095173,0.10087087275878365,23.74464778223971
148276.35703863748,102646.27507152717,12.813805441690569,13152.893980808018,113399.14498800579,39419.27677389403,322145.8710312736,0.6041650659879905,0.0408290006595526,0.3186329060898079,0.12236468109214799,12.07352407777613
85579.74319205462,96832.34892185984,18.662920318748576,18071.7441220593,43739.52316027033,44057.24810000797,169594.98149095092,0.33740001772895517,0.10655824814617851,0.570962348476252,0.25977919695907237,33.68436751776747
65485.382859011384,22447.22274981245,9.632528871793948,2162.2352122915836,57384.21347893192,0.0,25307.167610111825,0.876290417397099,0.08543963692829983,0.8869907172402555,0.0,8.034223595252595
49077.08293625795,22165.38337120979,11.157697449814231,2473.1464151510227,35882.26608673088,0.0,207089.24013783046,0.7311409713029461,0.011942418705602443,0.10703300353247414,0.0,9.534229943482108
230195.5543825433,157098.9163104438,16.603360978214774,26083.70016788651,97462.18409613268,0.0,273729.3032132479,0.42338864604730025,0.09529012736925023,0.5739207109589448,0.0,27.22623713120446
88296.15642035639,76401.93270326719,20.475881264777676,15643.969024316335,57676.75451454196,31363.34216881727,76538.92218716265,0.48200732239872796,0.20439233500129156,0.9982101984195638,0.4097698435329892,35.68658718810565
122393.43984210932,75551.49357456763,5.579706540619947,4215.551628516209,65291.74596177085,2126.8632037864536,137468.87274205993,0.5243461858401162,0.030665499355814682,0.549589823991129,0.015471598488897183,17.038710242423157
116687.21181133635,79589.95943711919,19.506606603422913,15525.30028322271,49463.003165622875,0.0,632209.555414118,0.42389395031219235,0.02455720599327723,0.12589173756632824,0.0,20.06764981995355
144156.4441760325,135523.0000432803,18.274229047828577,24765.783440397867,11511.258843669597,0.0,88717.56900637886,0.07985254429287222,0.27915308904166647,1.5275779257830666,0.0,50.96913369472792
316014.72268697206,212615.06042956485,9.679706873137384,20580.514617725792,153756.74008757374,11917.892808273089,70452.1928240232,0.4688668733220381,0.29212028458975275,3.0178629210397854,0.16916283696153822,43.6418440687093
607453.6187003524,584642.75721205,10.393899054368072,60767.17801329469,30414.481984403108,0.0,67624.8878649984,0.05006881356551126,0.8985919227637913,8.645378582796175,0.0,82.7259036714567
93531.98103730004,41216.95804685642,4.836306589994374,1993.3784582153337,106137.12998486319,27287.82449820377,172286.5988870999,0.878474597061605,0.011570130649114517,0.23923484654697988,0.15838622779990907,3.7733181029774014
